{"type": "FeatureCollection", "features": [{"type": "Feature", "properties": {"id": "relation/3306963", "@id": "relation/3306963", "abandoned": null, "addr:city": null, "addr:housenumber": null, "addr:place": null, "addr:postcode": null, "addr:street": null, "alt_name": null, "amenity": null, "building": "yes", "building:levels": null, "cuisine": null, "denomination": null, "government": null, "historic": null, "inscription": null, "layer": null, "memorial": null, "name": null, "name:en": null, "name:ru": null, "office": null, "opening_hours": null, "operator": null, "phone": null, "power": null, "ref:sobory.ru": null, "ref:temples.ru": null, "religion": null, "roof:shape": null, "shop": null, "source:addr": null, "source:housenumber": null, "start_date": null, "tomb": null, "tourism": null, "type": "multipolygon", "was:amenity": null, "website": null, "wikidata": null, "wikipedia": null, "is_living": false}, "geometry": {"type": "Polygon", "coordinates": [[[35.6452557, 56.2302701], [35.6452095, 56.2301495], [35.6462608, 56.230025], [35.6461957, 56.229855], [35.6469903, 56.2297609], [35.6470507, 56.2299186], [35.6473271, 56.2298859], [35.6473787, 56.2300204], [35.6471156, 56.2300515], [35.647175, 56.2302064], [35.6463794, 56.2303007], [35.6463194, 56.2301441], [35.6452557, 56.2302701]], [[35.6469008, 56.229895], [35.6463792, 56.2299591], [35.6464631, 56.23017], [35.6469847, 56.2301059], [35.6469008, 56.229895]]]}}, {"type": "Feature", "properties": {"id": "relation/11621718", "@id": "relation/11621718", "abandoned": null, "addr:city": null, "addr:housenumber": null, "addr:place": null, "addr:postcode": null, "addr:street": null, "alt_name": null, "amenity": null, "building": "yes", "building:levels": null, "cuisine": null, "denomination": null, "government": null, "historic": null, "inscription": null, "layer": null, "memorial": null, "name": null, "name:en": null, "name:ru": null, "office": null, "opening_hours": null, "operator": null, "phone": null, "power": null, "ref:sobory.ru": null, "ref:temples.ru": null, "religion": null, "roof:shape": null, "shop": null, "source:addr": null, "source:housenumber": null, "start_date": null, "tomb": null, "tourism": null, "type": "multipolygon", "was:amenity": null, "website": null, "wikidata": null, "wikipedia": null, "is_living": false}, "geometry": {"type": "Polygon", "coordinates": [[[35.6250886, 56.3301086], [35.6251195, 56.3301405], [35.6249344, 56.3301957], [35.6248939, 56.3301539], [35.6249566, 56.3301352], [35.6249149, 56.3300923], [35.6250381, 56.3300565], [35.6250886, 56.3301086]]]}}, {"type": "Feature", "properties": {"id": "way/68879705", "@id": "way/68879705", "abandoned": null, "addr:city": "Лотошино", "addr:housenumber": "11", "addr:place": null, "addr:postcode": null, "addr:street": "улица Калинина", "alt_name": null, "amenity": "fire_station", "building": "yes", "building:levels": null, "cuisine": null, "denomination": null, "government": null, "historic": null, "inscription": null, "layer": null, "memorial": null, "name": "Пожарная часть", "name:en": null, "name:ru": null, "office": null, "opening_hours": null, "operator": "RU-MOS", "phone": null, "power": null, "ref:sobory.ru": null, "ref:temples.ru": null, "religion": null, "roof:shape": null, "shop": null, "source:addr": null, "source:housenumber": null, "start_date": null, "tomb": null, "tourism": null, "type": null, "was:amenity": null, "website": null, "wikidata": null, "wikipedia": null, "is_living": false}, "geometry": {"type": "Polygon", "coordinates": [[[35.6424641, 56.2303852], [35.6423897, 56.2301463], [35.6426939, 56.230117], [35.6427461, 56.2302846], [35.6425999, 56.2302987], [35.6426221, 56.23037], [35.6424641, 56.2303852]]]}}, {"type": "Feature", "properties": {"id": "way/68879723", "@id": "way/68879723", "abandoned": null, "addr:city": "Лотошино", "addr:housenumber": "14", "addr:place": null, "addr:postcode": null, "addr:street": "Центральная улица", "alt_name": null, "amenity": null, "building": "civic", "building:levels": null, "cuisine": null, "denomination": null, "government": null, "historic": null, "inscription": null, "layer": null, "memorial": null, "name": null, "name:en": null, "name:ru": null, "office": null, "opening_hours": null, "operator": null, "phone": null, "power": null, "ref:sobory.ru": null, "ref:temples.ru": null, "religion": null, "roof:shape": null, "shop": null, "source:addr": null, "source:housenumber": null, "start_date": null, "tomb": null, "tourism": null, "type": null, "was:amenity": null, "website": null, "wikidata": null, "wikipedia": null, "is_living": false}, "geometry": {"type": "Polygon", "coordinates": [[[35.6418914, 56.2275161], [35.6418255, 56.2271692], [35.6422129, 56.2271464], [35.6422788, 56.2274933], [35.6418914, 56.2275161]]]}}, {"type": "Feature", "properties": {"id": "way/68879743", "@id": "way/68879743", "abandoned": null, "addr:city": null, "addr:housenumber": "22", "addr:place": null, "addr:postcode": null, "addr:street": "Центральная улица", "alt_name": null, "amenity": null, "building": "yes", "building:levels": null, "cuisine": null, "denomination": null, "government": null, "historic": null, "inscription": null, "layer": null, "memorial": null, "name": null, "name:en": null, "name:ru": null, "office": null, "opening_hours": null, "operator": null, "phone": null, "power": null, "ref:sobory.ru": null, "ref:temples.ru": null, "religion": null, "roof:shape": null, "shop": null, "source:addr": null, "source:housenumber": null, "start_date": null, "tomb": null, "tourism": null, "type": null, "was:amenity": null, "website": null, "wikidata": null, "wikipedia": null, "is_living": false}, "geometry": {"type": "Polygon", "coordinates": [[[35.6372405, 56.2275889], [35.6373154, 56.2275839], [35.6373028, 56.2275276], [35.6374328, 56.2275314], [35.6375122, 56.2275474], [35.6375186, 56.2275727], [35.6381096, 56.2275298], [35.6381819, 56.2278789], [35.6383881, 56.2278696], [35.6384157, 56.2279899], [35.6383466, 56.2280782], [35.6382753, 56.2281114], [35.6381858, 56.228121], [35.6381786, 56.2280884], [35.6377897, 56.2281153], [35.6378909, 56.2285995], [35.6378012, 56.2286033], [35.6378081, 56.2286647], [35.6376401, 56.2286493], [35.637571, 56.2286238], [35.6371338, 56.22865], [35.6370337, 56.2282035], [35.6373719, 56.2281891], [35.6372405, 56.2275889]]]}}, {"type": "Feature", "properties": {"id": "way/68879746", "@id": "way/68879746", "abandoned": null, "addr:city": null, "addr:housenumber": "19", "addr:place": null, "addr:postcode": null, "addr:street": "Школьная улица", "alt_name": null, "amenity": null, "building": "yes", "building:levels": null, "cuisine": null, "denomination": null, "government": null, "historic": null, "inscription": null, "layer": null, "memorial": null, "name": null, "name:en": null, "name:ru": null, "office": null, "opening_hours": null, "operator": null, "phone": null, "power": null, "ref:sobory.ru": null, "ref:temples.ru": null, "religion": null, "roof:shape": null, "shop": null, "source:addr": "ЕГРН", "source:housenumber": null, "start_date": null, "tomb": null, "tourism": null, "type": null, "was:amenity": null, "website": null, "wikidata": null, "wikipedia": null, "is_living": false}, "geometry": {"type": "Polygon", "coordinates": [[[35.6393915, 56.2253511], [35.6393301, 56.2249553], [35.6395721, 56.2249437], [35.6395958, 56.2250964], [35.6398711, 56.2250832], [35.6398852, 56.2251737], [35.6396381, 56.2251855], [35.6396618, 56.2253382], [35.6393915, 56.2253511]]]}}, {"type": "Feature", "properties": {"id": "way/68879783", "@id": "way/68879783", "abandoned": null, "addr:city": null, "addr:housenumber": "32", "addr:place": null, "addr:postcode": null, "addr:street": "Центральная улица", "alt_name": null, "amenity": null, "building": "yes", "building:levels": null, "cuisine": null, "denomination": null, "government": null, "historic": null, "inscription": null, "layer": null, "memorial": null, "name": null, "name:en": null, "name:ru": null, "office": null, "opening_hours": null, "operator": null, "phone": null, "power": null, "ref:sobory.ru": null, "ref:temples.ru": null, "religion": null, "roof:shape": null, "shop": null, "source:addr": "ЕГРН", "source:housenumber": null, "start_date": null, "tomb": null, "tourism": null, "type": null, "was:amenity": null, "website": null, "wikidata": null, "wikipedia": null, "is_living": false}, "geometry": {"type": "Polygon", "coordinates": [[[35.6368388, 56.228114], [35.6367766, 56.2278419], [35.6369753, 56.2278279], [35.6370375, 56.2281], [35.6368388, 56.228114]]]}}, {"type": "Feature", "properties": {"id": "way/68879806", "@id": "way/68879806", "abandoned": null, "addr:city": "Лотошино", "addr:housenumber": "41", "addr:place": null, "addr:postcode": "143800", "addr:street": "Колхозная улица", "alt_name": null, "amenity": null, "building": "school", "building:levels": "3", "cuisine": null, "denomination": null, "government": null, "historic": null, "inscription": null, "layer": null, "memorial": null, "name": null, "name:en": null, "name:ru": null, "office": null, "opening_hours": null, "operator": null, "phone": "+7 49628 71459", "power": null, "ref:sobory.ru": null, "ref:temples.ru": null, "religion": null, "roof:shape": null, "shop": null, "source:addr": null, "source:housenumber": null, "start_date": null, "tomb": null, "tourism": null, "type": null, "was:amenity": null, "website": null, "wikidata": null, "wikipedia": null, "is_living": false}, "geometry": {"type": "Polygon", "coordinates": [[[35.6363224, 56.2308681], [35.6371583, 56.2307005], [35.6372143, 56.2307868], [35.6367644, 56.230877], [35.6369386, 56.2311454], [35.6373818, 56.2310565], [35.637548, 56.2313126], [35.6373577, 56.2313508], [35.6372466, 56.2311795], [35.6369963, 56.2312296], [35.6371095, 56.2314041], [35.6367095, 56.2314843], [35.6365398, 56.2312228], [35.6367685, 56.231177], [35.6366132, 56.2309376], [35.6363958, 56.2309812], [35.6363224, 56.2308681]]]}}, {"type": "Feature", "properties": {"id": "way/173862952", "@id": "way/173862952", "abandoned": null, "addr:city": null, "addr:housenumber": null, "addr:place": null, "addr:postcode": null, "addr:street": null, "alt_name": null, "amenity": null, "building": "roof", "building:levels": null, "cuisine": null, "denomination": null, "government": null, "historic": null, "inscription": null, "layer": "1", "memorial": null, "name": null, "name:en": null, "name:ru": null, "office": null, "opening_hours": null, "operator": null, "phone": null, "power": null, "ref:sobory.ru": null, "ref:temples.ru": null, "religion": null, "roof:shape": null, "shop": null, "source:addr": null, "source:housenumber": null, "start_date": null, "tomb": null, "tourism": null, "type": null, "was:amenity": null, "website": null, "wikidata": null, "wikipedia": null, "is_living": false}, "geometry": {"type": "Polygon", "coordinates": [[[35.6263657, 56.2249039], [35.6259841, 56.2249747], [35.6259394, 56.2249002], [35.626321, 56.2248295], [35.6263657, 56.2249039]]]}}, {"type": "Feature", "properties": {"id": "way/173862957", "@id": "way/173862957", "abandoned": null, "addr:city": "Лотошино", "addr:housenumber": "11", "addr:place": null, "addr:postcode": null, "addr:street": "улица Микрорайон", "alt_name": null, "amenity": null, "building": "apartments", "building:levels": null, "cuisine": null, "denomination": null, "government": null, "historic": null, "inscription": null, "layer": null, "memorial": null, "name": "Московское областное БТИ, Лотошинское отделение", "name:en": null, "name:ru": null, "office": null, "opening_hours": null, "operator": null, "phone": null, "power": null, "ref:sobory.ru": null, "ref:temples.ru": null, "religion": null, "roof:shape": null, "shop": null, "source:addr": null, "source:housenumber": null, "start_date": null, "tomb": null, "tourism": null, "type": null, "was:amenity": null, "website": null, "wikidata": null, "wikipedia": null, "is_living": false}, "geometry": {"type": "Polygon", "coordinates": [[[35.6434775, 56.2341763], [35.6423305, 56.2342858], [35.6422953, 56.2341719], [35.6434423, 56.2340624], [35.6434775, 56.2341763]]]}}, {"type": "Feature", "properties": {"id": "way/175712233", "@id": "way/175712233", "abandoned": null, "addr:city": null, "addr:housenumber": null, "addr:place": null, "addr:postcode": null, "addr:street": null, "alt_name": null, "amenity": null, "building": "yes", "building:levels": null, "cuisine": null, "denomination": null, "government": null, "historic": null, "inscription": null, "layer": null, "memorial": null, "name": null, "name:en": null, "name:ru": null, "office": null, "opening_hours": null, "operator": null, "phone": null, "power": null, "ref:sobory.ru": null, "ref:temples.ru": null, "religion": null, "roof:shape": null, "shop": null, "source:addr": null, "source:housenumber": null, "start_date": null, "tomb": null, "tourism": null, "type": null, "was:amenity": null, "website": null, "wikidata": null, "wikipedia": null, "is_living": false}, "geometry": {"type": "Polygon", "coordinates": [[[35.6656871, 56.1962747], [35.665712, 56.1961825], [35.6660203, 56.1962083], [35.6660129, 56.1962359], [35.6661996, 56.1962515], [35.6662564, 56.1960413], [35.66609, 56.1960274], [35.6661153, 56.1959339], [35.6664978, 56.1959659], [35.6663824, 56.1963927], [35.6661838, 56.1963761], [35.6661712, 56.1964228], [35.6662275, 56.1964275], [35.6662166, 56.1964682], [35.6661545, 56.196463], [35.6661506, 56.1964773], [35.6664263, 56.1965003], [35.6663949, 56.1966166], [35.6659069, 56.1965758], [35.6659393, 56.1964561], [35.6658681, 56.1964502], [35.665899, 56.1963358], [35.6659675, 56.1963415], [35.6659789, 56.1962991], [35.6656871, 56.1962747]]]}}, {"type": "Feature", "properties": {"id": "way/175713934", "@id": "way/175713934", "abandoned": null, "addr:city": null, "addr:housenumber": null, "addr:place": null, "addr:postcode": null, "addr:street": null, "alt_name": null, "amenity": null, "building": "yes", "building:levels": null, "cuisine": null, "denomination": null, "government": null, "historic": null, "inscription": null, "layer": null, "memorial": null, "name": null, "name:en": null, "name:ru": null, "office": null, "opening_hours": null, "operator": null, "phone": null, "power": null, "ref:sobory.ru": null, "ref:temples.ru": null, "religion": null, "roof:shape": null, "shop": null, "source:addr": null, "source:housenumber": null, "start_date": null, "tomb": null, "tourism": null, "type": null, "was:amenity": null, "website": null, "wikidata": null, "wikipedia": null, "is_living": false}, "geometry": {"type": "Polygon", "coordinates": [[[35.6639145, 56.1966036], [35.6639972, 56.1963683], [35.6641945, 56.1963898], [35.6641118, 56.1966251], [35.6639145, 56.1966036]]]}}, {"type": "Feature", "properties": {"id": "way/175713970", "@id": "way/175713970", "abandoned": null, "addr:city": null, "addr:housenumber": "3А", "addr:place": "Ушаково", "addr:postcode": null, "addr:street": null, "alt_name": null, "amenity": null, "building": "yes", "building:levels": null, "cuisine": null, "denomination": null, "government": null, "historic": null, "inscription": null, "layer": null, "memorial": null, "name": null, "name:en": null, "name:ru": null, "office": null, "opening_hours": null, "operator": null, "phone": null, "power": null, "ref:sobory.ru": null, "ref:temples.ru": null, "religion": null, "roof:shape": null, "shop": null, "source:addr": null, "source:housenumber": null, "start_date": null, "tomb": null, "tourism": null, "type": null, "was:amenity": null, "website": null, "wikidata": null, "wikipedia": null, "is_living": false}, "geometry": {"type": "Polygon", "coordinates": [[[35.6638377, 56.1955653], [35.6642484, 56.1956046], [35.6641884, 56.1957988], [35.6637777, 56.1957595], [35.6638377, 56.1955653]]]}}, {"type": "Feature", "properties": {"id": "way/175713971", "@id": "way/175713971", "abandoned": null, "addr:city": null, "addr:housenumber": "52", "addr:place": "Ушаково", "addr:postcode": null, "addr:street": null, "alt_name": null, "amenity": null, "building": "yes", "building:levels": null, "cuisine": null, "denomination": null, "government": null, "historic": null, "inscription": null, "layer": null, "memorial": null, "name": null, "name:en": null, "name:ru": null, "office": null, "opening_hours": null, "operator": null, "phone": null, "power": null, "ref:sobory.ru": null, "ref:temples.ru": null, "religion": null, "roof:shape": null, "shop": null, "source:addr": null, "source:housenumber": null, "start_date": null, "tomb": null, "tourism": null, "type": null, "was:amenity": null, "website": null, "wikidata": null, "wikipedia": null, "is_living": false}, "geometry": {"type": "Polygon", "coordinates": [[[35.6631762, 56.1972094], [35.6630966, 56.1974713], [35.6629286, 56.1974555], [35.6629791, 56.1972893], [35.6629357, 56.1972852], [35.6629648, 56.1971895], [35.6631762, 56.1972094]]]}}, {"type": "Feature", "properties": {"id": "way/210718306", "@id": "way/210718306", "abandoned": null, "addr:city": null, "addr:housenumber": null, "addr:place": null, "addr:postcode": null, "addr:street": null, "alt_name": "Собор Михаила Архангела", "amenity": "place_of_worship", "building": "church", "building:levels": null, "cuisine": null, "denomination": "russian_orthodox", "government": null, "historic": null, "inscription": null, "layer": null, "memorial": null, "name": "Церковь Михаила Архангела", "name:en": "Cathedral of the Archangel Michael", "name:ru": "Церковь Михаила Архангела", "office": null, "opening_hours": null, "operator": null, "phone": null, "power": null, "ref:sobory.ru": "00391", "ref:temples.ru": "1647", "religion": "christian", "roof:shape": null, "shop": null, "source:addr": null, "source:housenumber": null, "start_date": "late 1550s", "tomb": null, "tourism": null, "type": null, "was:amenity": null, "website": null, "wikidata": null, "wikipedia": null, "is_living": false}, "geometry": {"type": "Polygon", "coordinates": [[[35.6070547, 56.4503032], [35.6070493, 56.4501644], [35.6073368, 56.450161], [35.6073422, 56.4502998], [35.6070547, 56.4503032]]]}}, {"type": "Feature", "properties": {"id": "way/210918198", "@id": "way/210918198", "abandoned": null, "addr:city": "Микулино", "addr:housenumber": "17", "addr:place": null, "addr:postcode": "143822", "addr:street": "улица Микрорайон", "alt_name": null, "amenity": null, "building": "retail", "building:levels": "1", "cuisine": null, "denomination": null, "government": null, "historic": null, "inscription": null, "layer": null, "memorial": null, "name": null, "name:en": null, "name:ru": null, "office": null, "opening_hours": null, "operator": null, "phone": null, "power": null, "ref:sobory.ru": null, "ref:temples.ru": null, "religion": null, "roof:shape": null, "shop": null, "source:addr": null, "source:housenumber": null, "start_date": null, "tomb": null, "tourism": null, "type": null, "was:amenity": null, "website": null, "wikidata": null, "wikipedia": null, "is_living": false}, "geometry": {"type": "Polygon", "coordinates": [[[35.612449, 56.4438007], [35.6124844, 56.4436657], [35.6127848, 56.4436898], [35.6127494, 56.4438248], [35.612449, 56.4438007]]]}}, {"type": "Feature", "properties": {"id": "way/211073257", "@id": "way/211073257", "abandoned": null, "addr:city": null, "addr:housenumber": null, "addr:place": null, "addr:postcode": null, "addr:street": null, "alt_name": null, "amenity": "place_of_worship", "building": "church", "building:levels": null, "cuisine": null, "denomination": "russian_orthodox", "government": null, "historic": null, "inscription": null, "layer": null, "memorial": null, "name": "Церковь Успения Пресвятой Богородицы", "name:en": null, "name:ru": "Церковь Успения Пресвятой Богородицы", "office": null, "opening_hours": null, "operator": null, "phone": null, "power": null, "ref:sobory.ru": "07207", "ref:temples.ru": "1648", "religion": "christian", "roof:shape": null, "shop": null, "source:addr": null, "source:housenumber": null, "start_date": "2005", "tomb": null, "tourism": null, "type": null, "was:amenity": null, "website": null, "wikidata": null, "wikipedia": null, "is_living": false}, "geometry": {"type": "Polygon", "coordinates": [[[35.6065567, 56.4501899], [35.6067214, 56.4501959], [35.6067104, 56.4502882], [35.6065456, 56.4502822], [35.6065567, 56.4501899]]]}}, {"type": "Feature", "properties": {"id": "way/211267690", "@id": "way/211267690", "abandoned": null, "addr:city": null, "addr:housenumber": "46", "addr:place": null, "addr:postcode": null, "addr:street": "Садовая улица", "alt_name": null, "amenity": null, "building": "yes", "building:levels": null, "cuisine": null, "denomination": null, "government": null, "historic": null, "inscription": null, "layer": null, "memorial": null, "name": null, "name:en": null, "name:ru": null, "office": null, "opening_hours": null, "operator": null, "phone": null, "power": null, "ref:sobory.ru": null, "ref:temples.ru": null, "religion": null, "roof:shape": null, "shop": null, "source:addr": null, "source:housenumber": null, "start_date": null, "tomb": null, "tourism": null, "type": null, "was:amenity": null, "website": null, "wikidata": null, "wikipedia": null, "is_living": false}, "geometry": {"type": "Polygon", "coordinates": [[[35.6076098, 56.4513146], [35.6078572, 56.4513458], [35.6077699, 56.4515573], [35.6075224, 56.4515261], [35.6076098, 56.4513146]]]}}, {"type": "Feature", "properties": {"id": "way/230276154", "@id": "way/230276154", "abandoned": null, "addr:city": null, "addr:housenumber": null, "addr:place": null, "addr:postcode": null, "addr:street": null, "alt_name": null, "amenity": null, "building": "yes", "building:levels": null, "cuisine": null, "denomination": null, "government": null, "historic": null, "inscription": null, "layer": null, "memorial": null, "name": null, "name:en": null, "name:ru": null, "office": null, "opening_hours": null, "operator": null, "phone": null, "power": null, "ref:sobory.ru": null, "ref:temples.ru": null, "religion": null, "roof:shape": null, "shop": null, "source:addr": null, "source:housenumber": null, "start_date": null, "tomb": null, "tourism": null, "type": null, "was:amenity": null, "website": null, "wikidata": null, "wikipedia": null, "is_living": false}, "geometry": {"type": "Polygon", "coordinates": [[[35.6698445, 56.1908046], [35.6700671, 56.1905038], [35.6702924, 56.1905554], [35.6700698, 56.1908563], [35.6698445, 56.1908046]]]}}, {"type": "Feature", "properties": {"id": "way/230276155", "@id": "way/230276155", "abandoned": null, "addr:city": null, "addr:housenumber": null, "addr:place": null, "addr:postcode": null, "addr:street": null, "alt_name": null, "amenity": null, "building": "yes", "building:levels": null, "cuisine": null, "denomination": null, "government": null, "historic": null, "inscription": null, "layer": null, "memorial": null, "name": null, "name:en": null, "name:ru": null, "office": null, "opening_hours": null, "operator": null, "phone": null, "power": null, "ref:sobory.ru": null, "ref:temples.ru": null, "religion": null, "roof:shape": null, "shop": null, "source:addr": null, "source:housenumber": null, "start_date": null, "tomb": null, "tourism": null, "type": null, "was:amenity": null, "website": null, "wikidata": null, "wikipedia": null, "is_living": false}, "geometry": {"type": "Polygon", "coordinates": [[[35.6702597, 56.1947799], [35.6707161, 56.1939667], [35.6710838, 56.1940305], [35.6706274, 56.1948438], [35.6702597, 56.1947799]]]}}, {"type": "Feature", "properties": {"id": "way/230276156", "@id": "way/230276156", "abandoned": null, "addr:city": null, "addr:housenumber": null, "addr:place": null, "addr:postcode": null, "addr:street": null, "alt_name": null, "amenity": null, "building": "yes", "building:levels": null, "cuisine": null, "denomination": null, "government": null, "historic": null, "inscription": null, "layer": null, "memorial": null, "name": null, "name:en": null, "name:ru": null, "office": null, "opening_hours": null, "operator": null, "phone": null, "power": null, "ref:sobory.ru": null, "ref:temples.ru": null, "religion": null, "roof:shape": null, "shop": null, "source:addr": null, "source:housenumber": null, "start_date": null, "tomb": null, "tourism": null, "type": null, "was:amenity": null, "website": null, "wikidata": null, "wikipedia": null, "is_living": false}, "geometry": {"type": "Polygon", "coordinates": [[[35.6718387, 56.1936038], [35.6720692, 56.1929916], [35.6724296, 56.1930336], [35.6721991, 56.1936458], [35.6718387, 56.1936038]]]}}, {"type": "Feature", "properties": {"id": "way/230276157", "@id": "way/230276157", "abandoned": null, "addr:city": null, "addr:housenumber": null, "addr:place": null, "addr:postcode": null, "addr:street": null, "alt_name": null, "amenity": null, "building": "yes", "building:levels": null, "cuisine": null, "denomination": null, "government": null, "historic": null, "inscription": null, "layer": null, "memorial": null, "name": null, "name:en": null, "name:ru": null, "office": null, "opening_hours": null, "operator": null, "phone": null, "power": null, "ref:sobory.ru": null, "ref:temples.ru": null, "religion": null, "roof:shape": null, "shop": null, "source:addr": null, "source:housenumber": null, "start_date": null, "tomb": null, "tourism": null, "type": null, "was:amenity": null, "website": null, "wikidata": null, "wikipedia": null, "is_living": false}, "geometry": {"type": "Polygon", "coordinates": [[[35.66934, 56.1900567], [35.6700955, 56.1902221], [35.6699969, 56.1903615], [35.6692414, 56.1901961], [35.66934, 56.1900567]]]}}, {"type": "Feature", "properties": {"id": "way/230276158", "@id": "way/230276158", "abandoned": null, "addr:city": null, "addr:housenumber": null, "addr:place": null, "addr:postcode": null, "addr:street": null, "alt_name": null, "amenity": null, "building": "yes", "building:levels": null, "cuisine": null, "denomination": null, "government": null, "historic": null, "inscription": null, "layer": null, "memorial": null, "name": null, "name:en": null, "name:ru": null, "office": null, "opening_hours": null, "operator": null, "phone": null, "power": null, "ref:sobory.ru": null, "ref:temples.ru": null, "religion": null, "roof:shape": null, "shop": null, "source:addr": null, "source:housenumber": null, "start_date": null, "tomb": null, "tourism": null, "type": null, "was:amenity": null, "website": null, "wikidata": null, "wikipedia": null, "is_living": false}, "geometry": {"type": "Polygon", "coordinates": [[[35.6686791, 56.1947799], [35.6687828, 56.1945952], [35.6702404, 56.1948484], [35.6701367, 56.1950331], [35.6686791, 56.1947799]]]}}, {"type": "Feature", "properties": {"id": "way/236052825", "@id": "way/236052825", "abandoned": null, "addr:city": null, "addr:housenumber": null, "addr:place": null, "addr:postcode": null, "addr:street": null, "alt_name": null, "amenity": "place_of_worship", "building": "church", "building:levels": null, "cuisine": null, "denomination": "russian_orthodox", "government": null, "historic": null, "inscription": null, "layer": null, "memorial": null, "name": "Церковь Покрова Пресвятой Богородицы", "name:en": null, "name:ru": null, "office": null, "opening_hours": null, "operator": null, "phone": null, "power": null, "ref:sobory.ru": null, "ref:temples.ru": "1651", "religion": "christian", "roof:shape": null, "shop": null, "source:addr": null, "source:housenumber": null, "start_date": "1868", "tomb": null, "tourism": null, "type": null, "was:amenity": null, "website": null, "wikidata": null, "wikipedia": null, "is_living": false}, "geometry": {"type": "Polygon", "coordinates": [[[35.6959623, 56.2678511], [35.6964417, 56.2678629], [35.6964299, 56.268011], [35.6959505, 56.2679993], [35.6959623, 56.2678511]]]}}, {"type": "Feature", "properties": {"id": "way/244577122", "@id": "way/244577122", "abandoned": null, "addr:city": null, "addr:housenumber": "9", "addr:place": null, "addr:postcode": null, "addr:street": "Спортивная улица", "alt_name": null, "amenity": null, "building": "yes", "building:levels": null, "cuisine": null, "denomination": null, "government": null, "historic": null, "inscription": null, "layer": null, "memorial": null, "name": null, "name:en": null, "name:ru": null, "office": null, "opening_hours": null, "operator": null, "phone": null, "power": null, "ref:sobory.ru": null, "ref:temples.ru": null, "religion": null, "roof:shape": null, "shop": null, "source:addr": "ЕГРН", "source:housenumber": null, "start_date": null, "tomb": null, "tourism": null, "type": null, "was:amenity": null, "website": null, "wikidata": null, "wikipedia": null, "is_living": false}, "geometry": {"type": "Polygon", "coordinates": [[[35.6467626, 56.2309437], [35.6466461, 56.2308003], [35.6472826, 56.2306406], [35.6475995, 56.2310307], [35.6471942, 56.2311325], [35.6471035, 56.2310209], [35.6473759, 56.2309525], [35.6472405, 56.2307857], [35.6468852, 56.2308749], [35.6469109, 56.2309065], [35.6467626, 56.2309437]]]}}, {"type": "Feature", "properties": {"id": "way/244577123", "@id": "way/244577123", "abandoned": null, "addr:city": "Лотошино", "addr:housenumber": "20", "addr:place": null, "addr:postcode": null, "addr:street": "Центральная улица", "alt_name": null, "amenity": null, "building": "yes", "building:levels": null, "cuisine": null, "denomination": null, "government": null, "historic": null, "inscription": null, "layer": null, "memorial": null, "name": null, "name:en": null, "name:ru": null, "office": null, "opening_hours": null, "operator": null, "phone": null, "power": null, "ref:sobory.ru": null, "ref:temples.ru": null, "religion": null, "roof:shape": null, "shop": null, "source:addr": null, "source:housenumber": null, "start_date": null, "tomb": null, "tourism": null, "type": null, "was:amenity": null, "website": null, "wikidata": null, "wikipedia": null, "is_living": false}, "geometry": {"type": "Polygon", "coordinates": [[[35.6393751, 56.2275592], [35.6394009, 56.2276797], [35.6392323, 56.2276908], [35.6392772, 56.2279008], [35.6389787, 56.2279205], [35.6389676, 56.2278687], [35.6388258, 56.2278781], [35.6387826, 56.2276759], [35.638755, 56.2276777], [35.6387386, 56.2276013], [35.6393751, 56.2275592]]]}}, {"type": "Feature", "properties": {"id": "way/244577128", "@id": "way/244577128", "abandoned": null, "addr:city": "Лотошино", "addr:housenumber": "11", "addr:place": null, "addr:postcode": "143800", "addr:street": "Центральная улица", "alt_name": null, "amenity": null, "building": "yes", "building:levels": null, "cuisine": null, "denomination": null, "government": null, "historic": null, "inscription": null, "layer": null, "memorial": null, "name": null, "name:en": null, "name:ru": null, "office": null, "opening_hours": null, "operator": null, "phone": null, "power": null, "ref:sobory.ru": null, "ref:temples.ru": null, "religion": null, "roof:shape": null, "shop": null, "source:addr": null, "source:housenumber": null, "start_date": null, "tomb": null, "tourism": null, "type": null, "was:amenity": null, "website": null, "wikidata": null, "wikipedia": null, "is_living": false}, "geometry": {"type": "Polygon", "coordinates": [[[35.6453067, 56.2263022], [35.6457934, 56.2262627], [35.645807, 56.2263142], [35.6461853, 56.2262835], [35.6461647, 56.226205], [35.6460183, 56.2262169], [35.6459328, 56.2258917], [35.6462303, 56.2258675], [35.6463157, 56.2261923], [35.6462244, 56.2261997], [35.6462743, 56.2263896], [35.6459695, 56.2264144], [35.6459486, 56.2263347], [35.6458141, 56.2263456], [35.6458351, 56.2264256], [35.6453494, 56.226465], [35.6453067, 56.2263022]]]}}, {"type": "Feature", "properties": {"id": "way/244577141", "@id": "way/244577141", "abandoned": null, "addr:city": null, "addr:housenumber": "7Б", "addr:place": null, "addr:postcode": null, "addr:street": "улица Калинина", "alt_name": null, "amenity": null, "building": "yes", "building:levels": null, "cuisine": null, "denomination": null, "government": null, "historic": null, "inscription": null, "layer": null, "memorial": null, "name": null, "name:en": null, "name:ru": null, "office": null, "opening_hours": null, "operator": null, "phone": null, "power": null, "ref:sobory.ru": null, "ref:temples.ru": null, "religion": null, "roof:shape": null, "shop": null, "source:addr": "ЕГРН", "source:housenumber": null, "start_date": null, "tomb": null, "tourism": null, "type": null, "was:amenity": null, "website": null, "wikidata": null, "wikipedia": null, "is_living": false}, "geometry": {"type": "Polygon", "coordinates": [[[35.6421022, 56.2292215], [35.6421543, 56.229378], [35.6420433, 56.2293894], [35.6419912, 56.229233], [35.6421022, 56.2292215]]]}}, {"type": "Feature", "properties": {"id": "way/244577144", "@id": "way/244577144", "abandoned": null, "addr:city": null, "addr:housenumber": "4", "addr:place": null, "addr:postcode": null, "addr:street": "Волоколамское шоссе", "alt_name": null, "amenity": null, "building": "yes", "building:levels": null, "cuisine": null, "denomination": null, "government": null, "historic": null, "inscription": null, "layer": null, "memorial": null, "name": null, "name:en": null, "name:ru": null, "office": null, "opening_hours": null, "operator": null, "phone": null, "power": null, "ref:sobory.ru": null, "ref:temples.ru": null, "religion": null, "roof:shape": null, "shop": null, "source:addr": "ЕГРН", "source:housenumber": null, "start_date": null, "tomb": null, "tourism": null, "type": null, "was:amenity": null, "website": null, "wikidata": null, "wikipedia": null, "is_living": false}, "geometry": {"type": "Polygon", "coordinates": [[[35.6584339, 56.2241719], [35.6586623, 56.2244614], [35.6583867, 56.2245287], [35.6581583, 56.2242392], [35.6584339, 56.2241719]]]}}, {"type": "Feature", "properties": {"id": "way/244577152", "@id": "way/244577152", "abandoned": null, "addr:city": null, "addr:housenumber": "4", "addr:place": null, "addr:postcode": null, "addr:street": "Школьная улица", "alt_name": null, "amenity": null, "building": "yes", "building:levels": null, "cuisine": null, "denomination": null, "government": null, "historic": null, "inscription": null, "layer": null, "memorial": null, "name": null, "name:en": null, "name:ru": null, "office": null, "opening_hours": null, "operator": null, "phone": null, "power": null, "ref:sobory.ru": null, "ref:temples.ru": null, "religion": null, "roof:shape": null, "shop": null, "source:addr": "ЕГРН", "source:housenumber": null, "start_date": null, "tomb": null, "tourism": null, "type": null, "was:amenity": null, "website": null, "wikidata": null, "wikipedia": null, "is_living": false}, "geometry": {"type": "Polygon", "coordinates": [[[35.6391924, 56.2243102], [35.6393985, 56.2242979], [35.6394557, 56.2245927], [35.6392496, 56.224605], [35.6391924, 56.2243102]]]}}, {"type": "Feature", "properties": {"id": "way/244577158", "@id": "way/244577158", "abandoned": null, "addr:city": null, "addr:housenumber": "5", "addr:place": "Кировский", "addr:postcode": null, "addr:street": null, "alt_name": null, "amenity": null, "building": "yes", "building:levels": null, "cuisine": null, "denomination": null, "government": null, "historic": null, "inscription": null, "layer": null, "memorial": null, "name": null, "name:en": null, "name:ru": null, "office": null, "opening_hours": null, "operator": null, "phone": null, "power": null, "ref:sobory.ru": null, "ref:temples.ru": null, "religion": null, "roof:shape": null, "shop": null, "source:addr": "ЕГРН", "source:housenumber": null, "start_date": null, "tomb": null, "tourism": null, "type": null, "was:amenity": null, "website": null, "wikidata": null, "wikipedia": null, "is_living": false}, "geometry": {"type": "Polygon", "coordinates": [[[35.6610233, 56.2238762], [35.6610997, 56.2239908], [35.6605465, 56.2241048], [35.66047, 56.2239902], [35.6610233, 56.2238762]]]}}, {"type": "Feature", "properties": {"id": "way/244577165", "@id": "way/244577165", "abandoned": null, "addr:city": null, "addr:housenumber": null, "addr:place": null, "addr:postcode": null, "addr:street": null, "alt_name": null, "amenity": null, "building": "yes", "building:levels": null, "cuisine": null, "denomination": null, "government": null, "historic": null, "inscription": null, "layer": null, "memorial": null, "name": null, "name:en": null, "name:ru": null, "office": null, "opening_hours": null, "operator": null, "phone": null, "power": null, "ref:sobory.ru": null, "ref:temples.ru": null, "religion": null, "roof:shape": null, "shop": null, "source:addr": null, "source:housenumber": null, "start_date": null, "tomb": null, "tourism": null, "type": null, "was:amenity": null, "website": null, "wikidata": null, "wikipedia": null, "is_living": false}, "geometry": {"type": "Polygon", "coordinates": [[[35.6450682, 56.2262843], [35.6451188, 56.22648], [35.6448028, 56.2265053], [35.6447522, 56.2263095], [35.6450682, 56.2262843]]]}}, {"type": "Feature", "properties": {"id": "way/244577168", "@id": "way/244577168", "abandoned": null, "addr:city": null, "addr:housenumber": "3", "addr:place": null, "addr:postcode": null, "addr:street": "Волоколамское шоссе", "alt_name": null, "amenity": null, "building": "yes", "building:levels": null, "cuisine": null, "denomination": null, "government": null, "historic": null, "inscription": null, "layer": null, "memorial": null, "name": null, "name:en": null, "name:ru": null, "office": null, "opening_hours": null, "operator": null, "phone": null, "power": null, "ref:sobory.ru": null, "ref:temples.ru": null, "religion": null, "roof:shape": null, "shop": null, "source:addr": "ЕГРН", "source:housenumber": null, "start_date": null, "tomb": null, "tourism": null, "type": null, "was:amenity": null, "website": null, "wikidata": null, "wikipedia": null, "is_living": false}, "geometry": {"type": "Polygon", "coordinates": [[[35.6574721, 56.2243804], [35.6575594, 56.2244847], [35.657203, 56.224577], [35.6571157, 56.2244727], [35.6574721, 56.2243804]]]}}, {"type": "Feature", "properties": {"id": "way/244577175", "@id": "way/244577175", "abandoned": null, "addr:city": "Лотошино", "addr:housenumber": "15", "addr:place": null, "addr:postcode": null, "addr:street": "улица Калинина", "alt_name": null, "amenity": null, "building": "yes", "building:levels": null, "cuisine": null, "denomination": null, "government": "register_office", "historic": null, "inscription": null, "layer": null, "memorial": null, "name": "Лотошинский отдел ЗАГС пос. Лотошино", "name:en": null, "name:ru": null, "office": "government", "opening_hours": "Tu-Sa 09:00-17:00", "operator": null, "phone": "+7 49628 70761", "power": null, "ref:sobory.ru": null, "ref:temples.ru": null, "religion": null, "roof:shape": null, "shop": null, "source:addr": null, "source:housenumber": null, "start_date": null, "tomb": null, "tourism": null, "type": null, "was:amenity": null, "website": "https://zags.mosreg.ru/", "wikidata": null, "wikipedia": null, "is_living": false}, "geometry": {"type": "Polygon", "coordinates": [[[35.642678, 56.231133], [35.6429681, 56.2310913], [35.6430394, 56.2312448], [35.6427493, 56.2312865], [35.642678, 56.231133]]]}}, {"type": "Feature", "properties": {"id": "way/244577178", "@id": "way/244577178", "abandoned": null, "addr:city": null, "addr:housenumber": null, "addr:place": null, "addr:postcode": null, "addr:street": null, "alt_name": null, "amenity": null, "building": "hangar", "building:levels": null, "cuisine": null, "denomination": null, "government": null, "historic": null, "inscription": null, "layer": null, "memorial": null, "name": null, "name:en": null, "name:ru": null, "office": null, "opening_hours": null, "operator": null, "phone": null, "power": null, "ref:sobory.ru": null, "ref:temples.ru": null, "religion": null, "roof:shape": null, "shop": null, "source:addr": null, "source:housenumber": null, "start_date": null, "tomb": null, "tourism": null, "type": null, "was:amenity": null, "website": null, "wikidata": null, "wikipedia": null, "is_living": false}, "geometry": {"type": "Polygon", "coordinates": [[[35.6479872, 56.2281722], [35.6480414, 56.2283207], [35.647576, 56.2283731], [35.6475218, 56.2282246], [35.6479872, 56.2281722]]]}}, {"type": "Feature", "properties": {"id": "way/244577179", "@id": "way/244577179", "abandoned": null, "addr:city": null, "addr:housenumber": null, "addr:place": null, "addr:postcode": null, "addr:street": null, "alt_name": null, "amenity": null, "building": "yes", "building:levels": null, "cuisine": null, "denomination": null, "government": null, "historic": null, "inscription": null, "layer": null, "memorial": null, "name": null, "name:en": null, "name:ru": null, "office": null, "opening_hours": null, "operator": null, "phone": null, "power": null, "ref:sobory.ru": null, "ref:temples.ru": null, "religion": null, "roof:shape": null, "shop": null, "source:addr": null, "source:housenumber": null, "start_date": null, "tomb": null, "tourism": "museum", "type": null, "was:amenity": null, "website": null, "wikidata": null, "wikipedia": null, "is_living": false}, "geometry": {"type": "Polygon", "coordinates": [[[35.6436342, 56.2264146], [35.6436775, 56.2265963], [35.6433699, 56.2266189], [35.6433267, 56.2264372], [35.6436342, 56.2264146]]]}}, {"type": "Feature", "properties": {"id": "way/244577181", "@id": "way/244577181", "abandoned": null, "addr:city": null, "addr:housenumber": null, "addr:place": null, "addr:postcode": null, "addr:street": null, "alt_name": null, "amenity": null, "building": "yes", "building:levels": null, "cuisine": null, "denomination": null, "government": null, "historic": null, "inscription": null, "layer": null, "memorial": null, "name": null, "name:en": null, "name:ru": null, "office": null, "opening_hours": null, "operator": null, "phone": null, "power": null, "ref:sobory.ru": null, "ref:temples.ru": null, "religion": null, "roof:shape": null, "shop": null, "source:addr": null, "source:housenumber": null, "start_date": null, "tomb": null, "tourism": null, "type": null, "was:amenity": null, "website": null, "wikidata": null, "wikipedia": null, "is_living": false}, "geometry": {"type": "Polygon", "coordinates": [[[35.6475732, 56.2507542], [35.647594, 56.2508533], [35.6472189, 56.2508776], [35.6471981, 56.2507785], [35.6475732, 56.2507542]]]}}, {"type": "Feature", "properties": {"id": "way/244577191", "@id": "way/244577191", "abandoned": null, "addr:city": null, "addr:housenumber": "2", "addr:place": null, "addr:postcode": null, "addr:street": "Волоколамское шоссе", "alt_name": null, "amenity": null, "building": "yes", "building:levels": null, "cuisine": null, "denomination": null, "government": null, "historic": null, "inscription": null, "layer": null, "memorial": null, "name": null, "name:en": null, "name:ru": null, "office": null, "opening_hours": null, "operator": null, "phone": null, "power": null, "ref:sobory.ru": null, "ref:temples.ru": null, "religion": null, "roof:shape": null, "shop": null, "source:addr": "ЕГРН", "source:housenumber": null, "start_date": null, "tomb": null, "tourism": null, "type": null, "was:amenity": null, "website": null, "wikidata": null, "wikipedia": null, "is_living": false}, "geometry": {"type": "Polygon", "coordinates": [[[35.6568285, 56.2246675], [35.6569191, 56.2247738], [35.6564309, 56.2249023], [35.6563403, 56.2247959], [35.6568285, 56.2246675]]]}}, {"type": "Feature", "properties": {"id": "way/244577196", "@id": "way/244577196", "abandoned": null, "addr:city": null, "addr:housenumber": null, "addr:place": null, "addr:postcode": null, "addr:street": null, "alt_name": null, "amenity": null, "building": "yes", "building:levels": null, "cuisine": null, "denomination": null, "government": null, "historic": null, "inscription": null, "layer": null, "memorial": null, "name": null, "name:en": null, "name:ru": null, "office": null, "opening_hours": null, "operator": null, "phone": null, "power": null, "ref:sobory.ru": null, "ref:temples.ru": null, "religion": null, "roof:shape": null, "shop": null, "source:addr": null, "source:housenumber": null, "start_date": null, "tomb": null, "tourism": null, "type": null, "was:amenity": null, "website": null, "wikidata": null, "wikipedia": null, "is_living": false}, "geometry": {"type": "Polygon", "coordinates": [[[35.6455833, 56.2306487], [35.6456891, 56.2308355], [35.6454941, 56.2308696], [35.6453883, 56.2306829], [35.6455833, 56.2306487]]]}}, {"type": "Feature", "properties": {"id": "way/244577201", "@id": "way/244577201", "abandoned": null, "addr:city": "Лотошино", "addr:housenumber": "13", "addr:place": null, "addr:postcode": "143800", "addr:street": "Центральная улица", "alt_name": null, "amenity": null, "building": "yes", "building:levels": null, "cuisine": null, "denomination": null, "government": null, "historic": null, "inscription": null, "layer": null, "memorial": null, "name": null, "name:en": null, "name:ru": null, "office": null, "opening_hours": null, "operator": null, "phone": null, "power": null, "ref:sobory.ru": null, "ref:temples.ru": null, "religion": null, "roof:shape": null, "shop": null, "source:addr": null, "source:housenumber": null, "start_date": null, "tomb": null, "tourism": null, "type": null, "was:amenity": null, "website": null, "wikidata": null, "wikipedia": null, "is_living": false}, "geometry": {"type": "Polygon", "coordinates": [[[35.6436912, 56.2264055], [35.644718, 56.2263286], [35.6447403, 56.2264205], [35.6437135, 56.2264974], [35.6436912, 56.2264055]]]}}, {"type": "Feature", "properties": {"id": "way/244577204", "@id": "way/244577204", "abandoned": null, "addr:city": null, "addr:housenumber": "17", "addr:place": null, "addr:postcode": null, "addr:street": "улица Калинина", "alt_name": null, "amenity": null, "building": "yes", "building:levels": null, "cuisine": null, "denomination": null, "government": null, "historic": null, "inscription": null, "layer": null, "memorial": null, "name": null, "name:en": null, "name:ru": null, "office": null, "opening_hours": null, "operator": null, "phone": null, "power": null, "ref:sobory.ru": null, "ref:temples.ru": null, "religion": null, "roof:shape": null, "shop": null, "source:addr": "ЕГРН", "source:housenumber": null, "start_date": null, "tomb": null, "tourism": null, "type": null, "was:amenity": null, "website": null, "wikidata": null, "wikipedia": null, "is_living": false}, "geometry": {"type": "Polygon", "coordinates": [[[35.642807, 56.2314227], [35.6430892, 56.2313831], [35.6431628, 56.2315456], [35.6428806, 56.2315851], [35.642807, 56.2314227]]]}}, {"type": "Feature", "properties": {"id": "way/244577208", "@id": "way/244577208", "abandoned": null, "addr:city": "Лотошино", "addr:housenumber": "9", "addr:place": null, "addr:postcode": null, "addr:street": "улица Калинина", "alt_name": null, "amenity": null, "building": "yes", "building:levels": null, "cuisine": null, "denomination": null, "government": null, "historic": null, "inscription": null, "layer": null, "memorial": null, "name": null, "name:en": null, "name:ru": null, "office": null, "opening_hours": null, "operator": null, "phone": null, "power": null, "ref:sobory.ru": null, "ref:temples.ru": null, "religion": null, "roof:shape": null, "shop": null, "source:addr": null, "source:housenumber": null, "start_date": null, "tomb": null, "tourism": null, "type": null, "was:amenity": null, "website": null, "wikidata": null, "wikipedia": null, "is_living": false}, "geometry": {"type": "Polygon", "coordinates": [[[35.6419252, 56.229529], [35.6421658, 56.2295041], [35.6421933, 56.2295862], [35.642303, 56.2295749], [35.6423503, 56.2297162], [35.642, 56.2297524], [35.6419252, 56.229529]]]}}, {"type": "Feature", "properties": {"id": "way/244577210", "@id": "way/244577210", "abandoned": null, "addr:city": null, "addr:housenumber": "1", "addr:place": null, "addr:postcode": null, "addr:street": "Волоколамское шоссе", "alt_name": null, "amenity": null, "building": "yes", "building:levels": null, "cuisine": null, "denomination": null, "government": null, "historic": null, "inscription": null, "layer": null, "memorial": null, "name": null, "name:en": null, "name:ru": null, "office": null, "opening_hours": null, "operator": null, "phone": null, "power": null, "ref:sobory.ru": null, "ref:temples.ru": null, "religion": null, "roof:shape": null, "shop": null, "source:addr": "ЕГРН", "source:housenumber": null, "start_date": null, "tomb": null, "tourism": null, "type": null, "was:amenity": null, "website": null, "wikidata": null, "wikipedia": null, "is_living": false}, "geometry": {"type": "Polygon", "coordinates": [[[35.6563283, 56.2250217], [35.6564377, 56.2251492], [35.6561492, 56.2252256], [35.6561866, 56.2252693], [35.6559899, 56.2253214], [35.6559074, 56.2252252], [35.6561032, 56.2251733], [35.656039, 56.2250984], [35.6563283, 56.2250217]]]}}, {"type": "Feature", "properties": {"id": "way/244577212", "@id": "way/244577212", "abandoned": null, "addr:city": null, "addr:housenumber": "36", "addr:place": null, "addr:postcode": null, "addr:street": "Центральная улица", "alt_name": null, "amenity": null, "building": "apartments", "building:levels": null, "cuisine": null, "denomination": null, "government": null, "historic": null, "inscription": null, "layer": null, "memorial": null, "name": null, "name:en": null, "name:ru": null, "office": null, "opening_hours": null, "operator": null, "phone": null, "power": null, "ref:sobory.ru": null, "ref:temples.ru": null, "religion": null, "roof:shape": null, "shop": null, "source:addr": null, "source:housenumber": null, "start_date": null, "tomb": null, "tourism": null, "type": null, "was:amenity": null, "website": null, "wikidata": null, "wikipedia": null, "is_living": false}, "geometry": {"type": "Polygon", "coordinates": [[[35.6341141, 56.2276268], [35.6343249, 56.227617], [35.6343203, 56.2275859], [35.6346198, 56.227572], [35.6346335, 56.2276628], [35.6346982, 56.2276598], [35.6347079, 56.2277248], [35.6341329, 56.2277515], [35.6341141, 56.2276268]]]}}, {"type": "Feature", "properties": {"id": "way/244577213", "@id": "way/244577213", "abandoned": null, "addr:city": "Лотошино", "addr:housenumber": "18", "addr:place": null, "addr:postcode": "143800", "addr:street": "Центральная улица", "alt_name": null, "amenity": "townhall", "building": "yes", "building:levels": null, "cuisine": null, "denomination": null, "government": null, "historic": null, "inscription": null, "layer": null, "memorial": null, "name": "Администрация Лотошинского района", "name:en": null, "name:ru": null, "office": null, "opening_hours": null, "operator": null, "phone": "+7 49628 71490", "power": null, "ref:sobory.ru": null, "ref:temples.ru": null, "religion": null, "roof:shape": null, "shop": null, "source:addr": null, "source:housenumber": null, "start_date": null, "tomb": null, "tourism": null, "type": null, "was:amenity": null, "website": null, "wikidata": "Q2709579", "wikipedia": "ru:Лотошинский район", "is_living": false}, "geometry": {"type": "Polygon", "coordinates": [[[35.6403176, 56.2274982], [35.640343, 56.2276366], [35.6402395, 56.2276425], [35.640235, 56.2276179], [35.6397919, 56.2276431], [35.6398228, 56.2278106], [35.6397165, 56.2278167], [35.6396647, 56.2275354], [35.6403176, 56.2274982]]]}}, {"type": "Feature", "properties": {"id": "way/244577214", "@id": "way/244577214", "abandoned": null, "addr:city": null, "addr:housenumber": "9А", "addr:place": null, "addr:postcode": null, "addr:street": "Спортивная улица", "alt_name": null, "amenity": null, "building": "yes", "building:levels": null, "cuisine": null, "denomination": null, "government": null, "historic": null, "inscription": null, "layer": null, "memorial": null, "name": null, "name:en": null, "name:ru": null, "office": null, "opening_hours": null, "operator": null, "phone": null, "power": null, "ref:sobory.ru": null, "ref:temples.ru": null, "religion": null, "roof:shape": null, "shop": null, "source:addr": "ЕГРН", "source:housenumber": null, "start_date": null, "tomb": null, "tourism": null, "type": null, "was:amenity": null, "website": null, "wikidata": null, "wikipedia": null, "is_living": false}, "geometry": {"type": "Polygon", "coordinates": [[[35.6451831, 56.2311862], [35.6453311, 56.2311501], [35.6455273, 56.2313991], [35.6457721, 56.2313395], [35.6455754, 56.2310899], [35.6457815, 56.2310397], [35.6460631, 56.2313971], [35.6454642, 56.2315429], [35.6451831, 56.2311862]]]}}, {"type": "Feature", "properties": {"id": "way/244683175", "@id": "way/244683175", "abandoned": null, "addr:city": null, "addr:housenumber": "2А", "addr:place": null, "addr:postcode": null, "addr:street": "Школьная улица", "alt_name": null, "amenity": null, "building": "yes", "building:levels": null, "cuisine": null, "denomination": null, "government": null, "historic": null, "inscription": null, "layer": null, "memorial": null, "name": null, "name:en": null, "name:ru": null, "office": null, "opening_hours": null, "operator": null, "phone": null, "power": null, "ref:sobory.ru": null, "ref:temples.ru": null, "religion": null, "roof:shape": null, "shop": null, "source:addr": "ЕГРН", "source:housenumber": null, "start_date": null, "tomb": null, "tourism": null, "type": null, "was:amenity": null, "website": null, "wikidata": null, "wikipedia": null, "is_living": false}, "geometry": {"type": "Polygon", "coordinates": [[[35.6403192, 56.229712], [35.6405939, 56.2298076], [35.6398971, 56.22989], [35.6398494, 56.2297695], [35.6400297, 56.2297474], [35.6403192, 56.229712]]]}}, {"type": "Feature", "properties": {"id": "way/244684901", "@id": "way/244684901", "abandoned": null, "addr:city": null, "addr:housenumber": null, "addr:place": null, "addr:postcode": null, "addr:street": null, "alt_name": null, "amenity": null, "building": "yes", "building:levels": null, "cuisine": null, "denomination": null, "government": null, "historic": null, "inscription": null, "layer": null, "memorial": null, "name": null, "name:en": null, "name:ru": null, "office": null, "opening_hours": null, "operator": null, "phone": null, "power": null, "ref:sobory.ru": null, "ref:temples.ru": null, "religion": null, "roof:shape": null, "shop": null, "source:addr": null, "source:housenumber": null, "start_date": null, "tomb": null, "tourism": null, "type": null, "was:amenity": null, "website": null, "wikidata": null, "wikipedia": null, "is_living": false}, "geometry": {"type": "Polygon", "coordinates": [[[35.6348115, 56.2275508], [35.6347165, 56.2275554], [35.6347103, 56.227516], [35.6346506, 56.2275189], [35.6346436, 56.2274742], [35.6347983, 56.2274668], [35.6348115, 56.2275508]]]}}, {"type": "Feature", "properties": {"id": "way/259828642", "@id": "way/259828642", "abandoned": null, "addr:city": null, "addr:housenumber": null, "addr:place": null, "addr:postcode": null, "addr:street": null, "alt_name": null, "amenity": null, "building": "yes", "building:levels": null, "cuisine": null, "denomination": null, "government": null, "historic": null, "inscription": null, "layer": null, "memorial": null, "name": null, "name:en": null, "name:ru": null, "office": null, "opening_hours": null, "operator": null, "phone": null, "power": null, "ref:sobory.ru": null, "ref:temples.ru": null, "religion": null, "roof:shape": null, "shop": null, "source:addr": null, "source:housenumber": null, "start_date": null, "tomb": null, "tourism": null, "type": null, "was:amenity": null, "website": null, "wikidata": null, "wikipedia": null, "is_living": false}, "geometry": {"type": "Polygon", "coordinates": [[[35.6588236, 56.2258088], [35.6587353, 56.2258429], [35.6586323, 56.2257606], [35.6587205, 56.2257265], [35.6584161, 56.2254832], [35.6585927, 56.2254149], [35.6588971, 56.2256582], [35.6590006, 56.2256182], [35.6591036, 56.2257005], [35.6590002, 56.2257405], [35.6592201, 56.2259163], [35.6590435, 56.2259846], [35.6588236, 56.2258088]]]}}, {"type": "Feature", "properties": {"id": "way/259828643", "@id": "way/259828643", "abandoned": null, "addr:city": null, "addr:housenumber": null, "addr:place": null, "addr:postcode": null, "addr:street": null, "alt_name": null, "amenity": null, "building": "yes", "building:levels": null, "cuisine": null, "denomination": null, "government": null, "historic": null, "inscription": null, "layer": null, "memorial": null, "name": null, "name:en": null, "name:ru": null, "office": null, "opening_hours": null, "operator": null, "phone": null, "power": null, "ref:sobory.ru": null, "ref:temples.ru": null, "religion": null, "roof:shape": null, "shop": null, "source:addr": null, "source:housenumber": null, "start_date": null, "tomb": null, "tourism": null, "type": null, "was:amenity": null, "website": null, "wikidata": null, "wikipedia": null, "is_living": false}, "geometry": {"type": "Polygon", "coordinates": [[[35.6643001, 56.2270577], [35.6645794, 56.226992], [35.6647275, 56.2271863], [35.6644482, 56.2272521], [35.6643001, 56.2270577]]]}}, {"type": "Feature", "properties": {"id": "way/259828644", "@id": "way/259828644", "abandoned": null, "addr:city": null, "addr:housenumber": null, "addr:place": null, "addr:postcode": null, "addr:street": null, "alt_name": null, "amenity": null, "building": "yes", "building:levels": null, "cuisine": null, "denomination": null, "government": null, "historic": null, "inscription": null, "layer": null, "memorial": null, "name": null, "name:en": null, "name:ru": null, "office": null, "opening_hours": null, "operator": null, "phone": null, "power": null, "ref:sobory.ru": null, "ref:temples.ru": null, "religion": null, "roof:shape": null, "shop": null, "source:addr": null, "source:housenumber": null, "start_date": null, "tomb": null, "tourism": null, "type": null, "was:amenity": null, "website": null, "wikidata": null, "wikipedia": null, "is_living": false}, "geometry": {"type": "Polygon", "coordinates": [[[35.6647275, 56.2268572], [35.6650702, 56.2267765], [35.6654058, 56.2272168], [35.665063, 56.2272976], [35.6647275, 56.2268572]]]}}, {"type": "Feature", "properties": {"id": "way/259828645", "@id": "way/259828645", "abandoned": null, "addr:city": null, "addr:housenumber": null, "addr:place": null, "addr:postcode": null, "addr:street": null, "alt_name": null, "amenity": null, "building": "yes", "building:levels": null, "cuisine": null, "denomination": null, "government": null, "historic": null, "inscription": null, "layer": null, "memorial": null, "name": null, "name:en": null, "name:ru": null, "office": null, "opening_hours": null, "operator": null, "phone": null, "power": null, "ref:sobory.ru": null, "ref:temples.ru": null, "religion": null, "roof:shape": null, "shop": null, "source:addr": null, "source:housenumber": null, "start_date": null, "tomb": null, "tourism": null, "type": null, "was:amenity": null, "website": null, "wikidata": null, "wikipedia": null, "is_living": false}, "geometry": {"type": "Polygon", "coordinates": [[[35.6609897, 56.2243875], [35.6613235, 56.2243089], [35.6618052, 56.2249411], [35.6614714, 56.2250197], [35.6609897, 56.2243875]]]}}, {"type": "Feature", "properties": {"id": "way/259828646", "@id": "way/259828646", "abandoned": null, "addr:city": null, "addr:housenumber": null, "addr:place": null, "addr:postcode": null, "addr:street": null, "alt_name": null, "amenity": null, "building": "yes", "building:levels": null, "cuisine": null, "denomination": null, "government": null, "historic": null, "inscription": null, "layer": null, "memorial": null, "name": null, "name:en": null, "name:ru": null, "office": null, "opening_hours": null, "operator": null, "phone": null, "power": null, "ref:sobory.ru": null, "ref:temples.ru": null, "religion": null, "roof:shape": null, "shop": null, "source:addr": null, "source:housenumber": null, "start_date": null, "tomb": null, "tourism": null, "type": null, "was:amenity": null, "website": null, "wikidata": null, "wikipedia": null, "is_living": false}, "geometry": {"type": "Polygon", "coordinates": [[[35.6641213, 56.2250729], [35.6644533, 56.2249947], [35.6649446, 56.2256396], [35.6646126, 56.2257178], [35.6641213, 56.2250729]]]}}, {"type": "Feature", "properties": {"id": "way/259828647", "@id": "way/259828647", "abandoned": null, "addr:city": null, "addr:housenumber": null, "addr:place": null, "addr:postcode": null, "addr:street": null, "alt_name": null, "amenity": null, "building": "yes", "building:levels": null, "cuisine": null, "denomination": null, "government": null, "historic": null, "inscription": null, "layer": null, "memorial": null, "name": null, "name:en": null, "name:ru": null, "office": null, "opening_hours": null, "operator": null, "phone": null, "power": null, "ref:sobory.ru": null, "ref:temples.ru": null, "religion": null, "roof:shape": null, "shop": null, "source:addr": null, "source:housenumber": null, "start_date": null, "tomb": null, "tourism": null, "type": null, "was:amenity": null, "website": null, "wikidata": null, "wikipedia": null, "is_living": false}, "geometry": {"type": "Polygon", "coordinates": [[[35.6648937, 56.2234511], [35.6652243, 56.2233733], [35.6657171, 56.2240201], [35.6653865, 56.2240979], [35.6648937, 56.2234511]]]}}, {"type": "Feature", "properties": {"id": "way/259828648", "@id": "way/259828648", "abandoned": null, "addr:city": null, "addr:housenumber": null, "addr:place": null, "addr:postcode": null, "addr:street": null, "alt_name": null, "amenity": null, "building": "yes", "building:levels": null, "cuisine": null, "denomination": null, "government": null, "historic": null, "inscription": null, "layer": null, "memorial": null, "name": null, "name:en": null, "name:ru": null, "office": null, "opening_hours": null, "operator": null, "phone": null, "power": null, "ref:sobory.ru": null, "ref:temples.ru": null, "religion": null, "roof:shape": null, "shop": null, "source:addr": null, "source:housenumber": null, "start_date": null, "tomb": null, "tourism": null, "type": null, "was:amenity": null, "website": null, "wikidata": null, "wikipedia": null, "is_living": false}, "geometry": {"type": "Polygon", "coordinates": [[[35.658161, 56.2266515], [35.659489, 56.2261968], [35.6596747, 56.2263644], [35.6583467, 56.2268191], [35.658161, 56.2266515]]]}}, {"type": "Feature", "properties": {"id": "way/259828649", "@id": "way/259828649", "abandoned": null, "addr:city": null, "addr:housenumber": null, "addr:place": null, "addr:postcode": null, "addr:street": null, "alt_name": null, "amenity": null, "building": "yes", "building:levels": null, "cuisine": null, "denomination": null, "government": null, "historic": null, "inscription": null, "layer": null, "memorial": null, "name": null, "name:en": null, "name:ru": null, "office": null, "opening_hours": null, "operator": null, "phone": null, "power": null, "ref:sobory.ru": null, "ref:temples.ru": null, "religion": null, "roof:shape": null, "shop": null, "source:addr": null, "source:housenumber": null, "start_date": null, "tomb": null, "tourism": null, "type": null, "was:amenity": null, "website": null, "wikidata": null, "wikipedia": null, "is_living": false}, "geometry": {"type": "Polygon", "coordinates": [[[35.6635826, 56.2279339], [35.6637712, 56.2278895], [35.6641472, 56.2283829], [35.6639585, 56.2284273], [35.6635826, 56.2279339]]]}}, {"type": "Feature", "properties": {"id": "way/259828650", "@id": "way/259828650", "abandoned": null, "addr:city": null, "addr:housenumber": null, "addr:place": null, "addr:postcode": null, "addr:street": null, "alt_name": null, "amenity": null, "building": "yes", "building:levels": null, "cuisine": null, "denomination": null, "government": null, "historic": null, "inscription": null, "layer": null, "memorial": null, "name": null, "name:en": null, "name:ru": null, "office": null, "opening_hours": null, "operator": null, "phone": null, "power": null, "ref:sobory.ru": null, "ref:temples.ru": null, "religion": null, "roof:shape": null, "shop": null, "source:addr": null, "source:housenumber": null, "start_date": null, "tomb": null, "tourism": null, "type": null, "was:amenity": null, "website": null, "wikidata": null, "wikipedia": null, "is_living": false}, "geometry": {"type": "Polygon", "coordinates": [[[35.6653587, 56.2267068], [35.6656238, 56.2266444], [35.6659586, 56.2270839], [35.6656936, 56.2271463], [35.6653587, 56.2267068]]]}}, {"type": "Feature", "properties": {"id": "way/259828651", "@id": "way/259828651", "abandoned": null, "addr:city": null, "addr:housenumber": null, "addr:place": null, "addr:postcode": null, "addr:street": null, "alt_name": null, "amenity": null, "building": "yes", "building:levels": null, "cuisine": null, "denomination": null, "government": null, "historic": null, "inscription": null, "layer": null, "memorial": null, "name": null, "name:en": null, "name:ru": null, "office": null, "opening_hours": null, "operator": null, "phone": null, "power": null, "ref:sobory.ru": null, "ref:temples.ru": null, "religion": null, "roof:shape": null, "shop": null, "source:addr": null, "source:housenumber": null, "start_date": null, "tomb": null, "tourism": null, "type": null, "was:amenity": null, "website": null, "wikidata": null, "wikipedia": null, "is_living": false}, "geometry": {"type": "Polygon", "coordinates": [[[35.6615817, 56.2243134], [35.6618045, 56.2242609], [35.6622248, 56.2248125], [35.662002, 56.224865], [35.6615817, 56.2243134]]]}}, {"type": "Feature", "properties": {"id": "way/259828652", "@id": "way/259828652", "abandoned": null, "addr:city": null, "addr:housenumber": null, "addr:place": null, "addr:postcode": null, "addr:street": null, "alt_name": null, "amenity": null, "building": "yes", "building:levels": null, "cuisine": null, "denomination": null, "government": null, "historic": null, "inscription": null, "layer": null, "memorial": null, "name": null, "name:en": null, "name:ru": null, "office": null, "opening_hours": null, "operator": null, "phone": null, "power": null, "ref:sobory.ru": null, "ref:temples.ru": null, "religion": null, "roof:shape": null, "shop": null, "source:addr": null, "source:housenumber": null, "start_date": null, "tomb": null, "tourism": null, "type": null, "was:amenity": null, "website": null, "wikidata": null, "wikipedia": null, "is_living": false}, "geometry": {"type": "Polygon", "coordinates": [[[35.6567831, 56.2259502], [35.6570866, 56.2258328], [35.6579738, 56.2265418], [35.6576703, 56.2266592], [35.6575533, 56.2265657], [35.6567831, 56.2259502]]]}}, {"type": "Feature", "properties": {"id": "way/259828653", "@id": "way/259828653", "abandoned": null, "addr:city": null, "addr:housenumber": null, "addr:place": null, "addr:postcode": null, "addr:street": null, "alt_name": null, "amenity": null, "building": "yes", "building:levels": null, "cuisine": null, "denomination": null, "government": null, "historic": null, "inscription": null, "layer": null, "memorial": null, "name": null, "name:en": null, "name:ru": null, "office": null, "opening_hours": null, "operator": null, "phone": null, "power": null, "ref:sobory.ru": null, "ref:temples.ru": null, "religion": null, "roof:shape": null, "shop": null, "source:addr": null, "source:housenumber": null, "start_date": null, "tomb": null, "tourism": null, "type": null, "was:amenity": null, "website": null, "wikidata": null, "wikipedia": null, "is_living": false}, "geometry": {"type": "Polygon", "coordinates": [[[35.665939, 56.2265847], [35.6661997, 56.2265234], [35.6665272, 56.2269531], [35.6662665, 56.2270145], [35.665939, 56.2265847]]]}}, {"type": "Feature", "properties": {"id": "way/259828654", "@id": "way/259828654", "abandoned": null, "addr:city": null, "addr:housenumber": null, "addr:place": null, "addr:postcode": null, "addr:street": null, "alt_name": null, "amenity": null, "building": "yes", "building:levels": null, "cuisine": null, "denomination": null, "government": null, "historic": null, "inscription": null, "layer": null, "memorial": null, "name": null, "name:en": null, "name:ru": null, "office": null, "opening_hours": null, "operator": null, "phone": null, "power": null, "ref:sobory.ru": null, "ref:temples.ru": null, "religion": null, "roof:shape": null, "shop": null, "source:addr": null, "source:housenumber": null, "start_date": null, "tomb": null, "tourism": null, "type": null, "was:amenity": null, "website": null, "wikidata": null, "wikipedia": null, "is_living": false}, "geometry": {"type": "Polygon", "coordinates": [[[35.6622757, 56.2241695], [35.6624409, 56.2241306], [35.6628443, 56.2246599], [35.6626791, 56.2246988], [35.6622757, 56.2241695]]]}}, {"type": "Feature", "properties": {"id": "way/259828655", "@id": "way/259828655", "abandoned": null, "addr:city": null, "addr:housenumber": null, "addr:place": null, "addr:postcode": null, "addr:street": null, "alt_name": null, "amenity": null, "building": "yes", "building:levels": null, "cuisine": null, "denomination": null, "government": null, "historic": null, "inscription": null, "layer": null, "memorial": null, "name": null, "name:en": null, "name:ru": null, "office": null, "opening_hours": null, "operator": null, "phone": null, "power": null, "ref:sobory.ru": null, "ref:temples.ru": null, "religion": null, "roof:shape": null, "shop": null, "source:addr": null, "source:housenumber": null, "start_date": null, "tomb": null, "tourism": null, "type": null, "was:amenity": null, "website": null, "wikidata": null, "wikipedia": null, "is_living": false}, "geometry": {"type": "Polygon", "coordinates": [[[35.6651838, 56.2248266], [35.6655186, 56.2247478], [35.6660072, 56.225389], [35.6656724, 56.2254678], [35.6651838, 56.2248266]]]}}, {"type": "Feature", "properties": {"id": "way/259828656", "@id": "way/259828656", "abandoned": null, "addr:city": null, "addr:housenumber": null, "addr:place": null, "addr:postcode": null, "addr:street": null, "alt_name": null, "amenity": null, "building": "yes", "building:levels": null, "cuisine": null, "denomination": null, "government": null, "historic": null, "inscription": null, "layer": null, "memorial": null, "name": null, "name:en": null, "name:ru": null, "office": null, "opening_hours": null, "operator": null, "phone": null, "power": null, "ref:sobory.ru": null, "ref:temples.ru": null, "religion": null, "roof:shape": null, "shop": null, "source:addr": null, "source:housenumber": null, "start_date": null, "tomb": null, "tourism": null, "type": null, "was:amenity": null, "website": null, "wikidata": null, "wikipedia": null, "is_living": false}, "geometry": {"type": "Polygon", "coordinates": [[[35.6604749, 56.2279156], [35.6606037, 56.2278121], [35.6612271, 56.2280518], [35.6610983, 56.2281553], [35.6604749, 56.2279156]]]}}, {"type": "Feature", "properties": {"id": "way/259828657", "@id": "way/259828657", "abandoned": null, "addr:city": null, "addr:housenumber": null, "addr:place": null, "addr:postcode": null, "addr:street": null, "alt_name": null, "amenity": null, "building": "yes", "building:levels": null, "cuisine": null, "denomination": null, "government": null, "historic": null, "inscription": null, "layer": null, "memorial": null, "name": null, "name:en": null, "name:ru": null, "office": null, "opening_hours": null, "operator": null, "phone": null, "power": null, "ref:sobory.ru": null, "ref:temples.ru": null, "religion": null, "roof:shape": null, "shop": null, "source:addr": null, "source:housenumber": null, "start_date": null, "tomb": null, "tourism": null, "type": null, "was:amenity": null, "website": null, "wikidata": null, "wikipedia": null, "is_living": false}, "geometry": {"type": "Polygon", "coordinates": [[[35.6658504, 56.2246718], [35.6661416, 56.2246033], [35.6666306, 56.2252451], [35.6663394, 56.2253137], [35.6658504, 56.2246718]]]}}, {"type": "Feature", "properties": {"id": "way/259828658", "@id": "way/259828658", "abandoned": null, "addr:city": null, "addr:housenumber": null, "addr:place": null, "addr:postcode": null, "addr:street": null, "alt_name": null, "amenity": null, "building": "yes", "building:levels": null, "cuisine": null, "denomination": null, "government": null, "historic": null, "inscription": null, "layer": null, "memorial": null, "name": null, "name:en": null, "name:ru": null, "office": null, "opening_hours": null, "operator": null, "phone": null, "power": null, "ref:sobory.ru": null, "ref:temples.ru": null, "religion": null, "roof:shape": null, "shop": null, "source:addr": null, "source:housenumber": null, "start_date": null, "tomb": null, "tourism": null, "type": null, "was:amenity": null, "website": null, "wikidata": null, "wikipedia": null, "is_living": false}, "geometry": {"type": "Polygon", "coordinates": [[[35.6629827, 56.2270294], [35.6632618, 56.2269637], [35.6636422, 56.2274628], [35.663363, 56.2275285], [35.6629827, 56.2270294]]]}}, {"type": "Feature", "properties": {"id": "way/259828659", "@id": "way/259828659", "abandoned": null, "addr:city": null, "addr:housenumber": null, "addr:place": null, "addr:postcode": null, "addr:street": null, "alt_name": null, "amenity": null, "building": "yes", "building:levels": null, "cuisine": null, "denomination": null, "government": null, "historic": null, "inscription": null, "layer": null, "memorial": null, "name": null, "name:en": null, "name:ru": null, "office": null, "opening_hours": null, "operator": null, "phone": null, "power": null, "ref:sobory.ru": null, "ref:temples.ru": null, "religion": null, "roof:shape": null, "shop": null, "source:addr": null, "source:housenumber": null, "start_date": null, "tomb": null, "tourism": null, "type": null, "was:amenity": null, "website": null, "wikidata": null, "wikipedia": null, "is_living": false}, "geometry": {"type": "Polygon", "coordinates": [[[35.6617178, 56.2256331], [35.6620345, 56.2255585], [35.6625215, 56.2261976], [35.6622047, 56.2262722], [35.6617178, 56.2256331]]]}}, {"type": "Feature", "properties": {"id": "way/259828660", "@id": "way/259828660", "abandoned": null, "addr:city": null, "addr:housenumber": null, "addr:place": null, "addr:postcode": null, "addr:street": null, "alt_name": null, "amenity": null, "building": "yes", "building:levels": null, "cuisine": null, "denomination": null, "government": null, "historic": null, "inscription": null, "layer": null, "memorial": null, "name": null, "name:en": null, "name:ru": null, "office": null, "opening_hours": null, "operator": null, "phone": null, "power": null, "ref:sobory.ru": null, "ref:temples.ru": null, "religion": null, "roof:shape": null, "shop": null, "source:addr": null, "source:housenumber": null, "start_date": null, "tomb": null, "tourism": null, "type": null, "was:amenity": null, "website": null, "wikidata": null, "wikipedia": null, "is_living": false}, "geometry": {"type": "Polygon", "coordinates": [[[35.6623412, 56.2254892], [35.6626219, 56.2254231], [35.6631057, 56.2260581], [35.662825, 56.2261243], [35.6623412, 56.2254892]]]}}, {"type": "Feature", "properties": {"id": "way/259828661", "@id": "way/259828661", "abandoned": null, "addr:city": null, "addr:housenumber": null, "addr:place": null, "addr:postcode": null, "addr:street": null, "alt_name": null, "amenity": null, "building": "yes", "building:levels": null, "cuisine": null, "denomination": null, "government": null, "historic": null, "inscription": null, "layer": null, "memorial": null, "name": null, "name:en": null, "name:ru": null, "office": null, "opening_hours": null, "operator": null, "phone": null, "power": null, "ref:sobory.ru": null, "ref:temples.ru": null, "religion": null, "roof:shape": null, "shop": null, "source:addr": null, "source:housenumber": null, "start_date": null, "tomb": null, "tourism": null, "type": null, "was:amenity": null, "website": null, "wikidata": null, "wikipedia": null, "is_living": false}, "geometry": {"type": "Polygon", "coordinates": [[[35.6575926, 56.2259486], [35.6577739, 56.2258785], [35.6581028, 56.2261413], [35.6579215, 56.2262114], [35.6575926, 56.2259486]]]}}, {"type": "Feature", "properties": {"id": "way/259828663", "@id": "way/259828663", "abandoned": null, "addr:city": null, "addr:housenumber": null, "addr:place": null, "addr:postcode": null, "addr:street": null, "alt_name": null, "amenity": null, "building": "yes", "building:levels": null, "cuisine": null, "denomination": null, "government": null, "historic": null, "inscription": null, "layer": null, "memorial": null, "name": null, "name:en": null, "name:ru": null, "office": null, "opening_hours": null, "operator": null, "phone": null, "power": null, "ref:sobory.ru": null, "ref:temples.ru": null, "religion": null, "roof:shape": null, "shop": null, "source:addr": null, "source:housenumber": null, "start_date": null, "tomb": null, "tourism": null, "type": null, "was:amenity": null, "website": null, "wikidata": null, "wikipedia": null, "is_living": false}, "geometry": {"type": "Polygon", "coordinates": [[[35.6652529, 56.2275808], [35.665531, 56.2275153], [35.6657587, 56.2278141], [35.6654805, 56.2278796], [35.6652529, 56.2275808]]]}}, {"type": "Feature", "properties": {"id": "way/259828664", "@id": "way/259828664", "abandoned": null, "addr:city": null, "addr:housenumber": null, "addr:place": null, "addr:postcode": null, "addr:street": null, "alt_name": null, "amenity": null, "building": "yes", "building:levels": null, "cuisine": null, "denomination": null, "government": null, "historic": null, "inscription": null, "layer": null, "memorial": null, "name": null, "name:en": null, "name:ru": null, "office": null, "opening_hours": null, "operator": null, "phone": null, "power": null, "ref:sobory.ru": null, "ref:temples.ru": null, "religion": null, "roof:shape": null, "shop": null, "source:addr": null, "source:housenumber": null, "start_date": null, "tomb": null, "tourism": null, "type": null, "was:amenity": null, "website": null, "wikidata": null, "wikipedia": null, "is_living": false}, "geometry": {"type": "Polygon", "coordinates": [[[35.66266, 56.2239842], [35.6629711, 56.2239109], [35.6634638, 56.2245575], [35.6631526, 56.2246308], [35.66266, 56.2239842]]]}}, {"type": "Feature", "properties": {"id": "way/259828665", "@id": "way/259828665", "abandoned": null, "addr:city": null, "addr:housenumber": null, "addr:place": null, "addr:postcode": null, "addr:street": null, "alt_name": null, "amenity": null, "building": "yes", "building:levels": null, "cuisine": null, "denomination": null, "government": null, "historic": null, "inscription": null, "layer": null, "memorial": null, "name": null, "name:en": null, "name:ru": null, "office": null, "opening_hours": null, "operator": null, "phone": null, "power": null, "ref:sobory.ru": null, "ref:temples.ru": null, "religion": null, "roof:shape": null, "shop": null, "source:addr": null, "source:housenumber": null, "start_date": null, "tomb": null, "tourism": null, "type": null, "was:amenity": null, "website": null, "wikidata": null, "wikipedia": null, "is_living": false}, "geometry": {"type": "Polygon", "coordinates": [[[35.6632246, 56.2238491], [35.6635613, 56.2237698], [35.6640519, 56.2244136], [35.6637152, 56.2244929], [35.6632246, 56.2238491]]]}}, {"type": "Feature", "properties": {"id": "way/259828666", "@id": "way/259828666", "abandoned": null, "addr:city": null, "addr:housenumber": null, "addr:place": null, "addr:postcode": null, "addr:street": null, "alt_name": null, "amenity": null, "building": "yes", "building:levels": null, "cuisine": null, "denomination": null, "government": null, "historic": null, "inscription": null, "layer": null, "memorial": null, "name": null, "name:en": null, "name:ru": null, "office": null, "opening_hours": null, "operator": null, "phone": null, "power": null, "ref:sobory.ru": null, "ref:temples.ru": null, "religion": null, "roof:shape": null, "shop": null, "source:addr": null, "source:housenumber": null, "start_date": null, "tomb": null, "tourism": null, "type": null, "was:amenity": null, "website": null, "wikidata": null, "wikipedia": null, "is_living": false}, "geometry": {"type": "Polygon", "coordinates": [[[35.6669678, 56.2244081], [35.6673065, 56.2243283], [35.6677991, 56.2249748], [35.6674604, 56.2250546], [35.6669678, 56.2244081]]]}}, {"type": "Feature", "properties": {"id": "way/259828667", "@id": "way/259828667", "abandoned": null, "addr:city": null, "addr:housenumber": null, "addr:place": null, "addr:postcode": null, "addr:street": null, "alt_name": null, "amenity": null, "building": "yes", "building:levels": null, "cuisine": null, "denomination": null, "government": null, "historic": null, "inscription": null, "layer": null, "memorial": null, "name": null, "name:en": null, "name:ru": null, "office": null, "opening_hours": null, "operator": null, "phone": null, "power": null, "ref:sobory.ru": null, "ref:temples.ru": null, "religion": null, "roof:shape": null, "shop": null, "source:addr": null, "source:housenumber": null, "start_date": null, "tomb": null, "tourism": null, "type": null, "was:amenity": null, "website": null, "wikidata": null, "wikipedia": null, "is_living": false}, "geometry": {"type": "Polygon", "coordinates": [[[35.6636296, 56.2270185], [35.663913, 56.2269518], [35.6641864, 56.2273106], [35.663903, 56.2273773], [35.6636296, 56.2270185]]]}}, {"type": "Feature", "properties": {"id": "way/259828669", "@id": "way/259828669", "abandoned": null, "addr:city": null, "addr:housenumber": null, "addr:place": null, "addr:postcode": null, "addr:street": null, "alt_name": null, "amenity": null, "building": "yes", "building:levels": null, "cuisine": null, "denomination": null, "government": null, "historic": null, "inscription": null, "layer": null, "memorial": null, "name": null, "name:en": null, "name:ru": null, "office": null, "opening_hours": null, "operator": null, "phone": null, "power": null, "ref:sobory.ru": null, "ref:temples.ru": null, "religion": null, "roof:shape": null, "shop": null, "source:addr": null, "source:housenumber": null, "start_date": null, "tomb": null, "tourism": null, "type": null, "was:amenity": null, "website": null, "wikidata": null, "wikipedia": null, "is_living": false}, "geometry": {"type": "Polygon", "coordinates": [[[35.6661327, 56.2227972], [35.666945, 56.2226059], [35.6670658, 56.2227645], [35.6662535, 56.2229558], [35.6661327, 56.2227972]]]}}, {"type": "Feature", "properties": {"id": "way/259828670", "@id": "way/259828670", "abandoned": null, "addr:city": null, "addr:housenumber": null, "addr:place": null, "addr:postcode": null, "addr:street": null, "alt_name": null, "amenity": null, "building": "yes", "building:levels": null, "cuisine": null, "denomination": null, "government": null, "historic": null, "inscription": null, "layer": null, "memorial": null, "name": null, "name:en": null, "name:ru": null, "office": null, "opening_hours": null, "operator": null, "phone": null, "power": null, "ref:sobory.ru": null, "ref:temples.ru": null, "religion": null, "roof:shape": null, "shop": null, "source:addr": null, "source:housenumber": null, "start_date": null, "tomb": null, "tourism": null, "type": null, "was:amenity": null, "website": null, "wikidata": null, "wikipedia": null, "is_living": false}, "geometry": {"type": "Polygon", "coordinates": [[[35.6659406, 56.2225138], [35.6667324, 56.2223273], [35.6668463, 56.2224767], [35.6660544, 56.2226632], [35.6659406, 56.2225138]]]}}, {"type": "Feature", "properties": {"id": "way/259828671", "@id": "way/259828671", "abandoned": null, "addr:city": null, "addr:housenumber": null, "addr:place": null, "addr:postcode": null, "addr:street": null, "alt_name": null, "amenity": null, "building": "yes", "building:levels": null, "cuisine": null, "denomination": null, "government": null, "historic": null, "inscription": null, "layer": null, "memorial": null, "name": null, "name:en": null, "name:ru": null, "office": null, "opening_hours": null, "operator": null, "phone": null, "power": null, "ref:sobory.ru": null, "ref:temples.ru": null, "religion": null, "roof:shape": null, "shop": null, "source:addr": null, "source:housenumber": null, "start_date": null, "tomb": null, "tourism": null, "type": null, "was:amenity": null, "website": null, "wikidata": null, "wikipedia": null, "is_living": false}, "geometry": {"type": "Polygon", "coordinates": [[[35.663043, 56.2253214], [35.6633665, 56.2252452], [35.6638546, 56.2258859], [35.6635312, 56.2259621], [35.663043, 56.2253214]]]}}, {"type": "Feature", "properties": {"id": "way/259828672", "@id": "way/259828672", "abandoned": null, "addr:city": null, "addr:housenumber": null, "addr:place": null, "addr:postcode": null, "addr:street": null, "alt_name": null, "amenity": null, "building": "yes", "building:levels": null, "cuisine": null, "denomination": null, "government": null, "historic": null, "inscription": null, "layer": null, "memorial": null, "name": null, "name:en": null, "name:ru": null, "office": null, "opening_hours": null, "operator": null, "phone": null, "power": null, "ref:sobory.ru": null, "ref:temples.ru": null, "religion": null, "roof:shape": null, "shop": null, "source:addr": null, "source:housenumber": null, "start_date": null, "tomb": null, "tourism": null, "type": null, "was:amenity": null, "website": null, "wikidata": null, "wikipedia": null, "is_living": false}, "geometry": {"type": "Polygon", "coordinates": [[[35.6642467, 56.2236059], [35.6645835, 56.2235266], [35.665074, 56.2241705], [35.6647373, 56.2242498], [35.6642467, 56.2236059]]]}}, {"type": "Feature", "properties": {"id": "way/259828673", "@id": "way/259828673", "abandoned": null, "addr:city": null, "addr:housenumber": null, "addr:place": null, "addr:postcode": null, "addr:street": null, "alt_name": null, "amenity": null, "building": "yes", "building:levels": null, "cuisine": null, "denomination": null, "government": null, "historic": null, "inscription": null, "layer": null, "memorial": null, "name": null, "name:en": null, "name:ru": null, "office": null, "opening_hours": null, "operator": null, "phone": null, "power": null, "ref:sobory.ru": null, "ref:temples.ru": null, "religion": null, "roof:shape": null, "shop": null, "source:addr": null, "source:housenumber": null, "start_date": null, "tomb": null, "tourism": null, "type": null, "was:amenity": null, "website": null, "wikidata": null, "wikipedia": null, "is_living": false}, "geometry": {"type": "Polygon", "coordinates": [[[35.6635135, 56.225219], [35.6638361, 56.225143], [35.6643291, 56.22579], [35.6640065, 56.225866], [35.6635135, 56.225219]]]}}, {"type": "Feature", "properties": {"id": "way/259828674", "@id": "way/259828674", "abandoned": null, "addr:city": null, "addr:housenumber": null, "addr:place": null, "addr:postcode": null, "addr:street": null, "alt_name": null, "amenity": null, "building": "yes", "building:levels": null, "cuisine": null, "denomination": null, "government": null, "historic": null, "inscription": null, "layer": null, "memorial": null, "name": null, "name:en": null, "name:ru": null, "office": null, "opening_hours": null, "operator": null, "phone": null, "power": null, "ref:sobory.ru": null, "ref:temples.ru": null, "religion": null, "roof:shape": null, "shop": null, "source:addr": null, "source:housenumber": null, "start_date": null, "tomb": null, "tourism": null, "type": null, "was:amenity": null, "website": null, "wikidata": null, "wikipedia": null, "is_living": false}, "geometry": {"type": "Polygon", "coordinates": [[[35.6646412, 56.2276571], [35.6649925, 56.2275744], [35.6653744, 56.2280756], [35.6650231, 56.2281583], [35.6646412, 56.2276571]]]}}, {"type": "Feature", "properties": {"id": "way/259828676", "@id": "way/259828676", "abandoned": null, "addr:city": null, "addr:housenumber": null, "addr:place": null, "addr:postcode": null, "addr:street": null, "alt_name": null, "amenity": null, "building": "yes", "building:levels": null, "cuisine": null, "denomination": null, "government": null, "historic": null, "inscription": null, "layer": null, "memorial": null, "name": null, "name:en": null, "name:ru": null, "office": null, "opening_hours": null, "operator": null, "phone": null, "power": null, "ref:sobory.ru": null, "ref:temples.ru": null, "religion": null, "roof:shape": null, "shop": null, "source:addr": null, "source:housenumber": null, "start_date": null, "tomb": null, "tourism": null, "type": null, "was:amenity": null, "website": null, "wikidata": null, "wikipedia": null, "is_living": false}, "geometry": {"type": "Polygon", "coordinates": [[[35.663908, 56.2278337], [35.664239, 56.2277557], [35.6646255, 56.228263], [35.6642946, 56.228341], [35.663908, 56.2278337]]]}}, {"type": "Feature", "properties": {"id": "way/259828677", "@id": "way/259828677", "abandoned": null, "addr:city": null, "addr:housenumber": null, "addr:place": null, "addr:postcode": null, "addr:street": null, "alt_name": null, "amenity": null, "building": "yes", "building:levels": null, "cuisine": null, "denomination": null, "government": null, "historic": null, "inscription": null, "layer": null, "memorial": null, "name": null, "name:en": null, "name:ru": null, "office": null, "opening_hours": null, "operator": null, "phone": null, "power": null, "ref:sobory.ru": null, "ref:temples.ru": null, "religion": null, "roof:shape": null, "shop": null, "source:addr": null, "source:housenumber": null, "start_date": null, "tomb": null, "tourism": null, "type": null, "was:amenity": null, "website": null, "wikidata": null, "wikipedia": null, "is_living": false}, "geometry": {"type": "Polygon", "coordinates": [[[35.6610414, 56.2263538], [35.6611625, 56.2264997], [35.6607993, 56.2265929], [35.6604028, 56.2261151], [35.6607661, 56.2260219], [35.6608728, 56.2261506], [35.6609439, 56.2261323], [35.6611125, 56.2263355], [35.6610414, 56.2263538]]]}}, {"type": "Feature", "properties": {"id": "way/259828678", "@id": "way/259828678", "abandoned": null, "addr:city": null, "addr:housenumber": null, "addr:place": null, "addr:postcode": null, "addr:street": null, "alt_name": null, "amenity": null, "building": "yes", "building:levels": null, "cuisine": null, "denomination": null, "government": null, "historic": null, "inscription": null, "layer": null, "memorial": null, "name": null, "name:en": null, "name:ru": null, "office": null, "opening_hours": null, "operator": null, "phone": null, "power": null, "ref:sobory.ru": null, "ref:temples.ru": null, "religion": null, "roof:shape": null, "shop": null, "source:addr": null, "source:housenumber": null, "start_date": null, "tomb": null, "tourism": null, "type": null, "was:amenity": null, "website": null, "wikidata": null, "wikipedia": null, "is_living": false}, "geometry": {"type": "Polygon", "coordinates": [[[35.6661607, 56.2235635], [35.6658974, 56.2236255], [35.6658102, 56.223511], [35.6660735, 56.223449], [35.6658974, 56.2232179], [35.6662178, 56.2231425], [35.6666855, 56.2237563], [35.6663651, 56.2238318], [35.6661607, 56.2235635]]]}}, {"type": "Feature", "properties": {"id": "way/277600601", "@id": "way/277600601", "abandoned": null, "addr:city": null, "addr:housenumber": "3", "addr:place": null, "addr:postcode": null, "addr:street": "улица Микрорайон", "alt_name": null, "amenity": null, "building": "yes", "building:levels": null, "cuisine": null, "denomination": null, "government": null, "historic": null, "inscription": null, "layer": null, "memorial": null, "name": null, "name:en": null, "name:ru": null, "office": null, "opening_hours": null, "operator": null, "phone": null, "power": null, "ref:sobory.ru": null, "ref:temples.ru": null, "religion": null, "roof:shape": null, "shop": null, "source:addr": null, "source:housenumber": null, "start_date": null, "tomb": null, "tourism": null, "type": null, "was:amenity": null, "website": null, "wikidata": null, "wikipedia": null, "is_living": false}, "geometry": {"type": "Polygon", "coordinates": [[[35.6205625, 56.3655892], [35.6206771, 56.3652269], [35.6208896, 56.3652475], [35.620775, 56.3656098], [35.6205625, 56.3655892]]]}}, {"type": "Feature", "properties": {"id": "way/277600602", "@id": "way/277600602", "abandoned": null, "addr:city": null, "addr:housenumber": "14", "addr:place": null, "addr:postcode": null, "addr:street": "улица Микрорайон", "alt_name": null, "amenity": null, "building": "yes", "building:levels": null, "cuisine": null, "denomination": null, "government": null, "historic": null, "inscription": null, "layer": null, "memorial": null, "name": null, "name:en": null, "name:ru": null, "office": null, "opening_hours": null, "operator": null, "phone": null, "power": null, "ref:sobory.ru": null, "ref:temples.ru": null, "religion": null, "roof:shape": null, "shop": null, "source:addr": null, "source:housenumber": null, "start_date": null, "tomb": null, "tourism": null, "type": null, "was:amenity": null, "website": null, "wikidata": null, "wikipedia": null, "is_living": false}, "geometry": {"type": "Polygon", "coordinates": [[[35.6215437, 56.3659145], [35.6221049, 56.3659689], [35.6220492, 56.3661451], [35.621488, 56.3660906], [35.6215437, 56.3659145]]]}}, {"type": "Feature", "properties": {"id": "way/277600612", "@id": "way/277600612", "abandoned": null, "addr:city": null, "addr:housenumber": "12", "addr:place": null, "addr:postcode": null, "addr:street": "улица Микрорайон", "alt_name": null, "amenity": null, "building": "school", "building:levels": null, "cuisine": null, "denomination": null, "government": null, "historic": null, "inscription": null, "layer": null, "memorial": null, "name": null, "name:en": null, "name:ru": null, "office": null, "opening_hours": null, "operator": null, "phone": null, "power": null, "ref:sobory.ru": null, "ref:temples.ru": null, "religion": null, "roof:shape": null, "shop": null, "source:addr": "ЕГРН", "source:housenumber": null, "start_date": null, "tomb": null, "tourism": null, "type": null, "was:amenity": null, "website": null, "wikidata": null, "wikipedia": null, "is_living": false}, "geometry": {"type": "Polygon", "coordinates": [[[35.6211648, 56.3636665], [35.6211744, 56.3636298], [35.6213393, 56.3636431], [35.621295, 56.3638109], [35.62068, 56.3637611], [35.6206723, 56.3637901], [35.620429, 56.3637704], [35.6204712, 56.3636106], [35.6209345, 56.3636481], [35.620987, 56.3634491], [35.6212542, 56.3634708], [35.6212342, 56.3635464], [35.6211126, 56.3635365], [35.6210915, 56.3636163], [35.6210207, 56.3636106], [35.6210093, 56.3636539], [35.6211648, 56.3636665]]]}}, {"type": "Feature", "properties": {"id": "way/277627634", "@id": "way/277627634", "abandoned": null, "addr:city": null, "addr:housenumber": "15", "addr:place": null, "addr:postcode": null, "addr:street": "Школьная улица", "alt_name": null, "amenity": null, "building": "kindergarten", "building:levels": "1", "cuisine": null, "denomination": null, "government": null, "historic": null, "inscription": null, "layer": null, "memorial": null, "name": null, "name:en": null, "name:ru": null, "office": null, "opening_hours": null, "operator": null, "phone": null, "power": null, "ref:sobory.ru": null, "ref:temples.ru": null, "religion": null, "roof:shape": null, "shop": null, "source:addr": null, "source:housenumber": null, "start_date": null, "tomb": null, "tourism": null, "type": null, "was:amenity": null, "website": null, "wikidata": null, "wikipedia": null, "is_living": false}, "geometry": {"type": "Polygon", "coordinates": [[[35.7091778, 56.359626], [35.7096908, 56.3594554], [35.7097923, 56.359549], [35.7092793, 56.3597197], [35.7091778, 56.359626]]]}}, {"type": "Feature", "properties": {"id": "way/315265022", "@id": "way/315265022", "abandoned": null, "addr:city": null, "addr:housenumber": null, "addr:place": null, "addr:postcode": null, "addr:street": null, "alt_name": null, "amenity": "place_of_worship", "building": "church", "building:levels": null, "cuisine": null, "denomination": "russian_orthodox", "government": null, "historic": null, "inscription": null, "layer": null, "memorial": null, "name": "Церковь Иоанна Предтечи", "name:en": null, "name:ru": null, "office": null, "opening_hours": null, "operator": null, "phone": null, "power": null, "ref:sobory.ru": null, "ref:temples.ru": "1637", "religion": "christian", "roof:shape": null, "shop": null, "source:addr": null, "source:housenumber": null, "start_date": "1888..1901", "tomb": null, "tourism": null, "type": null, "was:amenity": null, "website": null, "wikidata": null, "wikipedia": null, "is_living": false}, "geometry": {"type": "Polygon", "coordinates": [[[35.9765114, 56.2990196], [35.976657, 56.2991029], [35.9765123, 56.2991808], [35.9763666, 56.2990975], [35.9763222, 56.2991214], [35.9761253, 56.2990088], [35.9761946, 56.2989715], [35.976106, 56.2989208], [35.9762152, 56.298862], [35.9763038, 56.2989127], [35.976353, 56.2988862], [35.9765499, 56.2989988], [35.9765114, 56.2990196]]]}}, {"type": "Feature", "properties": {"id": "way/321578915", "@id": "way/321578915", "abandoned": "yes", "addr:city": null, "addr:housenumber": null, "addr:place": null, "addr:postcode": null, "addr:street": null, "alt_name": null, "amenity": null, "building": "church", "building:levels": null, "cuisine": null, "denomination": "russian_orthodox", "government": null, "historic": "church", "inscription": null, "layer": null, "memorial": null, "name": "Церковь иконы Божией Матери «Всех скорбящих Радость»", "name:en": null, "name:ru": "Церковь иконы Божией Матери «Всех скорбящих Радость»", "office": null, "opening_hours": null, "operator": null, "phone": null, "power": null, "ref:sobory.ru": null, "ref:temples.ru": "1656", "religion": "christian", "roof:shape": null, "shop": null, "source:addr": null, "source:housenumber": null, "start_date": "1908..1912", "tomb": null, "tourism": null, "type": null, "was:amenity": "place_of_worship", "website": null, "wikidata": null, "wikipedia": null, "is_living": false}, "geometry": {"type": "Polygon", "coordinates": [[[35.9893335, 56.2179091], [35.9894199, 56.2179073], [35.9894268, 56.2180095], [35.9893404, 56.2180113], [35.989342, 56.2180344], [35.9889305, 56.2180429], [35.9889278, 56.2180033], [35.9888155, 56.2180056], [35.9888095, 56.2179173], [35.9889219, 56.217915], [35.9889201, 56.2178883], [35.9893316, 56.2178797], [35.9893335, 56.2179091]]]}}, {"type": "Feature", "properties": {"id": "way/410232923", "@id": "way/410232923", "abandoned": null, "addr:city": null, "addr:housenumber": null, "addr:place": null, "addr:postcode": null, "addr:street": null, "alt_name": null, "amenity": null, "building": "yes", "building:levels": null, "cuisine": null, "denomination": null, "government": null, "historic": null, "inscription": null, "layer": null, "memorial": null, "name": null, "name:en": null, "name:ru": null, "office": null, "opening_hours": null, "operator": null, "phone": null, "power": null, "ref:sobory.ru": null, "ref:temples.ru": null, "religion": null, "roof:shape": null, "shop": null, "source:addr": null, "source:housenumber": null, "start_date": null, "tomb": null, "tourism": null, "type": null, "was:amenity": null, "website": null, "wikidata": null, "wikipedia": null, "is_living": false}, "geometry": {"type": "Polygon", "coordinates": [[[35.6314537, 56.1586493], [35.6313311, 56.1583889], [35.6309725, 56.1584413], [35.6311044, 56.1587216], [35.6307402, 56.1587748], [35.6304505, 56.1581594], [35.6308147, 56.1581062], [35.6309119, 56.1583126], [35.6312705, 56.1582602], [35.6311545, 56.1580137], [35.6315073, 56.1579622], [35.6316233, 56.1582087], [35.6319204, 56.1581653], [35.631981, 56.1582941], [35.6316839, 56.1583375], [35.6318065, 56.1585978], [35.6314537, 56.1586493]]]}}, {"type": "Feature", "properties": {"id": "way/410232926", "@id": "way/410232926", "abandoned": null, "addr:city": null, "addr:housenumber": null, "addr:place": null, "addr:postcode": null, "addr:street": null, "alt_name": null, "amenity": null, "building": "yes", "building:levels": null, "cuisine": null, "denomination": null, "government": null, "historic": null, "inscription": null, "layer": null, "memorial": null, "name": null, "name:en": null, "name:ru": null, "office": null, "opening_hours": null, "operator": null, "phone": null, "power": null, "ref:sobory.ru": null, "ref:temples.ru": null, "religion": null, "roof:shape": null, "shop": null, "source:addr": null, "source:housenumber": null, "start_date": null, "tomb": null, "tourism": null, "type": null, "was:amenity": null, "website": null, "wikidata": null, "wikipedia": null, "is_living": false}, "geometry": {"type": "Polygon", "coordinates": [[[35.6294474, 56.1573199], [35.6298122, 56.1581175], [35.6294908, 56.1581631], [35.6291261, 56.1573654], [35.6294474, 56.1573199]]]}}, {"type": "Feature", "properties": {"id": "way/464859126", "@id": "way/464859126", "abandoned": null, "addr:city": null, "addr:housenumber": null, "addr:place": null, "addr:postcode": null, "addr:street": null, "alt_name": null, "amenity": "place_of_worship", "building": "chapel", "building:levels": null, "cuisine": null, "denomination": "russian_orthodox", "government": null, "historic": null, "inscription": null, "layer": null, "memorial": null, "name": "Часовня купель", "name:en": null, "name:ru": "Часовня купель", "office": null, "opening_hours": null, "operator": null, "phone": null, "power": null, "ref:sobory.ru": "07264", "ref:temples.ru": null, "religion": "christian", "roof:shape": null, "shop": null, "source:addr": null, "source:housenumber": null, "start_date": null, "tomb": null, "tourism": null, "type": null, "was:amenity": null, "website": null, "wikidata": null, "wikipedia": null, "is_living": false}, "geometry": {"type": "Polygon", "coordinates": [[[35.6065534, 56.4491906], [35.6065151, 56.4491224], [35.6066042, 56.4491072], [35.6066424, 56.4491754], [35.6065534, 56.4491906]]]}}, {"type": "Feature", "properties": {"id": "way/485632250", "@id": "way/485632250", "abandoned": null, "addr:city": "Лотошино", "addr:housenumber": "1", "addr:place": null, "addr:postcode": "143800", "addr:street": "Центральная улица", "alt_name": null, "amenity": null, "building": "yes", "building:levels": null, "cuisine": null, "denomination": null, "government": null, "historic": null, "inscription": null, "layer": null, "memorial": null, "name": null, "name:en": null, "name:ru": null, "office": null, "opening_hours": null, "operator": null, "phone": null, "power": null, "ref:sobory.ru": null, "ref:temples.ru": null, "religion": null, "roof:shape": null, "shop": null, "source:addr": null, "source:housenumber": null, "start_date": null, "tomb": null, "tourism": null, "type": null, "was:amenity": null, "website": null, "wikidata": null, "wikipedia": null, "is_living": false}, "geometry": {"type": "Polygon", "coordinates": [[[35.6486123, 56.2262215], [35.6485702, 56.2260286], [35.6493185, 56.2259782], [35.6493329, 56.226044], [35.6491862, 56.2260538], [35.6492139, 56.2261809], [35.6486123, 56.2262215]]]}}, {"type": "Feature", "properties": {"id": "way/485634897", "@id": "way/485634897", "abandoned": null, "addr:city": "Новолотошино", "addr:housenumber": "18", "addr:place": null, "addr:postcode": "143801", "addr:street": null, "alt_name": null, "amenity": "community_centre", "building": "apartments", "building:levels": null, "cuisine": null, "denomination": null, "government": null, "historic": null, "inscription": null, "layer": null, "memorial": null, "name": "Дом культуры", "name:en": null, "name:ru": null, "office": null, "opening_hours": null, "operator": null, "phone": null, "power": null, "ref:sobory.ru": null, "ref:temples.ru": null, "religion": null, "roof:shape": null, "shop": null, "source:addr": null, "source:housenumber": null, "start_date": null, "tomb": null, "tourism": null, "type": null, "was:amenity": null, "website": null, "wikidata": null, "wikipedia": null, "is_living": false}, "geometry": {"type": "Polygon", "coordinates": [[[35.6506756, 56.2473312], [35.6506292, 56.247159], [35.6510467, 56.2471243], [35.6509326, 56.2467014], [35.6512601, 56.2466741], [35.6513733, 56.2470943], [35.6512353, 56.2471058], [35.6512824, 56.2472807], [35.6506756, 56.2473312]]]}}, {"type": "Feature", "properties": {"id": "way/485638918", "@id": "way/485638918", "abandoned": null, "addr:city": null, "addr:housenumber": null, "addr:place": null, "addr:postcode": null, "addr:street": null, "alt_name": null, "amenity": null, "building": "yes", "building:levels": null, "cuisine": null, "denomination": null, "government": null, "historic": null, "inscription": null, "layer": null, "memorial": null, "name": null, "name:en": null, "name:ru": null, "office": null, "opening_hours": null, "operator": null, "phone": null, "power": null, "ref:sobory.ru": null, "ref:temples.ru": null, "religion": null, "roof:shape": null, "shop": null, "source:addr": null, "source:housenumber": null, "start_date": null, "tomb": null, "tourism": null, "type": null, "was:amenity": null, "website": null, "wikidata": null, "wikipedia": null, "is_living": false}, "geometry": {"type": "Polygon", "coordinates": [[[35.6341836, 56.2499471], [35.6337239, 56.2492934], [35.6340376, 56.2492253], [35.6342264, 56.2494938], [35.6346009, 56.2494126], [35.6344103, 56.2491416], [35.6347471, 56.2490685], [35.6349436, 56.249348], [35.635229, 56.2492861], [35.6350332, 56.2490076], [35.63541, 56.2489258], [35.6358607, 56.2495668], [35.6355041, 56.2496442], [35.6353584, 56.2494369], [35.6350835, 56.2494966], [35.6352435, 56.2497241], [35.6348372, 56.2498123], [35.6346454, 56.2495396], [35.6343836, 56.2495965], [35.634571, 56.249863], [35.6341836, 56.2499471]]]}}, {"type": "Feature", "properties": {"id": "way/525894894", "@id": "way/525894894", "abandoned": null, "addr:city": null, "addr:housenumber": null, "addr:place": null, "addr:postcode": null, "addr:street": null, "alt_name": null, "amenity": null, "building": "yes", "building:levels": null, "cuisine": null, "denomination": null, "government": null, "historic": null, "inscription": null, "layer": null, "memorial": null, "name": null, "name:en": null, "name:ru": null, "office": null, "opening_hours": null, "operator": null, "phone": null, "power": null, "ref:sobory.ru": null, "ref:temples.ru": null, "religion": null, "roof:shape": null, "shop": null, "source:addr": null, "source:housenumber": null, "start_date": null, "tomb": null, "tourism": null, "type": null, "was:amenity": null, "website": null, "wikidata": null, "wikipedia": null, "is_living": false}, "geometry": {"type": "Polygon", "coordinates": [[[35.517455, 56.1863275], [35.5174068, 56.1856304], [35.5185227, 56.1856065], [35.5185655, 56.1862254], [35.5183006, 56.186231], [35.5182651, 56.1857184], [35.5177683, 56.1857291], [35.5178092, 56.1863199], [35.517455, 56.1863275]]]}}, {"type": "Feature", "properties": {"id": "way/525894896", "@id": "way/525894896", "abandoned": null, "addr:city": null, "addr:housenumber": null, "addr:place": null, "addr:postcode": null, "addr:street": null, "alt_name": null, "amenity": null, "building": "yes", "building:levels": null, "cuisine": null, "denomination": null, "government": null, "historic": null, "inscription": null, "layer": null, "memorial": null, "name": null, "name:en": null, "name:ru": null, "office": null, "opening_hours": null, "operator": null, "phone": null, "power": null, "ref:sobory.ru": null, "ref:temples.ru": null, "religion": null, "roof:shape": null, "shop": null, "source:addr": null, "source:housenumber": null, "start_date": null, "tomb": null, "tourism": null, "type": null, "was:amenity": null, "website": null, "wikidata": null, "wikipedia": null, "is_living": false}, "geometry": {"type": "Polygon", "coordinates": [[[35.5564597, 56.1842057], [35.5564074, 56.1840071], [35.5567159, 56.183982], [35.5567413, 56.1840782], [35.5565675, 56.1840924], [35.5565944, 56.1841947], [35.5564597, 56.1842057]]]}}, {"type": "Feature", "properties": {"id": "way/525894897", "@id": "way/525894897", "abandoned": null, "addr:city": null, "addr:housenumber": null, "addr:place": null, "addr:postcode": null, "addr:street": null, "alt_name": null, "amenity": null, "building": "yes", "building:levels": null, "cuisine": null, "denomination": null, "government": null, "historic": null, "inscription": null, "layer": null, "memorial": null, "name": null, "name:en": null, "name:ru": null, "office": null, "opening_hours": null, "operator": null, "phone": null, "power": null, "ref:sobory.ru": null, "ref:temples.ru": null, "religion": null, "roof:shape": null, "shop": null, "source:addr": null, "source:housenumber": null, "start_date": null, "tomb": null, "tourism": null, "type": null, "was:amenity": null, "website": null, "wikidata": null, "wikipedia": null, "is_living": false}, "geometry": {"type": "Polygon", "coordinates": [[[35.5549818, 56.186217], [35.555191, 56.18592], [35.5553513, 56.185955], [35.5551421, 56.186252], [35.5549818, 56.186217]]]}}, {"type": "Feature", "properties": {"id": "way/525894898", "@id": "way/525894898", "abandoned": null, "addr:city": null, "addr:housenumber": null, "addr:place": null, "addr:postcode": null, "addr:street": null, "alt_name": null, "amenity": null, "building": "garages", "building:levels": null, "cuisine": null, "denomination": null, "government": null, "historic": null, "inscription": null, "layer": null, "memorial": null, "name": null, "name:en": null, "name:ru": null, "office": null, "opening_hours": null, "operator": null, "phone": null, "power": null, "ref:sobory.ru": null, "ref:temples.ru": null, "religion": null, "roof:shape": null, "shop": null, "source:addr": null, "source:housenumber": null, "start_date": null, "tomb": null, "tourism": null, "type": null, "was:amenity": null, "website": null, "wikidata": null, "wikipedia": null, "is_living": false}, "geometry": {"type": "Polygon", "coordinates": [[[35.5521011, 56.1868872], [35.5520961, 56.1868139], [35.5529356, 56.1867959], [35.5529407, 56.1868693], [35.5521011, 56.1868872]]]}}, {"type": "Feature", "properties": {"id": "way/525894899", "@id": "way/525894899", "abandoned": null, "addr:city": null, "addr:housenumber": null, "addr:place": null, "addr:postcode": null, "addr:street": null, "alt_name": null, "amenity": null, "building": "garages", "building:levels": null, "cuisine": null, "denomination": null, "government": null, "historic": null, "inscription": null, "layer": null, "memorial": null, "name": null, "name:en": null, "name:ru": null, "office": null, "opening_hours": null, "operator": null, "phone": null, "power": null, "ref:sobory.ru": null, "ref:temples.ru": null, "religion": null, "roof:shape": null, "shop": null, "source:addr": null, "source:housenumber": null, "start_date": null, "tomb": null, "tourism": null, "type": null, "was:amenity": null, "website": null, "wikidata": null, "wikipedia": null, "is_living": false}, "geometry": {"type": "Polygon", "coordinates": [[[35.5521092, 56.1870648], [35.5521039, 56.1869769], [35.552914, 56.186962], [35.5529192, 56.1870499], [35.5521092, 56.1870648]]]}}, {"type": "Feature", "properties": {"id": "way/525894900", "@id": "way/525894900", "abandoned": null, "addr:city": null, "addr:housenumber": null, "addr:place": null, "addr:postcode": null, "addr:street": null, "alt_name": null, "amenity": null, "building": "garages", "building:levels": null, "cuisine": null, "denomination": null, "government": null, "historic": null, "inscription": null, "layer": null, "memorial": null, "name": null, "name:en": null, "name:ru": null, "office": null, "opening_hours": null, "operator": null, "phone": null, "power": null, "ref:sobory.ru": null, "ref:temples.ru": null, "religion": null, "roof:shape": null, "shop": null, "source:addr": null, "source:housenumber": null, "start_date": null, "tomb": null, "tourism": null, "type": null, "was:amenity": null, "website": null, "wikidata": null, "wikipedia": null, "is_living": false}, "geometry": {"type": "Polygon", "coordinates": [[[35.5511329, 56.1868917], [35.5511307, 56.1868394], [35.5519542, 56.186829], [35.5519563, 56.1868813], [35.5511329, 56.1868917]]]}}, {"type": "Feature", "properties": {"id": "way/525894901", "@id": "way/525894901", "abandoned": null, "addr:city": null, "addr:housenumber": null, "addr:place": null, "addr:postcode": null, "addr:street": null, "alt_name": null, "amenity": null, "building": "garages", "building:levels": null, "cuisine": null, "denomination": null, "government": null, "historic": null, "inscription": null, "layer": null, "memorial": null, "name": null, "name:en": null, "name:ru": null, "office": null, "opening_hours": null, "operator": null, "phone": null, "power": null, "ref:sobory.ru": null, "ref:temples.ru": null, "religion": null, "roof:shape": null, "shop": null, "source:addr": null, "source:housenumber": null, "start_date": null, "tomb": null, "tourism": null, "type": null, "was:amenity": null, "website": null, "wikidata": null, "wikipedia": null, "is_living": false}, "geometry": {"type": "Polygon", "coordinates": [[[35.5511007, 56.1870738], [35.5510962, 56.186995], [35.5518687, 56.1869815], [35.5518731, 56.1870604], [35.5511007, 56.1870738]]]}}, {"type": "Feature", "properties": {"id": "way/525894902", "@id": "way/525894902", "abandoned": null, "addr:city": null, "addr:housenumber": null, "addr:place": null, "addr:postcode": null, "addr:street": null, "alt_name": null, "amenity": null, "building": "garages", "building:levels": null, "cuisine": null, "denomination": null, "government": null, "historic": null, "inscription": null, "layer": null, "memorial": null, "name": null, "name:en": null, "name:ru": null, "office": null, "opening_hours": null, "operator": null, "phone": null, "power": null, "ref:sobory.ru": null, "ref:temples.ru": null, "religion": null, "roof:shape": null, "shop": null, "source:addr": null, "source:housenumber": null, "start_date": null, "tomb": null, "tourism": null, "type": null, "was:amenity": null, "website": null, "wikidata": null, "wikipedia": null, "is_living": false}, "geometry": {"type": "Polygon", "coordinates": [[[35.5500948, 56.1868977], [35.5500939, 56.1868184], [35.5509388, 56.1868154], [35.5509397, 56.1868947], [35.5500948, 56.1868977]]]}}, {"type": "Feature", "properties": {"id": "way/525894903", "@id": "way/525894903", "abandoned": null, "addr:city": null, "addr:housenumber": null, "addr:place": null, "addr:postcode": null, "addr:street": null, "alt_name": null, "amenity": null, "building": "garages", "building:levels": null, "cuisine": null, "denomination": null, "government": null, "historic": null, "inscription": null, "layer": null, "memorial": null, "name": null, "name:en": null, "name:ru": null, "office": null, "opening_hours": null, "operator": null, "phone": null, "power": null, "ref:sobory.ru": null, "ref:temples.ru": null, "religion": null, "roof:shape": null, "shop": null, "source:addr": null, "source:housenumber": null, "start_date": null, "tomb": null, "tourism": null, "type": null, "was:amenity": null, "website": null, "wikidata": null, "wikipedia": null, "is_living": false}, "geometry": {"type": "Polygon", "coordinates": [[[35.55087, 56.1870783], [35.5500734, 56.1870872], [35.5500701, 56.1869981], [35.5508668, 56.1869892], [35.55087, 56.1870783]]]}}, {"type": "Feature", "properties": {"id": "way/525894942", "@id": "way/525894942", "abandoned": null, "addr:city": null, "addr:housenumber": null, "addr:place": null, "addr:postcode": null, "addr:street": null, "alt_name": null, "amenity": null, "building": "yes", "building:levels": null, "cuisine": null, "denomination": null, "government": null, "historic": null, "inscription": null, "layer": null, "memorial": null, "name": null, "name:en": null, "name:ru": null, "office": null, "opening_hours": null, "operator": null, "phone": null, "power": null, "ref:sobory.ru": null, "ref:temples.ru": null, "religion": null, "roof:shape": null, "shop": null, "source:addr": null, "source:housenumber": null, "start_date": null, "tomb": null, "tourism": null, "type": null, "was:amenity": null, "website": null, "wikidata": null, "wikipedia": null, "is_living": false}, "geometry": {"type": "Polygon", "coordinates": [[[35.5482924, 56.1850707], [35.5483108, 56.1848455], [35.5490189, 56.1848635], [35.5490005, 56.1850886], [35.5482924, 56.1850707]]]}}, {"type": "Feature", "properties": {"id": "way/525894944", "@id": "way/525894944", "abandoned": null, "addr:city": null, "addr:housenumber": "28Б", "addr:place": null, "addr:postcode": null, "addr:street": "улица Микрорайон", "alt_name": null, "amenity": null, "building": "yes", "building:levels": null, "cuisine": null, "denomination": null, "government": null, "historic": null, "inscription": null, "layer": null, "memorial": null, "name": null, "name:en": null, "name:ru": null, "office": null, "opening_hours": null, "operator": null, "phone": null, "power": null, "ref:sobory.ru": null, "ref:temples.ru": null, "religion": null, "roof:shape": null, "shop": null, "source:addr": "ЕГРН", "source:housenumber": null, "start_date": null, "tomb": null, "tourism": null, "type": null, "was:amenity": null, "website": null, "wikidata": null, "wikipedia": null, "is_living": false}, "geometry": {"type": "Polygon", "coordinates": [[[35.5491427, 56.1855006], [35.5491507, 56.1852796], [35.5495957, 56.1852847], [35.5495876, 56.1855056], [35.5491427, 56.1855006]]]}}, {"type": "Feature", "properties": {"id": "way/567056054", "@id": "way/567056054", "abandoned": null, "addr:city": null, "addr:housenumber": null, "addr:place": null, "addr:postcode": null, "addr:street": null, "alt_name": null, "amenity": null, "building": "yes", "building:levels": null, "cuisine": null, "denomination": null, "government": null, "historic": null, "inscription": null, "layer": null, "memorial": null, "name": null, "name:en": null, "name:ru": null, "office": null, "opening_hours": null, "operator": null, "phone": null, "power": null, "ref:sobory.ru": null, "ref:temples.ru": null, "religion": null, "roof:shape": null, "shop": null, "source:addr": null, "source:housenumber": null, "start_date": null, "tomb": null, "tourism": null, "type": null, "was:amenity": null, "website": null, "wikidata": null, "wikipedia": null, "is_living": false}, "geometry": {"type": "Polygon", "coordinates": [[[35.9713346, 56.3354909], [35.9712421, 56.3353448], [35.9720556, 56.3351866], [35.9721481, 56.3353327], [35.9713346, 56.3354909]]]}}, {"type": "Feature", "properties": {"id": "way/567056055", "@id": "way/567056055", "abandoned": null, "addr:city": null, "addr:housenumber": null, "addr:place": null, "addr:postcode": null, "addr:street": null, "alt_name": null, "amenity": null, "building": "yes", "building:levels": null, "cuisine": null, "denomination": null, "government": null, "historic": null, "inscription": null, "layer": null, "memorial": null, "name": null, "name:en": null, "name:ru": null, "office": null, "opening_hours": null, "operator": null, "phone": null, "power": null, "ref:sobory.ru": null, "ref:temples.ru": null, "religion": null, "roof:shape": null, "shop": null, "source:addr": null, "source:housenumber": null, "start_date": null, "tomb": null, "tourism": null, "type": null, "was:amenity": null, "website": null, "wikidata": null, "wikipedia": null, "is_living": false}, "geometry": {"type": "Polygon", "coordinates": [[[35.9715385, 56.335812], [35.9714441, 56.335655], [35.9722712, 56.3355022], [35.9723656, 56.3356592], [35.9715385, 56.335812]]]}}, {"type": "Feature", "properties": {"id": "way/567056359", "@id": "way/567056359", "abandoned": null, "addr:city": null, "addr:housenumber": null, "addr:place": null, "addr:postcode": null, "addr:street": null, "alt_name": null, "amenity": null, "building": "yes", "building:levels": null, "cuisine": null, "denomination": null, "government": null, "historic": null, "inscription": null, "layer": null, "memorial": null, "name": null, "name:en": null, "name:ru": null, "office": null, "opening_hours": null, "operator": null, "phone": null, "power": null, "ref:sobory.ru": null, "ref:temples.ru": null, "religion": null, "roof:shape": null, "shop": null, "source:addr": null, "source:housenumber": null, "start_date": null, "tomb": null, "tourism": null, "type": null, "was:amenity": null, "website": null, "wikidata": null, "wikipedia": null, "is_living": false}, "geometry": {"type": "Polygon", "coordinates": [[[35.9687826, 56.3343643], [35.9687502, 56.3342342], [35.9693418, 56.3341889], [35.9693742, 56.334319], [35.9687826, 56.3343643]]]}}, {"type": "Feature", "properties": {"id": "way/567059677", "@id": "way/567059677", "abandoned": null, "addr:city": null, "addr:housenumber": null, "addr:place": null, "addr:postcode": null, "addr:street": null, "alt_name": null, "amenity": null, "building": "yes", "building:levels": null, "cuisine": null, "denomination": null, "government": null, "historic": null, "inscription": null, "layer": null, "memorial": null, "name": null, "name:en": null, "name:ru": null, "office": null, "opening_hours": null, "operator": null, "phone": null, "power": null, "ref:sobory.ru": null, "ref:temples.ru": null, "religion": null, "roof:shape": null, "shop": null, "source:addr": null, "source:housenumber": null, "start_date": null, "tomb": null, "tourism": null, "type": null, "was:amenity": null, "website": null, "wikidata": null, "wikipedia": null, "is_living": false}, "geometry": {"type": "Polygon", "coordinates": [[[35.9199632, 56.2643059], [35.9201375, 56.2641437], [35.9209533, 56.2644141], [35.9207791, 56.2645763], [35.9199632, 56.2643059]]]}}, {"type": "Feature", "properties": {"id": "way/567061015", "@id": "way/567061015", "abandoned": null, "addr:city": null, "addr:housenumber": "27", "addr:place": "Брыково", "addr:postcode": null, "addr:street": null, "alt_name": null, "amenity": null, "building": "yes", "building:levels": null, "cuisine": null, "denomination": null, "government": null, "historic": null, "inscription": null, "layer": null, "memorial": null, "name": null, "name:en": null, "name:ru": null, "office": null, "opening_hours": null, "operator": null, "phone": null, "power": null, "ref:sobory.ru": null, "ref:temples.ru": null, "religion": null, "roof:shape": null, "shop": null, "source:addr": "ЕГРН", "source:housenumber": null, "start_date": null, "tomb": null, "tourism": null, "type": null, "was:amenity": null, "website": null, "wikidata": null, "wikipedia": null, "is_living": false}, "geometry": {"type": "Polygon", "coordinates": [[[35.906324, 56.2480227], [35.9062902, 56.2478386], [35.9078653, 56.2477493], [35.9078991, 56.2479334], [35.906324, 56.2480227]]]}}, {"type": "Feature", "properties": {"id": "way/567061017", "@id": "way/567061017", "abandoned": null, "addr:city": null, "addr:housenumber": "26", "addr:place": "Брыково", "addr:postcode": null, "addr:street": null, "alt_name": null, "amenity": null, "building": "yes", "building:levels": null, "cuisine": null, "denomination": null, "government": null, "historic": null, "inscription": null, "layer": null, "memorial": null, "name": null, "name:en": null, "name:ru": null, "office": null, "opening_hours": null, "operator": null, "phone": null, "power": null, "ref:sobory.ru": null, "ref:temples.ru": null, "religion": null, "roof:shape": null, "shop": null, "source:addr": "ЕГРН", "source:housenumber": null, "start_date": null, "tomb": null, "tourism": null, "type": null, "was:amenity": null, "website": null, "wikidata": null, "wikipedia": null, "is_living": false}, "geometry": {"type": "Polygon", "coordinates": [[[35.9069382, 56.2488151], [35.9068623, 56.2481878], [35.9071893, 56.2481756], [35.9072652, 56.2488029], [35.9069382, 56.2488151]]]}}, {"type": "Feature", "properties": {"id": "way/567062053", "@id": "way/567062053", "abandoned": null, "addr:city": null, "addr:housenumber": "5", "addr:place": "Доры", "addr:postcode": null, "addr:street": null, "alt_name": null, "amenity": null, "building": "yes", "building:levels": null, "cuisine": null, "denomination": null, "government": null, "historic": null, "inscription": null, "layer": null, "memorial": null, "name": null, "name:en": null, "name:ru": null, "office": null, "opening_hours": null, "operator": null, "phone": null, "power": null, "ref:sobory.ru": null, "ref:temples.ru": null, "religion": null, "roof:shape": null, "shop": null, "source:addr": "ЕГРН", "source:housenumber": null, "start_date": null, "tomb": null, "tourism": null, "type": null, "was:amenity": null, "website": null, "wikidata": null, "wikipedia": null, "is_living": false}, "geometry": {"type": "Polygon", "coordinates": [[[35.9101584, 56.2668507], [35.9103563, 56.2665611], [35.9106469, 56.2666223], [35.910449, 56.2669119], [35.9101584, 56.2668507]]]}}, {"type": "Feature", "properties": {"id": "way/567062054", "@id": "way/567062054", "abandoned": null, "addr:city": null, "addr:housenumber": "4", "addr:place": "Доры", "addr:postcode": null, "addr:street": null, "alt_name": null, "amenity": null, "building": "yes", "building:levels": null, "cuisine": null, "denomination": null, "government": null, "historic": null, "inscription": null, "layer": null, "memorial": null, "name": null, "name:en": null, "name:ru": null, "office": null, "opening_hours": null, "operator": null, "phone": null, "power": null, "ref:sobory.ru": null, "ref:temples.ru": null, "religion": null, "roof:shape": null, "shop": null, "source:addr": null, "source:housenumber": null, "start_date": null, "tomb": null, "tourism": null, "type": null, "was:amenity": null, "website": null, "wikidata": null, "wikipedia": null, "is_living": false}, "geometry": {"type": "Polygon", "coordinates": [[[35.9111043, 56.2666391], [35.9109439, 56.2665541], [35.9112131, 56.2663975], [35.9113735, 56.2664826], [35.9111043, 56.2666391]]]}}, {"type": "Feature", "properties": {"id": "way/571826422", "@id": "way/571826422", "abandoned": null, "addr:city": null, "addr:housenumber": null, "addr:place": null, "addr:postcode": null, "addr:street": null, "alt_name": null, "amenity": null, "building": "yes", "building:levels": null, "cuisine": null, "denomination": null, "government": null, "historic": null, "inscription": null, "layer": null, "memorial": null, "name": null, "name:en": null, "name:ru": null, "office": null, "opening_hours": null, "operator": null, "phone": null, "power": null, "ref:sobory.ru": null, "ref:temples.ru": null, "religion": null, "roof:shape": null, "shop": null, "source:addr": null, "source:housenumber": null, "start_date": null, "tomb": null, "tourism": null, "type": null, "was:amenity": null, "website": null, "wikidata": null, "wikipedia": null, "is_living": false}, "geometry": {"type": "Polygon", "coordinates": [[[35.6735685, 56.1953245], [35.6737132, 56.1948627], [35.6740524, 56.1948956], [35.6739077, 56.1953574], [35.6735685, 56.1953245]]]}}, {"type": "Feature", "properties": {"id": "way/571826423", "@id": "way/571826423", "abandoned": null, "addr:city": null, "addr:housenumber": null, "addr:place": null, "addr:postcode": null, "addr:street": null, "alt_name": null, "amenity": null, "building": "yes", "building:levels": null, "cuisine": null, "denomination": null, "government": null, "historic": null, "inscription": null, "layer": null, "memorial": null, "name": null, "name:en": null, "name:ru": null, "office": null, "opening_hours": null, "operator": null, "phone": null, "power": null, "ref:sobory.ru": null, "ref:temples.ru": null, "religion": null, "roof:shape": null, "shop": null, "source:addr": null, "source:housenumber": null, "start_date": null, "tomb": null, "tourism": null, "type": null, "was:amenity": null, "website": null, "wikidata": null, "wikipedia": null, "is_living": false}, "geometry": {"type": "Polygon", "coordinates": [[[35.6752358, 56.1948129], [35.6744242, 56.1946669], [35.6745157, 56.1945096], [35.6753272, 56.1946556], [35.6752358, 56.1948129]]]}}, {"type": "Feature", "properties": {"id": "way/571828093", "@id": "way/571828093", "abandoned": null, "addr:city": null, "addr:housenumber": null, "addr:place": null, "addr:postcode": null, "addr:street": null, "alt_name": null, "amenity": null, "building": "yes", "building:levels": null, "cuisine": null, "denomination": null, "government": null, "historic": null, "inscription": null, "layer": null, "memorial": null, "name": null, "name:en": null, "name:ru": null, "office": null, "opening_hours": null, "operator": null, "phone": null, "power": null, "ref:sobory.ru": null, "ref:temples.ru": null, "religion": null, "roof:shape": null, "shop": null, "source:addr": null, "source:housenumber": null, "start_date": null, "tomb": null, "tourism": null, "type": null, "was:amenity": null, "website": null, "wikidata": null, "wikipedia": null, "is_living": false}, "geometry": {"type": "Polygon", "coordinates": [[[35.6435514, 56.2028951], [35.6432368, 56.2028614], [35.6433416, 56.202559], [35.6429332, 56.2025152], [35.6428229, 56.2028334], [35.6424954, 56.2027983], [35.6427375, 56.2021], [35.6430659, 56.2021353], [35.6429762, 56.2023942], [35.6433679, 56.2024362], [35.6434604, 56.2021693], [35.6437907, 56.2022047], [35.6435514, 56.2028951]]]}}, {"type": "Feature", "properties": {"id": "way/581225902", "@id": "way/581225902", "abandoned": null, "addr:city": null, "addr:housenumber": null, "addr:place": null, "addr:postcode": null, "addr:street": null, "alt_name": null, "amenity": null, "building": "yes", "building:levels": null, "cuisine": null, "denomination": null, "government": null, "historic": null, "inscription": null, "layer": null, "memorial": null, "name": null, "name:en": null, "name:ru": null, "office": null, "opening_hours": null, "operator": null, "phone": null, "power": null, "ref:sobory.ru": null, "ref:temples.ru": null, "religion": null, "roof:shape": null, "shop": null, "source:addr": null, "source:housenumber": null, "start_date": null, "tomb": null, "tourism": null, "type": null, "was:amenity": null, "website": null, "wikidata": null, "wikipedia": null, "is_living": false}, "geometry": {"type": "Polygon", "coordinates": [[[35.5457899, 56.4432005], [35.5458997, 56.4431853], [35.5459587, 56.4433158], [35.5458489, 56.4433309], [35.5457899, 56.4432005]]]}}, {"type": "Feature", "properties": {"id": "way/581225903", "@id": "way/581225903", "abandoned": null, "addr:city": null, "addr:housenumber": null, "addr:place": null, "addr:postcode": null, "addr:street": null, "alt_name": null, "amenity": null, "building": "yes", "building:levels": null, "cuisine": null, "denomination": null, "government": null, "historic": null, "inscription": null, "layer": null, "memorial": null, "name": null, "name:en": null, "name:ru": null, "office": null, "opening_hours": null, "operator": null, "phone": null, "power": null, "ref:sobory.ru": null, "ref:temples.ru": null, "religion": null, "roof:shape": null, "shop": null, "source:addr": null, "source:housenumber": null, "start_date": null, "tomb": null, "tourism": null, "type": null, "was:amenity": null, "website": null, "wikidata": null, "wikipedia": null, "is_living": false}, "geometry": {"type": "Polygon", "coordinates": [[[35.5477372, 56.4437742], [35.5477419, 56.4437316], [35.5479189, 56.4437375], [35.5479142, 56.4437802], [35.5477372, 56.4437742]]]}}, {"type": "Feature", "properties": {"id": "way/581225904", "@id": "way/581225904", "abandoned": null, "addr:city": null, "addr:housenumber": null, "addr:place": null, "addr:postcode": null, "addr:street": null, "alt_name": null, "amenity": null, "building": "yes", "building:levels": null, "cuisine": null, "denomination": null, "government": null, "historic": null, "inscription": null, "layer": null, "memorial": null, "name": null, "name:en": null, "name:ru": null, "office": null, "opening_hours": null, "operator": null, "phone": null, "power": null, "ref:sobory.ru": null, "ref:temples.ru": null, "religion": null, "roof:shape": null, "shop": null, "source:addr": null, "source:housenumber": null, "start_date": null, "tomb": null, "tourism": null, "type": null, "was:amenity": null, "website": null, "wikidata": null, "wikipedia": null, "is_living": false}, "geometry": {"type": "Polygon", "coordinates": [[[35.5481315, 56.4438113], [35.5481412, 56.4437325], [35.548337, 56.4437399], [35.5483273, 56.4438187], [35.5481315, 56.4438113]]]}}, {"type": "Feature", "properties": {"id": "way/581225905", "@id": "way/581225905", "abandoned": null, "addr:city": null, "addr:housenumber": null, "addr:place": null, "addr:postcode": null, "addr:street": null, "alt_name": null, "amenity": null, "building": "yes", "building:levels": null, "cuisine": null, "denomination": null, "government": null, "historic": null, "inscription": null, "layer": null, "memorial": null, "name": null, "name:en": null, "name:ru": null, "office": null, "opening_hours": null, "operator": null, "phone": null, "power": null, "ref:sobory.ru": null, "ref:temples.ru": null, "religion": null, "roof:shape": null, "shop": null, "source:addr": null, "source:housenumber": null, "start_date": null, "tomb": null, "tourism": null, "type": null, "was:amenity": null, "website": null, "wikidata": null, "wikipedia": null, "is_living": false}, "geometry": {"type": "Polygon", "coordinates": [[[35.5481422, 56.443712], [35.548144, 56.4436498], [35.5483103, 56.4436513], [35.5483085, 56.4437135], [35.5481422, 56.443712]]]}}, {"type": "Feature", "properties": {"id": "way/581225906", "@id": "way/581225906", "abandoned": null, "addr:city": null, "addr:housenumber": null, "addr:place": null, "addr:postcode": null, "addr:street": null, "alt_name": null, "amenity": null, "building": "yes", "building:levels": null, "cuisine": null, "denomination": null, "government": null, "historic": null, "inscription": null, "layer": null, "memorial": null, "name": null, "name:en": null, "name:ru": null, "office": null, "opening_hours": null, "operator": null, "phone": null, "power": null, "ref:sobory.ru": null, "ref:temples.ru": null, "religion": null, "roof:shape": null, "shop": null, "source:addr": null, "source:housenumber": null, "start_date": null, "tomb": null, "tourism": null, "type": null, "was:amenity": null, "website": null, "wikidata": null, "wikipedia": null, "is_living": false}, "geometry": {"type": "Polygon", "coordinates": [[[35.5482066, 56.4435044], [35.5481958, 56.4433206], [35.5483272, 56.4433182], [35.5483379, 56.4435021], [35.5482066, 56.4435044]]]}}, {"type": "Feature", "properties": {"id": "way/581225907", "@id": "way/581225907", "abandoned": null, "addr:city": null, "addr:housenumber": null, "addr:place": null, "addr:postcode": null, "addr:street": null, "alt_name": null, "amenity": null, "building": "yes", "building:levels": null, "cuisine": null, "denomination": null, "government": null, "historic": null, "inscription": null, "layer": null, "memorial": null, "name": null, "name:en": null, "name:ru": null, "office": null, "opening_hours": null, "operator": null, "phone": null, "power": null, "ref:sobory.ru": null, "ref:temples.ru": null, "religion": null, "roof:shape": null, "shop": null, "source:addr": null, "source:housenumber": null, "start_date": null, "tomb": null, "tourism": null, "type": null, "was:amenity": null, "website": null, "wikidata": null, "wikipedia": null, "is_living": false}, "geometry": {"type": "Polygon", "coordinates": [[[35.5482683, 56.4432642], [35.548279, 56.443116], [35.5483864, 56.4431183], [35.5483757, 56.4432666], [35.5482683, 56.4432642]]]}}, {"type": "Feature", "properties": {"id": "way/581225908", "@id": "way/581225908", "abandoned": null, "addr:city": null, "addr:housenumber": null, "addr:place": null, "addr:postcode": null, "addr:street": null, "alt_name": null, "amenity": null, "building": "yes", "building:levels": null, "cuisine": null, "denomination": null, "government": null, "historic": null, "inscription": null, "layer": null, "memorial": null, "name": null, "name:en": null, "name:ru": null, "office": null, "opening_hours": null, "operator": null, "phone": null, "power": null, "ref:sobory.ru": null, "ref:temples.ru": null, "religion": null, "roof:shape": null, "shop": null, "source:addr": null, "source:housenumber": null, "start_date": null, "tomb": null, "tourism": null, "type": null, "was:amenity": null, "website": null, "wikidata": null, "wikipedia": null, "is_living": false}, "geometry": {"type": "Polygon", "coordinates": [[[35.5481744, 56.4430967], [35.5481824, 56.4429573], [35.5483056, 56.4429595], [35.5482975, 56.4430989], [35.5481744, 56.4430967]]]}}, {"type": "Feature", "properties": {"id": "way/581225909", "@id": "way/581225909", "abandoned": null, "addr:city": null, "addr:housenumber": "14", "addr:place": "Владимировка", "addr:postcode": null, "addr:street": null, "alt_name": null, "amenity": null, "building": "yes", "building:levels": null, "cuisine": null, "denomination": null, "government": null, "historic": null, "inscription": null, "layer": null, "memorial": null, "name": null, "name:en": null, "name:ru": null, "office": null, "opening_hours": null, "operator": null, "phone": null, "power": null, "ref:sobory.ru": null, "ref:temples.ru": null, "religion": null, "roof:shape": null, "shop": null, "source:addr": "ЕГРН", "source:housenumber": null, "start_date": null, "tomb": null, "tourism": null, "type": null, "was:amenity": null, "website": null, "wikidata": null, "wikipedia": null, "is_living": false}, "geometry": {"type": "Polygon", "coordinates": [[[35.5475064, 56.4432201], [35.5475039, 56.4429991], [35.5480618, 56.4429971], [35.5480644, 56.4432253], [35.5478549, 56.443226], [35.5478555, 56.4432795], [35.5477093, 56.4432801], [35.5477087, 56.4432194], [35.5475064, 56.4432201]]]}}, {"type": "Feature", "properties": {"id": "way/606793678", "@id": "way/606793678", "abandoned": "yes", "addr:city": null, "addr:housenumber": null, "addr:place": null, "addr:postcode": null, "addr:street": null, "alt_name": null, "amenity": null, "building": "church", "building:levels": null, "cuisine": null, "denomination": "russian_orthodox", "government": null, "historic": "church", "inscription": null, "layer": null, "memorial": null, "name": "Церковь Троицы Живоначальной", "name:en": null, "name:ru": "Церковь Троицы Живоначальной", "office": null, "opening_hours": null, "operator": null, "phone": null, "power": null, "ref:sobory.ru": "07206", "ref:temples.ru": "1644", "religion": "christian", "roof:shape": null, "shop": null, "source:addr": null, "source:housenumber": null, "start_date": "1803", "tomb": null, "tourism": null, "type": null, "was:amenity": "place_of_worship", "website": null, "wikidata": null, "wikipedia": null, "is_living": false}, "geometry": {"type": "Polygon", "coordinates": [[[35.5325224, 56.2905589], [35.5324984, 56.290589], [35.5321938, 56.2905141], [35.53234, 56.290331], [35.5326446, 56.2904059], [35.5326106, 56.2904485], [35.5327986, 56.2904947], [35.5327104, 56.2906052], [35.5325224, 56.2905589]]]}}, {"type": "Feature", "properties": {"id": "way/609564690", "@id": "way/609564690", "abandoned": null, "addr:city": null, "addr:housenumber": null, "addr:place": null, "addr:postcode": null, "addr:street": null, "alt_name": null, "amenity": null, "building": "yes", "building:levels": null, "cuisine": null, "denomination": null, "government": null, "historic": null, "inscription": null, "layer": null, "memorial": null, "name": null, "name:en": null, "name:ru": null, "office": null, "opening_hours": null, "operator": null, "phone": null, "power": null, "ref:sobory.ru": null, "ref:temples.ru": null, "religion": null, "roof:shape": null, "shop": null, "source:addr": null, "source:housenumber": null, "start_date": null, "tomb": null, "tourism": null, "type": null, "was:amenity": null, "website": null, "wikidata": null, "wikipedia": null, "is_living": false}, "geometry": {"type": "Polygon", "coordinates": [[[35.9015271, 56.2609501], [35.9017643, 56.2609261], [35.9018578, 56.2612107], [35.9016206, 56.2612347], [35.9015271, 56.2609501]]]}}, {"type": "Feature", "properties": {"id": "way/609564691", "@id": "way/609564691", "abandoned": null, "addr:city": null, "addr:housenumber": null, "addr:place": null, "addr:postcode": null, "addr:street": null, "alt_name": null, "amenity": null, "building": "yes", "building:levels": null, "cuisine": null, "denomination": null, "government": null, "historic": null, "inscription": null, "layer": null, "memorial": null, "name": null, "name:en": null, "name:ru": null, "office": null, "opening_hours": null, "operator": null, "phone": null, "power": null, "ref:sobory.ru": null, "ref:temples.ru": null, "religion": null, "roof:shape": null, "shop": null, "source:addr": null, "source:housenumber": null, "start_date": null, "tomb": null, "tourism": null, "type": null, "was:amenity": null, "website": null, "wikidata": null, "wikipedia": null, "is_living": false}, "geometry": {"type": "Polygon", "coordinates": [[[35.902454, 56.2611503], [35.9023605, 56.2608657], [35.9026016, 56.2608412], [35.9026951, 56.2611258], [35.902454, 56.2611503]]]}}, {"type": "Feature", "properties": {"id": "way/609564692", "@id": "way/609564692", "abandoned": null, "addr:city": null, "addr:housenumber": "109", "addr:place": "Ошейкино", "addr:postcode": null, "addr:street": null, "alt_name": null, "amenity": "school", "building": "yes", "building:levels": null, "cuisine": null, "denomination": null, "government": null, "historic": null, "inscription": null, "layer": null, "memorial": null, "name": null, "name:en": null, "name:ru": null, "office": null, "opening_hours": null, "operator": null, "phone": null, "power": null, "ref:sobory.ru": null, "ref:temples.ru": null, "religion": null, "roof:shape": null, "shop": null, "source:addr": "ЕГРН", "source:housenumber": null, "start_date": null, "tomb": null, "tourism": null, "type": null, "was:amenity": null, "website": null, "wikidata": null, "wikipedia": null, "is_living": false}, "geometry": {"type": "Polygon", "coordinates": [[[35.9014857, 56.260824], [35.9026176, 56.2607093], [35.902659, 56.2608354], [35.9026016, 56.2608412], [35.9023605, 56.2608657], [35.9017643, 56.2609261], [35.9015271, 56.2609501], [35.9014857, 56.260824]]]}}, {"type": "Feature", "properties": {"id": "way/614482660", "@id": "way/614482660", "abandoned": null, "addr:city": null, "addr:housenumber": null, "addr:place": null, "addr:postcode": null, "addr:street": null, "alt_name": null, "amenity": null, "building": "yes", "building:levels": null, "cuisine": null, "denomination": null, "government": null, "historic": null, "inscription": null, "layer": null, "memorial": null, "name": null, "name:en": null, "name:ru": null, "office": null, "opening_hours": null, "operator": null, "phone": null, "power": null, "ref:sobory.ru": null, "ref:temples.ru": null, "religion": null, "roof:shape": null, "shop": null, "source:addr": null, "source:housenumber": null, "start_date": null, "tomb": null, "tourism": null, "type": null, "was:amenity": null, "website": null, "wikidata": null, "wikipedia": null, "is_living": false}, "geometry": {"type": "Polygon", "coordinates": [[[35.4367506, 56.2213972], [35.4365679, 56.2212354], [35.4369683, 56.2210957], [35.4367582, 56.2209096], [35.4369473, 56.2208436], [35.4371459, 56.2210195], [35.4376323, 56.2208497], [35.4378265, 56.2210218], [35.4367506, 56.2213972]]]}}, {"type": "Feature", "properties": {"id": "way/614658329", "@id": "way/614658329", "abandoned": null, "addr:city": null, "addr:housenumber": null, "addr:place": null, "addr:postcode": null, "addr:street": null, "alt_name": null, "amenity": null, "building": "yes", "building:levels": null, "cuisine": null, "denomination": null, "government": null, "historic": null, "inscription": null, "layer": null, "memorial": null, "name": null, "name:en": null, "name:ru": null, "office": null, "opening_hours": null, "operator": null, "phone": null, "power": null, "ref:sobory.ru": null, "ref:temples.ru": null, "religion": null, "roof:shape": null, "shop": null, "source:addr": null, "source:housenumber": null, "start_date": null, "tomb": null, "tourism": null, "type": null, "was:amenity": null, "website": null, "wikidata": null, "wikipedia": null, "is_living": false}, "geometry": {"type": "Polygon", "coordinates": [[[35.453398, 56.2235938], [35.4531457, 56.2234945], [35.4532269, 56.2234307], [35.4534792, 56.22353], [35.453398, 56.2235938]]]}}, {"type": "Feature", "properties": {"id": "way/614658342", "@id": "way/614658342", "abandoned": null, "addr:city": null, "addr:housenumber": null, "addr:place": null, "addr:postcode": null, "addr:street": null, "alt_name": null, "amenity": null, "building": "greenhouse", "building:levels": null, "cuisine": null, "denomination": null, "government": null, "historic": null, "inscription": null, "layer": null, "memorial": null, "name": null, "name:en": null, "name:ru": null, "office": null, "opening_hours": null, "operator": null, "phone": null, "power": null, "ref:sobory.ru": null, "ref:temples.ru": null, "religion": null, "roof:shape": null, "shop": null, "source:addr": null, "source:housenumber": null, "start_date": null, "tomb": null, "tourism": null, "type": null, "was:amenity": null, "website": null, "wikidata": null, "wikipedia": null, "is_living": false}, "geometry": {"type": "Polygon", "coordinates": [[[35.4453131, 56.2217634], [35.4451899, 56.2217585], [35.4452348, 56.2214065], [35.445358, 56.2214113], [35.4453131, 56.2217634]]]}}, {"type": "Feature", "properties": {"id": "way/614658346", "@id": "way/614658346", "abandoned": null, "addr:city": null, "addr:housenumber": null, "addr:place": null, "addr:postcode": null, "addr:street": null, "alt_name": null, "amenity": null, "building": "greenhouse", "building:levels": null, "cuisine": null, "denomination": null, "government": null, "historic": null, "inscription": null, "layer": null, "memorial": null, "name": null, "name:en": null, "name:ru": null, "office": null, "opening_hours": null, "operator": null, "phone": null, "power": null, "ref:sobory.ru": null, "ref:temples.ru": null, "religion": null, "roof:shape": null, "shop": null, "source:addr": null, "source:housenumber": null, "start_date": null, "tomb": null, "tourism": null, "type": null, "was:amenity": null, "website": null, "wikidata": null, "wikipedia": null, "is_living": false}, "geometry": {"type": "Polygon", "coordinates": [[[35.4451715, 56.2214932], [35.4450617, 56.2214898], [35.4450731, 56.2213758], [35.4451829, 56.2213792], [35.4451715, 56.2214932]]]}}, {"type": "Feature", "properties": {"id": "way/614660471", "@id": "way/614660471", "abandoned": null, "addr:city": null, "addr:housenumber": null, "addr:place": null, "addr:postcode": null, "addr:street": null, "alt_name": null, "amenity": null, "building": "yes", "building:levels": null, "cuisine": null, "denomination": null, "government": null, "historic": null, "inscription": null, "layer": null, "memorial": null, "name": null, "name:en": null, "name:ru": null, "office": null, "opening_hours": null, "operator": null, "phone": null, "power": null, "ref:sobory.ru": null, "ref:temples.ru": null, "religion": null, "roof:shape": null, "shop": null, "source:addr": null, "source:housenumber": null, "start_date": null, "tomb": null, "tourism": null, "type": null, "was:amenity": null, "website": null, "wikidata": null, "wikipedia": null, "is_living": false}, "geometry": {"type": "Polygon", "coordinates": [[[35.473566, 56.226756], [35.4739406, 56.226122], [35.4742898, 56.2261857], [35.474119, 56.2264747], [35.4744778, 56.2265402], [35.4746431, 56.2262604], [35.4749927, 56.2263242], [35.4746179, 56.2269586], [35.4742812, 56.2268971], [35.4744287, 56.2266473], [35.4740411, 56.2265766], [35.4738991, 56.2268168], [35.473566, 56.226756]]]}}, {"type": "Feature", "properties": {"id": "way/614660473", "@id": "way/614660473", "abandoned": null, "addr:city": null, "addr:housenumber": null, "addr:place": null, "addr:postcode": null, "addr:street": null, "alt_name": null, "amenity": null, "building": "yes", "building:levels": null, "cuisine": null, "denomination": null, "government": null, "historic": null, "inscription": null, "layer": null, "memorial": null, "name": null, "name:en": null, "name:ru": null, "office": null, "opening_hours": null, "operator": null, "phone": null, "power": null, "ref:sobory.ru": null, "ref:temples.ru": null, "religion": null, "roof:shape": null, "shop": null, "source:addr": null, "source:housenumber": null, "start_date": null, "tomb": null, "tourism": null, "type": null, "was:amenity": null, "website": null, "wikidata": null, "wikipedia": null, "is_living": false}, "geometry": {"type": "Polygon", "coordinates": [[[35.4716583, 56.2261712], [35.4713483, 56.2261075], [35.4716775, 56.2256126], [35.4719875, 56.2256763], [35.4716583, 56.2261712]]]}}, {"type": "Feature", "properties": {"id": "way/614660478", "@id": "way/614660478", "abandoned": null, "addr:city": null, "addr:housenumber": null, "addr:place": null, "addr:postcode": null, "addr:street": null, "alt_name": null, "amenity": null, "building": "yes", "building:levels": null, "cuisine": null, "denomination": null, "government": null, "historic": null, "inscription": null, "layer": null, "memorial": null, "name": null, "name:en": null, "name:ru": null, "office": null, "opening_hours": null, "operator": null, "phone": null, "power": null, "ref:sobory.ru": null, "ref:temples.ru": null, "religion": null, "roof:shape": null, "shop": null, "source:addr": null, "source:housenumber": null, "start_date": null, "tomb": null, "tourism": null, "type": null, "was:amenity": null, "website": null, "wikidata": null, "wikipedia": null, "is_living": false}, "geometry": {"type": "Polygon", "coordinates": [[[35.4745751, 56.2276099], [35.4740108, 56.227521], [35.4740884, 56.2273688], [35.4746527, 56.2274576], [35.4745751, 56.2276099]]]}}, {"type": "Feature", "properties": {"id": "way/614673545", "@id": "way/614673545", "abandoned": null, "addr:city": null, "addr:housenumber": null, "addr:place": null, "addr:postcode": null, "addr:street": null, "alt_name": null, "amenity": null, "building": "yes", "building:levels": null, "cuisine": null, "denomination": null, "government": null, "historic": null, "inscription": null, "layer": null, "memorial": null, "name": null, "name:en": null, "name:ru": null, "office": null, "opening_hours": null, "operator": null, "phone": null, "power": null, "ref:sobory.ru": null, "ref:temples.ru": null, "religion": null, "roof:shape": null, "shop": null, "source:addr": null, "source:housenumber": null, "start_date": null, "tomb": null, "tourism": null, "type": null, "was:amenity": null, "website": null, "wikidata": null, "wikipedia": null, "is_living": false}, "geometry": {"type": "Polygon", "coordinates": [[[35.51005, 56.2438523], [35.5102314, 56.2437244], [35.5108982, 56.2440162], [35.5107169, 56.2441442], [35.51005, 56.2438523]]]}}, {"type": "Feature", "properties": {"id": "way/614673549", "@id": "way/614673549", "abandoned": null, "addr:city": null, "addr:housenumber": null, "addr:place": null, "addr:postcode": null, "addr:street": null, "alt_name": null, "amenity": null, "building": "yes", "building:levels": null, "cuisine": null, "denomination": null, "government": null, "historic": null, "inscription": null, "layer": null, "memorial": null, "name": null, "name:en": null, "name:ru": null, "office": null, "opening_hours": null, "operator": null, "phone": null, "power": null, "ref:sobory.ru": null, "ref:temples.ru": null, "religion": null, "roof:shape": null, "shop": null, "source:addr": null, "source:housenumber": null, "start_date": null, "tomb": null, "tourism": null, "type": null, "was:amenity": null, "website": null, "wikidata": null, "wikipedia": null, "is_living": false}, "geometry": {"type": "Polygon", "coordinates": [[[35.5077363, 56.2437861], [35.5077839, 56.2437478], [35.5078665, 56.2437795], [35.5078189, 56.2438178], [35.5077363, 56.2437861]]]}}, {"type": "Feature", "properties": {"id": "way/614673550", "@id": "way/614673550", "abandoned": null, "addr:city": null, "addr:housenumber": null, "addr:place": null, "addr:postcode": null, "addr:street": null, "alt_name": null, "amenity": null, "building": "yes", "building:levels": null, "cuisine": null, "denomination": null, "government": null, "historic": null, "inscription": null, "layer": null, "memorial": null, "name": null, "name:en": null, "name:ru": null, "office": null, "opening_hours": null, "operator": null, "phone": null, "power": null, "ref:sobory.ru": null, "ref:temples.ru": null, "religion": null, "roof:shape": null, "shop": null, "source:addr": null, "source:housenumber": null, "start_date": null, "tomb": null, "tourism": null, "type": null, "was:amenity": null, "website": null, "wikidata": null, "wikipedia": null, "is_living": false}, "geometry": {"type": "Polygon", "coordinates": [[[35.5090209, 56.2438795], [35.5089246, 56.2438412], [35.5089831, 56.2437957], [35.5090794, 56.2438339], [35.5090209, 56.2438795]]]}}, {"type": "Feature", "properties": {"id": "way/614673555", "@id": "way/614673555", "abandoned": null, "addr:city": null, "addr:housenumber": null, "addr:place": null, "addr:postcode": null, "addr:street": null, "alt_name": null, "amenity": null, "building": "yes", "building:levels": null, "cuisine": null, "denomination": null, "government": null, "historic": null, "inscription": null, "layer": null, "memorial": null, "name": null, "name:en": null, "name:ru": null, "office": null, "opening_hours": null, "operator": null, "phone": null, "power": null, "ref:sobory.ru": null, "ref:temples.ru": null, "religion": null, "roof:shape": null, "shop": null, "source:addr": null, "source:housenumber": null, "start_date": null, "tomb": null, "tourism": null, "type": null, "was:amenity": null, "website": null, "wikidata": null, "wikipedia": null, "is_living": false}, "geometry": {"type": "Polygon", "coordinates": [[[35.509226, 56.2428649], [35.5082995, 56.2424803], [35.5085227, 56.2423143], [35.5088976, 56.2424699], [35.5091083, 56.2423132], [35.5087312, 56.2421567], [35.5089397, 56.2420016], [35.509858, 56.2423828], [35.5096528, 56.2425354], [35.5092788, 56.2423801], [35.5090562, 56.2425456], [35.5094407, 56.2427052], [35.509226, 56.2428649]]]}}, {"type": "Feature", "properties": {"id": "way/614673559", "@id": "way/614673559", "abandoned": null, "addr:city": null, "addr:housenumber": null, "addr:place": null, "addr:postcode": null, "addr:street": null, "alt_name": null, "amenity": null, "building": "yes", "building:levels": null, "cuisine": null, "denomination": null, "government": null, "historic": null, "inscription": null, "layer": null, "memorial": null, "name": null, "name:en": null, "name:ru": null, "office": null, "opening_hours": null, "operator": null, "phone": null, "power": null, "ref:sobory.ru": null, "ref:temples.ru": null, "religion": null, "roof:shape": null, "shop": null, "source:addr": null, "source:housenumber": null, "start_date": null, "tomb": null, "tourism": null, "type": null, "was:amenity": null, "website": null, "wikidata": null, "wikipedia": null, "is_living": false}, "geometry": {"type": "Polygon", "coordinates": [[[35.5069657, 56.2420035], [35.5067293, 56.2419061], [35.5070689, 56.2416515], [35.5073053, 56.2417489], [35.5069657, 56.2420035]]]}}, {"type": "Feature", "properties": {"id": "way/614673560", "@id": "way/614673560", "abandoned": null, "addr:city": null, "addr:housenumber": null, "addr:place": null, "addr:postcode": null, "addr:street": null, "alt_name": null, "amenity": null, "building": "yes", "building:levels": null, "cuisine": null, "denomination": null, "government": null, "historic": null, "inscription": null, "layer": null, "memorial": null, "name": null, "name:en": null, "name:ru": null, "office": null, "opening_hours": null, "operator": null, "phone": null, "power": null, "ref:sobory.ru": null, "ref:temples.ru": null, "religion": null, "roof:shape": null, "shop": null, "source:addr": null, "source:housenumber": null, "start_date": null, "tomb": null, "tourism": null, "type": null, "was:amenity": null, "website": null, "wikidata": null, "wikipedia": null, "is_living": false}, "geometry": {"type": "Polygon", "coordinates": [[[35.5102581, 56.2421876], [35.5092677, 56.2417621], [35.5094979, 56.2415966], [35.5099302, 56.2417823], [35.5102236, 56.2415714], [35.5097647, 56.2413743], [35.509984, 56.2412167], [35.5109683, 56.2416395], [35.5107455, 56.2417997], [35.5103907, 56.2416473], [35.5101012, 56.2418555], [35.5104886, 56.2420219], [35.5102581, 56.2421876]]]}}, {"type": "Feature", "properties": {"id": "way/614687705", "@id": "way/614687705", "abandoned": null, "addr:city": null, "addr:housenumber": null, "addr:place": null, "addr:postcode": null, "addr:street": null, "alt_name": null, "amenity": null, "building": "yes", "building:levels": null, "cuisine": null, "denomination": null, "government": null, "historic": null, "inscription": null, "layer": null, "memorial": null, "name": null, "name:en": null, "name:ru": null, "office": null, "opening_hours": null, "operator": null, "phone": null, "power": null, "ref:sobory.ru": null, "ref:temples.ru": null, "religion": null, "roof:shape": null, "shop": null, "source:addr": null, "source:housenumber": null, "start_date": null, "tomb": null, "tourism": null, "type": null, "was:amenity": null, "website": null, "wikidata": null, "wikipedia": null, "is_living": false}, "geometry": {"type": "Polygon", "coordinates": [[[35.4988459, 56.2478182], [35.4987245, 56.2477866], [35.4990275, 56.2474265], [35.4991489, 56.2474581], [35.4988459, 56.2478182]]]}}, {"type": "Feature", "properties": {"id": "way/614687708", "@id": "way/614687708", "abandoned": null, "addr:city": null, "addr:housenumber": null, "addr:place": null, "addr:postcode": null, "addr:street": null, "alt_name": null, "amenity": null, "building": "yes", "building:levels": null, "cuisine": null, "denomination": null, "government": null, "historic": null, "inscription": null, "layer": null, "memorial": null, "name": null, "name:en": null, "name:ru": null, "office": null, "opening_hours": null, "operator": null, "phone": null, "power": null, "ref:sobory.ru": null, "ref:temples.ru": null, "religion": null, "roof:shape": null, "shop": null, "source:addr": null, "source:housenumber": null, "start_date": null, "tomb": null, "tourism": null, "type": null, "was:amenity": null, "website": null, "wikidata": null, "wikipedia": null, "is_living": false}, "geometry": {"type": "Polygon", "coordinates": [[[35.5003284, 56.2478962], [35.4996219, 56.2477233], [35.4997076, 56.2476152], [35.5004142, 56.2477881], [35.5003284, 56.2478962]]]}}, {"type": "Feature", "properties": {"id": "way/614687710", "@id": "way/614687710", "abandoned": null, "addr:city": null, "addr:housenumber": null, "addr:place": null, "addr:postcode": null, "addr:street": null, "alt_name": null, "amenity": null, "building": "yes", "building:levels": null, "cuisine": null, "denomination": null, "government": null, "historic": null, "inscription": null, "layer": null, "memorial": null, "name": null, "name:en": null, "name:ru": null, "office": null, "opening_hours": null, "operator": null, "phone": null, "power": null, "ref:sobory.ru": null, "ref:temples.ru": null, "religion": null, "roof:shape": null, "shop": null, "source:addr": null, "source:housenumber": null, "start_date": null, "tomb": null, "tourism": null, "type": null, "was:amenity": null, "website": null, "wikidata": null, "wikipedia": null, "is_living": false}, "geometry": {"type": "Polygon", "coordinates": [[[35.5016319, 56.2482411], [35.5013561, 56.248174], [35.5014778, 56.2480196], [35.5017537, 56.2480868], [35.5016319, 56.2482411]]]}}, {"type": "Feature", "properties": {"id": "way/614687713", "@id": "way/614687713", "abandoned": null, "addr:city": null, "addr:housenumber": null, "addr:place": null, "addr:postcode": null, "addr:street": null, "alt_name": null, "amenity": null, "building": "yes", "building:levels": null, "cuisine": null, "denomination": null, "government": null, "historic": null, "inscription": null, "layer": null, "memorial": null, "name": null, "name:en": null, "name:ru": null, "office": null, "opening_hours": null, "operator": null, "phone": null, "power": null, "ref:sobory.ru": null, "ref:temples.ru": null, "religion": null, "roof:shape": null, "shop": null, "source:addr": null, "source:housenumber": null, "start_date": null, "tomb": null, "tourism": null, "type": null, "was:amenity": null, "website": null, "wikidata": null, "wikipedia": null, "is_living": false}, "geometry": {"type": "Polygon", "coordinates": [[[35.5020319, 56.2480308], [35.5011573, 56.2478036], [35.50125, 56.2476935], [35.5021245, 56.2479206], [35.5020319, 56.2480308]]]}}, {"type": "Feature", "properties": {"id": "way/614687714", "@id": "way/614687714", "abandoned": null, "addr:city": null, "addr:housenumber": null, "addr:place": null, "addr:postcode": null, "addr:street": null, "alt_name": null, "amenity": null, "building": "yes", "building:levels": null, "cuisine": null, "denomination": null, "government": null, "historic": null, "inscription": null, "layer": null, "memorial": null, "name": null, "name:en": null, "name:ru": null, "office": null, "opening_hours": null, "operator": null, "phone": null, "power": null, "ref:sobory.ru": null, "ref:temples.ru": null, "religion": null, "roof:shape": null, "shop": null, "source:addr": null, "source:housenumber": null, "start_date": null, "tomb": null, "tourism": null, "type": null, "was:amenity": null, "website": null, "wikidata": null, "wikipedia": null, "is_living": false}, "geometry": {"type": "Polygon", "coordinates": [[[35.5006184, 56.2475665], [35.5002738, 56.2474866], [35.5003259, 56.2474173], [35.5006704, 56.2474971], [35.5006184, 56.2475665]]]}}, {"type": "Feature", "properties": {"id": "way/614687717", "@id": "way/614687717", "abandoned": null, "addr:city": null, "addr:housenumber": null, "addr:place": null, "addr:postcode": null, "addr:street": null, "alt_name": null, "amenity": null, "building": "yes", "building:levels": null, "cuisine": null, "denomination": null, "government": null, "historic": null, "inscription": null, "layer": null, "memorial": null, "name": null, "name:en": null, "name:ru": null, "office": null, "opening_hours": null, "operator": null, "phone": null, "power": null, "ref:sobory.ru": null, "ref:temples.ru": null, "religion": null, "roof:shape": null, "shop": null, "source:addr": null, "source:housenumber": null, "start_date": null, "tomb": null, "tourism": null, "type": null, "was:amenity": null, "website": null, "wikidata": null, "wikipedia": null, "is_living": false}, "geometry": {"type": "Polygon", "coordinates": [[[35.5011088, 56.248694], [35.5003787, 56.2485157], [35.5004528, 56.248422], [35.5010802, 56.2485752], [35.5010634, 56.2485964], [35.5011661, 56.2486215], [35.5011088, 56.248694]]]}}, {"type": "Feature", "properties": {"id": "way/614701469", "@id": "way/614701469", "abandoned": null, "addr:city": null, "addr:housenumber": "38", "addr:place": null, "addr:postcode": null, "addr:street": "Центральная улица", "alt_name": null, "amenity": null, "building": "yes", "building:levels": null, "cuisine": null, "denomination": null, "government": null, "historic": null, "inscription": null, "layer": null, "memorial": null, "name": null, "name:en": null, "name:ru": null, "office": null, "opening_hours": null, "operator": null, "phone": null, "power": null, "ref:sobory.ru": null, "ref:temples.ru": null, "religion": null, "roof:shape": null, "shop": null, "source:addr": "ЕГРН", "source:housenumber": null, "start_date": null, "tomb": null, "tourism": null, "type": null, "was:amenity": null, "website": null, "wikidata": null, "wikipedia": null, "is_living": false}, "geometry": {"type": "Polygon", "coordinates": [[[35.5008318, 56.2454584], [35.5005386, 56.245385], [35.5006305, 56.2452716], [35.5009237, 56.2453449], [35.5008318, 56.2454584]]]}}, {"type": "Feature", "properties": {"id": "way/614701471", "@id": "way/614701471", "abandoned": null, "addr:city": null, "addr:housenumber": "40", "addr:place": null, "addr:postcode": null, "addr:street": "Центральная улица", "alt_name": null, "amenity": null, "building": "yes", "building:levels": null, "cuisine": null, "denomination": null, "government": null, "historic": null, "inscription": null, "layer": null, "memorial": null, "name": null, "name:en": null, "name:ru": null, "office": null, "opening_hours": null, "operator": null, "phone": null, "power": null, "ref:sobory.ru": null, "ref:temples.ru": null, "religion": null, "roof:shape": null, "shop": null, "source:addr": "ЕГРН", "source:housenumber": null, "start_date": null, "tomb": null, "tourism": null, "type": null, "was:amenity": null, "website": null, "wikidata": null, "wikipedia": null, "is_living": false}, "geometry": {"type": "Polygon", "coordinates": [[[35.5003608, 56.245288], [35.5002132, 56.2452503], [35.5002593, 56.2451946], [35.5004069, 56.2452322], [35.5003608, 56.245288]]]}}, {"type": "Feature", "properties": {"id": "way/615087109", "@id": "way/615087109", "abandoned": null, "addr:city": null, "addr:housenumber": null, "addr:place": null, "addr:postcode": null, "addr:street": null, "alt_name": null, "amenity": null, "building": "yes", "building:levels": null, "cuisine": null, "denomination": null, "government": null, "historic": null, "inscription": null, "layer": null, "memorial": null, "name": null, "name:en": null, "name:ru": null, "office": null, "opening_hours": null, "operator": null, "phone": null, "power": null, "ref:sobory.ru": null, "ref:temples.ru": null, "religion": null, "roof:shape": null, "shop": null, "source:addr": null, "source:housenumber": null, "start_date": null, "tomb": null, "tourism": null, "type": null, "was:amenity": null, "website": null, "wikidata": null, "wikipedia": null, "is_living": false}, "geometry": {"type": "Polygon", "coordinates": [[[35.5138112, 56.2657496], [35.5136751, 56.2657079], [35.5137287, 56.265654], [35.5138648, 56.2656957], [35.5138112, 56.2657496]]]}}, {"type": "Feature", "properties": {"id": "way/615087124", "@id": "way/615087124", "abandoned": null, "addr:city": null, "addr:housenumber": null, "addr:place": null, "addr:postcode": null, "addr:street": null, "alt_name": null, "amenity": null, "building": "yes", "building:levels": null, "cuisine": null, "denomination": null, "government": null, "historic": null, "inscription": null, "layer": null, "memorial": null, "name": null, "name:en": null, "name:ru": null, "office": null, "opening_hours": null, "operator": null, "phone": null, "power": null, "ref:sobory.ru": null, "ref:temples.ru": null, "religion": null, "roof:shape": null, "shop": null, "source:addr": null, "source:housenumber": null, "start_date": null, "tomb": null, "tourism": null, "type": null, "was:amenity": null, "website": null, "wikidata": null, "wikipedia": null, "is_living": false}, "geometry": {"type": "Polygon", "coordinates": [[[35.5136885, 56.265965], [35.5136024, 56.2659399], [35.5136846, 56.2658529], [35.5137707, 56.265878], [35.5136885, 56.265965]]]}}, {"type": "Feature", "properties": {"id": "way/615087135", "@id": "way/615087135", "abandoned": null, "addr:city": null, "addr:housenumber": "1", "addr:place": "Харпай", "addr:postcode": null, "addr:street": null, "alt_name": null, "amenity": null, "building": "yes", "building:levels": null, "cuisine": null, "denomination": null, "government": null, "historic": null, "inscription": null, "layer": null, "memorial": null, "name": null, "name:en": null, "name:ru": null, "office": null, "opening_hours": null, "operator": null, "phone": null, "power": null, "ref:sobory.ru": null, "ref:temples.ru": null, "religion": null, "roof:shape": null, "shop": null, "source:addr": null, "source:housenumber": null, "start_date": null, "tomb": null, "tourism": null, "type": null, "was:amenity": null, "website": null, "wikidata": null, "wikipedia": null, "is_living": false}, "geometry": {"type": "Polygon", "coordinates": [[[35.5136417, 56.2661503], [35.5134833, 56.2660922], [35.5135717, 56.2660179], [35.5137301, 56.266076], [35.5136417, 56.2661503]]]}}, {"type": "Feature", "properties": {"id": "way/615097629", "@id": "way/615097629", "abandoned": null, "addr:city": null, "addr:housenumber": null, "addr:place": null, "addr:postcode": null, "addr:street": null, "alt_name": null, "amenity": null, "building": "yes", "building:levels": null, "cuisine": null, "denomination": null, "government": null, "historic": null, "inscription": null, "layer": null, "memorial": null, "name": null, "name:en": null, "name:ru": null, "office": null, "opening_hours": null, "operator": null, "phone": null, "power": null, "ref:sobory.ru": null, "ref:temples.ru": null, "religion": null, "roof:shape": null, "shop": null, "source:addr": null, "source:housenumber": null, "start_date": null, "tomb": null, "tourism": null, "type": null, "was:amenity": null, "website": null, "wikidata": null, "wikipedia": null, "is_living": false}, "geometry": {"type": "Polygon", "coordinates": [[[35.5457991, 56.2861851], [35.545657, 56.2860016], [35.5468271, 56.2857224], [35.5469692, 56.2859059], [35.5457991, 56.2861851]]]}}, {"type": "Feature", "properties": {"id": "way/615097631", "@id": "way/615097631", "abandoned": null, "addr:city": null, "addr:housenumber": null, "addr:place": null, "addr:postcode": null, "addr:street": null, "alt_name": null, "amenity": null, "building": "yes", "building:levels": null, "cuisine": null, "denomination": null, "government": null, "historic": null, "inscription": null, "layer": null, "memorial": null, "name": null, "name:en": null, "name:ru": null, "office": null, "opening_hours": null, "operator": null, "phone": null, "power": null, "ref:sobory.ru": null, "ref:temples.ru": null, "religion": null, "roof:shape": null, "shop": null, "source:addr": null, "source:housenumber": null, "start_date": null, "tomb": null, "tourism": null, "type": null, "was:amenity": null, "website": null, "wikidata": null, "wikipedia": null, "is_living": false}, "geometry": {"type": "Polygon", "coordinates": [[[35.5440524, 56.2866727], [35.5439118, 56.2864966], [35.5444238, 56.2863707], [35.5442665, 56.2861736], [35.5437651, 56.286297], [35.5436245, 56.2861209], [35.5447713, 56.2858388], [35.5449089, 56.286011], [35.5444034, 56.2861354], [35.5445566, 56.2863272], [35.5450836, 56.2861976], [35.5452314, 56.2863827], [35.5440524, 56.2866727]]]}}, {"type": "Feature", "properties": {"id": "way/615097633", "@id": "way/615097633", "abandoned": null, "addr:city": null, "addr:housenumber": null, "addr:place": null, "addr:postcode": null, "addr:street": null, "alt_name": null, "amenity": null, "building": "yes", "building:levels": null, "cuisine": null, "denomination": null, "government": null, "historic": null, "inscription": null, "layer": null, "memorial": null, "name": null, "name:en": null, "name:ru": null, "office": null, "opening_hours": null, "operator": null, "phone": null, "power": null, "ref:sobory.ru": null, "ref:temples.ru": null, "religion": null, "roof:shape": null, "shop": null, "source:addr": null, "source:housenumber": null, "start_date": null, "tomb": null, "tourism": null, "type": null, "was:amenity": null, "website": null, "wikidata": null, "wikipedia": null, "is_living": false}, "geometry": {"type": "Polygon", "coordinates": [[[35.5413002, 56.2885278], [35.541458, 56.2884495], [35.5418575, 56.2886972], [35.5416997, 56.2887755], [35.5413002, 56.2885278]]]}}, {"type": "Feature", "properties": {"id": "way/615097635", "@id": "way/615097635", "abandoned": null, "addr:city": null, "addr:housenumber": null, "addr:place": null, "addr:postcode": null, "addr:street": null, "alt_name": null, "amenity": null, "building": "yes", "building:levels": null, "cuisine": null, "denomination": null, "government": null, "historic": null, "inscription": null, "layer": null, "memorial": null, "name": null, "name:en": null, "name:ru": null, "office": null, "opening_hours": null, "operator": null, "phone": null, "power": null, "ref:sobory.ru": null, "ref:temples.ru": null, "religion": null, "roof:shape": null, "shop": null, "source:addr": null, "source:housenumber": null, "start_date": null, "tomb": null, "tourism": null, "type": null, "was:amenity": null, "website": null, "wikidata": null, "wikipedia": null, "is_living": false}, "geometry": {"type": "Polygon", "coordinates": [[[35.5443982, 56.2858341], [35.5442987, 56.2857305], [35.5448289, 56.2855737], [35.5449284, 56.2856773], [35.5443982, 56.2858341]]]}}, {"type": "Feature", "properties": {"id": "way/615097636", "@id": "way/615097636", "abandoned": null, "addr:city": null, "addr:housenumber": null, "addr:place": null, "addr:postcode": null, "addr:street": null, "alt_name": null, "amenity": null, "building": "yes", "building:levels": null, "cuisine": null, "denomination": null, "government": null, "historic": null, "inscription": null, "layer": null, "memorial": null, "name": null, "name:en": null, "name:ru": null, "office": null, "opening_hours": null, "operator": null, "phone": null, "power": null, "ref:sobory.ru": null, "ref:temples.ru": null, "religion": null, "roof:shape": null, "shop": null, "source:addr": null, "source:housenumber": null, "start_date": null, "tomb": null, "tourism": null, "type": null, "was:amenity": null, "website": null, "wikidata": null, "wikipedia": null, "is_living": false}, "geometry": {"type": "Polygon", "coordinates": [[[35.5399846, 56.2866315], [35.539893, 56.2865867], [35.5398109, 56.2866384], [35.5397369, 56.2866022], [35.5398052, 56.2865592], [35.5397318, 56.2865234], [35.5405587, 56.2860026], [35.5406241, 56.2860345], [35.5406985, 56.2859877], [35.5407936, 56.2860341], [35.5407221, 56.2860791], [35.5408006, 56.2861175], [35.5399846, 56.2866315]]]}}, {"type": "Feature", "properties": {"id": "way/615097638", "@id": "way/615097638", "abandoned": null, "addr:city": null, "addr:housenumber": null, "addr:place": null, "addr:postcode": null, "addr:street": null, "alt_name": null, "amenity": null, "building": "yes", "building:levels": null, "cuisine": null, "denomination": null, "government": null, "historic": null, "inscription": null, "layer": null, "memorial": null, "name": null, "name:en": null, "name:ru": null, "office": null, "opening_hours": null, "operator": null, "phone": null, "power": null, "ref:sobory.ru": null, "ref:temples.ru": null, "religion": null, "roof:shape": null, "shop": null, "source:addr": null, "source:housenumber": null, "start_date": null, "tomb": null, "tourism": null, "type": null, "was:amenity": null, "website": null, "wikidata": null, "wikipedia": null, "is_living": false}, "geometry": {"type": "Polygon", "coordinates": [[[35.5405946, 56.2870302], [35.5402993, 56.2868855], [35.5411906, 56.2863252], [35.5414859, 56.2864699], [35.5405946, 56.2870302]]]}}, {"type": "Feature", "properties": {"id": "way/615097641", "@id": "way/615097641", "abandoned": null, "addr:city": null, "addr:housenumber": null, "addr:place": null, "addr:postcode": null, "addr:street": null, "alt_name": null, "amenity": null, "building": "yes", "building:levels": null, "cuisine": null, "denomination": null, "government": null, "historic": null, "inscription": null, "layer": null, "memorial": null, "name": null, "name:en": null, "name:ru": null, "office": null, "opening_hours": null, "operator": null, "phone": null, "power": "substation", "ref:sobory.ru": null, "ref:temples.ru": null, "religion": null, "roof:shape": null, "shop": null, "source:addr": null, "source:housenumber": null, "start_date": null, "tomb": null, "tourism": null, "type": null, "was:amenity": null, "website": null, "wikidata": null, "wikipedia": null, "is_living": false}, "geometry": {"type": "Polygon", "coordinates": [[[35.5433518, 56.2864464], [35.5433041, 56.2863939], [35.5433872, 56.2863706], [35.5434349, 56.2864232], [35.5433518, 56.2864464]]]}}, {"type": "Feature", "properties": {"id": "way/615097642", "@id": "way/615097642", "abandoned": null, "addr:city": null, "addr:housenumber": null, "addr:place": null, "addr:postcode": null, "addr:street": null, "alt_name": null, "amenity": null, "building": "yes", "building:levels": null, "cuisine": null, "denomination": null, "government": null, "historic": null, "inscription": null, "layer": null, "memorial": null, "name": null, "name:en": null, "name:ru": null, "office": null, "opening_hours": null, "operator": null, "phone": null, "power": null, "ref:sobory.ru": null, "ref:temples.ru": null, "religion": null, "roof:shape": null, "shop": null, "source:addr": null, "source:housenumber": null, "start_date": null, "tomb": null, "tourism": null, "type": null, "was:amenity": null, "website": null, "wikidata": null, "wikipedia": null, "is_living": false}, "geometry": {"type": "Polygon", "coordinates": [[[35.5486672, 56.2860382], [35.547738, 56.2855425], [35.5479333, 56.2854297], [35.5490124, 56.2860055], [35.548882, 56.2860807], [35.5487321, 56.2860007], [35.5486672, 56.2860382]]]}}, {"type": "Feature", "properties": {"id": "way/615097643", "@id": "way/615097643", "abandoned": null, "addr:city": null, "addr:housenumber": null, "addr:place": null, "addr:postcode": null, "addr:street": null, "alt_name": null, "amenity": null, "building": "yes", "building:levels": null, "cuisine": null, "denomination": null, "government": null, "historic": null, "inscription": null, "layer": null, "memorial": null, "name": null, "name:en": null, "name:ru": null, "office": null, "opening_hours": null, "operator": null, "phone": null, "power": null, "ref:sobory.ru": null, "ref:temples.ru": null, "religion": null, "roof:shape": null, "shop": null, "source:addr": null, "source:housenumber": null, "start_date": null, "tomb": null, "tourism": null, "type": null, "was:amenity": null, "website": null, "wikidata": null, "wikipedia": null, "is_living": false}, "geometry": {"type": "Polygon", "coordinates": [[[35.545498, 56.286728], [35.5453991, 56.2866768], [35.5455647, 56.2865783], [35.5456636, 56.2866295], [35.545498, 56.286728]]]}}, {"type": "Feature", "properties": {"id": "way/615097645", "@id": "way/615097645", "abandoned": null, "addr:city": null, "addr:housenumber": null, "addr:place": null, "addr:postcode": null, "addr:street": null, "alt_name": null, "amenity": null, "building": "yes", "building:levels": null, "cuisine": null, "denomination": null, "government": null, "historic": null, "inscription": null, "layer": null, "memorial": null, "name": null, "name:en": null, "name:ru": null, "office": null, "opening_hours": null, "operator": null, "phone": null, "power": null, "ref:sobory.ru": null, "ref:temples.ru": null, "religion": null, "roof:shape": null, "shop": null, "source:addr": null, "source:housenumber": null, "start_date": null, "tomb": null, "tourism": null, "type": null, "was:amenity": null, "website": null, "wikidata": null, "wikipedia": null, "is_living": false}, "geometry": {"type": "Polygon", "coordinates": [[[35.5482897, 56.2862339], [35.5473861, 56.2857418], [35.5476113, 56.2856144], [35.5485149, 56.2861065], [35.5482897, 56.2862339]]]}}, {"type": "Feature", "properties": {"id": "way/615097648", "@id": "way/615097648", "abandoned": null, "addr:city": null, "addr:housenumber": null, "addr:place": null, "addr:postcode": null, "addr:street": null, "alt_name": null, "amenity": null, "building": "yes", "building:levels": null, "cuisine": null, "denomination": null, "government": null, "historic": null, "inscription": null, "layer": null, "memorial": null, "name": null, "name:en": null, "name:ru": null, "office": null, "opening_hours": null, "operator": null, "phone": null, "power": null, "ref:sobory.ru": null, "ref:temples.ru": null, "religion": null, "roof:shape": null, "shop": null, "source:addr": null, "source:housenumber": null, "start_date": null, "tomb": null, "tourism": null, "type": null, "was:amenity": null, "website": null, "wikidata": null, "wikipedia": null, "is_living": false}, "geometry": {"type": "Polygon", "coordinates": [[[35.5460265, 56.2864542], [35.5458874, 56.2862782], [35.5470466, 56.2859959], [35.5471857, 56.2861719], [35.5460265, 56.2864542]]]}}, {"type": "Feature", "properties": {"id": "way/615097651", "@id": "way/615097651", "abandoned": null, "addr:city": null, "addr:housenumber": null, "addr:place": null, "addr:postcode": null, "addr:street": null, "alt_name": null, "amenity": null, "building": "yes", "building:levels": null, "cuisine": null, "denomination": null, "government": null, "historic": null, "inscription": null, "layer": null, "memorial": null, "name": null, "name:en": null, "name:ru": null, "office": null, "opening_hours": null, "operator": null, "phone": null, "power": null, "ref:sobory.ru": null, "ref:temples.ru": null, "religion": null, "roof:shape": null, "shop": null, "source:addr": null, "source:housenumber": null, "start_date": null, "tomb": null, "tourism": null, "type": null, "was:amenity": null, "website": null, "wikidata": null, "wikipedia": null, "is_living": false}, "geometry": {"type": "Polygon", "coordinates": [[[35.5456618, 56.2859234], [35.5454641, 56.2856721], [35.5465401, 56.2854112], [35.5467379, 56.2856625], [35.5456618, 56.2859234]]]}}, {"type": "Feature", "properties": {"id": "way/615097652", "@id": "way/615097652", "abandoned": null, "addr:city": null, "addr:housenumber": null, "addr:place": null, "addr:postcode": null, "addr:street": null, "alt_name": null, "amenity": null, "building": "yes", "building:levels": null, "cuisine": null, "denomination": null, "government": null, "historic": null, "inscription": null, "layer": null, "memorial": null, "name": null, "name:en": null, "name:ru": null, "office": null, "opening_hours": null, "operator": null, "phone": null, "power": null, "ref:sobory.ru": null, "ref:temples.ru": null, "religion": null, "roof:shape": null, "shop": null, "source:addr": null, "source:housenumber": null, "start_date": null, "tomb": null, "tourism": null, "type": null, "was:amenity": null, "website": null, "wikidata": null, "wikipedia": null, "is_living": false}, "geometry": {"type": "Polygon", "coordinates": [[[35.5413739, 56.2873394], [35.5412941, 56.2872994], [35.5412303, 56.2873386], [35.5411489, 56.2872978], [35.541203, 56.2872645], [35.5411292, 56.2872275], [35.5420022, 56.286691], [35.5420797, 56.2867298], [35.5421247, 56.2867022], [35.5422032, 56.2867415], [35.5421561, 56.2867704], [35.5422353, 56.2868101], [35.5413739, 56.2873394]]]}}, {"type": "Feature", "properties": {"id": "way/615097654", "@id": "way/615097654", "abandoned": null, "addr:city": null, "addr:housenumber": null, "addr:place": null, "addr:postcode": null, "addr:street": null, "alt_name": null, "amenity": null, "building": "yes", "building:levels": null, "cuisine": null, "denomination": null, "government": null, "historic": null, "inscription": null, "layer": null, "memorial": null, "name": null, "name:en": null, "name:ru": null, "office": null, "opening_hours": null, "operator": null, "phone": null, "power": "substation", "ref:sobory.ru": null, "ref:temples.ru": null, "religion": null, "roof:shape": null, "shop": null, "source:addr": null, "source:housenumber": null, "start_date": null, "tomb": null, "tourism": null, "type": null, "was:amenity": null, "website": null, "wikidata": null, "wikipedia": null, "is_living": false}, "geometry": {"type": "Polygon", "coordinates": [[[35.5454215, 56.2864284], [35.5453766, 56.2863785], [35.5454527, 56.2863573], [35.5454977, 56.2864073], [35.5454215, 56.2864284]]]}}, {"type": "Feature", "properties": {"id": "way/615106374", "@id": "way/615106374", "abandoned": null, "addr:city": null, "addr:housenumber": "17", "addr:place": null, "addr:postcode": null, "addr:street": "Почтовая улица", "alt_name": null, "amenity": null, "building": "yes", "building:levels": null, "cuisine": null, "denomination": null, "government": null, "historic": null, "inscription": null, "layer": null, "memorial": null, "name": null, "name:en": null, "name:ru": null, "office": null, "opening_hours": null, "operator": null, "phone": null, "power": null, "ref:sobory.ru": null, "ref:temples.ru": null, "religion": null, "roof:shape": null, "shop": null, "source:addr": null, "source:housenumber": null, "start_date": null, "tomb": null, "tourism": null, "type": null, "was:amenity": null, "website": null, "wikidata": null, "wikipedia": null, "is_living": false}, "geometry": {"type": "Polygon", "coordinates": [[[35.5334417, 56.2917305], [35.533347, 56.2916987], [35.5334422, 56.2916116], [35.5335368, 56.2916435], [35.5334417, 56.2917305]]]}}, {"type": "Feature", "properties": {"id": "way/615107206", "@id": "way/615107206", "abandoned": null, "addr:city": null, "addr:housenumber": null, "addr:place": null, "addr:postcode": null, "addr:street": null, "alt_name": null, "amenity": null, "building": "yes", "building:levels": null, "cuisine": null, "denomination": null, "government": null, "historic": null, "inscription": null, "layer": null, "memorial": null, "name": null, "name:en": null, "name:ru": null, "office": null, "opening_hours": null, "operator": null, "phone": null, "power": null, "ref:sobory.ru": null, "ref:temples.ru": null, "religion": null, "roof:shape": null, "shop": null, "source:addr": null, "source:housenumber": null, "start_date": null, "tomb": null, "tourism": null, "type": null, "was:amenity": null, "website": null, "wikidata": null, "wikipedia": null, "is_living": false}, "geometry": {"type": "Polygon", "coordinates": [[[35.5341853, 56.2914159], [35.5339423, 56.2914046], [35.5339661, 56.2912471], [35.5342091, 56.2912584], [35.5341853, 56.2914159]]]}}, {"type": "Feature", "properties": {"id": "way/615107211", "@id": "way/615107211", "abandoned": null, "addr:city": null, "addr:housenumber": null, "addr:place": null, "addr:postcode": null, "addr:street": null, "alt_name": null, "amenity": null, "building": "yes", "building:levels": null, "cuisine": null, "denomination": null, "government": null, "historic": null, "inscription": null, "layer": null, "memorial": null, "name": null, "name:en": null, "name:ru": null, "office": null, "opening_hours": null, "operator": null, "phone": null, "power": null, "ref:sobory.ru": null, "ref:temples.ru": null, "religion": null, "roof:shape": null, "shop": null, "source:addr": null, "source:housenumber": null, "start_date": null, "tomb": null, "tourism": null, "type": null, "was:amenity": null, "website": null, "wikidata": null, "wikipedia": null, "is_living": false}, "geometry": {"type": "Polygon", "coordinates": [[[35.5332819, 56.2911335], [35.5332554, 56.2911887], [35.5331955, 56.2911798], [35.5331838, 56.2912042], [35.5329047, 56.291163], [35.5329429, 56.2910834], [35.5332819, 56.2911335]]]}}, {"type": "Feature", "properties": {"id": "way/615119674", "@id": "way/615119674", "abandoned": null, "addr:city": null, "addr:housenumber": null, "addr:place": null, "addr:postcode": null, "addr:street": null, "alt_name": null, "amenity": null, "building": "yes", "building:levels": null, "cuisine": null, "denomination": null, "government": null, "historic": null, "inscription": null, "layer": null, "memorial": null, "name": null, "name:en": null, "name:ru": null, "office": null, "opening_hours": null, "operator": null, "phone": null, "power": null, "ref:sobory.ru": null, "ref:temples.ru": null, "religion": null, "roof:shape": null, "shop": null, "source:addr": null, "source:housenumber": null, "start_date": null, "tomb": null, "tourism": null, "type": null, "was:amenity": null, "website": null, "wikidata": null, "wikipedia": null, "is_living": false}, "geometry": {"type": "Polygon", "coordinates": [[[35.5334929, 56.2907779], [35.5333862, 56.2907607], [35.5334578, 56.290624], [35.5335645, 56.2906412], [35.5334929, 56.2907779]]]}}, {"type": "Feature", "properties": {"id": "way/615201941", "@id": "way/615201941", "abandoned": null, "addr:city": null, "addr:housenumber": null, "addr:place": null, "addr:postcode": null, "addr:street": null, "alt_name": null, "amenity": null, "building": "yes", "building:levels": null, "cuisine": null, "denomination": null, "government": null, "historic": null, "inscription": null, "layer": null, "memorial": null, "name": null, "name:en": null, "name:ru": null, "office": null, "opening_hours": null, "operator": null, "phone": null, "power": null, "ref:sobory.ru": null, "ref:temples.ru": null, "religion": null, "roof:shape": null, "shop": null, "source:addr": null, "source:housenumber": null, "start_date": null, "tomb": null, "tourism": null, "type": null, "was:amenity": null, "website": null, "wikidata": null, "wikipedia": null, "is_living": false}, "geometry": {"type": "Polygon", "coordinates": [[[35.5199454, 56.3153316], [35.5198136, 56.3146729], [35.5201943, 56.3146495], [35.5202487, 56.3149213], [35.5206013, 56.3148996], [35.5205504, 56.314645], [35.5208979, 56.3146236], [35.5210256, 56.3152625], [35.5206899, 56.3152831], [35.5206369, 56.315018], [35.520276, 56.3150402], [35.5203296, 56.315308], [35.5199454, 56.3153316]]]}}, {"type": "Feature", "properties": {"id": "way/615201943", "@id": "way/615201943", "abandoned": null, "addr:city": null, "addr:housenumber": null, "addr:place": null, "addr:postcode": null, "addr:street": null, "alt_name": null, "amenity": null, "building": "yes", "building:levels": null, "cuisine": null, "denomination": null, "government": null, "historic": null, "inscription": null, "layer": null, "memorial": null, "name": null, "name:en": null, "name:ru": null, "office": null, "opening_hours": null, "operator": null, "phone": null, "power": null, "ref:sobory.ru": null, "ref:temples.ru": null, "religion": null, "roof:shape": null, "shop": null, "source:addr": null, "source:housenumber": null, "start_date": null, "tomb": null, "tourism": null, "type": null, "was:amenity": null, "website": null, "wikidata": null, "wikipedia": null, "is_living": false}, "geometry": {"type": "Polygon", "coordinates": [[[35.5197166, 56.3137328], [35.5197477, 56.31357], [35.520606, 56.3136204], [35.5205749, 56.3137832], [35.5197166, 56.3137328]]]}}, {"type": "Feature", "properties": {"id": "way/615201944", "@id": "way/615201944", "abandoned": null, "addr:city": null, "addr:housenumber": null, "addr:place": null, "addr:postcode": null, "addr:street": null, "alt_name": null, "amenity": null, "building": "yes", "building:levels": null, "cuisine": null, "denomination": null, "government": null, "historic": null, "inscription": null, "layer": null, "memorial": null, "name": null, "name:en": null, "name:ru": null, "office": null, "opening_hours": null, "operator": null, "phone": null, "power": null, "ref:sobory.ru": null, "ref:temples.ru": null, "religion": null, "roof:shape": null, "shop": null, "source:addr": null, "source:housenumber": null, "start_date": null, "tomb": null, "tourism": null, "type": null, "was:amenity": null, "website": null, "wikidata": null, "wikipedia": null, "is_living": false}, "geometry": {"type": "Polygon", "coordinates": [[[35.5215882, 56.3137], [35.5215662, 56.3135867], [35.5219088, 56.3135662], [35.5219308, 56.3136795], [35.5215882, 56.3137]]]}}, {"type": "Feature", "properties": {"id": "way/615202615", "@id": "way/615202615", "abandoned": null, "addr:city": null, "addr:housenumber": null, "addr:place": null, "addr:postcode": null, "addr:street": null, "alt_name": null, "amenity": null, "building": "yes", "building:levels": null, "cuisine": null, "denomination": null, "government": null, "historic": null, "inscription": null, "layer": null, "memorial": null, "name": null, "name:en": null, "name:ru": null, "office": null, "opening_hours": null, "operator": null, "phone": null, "power": null, "ref:sobory.ru": null, "ref:temples.ru": null, "religion": null, "roof:shape": null, "shop": null, "source:addr": null, "source:housenumber": null, "start_date": null, "tomb": null, "tourism": null, "type": null, "was:amenity": null, "website": null, "wikidata": null, "wikipedia": null, "is_living": false}, "geometry": {"type": "Polygon", "coordinates": [[[35.513932, 56.3207262], [35.5137788, 56.3206797], [35.5139118, 56.320545], [35.514065, 56.3205915], [35.513932, 56.3207262]]]}}, {"type": "Feature", "properties": {"id": "way/615202647", "@id": "way/615202647", "abandoned": null, "addr:city": null, "addr:housenumber": "9", "addr:place": "Афанасово", "addr:postcode": null, "addr:street": null, "alt_name": null, "amenity": null, "building": "yes", "building:levels": null, "cuisine": null, "denomination": null, "government": null, "historic": null, "inscription": null, "layer": null, "memorial": null, "name": null, "name:en": null, "name:ru": null, "office": null, "opening_hours": null, "operator": null, "phone": null, "power": null, "ref:sobory.ru": null, "ref:temples.ru": null, "religion": null, "roof:shape": null, "shop": null, "source:addr": "ЕГРН", "source:housenumber": null, "start_date": null, "tomb": null, "tourism": null, "type": null, "was:amenity": null, "website": null, "wikidata": null, "wikipedia": null, "is_living": false}, "geometry": {"type": "Polygon", "coordinates": [[[35.5144942, 56.3207785], [35.5143753, 56.3207437], [35.5144747, 56.3206393], [35.5145936, 56.3206742], [35.5144942, 56.3207785]]]}}, {"type": "Feature", "properties": {"id": "way/615205627", "@id": "way/615205627", "abandoned": null, "addr:city": null, "addr:housenumber": null, "addr:place": null, "addr:postcode": null, "addr:street": null, "alt_name": null, "amenity": null, "building": "yes", "building:levels": null, "cuisine": null, "denomination": null, "government": null, "historic": null, "inscription": null, "layer": null, "memorial": null, "name": null, "name:en": null, "name:ru": null, "office": null, "opening_hours": null, "operator": null, "phone": null, "power": null, "ref:sobory.ru": null, "ref:temples.ru": null, "religion": null, "roof:shape": null, "shop": null, "source:addr": null, "source:housenumber": null, "start_date": null, "tomb": null, "tourism": null, "type": null, "was:amenity": null, "website": null, "wikidata": null, "wikipedia": null, "is_living": false}, "geometry": {"type": "Polygon", "coordinates": [[[35.5141535, 56.3212037], [35.5140343, 56.3211708], [35.5140784, 56.3211217], [35.5141975, 56.3211545], [35.5141535, 56.3212037]]]}}, {"type": "Feature", "properties": {"id": "way/615467651", "@id": "way/615467651", "abandoned": null, "addr:city": null, "addr:housenumber": null, "addr:place": null, "addr:postcode": null, "addr:street": null, "alt_name": null, "amenity": null, "building": "yes", "building:levels": null, "cuisine": null, "denomination": null, "government": null, "historic": null, "inscription": null, "layer": null, "memorial": null, "name": null, "name:en": null, "name:ru": null, "office": null, "opening_hours": null, "operator": null, "phone": null, "power": null, "ref:sobory.ru": null, "ref:temples.ru": null, "religion": null, "roof:shape": null, "shop": null, "source:addr": null, "source:housenumber": null, "start_date": null, "tomb": null, "tourism": null, "type": null, "was:amenity": null, "website": null, "wikidata": null, "wikipedia": null, "is_living": false}, "geometry": {"type": "Polygon", "coordinates": [[[35.5560942, 56.3571955], [35.5559185, 56.3571463], [35.5565745, 56.356428], [35.5567501, 56.3564773], [35.5560942, 56.3571955]]]}}, {"type": "Feature", "properties": {"id": "way/615493361", "@id": "way/615493361", "abandoned": null, "addr:city": null, "addr:housenumber": null, "addr:place": null, "addr:postcode": null, "addr:street": null, "alt_name": null, "amenity": null, "building": "yes", "building:levels": null, "cuisine": null, "denomination": null, "government": null, "historic": null, "inscription": null, "layer": null, "memorial": null, "name": null, "name:en": null, "name:ru": null, "office": null, "opening_hours": null, "operator": null, "phone": null, "power": null, "ref:sobory.ru": null, "ref:temples.ru": null, "religion": null, "roof:shape": null, "shop": null, "source:addr": null, "source:housenumber": null, "start_date": null, "tomb": null, "tourism": null, "type": null, "was:amenity": null, "website": null, "wikidata": null, "wikipedia": null, "is_living": false}, "geometry": {"type": "Polygon", "coordinates": [[[35.6123888, 56.3709045], [35.6112862, 56.3705347], [35.6114419, 56.3703923], [35.6125445, 56.3707621], [35.6123888, 56.3709045]]]}}, {"type": "Feature", "properties": {"id": "way/615530798", "@id": "way/615530798", "abandoned": null, "addr:city": null, "addr:housenumber": null, "addr:place": null, "addr:postcode": null, "addr:street": null, "alt_name": null, "amenity": null, "building": "yes", "building:levels": null, "cuisine": null, "denomination": null, "government": null, "historic": null, "inscription": null, "layer": null, "memorial": null, "name": null, "name:en": null, "name:ru": null, "office": null, "opening_hours": null, "operator": null, "phone": null, "power": null, "ref:sobory.ru": null, "ref:temples.ru": null, "religion": null, "roof:shape": null, "shop": null, "source:addr": null, "source:housenumber": null, "start_date": null, "tomb": null, "tourism": null, "type": null, "was:amenity": null, "website": null, "wikidata": null, "wikipedia": null, "is_living": false}, "geometry": {"type": "Polygon", "coordinates": [[[35.6272022, 56.3281652], [35.6271665, 56.3281146], [35.6272733, 56.3280914], [35.627309, 56.3281419], [35.6272022, 56.3281652]]]}}, {"type": "Feature", "properties": {"id": "way/615530808", "@id": "way/615530808", "abandoned": null, "addr:city": null, "addr:housenumber": null, "addr:place": null, "addr:postcode": null, "addr:street": null, "alt_name": null, "amenity": null, "building": "yes", "building:levels": null, "cuisine": null, "denomination": null, "government": null, "historic": null, "inscription": null, "layer": null, "memorial": null, "name": null, "name:en": null, "name:ru": null, "office": null, "opening_hours": null, "operator": null, "phone": null, "power": null, "ref:sobory.ru": null, "ref:temples.ru": null, "religion": null, "roof:shape": null, "shop": null, "source:addr": null, "source:housenumber": null, "start_date": null, "tomb": null, "tourism": null, "type": null, "was:amenity": null, "website": null, "wikidata": null, "wikipedia": null, "is_living": false}, "geometry": {"type": "Polygon", "coordinates": [[[35.6265613, 56.3299207], [35.6264739, 56.3298566], [35.6267094, 56.3297578], [35.6267968, 56.329822], [35.6265613, 56.3299207]]]}}, {"type": "Feature", "properties": {"id": "way/615530810", "@id": "way/615530810", "abandoned": null, "addr:city": null, "addr:housenumber": null, "addr:place": null, "addr:postcode": null, "addr:street": null, "alt_name": null, "amenity": null, "building": "yes", "building:levels": null, "cuisine": null, "denomination": null, "government": null, "historic": null, "inscription": null, "layer": null, "memorial": null, "name": null, "name:en": null, "name:ru": null, "office": null, "opening_hours": null, "operator": null, "phone": null, "power": null, "ref:sobory.ru": null, "ref:temples.ru": null, "religion": null, "roof:shape": null, "shop": null, "source:addr": null, "source:housenumber": null, "start_date": null, "tomb": null, "tourism": null, "type": null, "was:amenity": null, "website": null, "wikidata": null, "wikipedia": null, "is_living": false}, "geometry": {"type": "Polygon", "coordinates": [[[35.6220383, 56.3308285], [35.6219671, 56.3307622], [35.6223639, 56.3306313], [35.6224351, 56.3306975], [35.6220383, 56.3308285]]]}}, {"type": "Feature", "properties": {"id": "way/615530811", "@id": "way/615530811", "abandoned": null, "addr:city": null, "addr:housenumber": null, "addr:place": null, "addr:postcode": null, "addr:street": null, "alt_name": null, "amenity": null, "building": "yes", "building:levels": null, "cuisine": null, "denomination": null, "government": null, "historic": null, "inscription": null, "layer": null, "memorial": null, "name": null, "name:en": null, "name:ru": null, "office": null, "opening_hours": null, "operator": null, "phone": null, "power": null, "ref:sobory.ru": null, "ref:temples.ru": null, "religion": null, "roof:shape": null, "shop": null, "source:addr": null, "source:housenumber": null, "start_date": null, "tomb": null, "tourism": null, "type": null, "was:amenity": null, "website": null, "wikidata": null, "wikipedia": null, "is_living": false}, "geometry": {"type": "Polygon", "coordinates": [[[35.6285502, 56.3291145], [35.6285091, 56.3290637], [35.6285877, 56.3290442], [35.6286288, 56.3290949], [35.6285502, 56.3291145]]]}}, {"type": "Feature", "properties": {"id": "way/615530814", "@id": "way/615530814", "abandoned": null, "addr:city": null, "addr:housenumber": null, "addr:place": null, "addr:postcode": null, "addr:street": null, "alt_name": null, "amenity": null, "building": "yes", "building:levels": null, "cuisine": null, "denomination": null, "government": null, "historic": null, "inscription": null, "layer": null, "memorial": null, "name": null, "name:en": null, "name:ru": null, "office": null, "opening_hours": null, "operator": null, "phone": null, "power": null, "ref:sobory.ru": null, "ref:temples.ru": null, "religion": null, "roof:shape": null, "shop": null, "source:addr": null, "source:housenumber": null, "start_date": null, "tomb": null, "tourism": null, "type": null, "was:amenity": null, "website": null, "wikidata": null, "wikipedia": null, "is_living": false}, "geometry": {"type": "Polygon", "coordinates": [[[35.6267967, 56.3302025], [35.6266217, 56.3300429], [35.6269948, 56.3299172], [35.6272, 56.3301044], [35.62709, 56.3301415], [35.6270598, 56.3301139], [35.6267967, 56.3302025]]]}}, {"type": "Feature", "properties": {"id": "way/615530815", "@id": "way/615530815", "abandoned": null, "addr:city": null, "addr:housenumber": null, "addr:place": null, "addr:postcode": null, "addr:street": null, "alt_name": null, "amenity": null, "building": "yes", "building:levels": null, "cuisine": null, "denomination": null, "government": null, "historic": null, "inscription": null, "layer": null, "memorial": null, "name": null, "name:en": null, "name:ru": null, "office": null, "opening_hours": null, "operator": null, "phone": null, "power": null, "ref:sobory.ru": null, "ref:temples.ru": null, "religion": null, "roof:shape": null, "shop": null, "source:addr": null, "source:housenumber": null, "start_date": null, "tomb": null, "tourism": null, "type": null, "was:amenity": null, "website": null, "wikidata": null, "wikipedia": null, "is_living": false}, "geometry": {"type": "Polygon", "coordinates": [[[35.6236368, 56.3315419], [35.6234258, 56.3313818], [35.6235672, 56.3313246], [35.6236951, 56.3314217], [35.6238469, 56.3313602], [35.6237867, 56.3313145], [35.6238799, 56.3312768], [35.6240231, 56.3313855], [35.6236368, 56.3315419]]]}}, {"type": "Feature", "properties": {"id": "way/615530818", "@id": "way/615530818", "abandoned": null, "addr:city": null, "addr:housenumber": null, "addr:place": null, "addr:postcode": null, "addr:street": null, "alt_name": null, "amenity": null, "building": "yes", "building:levels": null, "cuisine": null, "denomination": null, "government": null, "historic": null, "inscription": null, "layer": null, "memorial": null, "name": null, "name:en": null, "name:ru": null, "office": null, "opening_hours": null, "operator": null, "phone": null, "power": null, "ref:sobory.ru": null, "ref:temples.ru": null, "religion": null, "roof:shape": null, "shop": null, "source:addr": null, "source:housenumber": null, "start_date": null, "tomb": null, "tourism": null, "type": null, "was:amenity": null, "website": null, "wikidata": null, "wikipedia": null, "is_living": false}, "geometry": {"type": "Polygon", "coordinates": [[[35.6253565, 56.3304189], [35.6247164, 56.3305972], [35.6245544, 56.3304184], [35.6247069, 56.3303759], [35.624763, 56.3304379], [35.6249492, 56.3303861], [35.6248868, 56.3303172], [35.6250889, 56.3302609], [35.6251607, 56.3303401], [35.62526, 56.3303125], [35.6253565, 56.3304189]]]}}, {"type": "Feature", "properties": {"id": "way/615719180", "@id": "way/615719180", "abandoned": null, "addr:city": null, "addr:housenumber": "14", "addr:place": null, "addr:postcode": null, "addr:street": null, "alt_name": null, "amenity": null, "building": "yes", "building:levels": null, "cuisine": null, "denomination": null, "government": null, "historic": null, "inscription": null, "layer": null, "memorial": null, "name": null, "name:en": null, "name:ru": null, "office": null, "opening_hours": null, "operator": null, "phone": null, "power": null, "ref:sobory.ru": null, "ref:temples.ru": null, "religion": null, "roof:shape": null, "shop": null, "source:addr": null, "source:housenumber": null, "start_date": null, "tomb": null, "tourism": null, "type": null, "was:amenity": null, "website": null, "wikidata": null, "wikipedia": null, "is_living": false}, "geometry": {"type": "Polygon", "coordinates": [[[35.4618349, 56.430671], [35.4617606, 56.4305631], [35.4618227, 56.43055], [35.4617632, 56.4304635], [35.4619353, 56.4304273], [35.4620691, 56.4306217], [35.4618349, 56.430671]]]}}, {"type": "Feature", "properties": {"id": "way/615730609", "@id": "way/615730609", "abandoned": null, "addr:city": null, "addr:housenumber": null, "addr:place": null, "addr:postcode": null, "addr:street": null, "alt_name": null, "amenity": null, "building": "yes", "building:levels": null, "cuisine": null, "denomination": null, "government": null, "historic": null, "inscription": null, "layer": null, "memorial": null, "name": null, "name:en": null, "name:ru": null, "office": null, "opening_hours": null, "operator": null, "phone": null, "power": null, "ref:sobory.ru": null, "ref:temples.ru": null, "religion": null, "roof:shape": null, "shop": null, "source:addr": null, "source:housenumber": null, "start_date": null, "tomb": null, "tourism": null, "type": null, "was:amenity": null, "website": null, "wikidata": null, "wikipedia": null, "is_living": false}, "geometry": {"type": "Polygon", "coordinates": [[[35.4610391, 56.4269919], [35.4605473, 56.4263899], [35.4606685, 56.4263596], [35.4606408, 56.4263257], [35.4608089, 56.4262837], [35.4608433, 56.4263257], [35.4608818, 56.4263161], [35.4610896, 56.4265705], [35.4614473, 56.4264811], [35.4615287, 56.4265807], [35.4611743, 56.4266692], [35.4613703, 56.4269091], [35.4610391, 56.4269919]]]}}, {"type": "Feature", "properties": {"id": "way/615781022", "@id": "way/615781022", "abandoned": null, "addr:city": null, "addr:housenumber": null, "addr:place": null, "addr:postcode": null, "addr:street": null, "alt_name": null, "amenity": null, "building": "yes", "building:levels": null, "cuisine": null, "denomination": null, "government": null, "historic": null, "inscription": null, "layer": null, "memorial": null, "name": null, "name:en": null, "name:ru": null, "office": null, "opening_hours": null, "operator": null, "phone": null, "power": null, "ref:sobory.ru": null, "ref:temples.ru": null, "religion": null, "roof:shape": null, "shop": null, "source:addr": null, "source:housenumber": null, "start_date": null, "tomb": null, "tourism": null, "type": null, "was:amenity": null, "website": null, "wikidata": null, "wikipedia": null, "is_living": false}, "geometry": {"type": "Polygon", "coordinates": [[[35.4642298, 56.4247718], [35.4641252, 56.4247678], [35.464144, 56.4246145], [35.4642486, 56.4246184], [35.4642298, 56.4247718]]]}}, {"type": "Feature", "properties": {"id": "way/615781023", "@id": "way/615781023", "abandoned": null, "addr:city": null, "addr:housenumber": null, "addr:place": null, "addr:postcode": null, "addr:street": null, "alt_name": null, "amenity": null, "building": "yes", "building:levels": null, "cuisine": null, "denomination": null, "government": null, "historic": null, "inscription": null, "layer": null, "memorial": null, "name": null, "name:en": null, "name:ru": null, "office": null, "opening_hours": null, "operator": null, "phone": null, "power": null, "ref:sobory.ru": null, "ref:temples.ru": null, "religion": null, "roof:shape": null, "shop": null, "source:addr": null, "source:housenumber": null, "start_date": null, "tomb": null, "tourism": null, "type": null, "was:amenity": null, "website": null, "wikidata": null, "wikipedia": null, "is_living": false}, "geometry": {"type": "Polygon", "coordinates": [[[35.4634552, 56.4242546], [35.4634809, 56.424083], [35.4643103, 56.424121], [35.4642846, 56.4242925], [35.4634552, 56.4242546]]]}}, {"type": "Feature", "properties": {"id": "way/615781024", "@id": "way/615781024", "abandoned": null, "addr:city": null, "addr:housenumber": null, "addr:place": null, "addr:postcode": null, "addr:street": null, "alt_name": null, "amenity": null, "building": "yes", "building:levels": null, "cuisine": null, "denomination": null, "government": null, "historic": null, "inscription": null, "layer": null, "memorial": null, "name": null, "name:en": null, "name:ru": null, "office": null, "opening_hours": null, "operator": null, "phone": null, "power": null, "ref:sobory.ru": null, "ref:temples.ru": null, "religion": null, "roof:shape": null, "shop": null, "source:addr": null, "source:housenumber": null, "start_date": null, "tomb": null, "tourism": null, "type": null, "was:amenity": null, "website": null, "wikidata": null, "wikipedia": null, "is_living": false}, "geometry": {"type": "Polygon", "coordinates": [[[35.4633794, 56.4245828], [35.4639502, 56.4246066], [35.4639333, 56.4247309], [35.4633625, 56.4247071], [35.4633794, 56.4245828]]]}}, {"type": "Feature", "properties": {"id": "way/620530261", "@id": "way/620530261", "abandoned": null, "addr:city": null, "addr:housenumber": null, "addr:place": null, "addr:postcode": null, "addr:street": null, "alt_name": null, "amenity": null, "building": "yes", "building:levels": null, "cuisine": null, "denomination": null, "government": null, "historic": null, "inscription": null, "layer": null, "memorial": null, "name": null, "name:en": null, "name:ru": null, "office": null, "opening_hours": null, "operator": null, "phone": null, "power": null, "ref:sobory.ru": null, "ref:temples.ru": null, "religion": null, "roof:shape": null, "shop": null, "source:addr": null, "source:housenumber": null, "start_date": null, "tomb": null, "tourism": null, "type": null, "was:amenity": null, "website": null, "wikidata": null, "wikipedia": null, "is_living": false}, "geometry": {"type": "Polygon", "coordinates": [[[35.6010809, 56.4537261], [35.6007943, 56.4537468], [35.6006414, 56.453102], [35.6009281, 56.4530812], [35.6010809, 56.4537261]]]}}, {"type": "Feature", "properties": {"id": "way/620530263", "@id": "way/620530263", "abandoned": null, "addr:city": null, "addr:housenumber": null, "addr:place": null, "addr:postcode": null, "addr:street": null, "alt_name": null, "amenity": null, "building": "yes", "building:levels": null, "cuisine": null, "denomination": null, "government": null, "historic": null, "inscription": null, "layer": null, "memorial": null, "name": null, "name:en": null, "name:ru": null, "office": null, "opening_hours": null, "operator": null, "phone": null, "power": null, "ref:sobory.ru": null, "ref:temples.ru": null, "religion": null, "roof:shape": null, "shop": null, "source:addr": null, "source:housenumber": null, "start_date": null, "tomb": null, "tourism": null, "type": null, "was:amenity": null, "website": null, "wikidata": null, "wikipedia": null, "is_living": false}, "geometry": {"type": "Polygon", "coordinates": [[[35.5990423, 56.4545426], [35.5989169, 56.4541578], [35.599218, 56.4541279], [35.5993434, 56.4545127], [35.5990423, 56.4545426]]]}}, {"type": "Feature", "properties": {"id": "way/620530266", "@id": "way/620530266", "abandoned": null, "addr:city": null, "addr:housenumber": null, "addr:place": null, "addr:postcode": null, "addr:street": null, "alt_name": null, "amenity": null, "building": "yes", "building:levels": null, "cuisine": null, "denomination": null, "government": null, "historic": null, "inscription": null, "layer": null, "memorial": null, "name": null, "name:en": null, "name:ru": null, "office": null, "opening_hours": null, "operator": null, "phone": null, "power": null, "ref:sobory.ru": null, "ref:temples.ru": null, "religion": null, "roof:shape": null, "shop": null, "source:addr": null, "source:housenumber": null, "start_date": null, "tomb": null, "tourism": null, "type": null, "was:amenity": null, "website": null, "wikidata": null, "wikipedia": null, "is_living": false}, "geometry": {"type": "Polygon", "coordinates": [[[35.5998047, 56.4538068], [35.5996489, 56.4531696], [35.5999778, 56.4531451], [35.6000421, 56.453408], [35.60033, 56.4533865], [35.6003592, 56.4535055], [35.6000501, 56.4535286], [35.6001125, 56.4537838], [35.5998047, 56.4538068]]]}}, {"type": "Feature", "properties": {"id": "way/620530268", "@id": "way/620530268", "abandoned": null, "addr:city": null, "addr:housenumber": null, "addr:place": null, "addr:postcode": null, "addr:street": null, "alt_name": null, "amenity": null, "building": "yes", "building:levels": null, "cuisine": null, "denomination": null, "government": null, "historic": null, "inscription": null, "layer": null, "memorial": null, "name": null, "name:en": null, "name:ru": null, "office": null, "opening_hours": null, "operator": null, "phone": null, "power": null, "ref:sobory.ru": null, "ref:temples.ru": null, "religion": null, "roof:shape": null, "shop": null, "source:addr": null, "source:housenumber": null, "start_date": null, "tomb": null, "tourism": null, "type": null, "was:amenity": null, "website": null, "wikidata": null, "wikipedia": null, "is_living": false}, "geometry": {"type": "Polygon", "coordinates": [[[35.5991353, 56.4530677], [35.5991199, 56.4530138], [35.5992006, 56.4530067], [35.599216, 56.4530606], [35.5991353, 56.4530677]]]}}, {"type": "Feature", "properties": {"id": "way/620530271", "@id": "way/620530271", "abandoned": null, "addr:city": null, "addr:housenumber": null, "addr:place": null, "addr:postcode": null, "addr:street": null, "alt_name": null, "amenity": null, "building": "yes", "building:levels": null, "cuisine": null, "denomination": null, "government": null, "historic": null, "inscription": null, "layer": null, "memorial": null, "name": null, "name:en": null, "name:ru": null, "office": null, "opening_hours": null, "operator": null, "phone": null, "power": null, "ref:sobory.ru": null, "ref:temples.ru": null, "religion": null, "roof:shape": null, "shop": null, "source:addr": null, "source:housenumber": null, "start_date": null, "tomb": null, "tourism": null, "type": null, "was:amenity": null, "website": null, "wikidata": null, "wikipedia": null, "is_living": false}, "geometry": {"type": "Polygon", "coordinates": [[[35.5991051, 56.4554934], [35.5990961, 56.4553245], [35.5999677, 56.4553102], [35.5999768, 56.4554791], [35.5991051, 56.4554934]]]}}, {"type": "Feature", "properties": {"id": "way/620571204", "@id": "way/620571204", "abandoned": null, "addr:city": null, "addr:housenumber": "17", "addr:place": null, "addr:postcode": null, "addr:street": "Школьная улица", "alt_name": null, "amenity": null, "building": "yes", "building:levels": null, "cuisine": null, "denomination": null, "government": null, "historic": null, "inscription": null, "layer": null, "memorial": null, "name": null, "name:en": null, "name:ru": null, "office": null, "opening_hours": null, "operator": null, "phone": null, "power": null, "ref:sobory.ru": null, "ref:temples.ru": null, "religion": null, "roof:shape": null, "shop": null, "source:addr": null, "source:housenumber": null, "start_date": null, "tomb": null, "tourism": null, "type": null, "was:amenity": null, "website": null, "wikidata": null, "wikipedia": null, "is_living": false}, "geometry": {"type": "Polygon", "coordinates": [[[35.6016949, 56.4348369], [35.6015636, 56.4345576], [35.6013019, 56.4345953], [35.6012591, 56.4345043], [35.6015612, 56.4344609], [35.6015712, 56.4344822], [35.6017481, 56.4344567], [35.6016206, 56.4341856], [35.6018184, 56.4341572], [35.6020038, 56.4345513], [35.6018193, 56.4345778], [35.6018606, 56.4346658], [35.6021513, 56.434624], [35.6022162, 56.4347619], [35.6016949, 56.4348369]]]}}, {"type": "Feature", "properties": {"id": "way/620571206", "@id": "way/620571206", "abandoned": null, "addr:city": null, "addr:housenumber": null, "addr:place": null, "addr:postcode": null, "addr:street": null, "alt_name": null, "amenity": null, "building": "yes", "building:levels": null, "cuisine": null, "denomination": null, "government": null, "historic": null, "inscription": null, "layer": null, "memorial": null, "name": null, "name:en": null, "name:ru": null, "office": null, "opening_hours": null, "operator": null, "phone": null, "power": null, "ref:sobory.ru": null, "ref:temples.ru": null, "religion": null, "roof:shape": null, "shop": null, "source:addr": null, "source:housenumber": null, "start_date": null, "tomb": null, "tourism": null, "type": null, "was:amenity": null, "website": null, "wikidata": null, "wikipedia": null, "is_living": false}, "geometry": {"type": "Polygon", "coordinates": [[[35.6017814, 56.4350898], [35.6017095, 56.434945], [35.602224, 56.4348669], [35.6022959, 56.4350117], [35.6017814, 56.4350898]]]}}, {"type": "Feature", "properties": {"id": "way/620587490", "@id": "way/620587490", "abandoned": null, "addr:city": null, "addr:housenumber": null, "addr:place": null, "addr:postcode": null, "addr:street": null, "alt_name": null, "amenity": null, "building": "shed", "building:levels": null, "cuisine": null, "denomination": null, "government": null, "historic": null, "inscription": null, "layer": null, "memorial": null, "name": null, "name:en": null, "name:ru": null, "office": null, "opening_hours": null, "operator": null, "phone": null, "power": null, "ref:sobory.ru": null, "ref:temples.ru": null, "religion": null, "roof:shape": null, "shop": null, "source:addr": null, "source:housenumber": null, "start_date": null, "tomb": null, "tourism": null, "type": null, "was:amenity": null, "website": null, "wikidata": null, "wikipedia": null, "is_living": false}, "geometry": {"type": "Polygon", "coordinates": [[[35.5983137, 56.4417482], [35.5982405, 56.4416948], [35.5983206, 56.4416612], [35.5983939, 56.4417147], [35.5983137, 56.4417482]]]}}, {"type": "Feature", "properties": {"id": "way/620587496", "@id": "way/620587496", "abandoned": null, "addr:city": null, "addr:housenumber": null, "addr:place": null, "addr:postcode": null, "addr:street": null, "alt_name": null, "amenity": null, "building": "shed", "building:levels": null, "cuisine": null, "denomination": null, "government": null, "historic": null, "inscription": null, "layer": null, "memorial": null, "name": null, "name:en": null, "name:ru": null, "office": null, "opening_hours": null, "operator": null, "phone": null, "power": null, "ref:sobory.ru": null, "ref:temples.ru": null, "religion": null, "roof:shape": null, "shop": null, "source:addr": null, "source:housenumber": null, "start_date": null, "tomb": null, "tourism": null, "type": null, "was:amenity": null, "website": null, "wikidata": null, "wikipedia": null, "is_living": false}, "geometry": {"type": "Polygon", "coordinates": [[[35.5989218, 56.4420651], [35.5988515, 56.4420248], [35.59893, 56.441983], [35.5990003, 56.4420233], [35.5989218, 56.4420651]]]}}, {"type": "Feature", "properties": {"id": "way/620587501", "@id": "way/620587501", "abandoned": null, "addr:city": null, "addr:housenumber": null, "addr:place": null, "addr:postcode": null, "addr:street": null, "alt_name": null, "amenity": null, "building": "office", "building:levels": "1", "cuisine": null, "denomination": null, "government": null, "historic": null, "inscription": null, "layer": null, "memorial": null, "name": null, "name:en": null, "name:ru": null, "office": null, "opening_hours": null, "operator": null, "phone": null, "power": null, "ref:sobory.ru": null, "ref:temples.ru": null, "religion": null, "roof:shape": "gabled", "shop": null, "source:addr": null, "source:housenumber": null, "start_date": null, "tomb": null, "tourism": null, "type": null, "was:amenity": null, "website": null, "wikidata": null, "wikipedia": null, "is_living": false}, "geometry": {"type": "Polygon", "coordinates": [[[35.6007198, 56.4402155], [35.6006019, 56.4401458], [35.6007593, 56.4400645], [35.6008772, 56.4401343], [35.6007198, 56.4402155]]]}}, {"type": "Feature", "properties": {"id": "way/620587505", "@id": "way/620587505", "abandoned": null, "addr:city": null, "addr:housenumber": null, "addr:place": null, "addr:postcode": null, "addr:street": null, "alt_name": null, "amenity": null, "building": "office", "building:levels": "1", "cuisine": null, "denomination": null, "government": null, "historic": null, "inscription": null, "layer": null, "memorial": null, "name": null, "name:en": null, "name:ru": null, "office": null, "opening_hours": null, "operator": null, "phone": null, "power": null, "ref:sobory.ru": null, "ref:temples.ru": null, "religion": null, "roof:shape": "half-hipped", "shop": null, "source:addr": null, "source:housenumber": null, "start_date": null, "tomb": null, "tourism": null, "type": null, "was:amenity": null, "website": null, "wikidata": null, "wikipedia": null, "is_living": false}, "geometry": {"type": "Polygon", "coordinates": [[[35.5968397, 56.4406797], [35.5965834, 56.4405248], [35.5966784, 56.4404767], [35.5967694, 56.4405317], [35.5969338, 56.4404486], [35.5970526, 56.4405203], [35.5968766, 56.4406094], [35.5969231, 56.4406375], [35.5968397, 56.4406797]]]}}, {"type": "Feature", "properties": {"id": "way/620587506", "@id": "way/620587506", "abandoned": null, "addr:city": null, "addr:housenumber": null, "addr:place": null, "addr:postcode": null, "addr:street": null, "alt_name": null, "amenity": null, "building": "retail", "building:levels": null, "cuisine": null, "denomination": null, "government": null, "historic": null, "inscription": null, "layer": null, "memorial": null, "name": null, "name:en": null, "name:ru": null, "office": null, "opening_hours": null, "operator": null, "phone": null, "power": null, "ref:sobory.ru": null, "ref:temples.ru": null, "religion": null, "roof:shape": null, "shop": null, "source:addr": null, "source:housenumber": null, "start_date": null, "tomb": null, "tourism": null, "type": null, "was:amenity": null, "website": null, "wikidata": null, "wikipedia": null, "is_living": false}, "geometry": {"type": "Polygon", "coordinates": [[[35.5971679, 56.4400809], [35.5970387, 56.4400053], [35.5971275, 56.4399589], [35.5971704, 56.439984], [35.5972288, 56.4399535], [35.5971878, 56.4399295], [35.5972725, 56.4398853], [35.5973999, 56.4399599], [35.5971679, 56.4400809]]]}}, {"type": "Feature", "properties": {"id": "way/620587516", "@id": "way/620587516", "abandoned": null, "addr:city": null, "addr:housenumber": null, "addr:place": null, "addr:postcode": null, "addr:street": null, "alt_name": null, "amenity": null, "building": "shed", "building:levels": null, "cuisine": null, "denomination": null, "government": null, "historic": null, "inscription": null, "layer": null, "memorial": null, "name": null, "name:en": null, "name:ru": null, "office": null, "opening_hours": null, "operator": null, "phone": null, "power": null, "ref:sobory.ru": null, "ref:temples.ru": null, "religion": null, "roof:shape": null, "shop": null, "source:addr": null, "source:housenumber": null, "start_date": null, "tomb": null, "tourism": null, "type": null, "was:amenity": null, "website": null, "wikidata": null, "wikipedia": null, "is_living": false}, "geometry": {"type": "Polygon", "coordinates": [[[35.599649, 56.4419568], [35.5995439, 56.4419986], [35.5994842, 56.4419527], [35.5995893, 56.4419109], [35.599649, 56.4419568]]]}}, {"type": "Feature", "properties": {"id": "way/620587519", "@id": "way/620587519", "abandoned": null, "addr:city": null, "addr:housenumber": null, "addr:place": null, "addr:postcode": null, "addr:street": null, "alt_name": null, "amenity": null, "building": "office", "building:levels": "1", "cuisine": null, "denomination": null, "government": null, "historic": null, "inscription": null, "layer": null, "memorial": null, "name": null, "name:en": null, "name:ru": null, "office": null, "opening_hours": null, "operator": null, "phone": null, "power": null, "ref:sobory.ru": null, "ref:temples.ru": null, "religion": null, "roof:shape": "flat", "shop": null, "source:addr": null, "source:housenumber": null, "start_date": null, "tomb": null, "tourism": null, "type": null, "was:amenity": null, "website": null, "wikidata": null, "wikipedia": null, "is_living": false}, "geometry": {"type": "Polygon", "coordinates": [[[35.5981413, 56.4406261], [35.5975903, 56.4403167], [35.5978826, 56.4401576], [35.5980705, 56.4402631], [35.597874, 56.44037], [35.5979645, 56.4404209], [35.5980341, 56.440383], [35.5983067, 56.4405361], [35.5981413, 56.4406261]]]}}, {"type": "Feature", "properties": {"id": "way/620628014", "@id": "way/620628014", "abandoned": null, "addr:city": null, "addr:housenumber": null, "addr:place": null, "addr:postcode": null, "addr:street": null, "alt_name": null, "amenity": null, "building": "yes", "building:levels": null, "cuisine": null, "denomination": null, "government": null, "historic": null, "inscription": null, "layer": null, "memorial": null, "name": null, "name:en": null, "name:ru": null, "office": null, "opening_hours": null, "operator": null, "phone": null, "power": null, "ref:sobory.ru": null, "ref:temples.ru": null, "religion": null, "roof:shape": null, "shop": null, "source:addr": null, "source:housenumber": null, "start_date": null, "tomb": null, "tourism": null, "type": null, "was:amenity": null, "website": null, "wikidata": null, "wikipedia": null, "is_living": false}, "geometry": {"type": "Polygon", "coordinates": [[[35.6441012, 56.4105828], [35.6439199, 56.410546], [35.6440893, 56.4102904], [35.6442707, 56.4103272], [35.6441012, 56.4105828]]]}}, {"type": "Feature", "properties": {"id": "way/620628015", "@id": "way/620628015", "abandoned": null, "addr:city": null, "addr:housenumber": null, "addr:place": null, "addr:postcode": null, "addr:street": null, "alt_name": null, "amenity": null, "building": "yes", "building:levels": null, "cuisine": null, "denomination": null, "government": null, "historic": null, "inscription": null, "layer": null, "memorial": null, "name": null, "name:en": null, "name:ru": null, "office": null, "opening_hours": null, "operator": null, "phone": null, "power": null, "ref:sobory.ru": null, "ref:temples.ru": null, "religion": null, "roof:shape": null, "shop": null, "source:addr": null, "source:housenumber": null, "start_date": null, "tomb": null, "tourism": null, "type": null, "was:amenity": null, "website": null, "wikidata": null, "wikipedia": null, "is_living": false}, "geometry": {"type": "Polygon", "coordinates": [[[35.6455846, 56.410698], [35.6455739, 56.4105599], [35.64633, 56.4105421], [35.6463406, 56.4106802], [35.6455846, 56.410698]]]}}, {"type": "Feature", "properties": {"id": "way/620628016", "@id": "way/620628016", "abandoned": null, "addr:city": null, "addr:housenumber": null, "addr:place": null, "addr:postcode": null, "addr:street": null, "alt_name": null, "amenity": null, "building": "yes", "building:levels": null, "cuisine": null, "denomination": null, "government": null, "historic": null, "inscription": null, "layer": null, "memorial": null, "name": null, "name:en": null, "name:ru": null, "office": null, "opening_hours": null, "operator": null, "phone": null, "power": null, "ref:sobory.ru": null, "ref:temples.ru": null, "religion": null, "roof:shape": null, "shop": null, "source:addr": null, "source:housenumber": null, "start_date": null, "tomb": null, "tourism": null, "type": null, "was:amenity": null, "website": null, "wikidata": null, "wikipedia": null, "is_living": false}, "geometry": {"type": "Polygon", "coordinates": [[[35.6435903, 56.4106561], [35.64352, 56.4106515], [35.6435304, 56.4106029], [35.6436007, 56.4106075], [35.6435903, 56.4106561]]]}}, {"type": "Feature", "properties": {"id": "way/620628017", "@id": "way/620628017", "abandoned": null, "addr:city": null, "addr:housenumber": null, "addr:place": null, "addr:postcode": null, "addr:street": null, "alt_name": null, "amenity": null, "building": "yes", "building:levels": null, "cuisine": null, "denomination": null, "government": null, "historic": null, "inscription": null, "layer": null, "memorial": null, "name": null, "name:en": null, "name:ru": null, "office": null, "opening_hours": null, "operator": null, "phone": null, "power": null, "ref:sobory.ru": null, "ref:temples.ru": null, "religion": null, "roof:shape": null, "shop": null, "source:addr": null, "source:housenumber": null, "start_date": null, "tomb": null, "tourism": null, "type": null, "was:amenity": null, "website": null, "wikidata": null, "wikipedia": null, "is_living": false}, "geometry": {"type": "Polygon", "coordinates": [[[35.6455421, 56.4106909], [35.6448325, 56.4107049], [35.644821, 56.4105247], [35.6450753, 56.4105197], [35.6450792, 56.4105812], [35.6455345, 56.4105722], [35.6455421, 56.4106909]]]}}, {"type": "Feature", "properties": {"id": "way/620628018", "@id": "way/620628018", "abandoned": null, "addr:city": null, "addr:housenumber": null, "addr:place": null, "addr:postcode": null, "addr:street": null, "alt_name": null, "amenity": null, "building": "yes", "building:levels": null, "cuisine": null, "denomination": null, "government": null, "historic": null, "inscription": null, "layer": null, "memorial": null, "name": null, "name:en": null, "name:ru": null, "office": null, "opening_hours": null, "operator": null, "phone": null, "power": null, "ref:sobory.ru": null, "ref:temples.ru": null, "religion": null, "roof:shape": null, "shop": null, "source:addr": null, "source:housenumber": null, "start_date": null, "tomb": null, "tourism": null, "type": null, "was:amenity": null, "website": null, "wikidata": null, "wikipedia": null, "is_living": false}, "geometry": {"type": "Polygon", "coordinates": [[[35.6474707, 56.4105542], [35.6474269, 56.4103178], [35.647666, 56.4103042], [35.6477099, 56.4105406], [35.6474707, 56.4105542]]]}}, {"type": "Feature", "properties": {"id": "way/620768348", "@id": "way/620768348", "abandoned": null, "addr:city": null, "addr:housenumber": null, "addr:place": null, "addr:postcode": null, "addr:street": null, "alt_name": null, "amenity": null, "building": "yes", "building:levels": null, "cuisine": null, "denomination": null, "government": null, "historic": null, "inscription": null, "layer": null, "memorial": null, "name": null, "name:en": null, "name:ru": null, "office": null, "opening_hours": null, "operator": null, "phone": null, "power": null, "ref:sobory.ru": null, "ref:temples.ru": null, "religion": null, "roof:shape": null, "shop": null, "source:addr": null, "source:housenumber": null, "start_date": null, "tomb": null, "tourism": null, "type": null, "was:amenity": null, "website": null, "wikidata": null, "wikipedia": null, "is_living": false}, "geometry": {"type": "Polygon", "coordinates": [[[35.6590999, 56.4040262], [35.6589911, 56.4039945], [35.6591039, 56.4038761], [35.6592127, 56.4039078], [35.6590999, 56.4040262]]]}}, {"type": "Feature", "properties": {"id": "way/620795658", "@id": "way/620795658", "abandoned": null, "addr:city": null, "addr:housenumber": null, "addr:place": null, "addr:postcode": null, "addr:street": null, "alt_name": null, "amenity": null, "building": "yes", "building:levels": null, "cuisine": null, "denomination": null, "government": null, "historic": null, "inscription": null, "layer": null, "memorial": null, "name": null, "name:en": null, "name:ru": null, "office": null, "opening_hours": null, "operator": null, "phone": null, "power": null, "ref:sobory.ru": null, "ref:temples.ru": null, "religion": null, "roof:shape": null, "shop": null, "source:addr": null, "source:housenumber": null, "start_date": null, "tomb": null, "tourism": null, "type": null, "was:amenity": null, "website": null, "wikidata": null, "wikipedia": null, "is_living": false}, "geometry": {"type": "Polygon", "coordinates": [[[35.6363382, 56.3809079], [35.6368795, 56.3802569], [35.6372088, 56.3803409], [35.6369865, 56.3806083], [35.6373078, 56.3806902], [35.6375312, 56.3804216], [35.6378737, 56.3805089], [35.6373462, 56.3811432], [35.6369603, 56.3810448], [35.637, 56.380997], [35.6370635, 56.3810132], [35.6372395, 56.3808015], [35.6368835, 56.3807107], [35.6366529, 56.3809881], [35.6363382, 56.3809079]]]}}, {"type": "Feature", "properties": {"id": "way/620795661", "@id": "way/620795661", "abandoned": null, "addr:city": null, "addr:housenumber": null, "addr:place": null, "addr:postcode": null, "addr:street": null, "alt_name": null, "amenity": null, "building": "yes", "building:levels": null, "cuisine": null, "denomination": null, "government": null, "historic": null, "inscription": null, "layer": null, "memorial": null, "name": null, "name:en": null, "name:ru": null, "office": null, "opening_hours": null, "operator": null, "phone": null, "power": null, "ref:sobory.ru": null, "ref:temples.ru": null, "religion": null, "roof:shape": null, "shop": null, "source:addr": null, "source:housenumber": null, "start_date": null, "tomb": null, "tourism": null, "type": null, "was:amenity": null, "website": null, "wikidata": null, "wikipedia": null, "is_living": false}, "geometry": {"type": "Polygon", "coordinates": [[[35.6380083, 56.3810805], [35.6383695, 56.3806436], [35.6386439, 56.3807131], [35.6382827, 56.38115], [35.6380083, 56.3810805]]]}}, {"type": "Feature", "properties": {"id": "way/620795662", "@id": "way/620795662", "abandoned": null, "addr:city": null, "addr:housenumber": null, "addr:place": null, "addr:postcode": null, "addr:street": null, "alt_name": null, "amenity": null, "building": "yes", "building:levels": null, "cuisine": null, "denomination": null, "government": null, "historic": null, "inscription": null, "layer": null, "memorial": null, "name": null, "name:en": null, "name:ru": null, "office": null, "opening_hours": null, "operator": null, "phone": null, "power": null, "ref:sobory.ru": null, "ref:temples.ru": null, "religion": null, "roof:shape": null, "shop": null, "source:addr": null, "source:housenumber": null, "start_date": null, "tomb": null, "tourism": null, "type": null, "was:amenity": null, "website": null, "wikidata": null, "wikipedia": null, "is_living": false}, "geometry": {"type": "Polygon", "coordinates": [[[35.634956, 56.3801331], [35.6348721, 56.3801118], [35.634906, 56.3800707], [35.63499, 56.380092], [35.634956, 56.3801331]]]}}, {"type": "Feature", "properties": {"id": "way/620795666", "@id": "way/620795666", "abandoned": null, "addr:city": null, "addr:housenumber": null, "addr:place": null, "addr:postcode": null, "addr:street": null, "alt_name": null, "amenity": null, "building": "yes", "building:levels": null, "cuisine": null, "denomination": null, "government": null, "historic": null, "inscription": null, "layer": null, "memorial": null, "name": null, "name:en": null, "name:ru": null, "office": null, "opening_hours": null, "operator": null, "phone": null, "power": null, "ref:sobory.ru": null, "ref:temples.ru": null, "religion": null, "roof:shape": null, "shop": null, "source:addr": null, "source:housenumber": null, "start_date": null, "tomb": null, "tourism": null, "type": null, "was:amenity": null, "website": null, "wikidata": null, "wikipedia": null, "is_living": false}, "geometry": {"type": "Polygon", "coordinates": [[[35.6347679, 56.3804696], [35.6352287, 56.3799232], [35.6352842, 56.3799376], [35.6353144, 56.3799017], [35.6355143, 56.3799533], [35.6354751, 56.3799997], [35.635572, 56.3800248], [35.635361, 56.3802749], [35.6360079, 56.3804422], [35.6361739, 56.3802454], [35.6363676, 56.3802955], [35.6359771, 56.3807585], [35.6357545, 56.3807009], [35.6358948, 56.3805345], [35.6352931, 56.380379], [35.6351361, 56.3805651], [35.6350686, 56.3805476], [35.6350302, 56.3805933], [35.6347998, 56.3805337], [35.6348385, 56.3804878], [35.6347679, 56.3804696]]]}}, {"type": "Feature", "properties": {"id": "way/621200254", "@id": "way/621200254", "abandoned": null, "addr:city": null, "addr:housenumber": null, "addr:place": null, "addr:postcode": null, "addr:street": null, "alt_name": null, "amenity": null, "building": "yes", "building:levels": null, "cuisine": null, "denomination": null, "government": null, "historic": null, "inscription": null, "layer": null, "memorial": null, "name": null, "name:en": null, "name:ru": null, "office": null, "opening_hours": null, "operator": null, "phone": null, "power": null, "ref:sobory.ru": null, "ref:temples.ru": null, "religion": null, "roof:shape": null, "shop": null, "source:addr": null, "source:housenumber": null, "start_date": null, "tomb": null, "tourism": null, "type": null, "was:amenity": null, "website": null, "wikidata": null, "wikipedia": null, "is_living": false}, "geometry": {"type": "Polygon", "coordinates": [[[35.7247891, 56.3481878], [35.7244762, 56.3481557], [35.7246354, 56.3476796], [35.7249484, 56.3477118], [35.7247891, 56.3481878]]]}}, {"type": "Feature", "properties": {"id": "way/621200256", "@id": "way/621200256", "abandoned": null, "addr:city": null, "addr:housenumber": null, "addr:place": null, "addr:postcode": null, "addr:street": null, "alt_name": null, "amenity": null, "building": "yes", "building:levels": null, "cuisine": null, "denomination": null, "government": null, "historic": null, "inscription": null, "layer": null, "memorial": null, "name": null, "name:en": null, "name:ru": null, "office": null, "opening_hours": null, "operator": null, "phone": null, "power": null, "ref:sobory.ru": null, "ref:temples.ru": null, "religion": null, "roof:shape": null, "shop": null, "source:addr": null, "source:housenumber": null, "start_date": null, "tomb": null, "tourism": null, "type": null, "was:amenity": null, "website": null, "wikidata": null, "wikipedia": null, "is_living": false}, "geometry": {"type": "Polygon", "coordinates": [[[35.7234187, 56.3475482], [35.7232179, 56.3475256], [35.7232402, 56.3474647], [35.7234379, 56.3474848], [35.7234187, 56.3475482]]]}}, {"type": "Feature", "properties": {"id": "way/621200260", "@id": "way/621200260", "abandoned": null, "addr:city": null, "addr:housenumber": null, "addr:place": null, "addr:postcode": null, "addr:street": null, "alt_name": null, "amenity": null, "building": "yes", "building:levels": null, "cuisine": null, "denomination": null, "government": null, "historic": null, "inscription": null, "layer": null, "memorial": null, "name": null, "name:en": null, "name:ru": null, "office": null, "opening_hours": null, "operator": null, "phone": null, "power": null, "ref:sobory.ru": null, "ref:temples.ru": null, "religion": null, "roof:shape": null, "shop": null, "source:addr": null, "source:housenumber": null, "start_date": null, "tomb": null, "tourism": null, "type": null, "was:amenity": null, "website": null, "wikidata": null, "wikipedia": null, "is_living": false}, "geometry": {"type": "Polygon", "coordinates": [[[35.7228686, 56.3480603], [35.7225753, 56.3480326], [35.7227239, 56.3475486], [35.7230171, 56.3475763], [35.7228686, 56.3480603]]]}}, {"type": "Feature", "properties": {"id": "way/621200264", "@id": "way/621200264", "abandoned": null, "addr:city": null, "addr:housenumber": null, "addr:place": null, "addr:postcode": null, "addr:street": null, "alt_name": null, "amenity": null, "building": "yes", "building:levels": null, "cuisine": null, "denomination": null, "government": null, "historic": null, "inscription": null, "layer": null, "memorial": null, "name": null, "name:en": null, "name:ru": null, "office": null, "opening_hours": null, "operator": null, "phone": null, "power": null, "ref:sobory.ru": null, "ref:temples.ru": null, "religion": null, "roof:shape": null, "shop": null, "source:addr": null, "source:housenumber": null, "start_date": null, "tomb": null, "tourism": null, "type": null, "was:amenity": null, "website": null, "wikidata": null, "wikipedia": null, "is_living": false}, "geometry": {"type": "Polygon", "coordinates": [[[35.7237043, 56.3482822], [35.7235554, 56.348266], [35.7235728, 56.3482169], [35.7232786, 56.3481849], [35.7233565, 56.3479649], [35.7237523, 56.3480079], [35.7236778, 56.3482182], [35.7237252, 56.3482233], [35.7237043, 56.3482822]]]}}, {"type": "Feature", "properties": {"id": "way/621200266", "@id": "way/621200266", "abandoned": null, "addr:city": null, "addr:housenumber": null, "addr:place": null, "addr:postcode": null, "addr:street": null, "alt_name": null, "amenity": null, "building": "yes", "building:levels": null, "cuisine": null, "denomination": null, "government": null, "historic": null, "inscription": null, "layer": null, "memorial": null, "name": null, "name:en": null, "name:ru": null, "office": null, "opening_hours": null, "operator": null, "phone": null, "power": null, "ref:sobory.ru": null, "ref:temples.ru": null, "religion": null, "roof:shape": null, "shop": null, "source:addr": null, "source:housenumber": null, "start_date": null, "tomb": null, "tourism": null, "type": null, "was:amenity": null, "website": null, "wikidata": null, "wikipedia": null, "is_living": false}, "geometry": {"type": "Polygon", "coordinates": [[[35.7239796, 56.3477077], [35.7233871, 56.3476525], [35.7234187, 56.3475482], [35.7234379, 56.3474848], [35.7240304, 56.3475399], [35.7239796, 56.3477077]]]}}, {"type": "Feature", "properties": {"id": "way/621200269", "@id": "way/621200269", "abandoned": null, "addr:city": null, "addr:housenumber": null, "addr:place": null, "addr:postcode": null, "addr:street": null, "alt_name": null, "amenity": null, "building": "yes", "building:levels": null, "cuisine": null, "denomination": null, "government": null, "historic": null, "inscription": null, "layer": null, "memorial": null, "name": null, "name:en": null, "name:ru": null, "office": null, "opening_hours": null, "operator": null, "phone": null, "power": null, "ref:sobory.ru": null, "ref:temples.ru": null, "religion": null, "roof:shape": null, "shop": null, "source:addr": null, "source:housenumber": null, "start_date": null, "tomb": null, "tourism": null, "type": null, "was:amenity": null, "website": null, "wikidata": null, "wikipedia": null, "is_living": false}, "geometry": {"type": "Polygon", "coordinates": [[[35.7258926, 56.3485414], [35.725631, 56.3485188], [35.7256466, 56.3484632], [35.7259083, 56.3484857], [35.7258926, 56.3485414]]]}}, {"type": "Feature", "properties": {"id": "way/621207328", "@id": "way/621207328", "abandoned": null, "addr:city": null, "addr:housenumber": null, "addr:place": null, "addr:postcode": null, "addr:street": null, "alt_name": null, "amenity": null, "building": "yes", "building:levels": null, "cuisine": null, "denomination": null, "government": null, "historic": null, "inscription": null, "layer": null, "memorial": null, "name": null, "name:en": null, "name:ru": null, "office": null, "opening_hours": null, "operator": null, "phone": null, "power": null, "ref:sobory.ru": null, "ref:temples.ru": null, "religion": null, "roof:shape": null, "shop": null, "source:addr": null, "source:housenumber": null, "start_date": null, "tomb": null, "tourism": null, "type": null, "was:amenity": null, "website": null, "wikidata": null, "wikipedia": null, "is_living": false}, "geometry": {"type": "Polygon", "coordinates": [[[35.723947, 56.3486419], [35.7238584, 56.3486288], [35.7238923, 56.3485584], [35.7239809, 56.3485715], [35.723947, 56.3486419]]]}}, {"type": "Feature", "properties": {"id": "way/621207332", "@id": "way/621207332", "abandoned": null, "addr:city": null, "addr:housenumber": null, "addr:place": null, "addr:postcode": null, "addr:street": null, "alt_name": null, "amenity": null, "building": "yes", "building:levels": null, "cuisine": null, "denomination": null, "government": null, "historic": null, "inscription": null, "layer": null, "memorial": null, "name": null, "name:en": null, "name:ru": null, "office": null, "opening_hours": null, "operator": null, "phone": null, "power": null, "ref:sobory.ru": null, "ref:temples.ru": null, "religion": null, "roof:shape": null, "shop": null, "source:addr": null, "source:housenumber": null, "start_date": null, "tomb": null, "tourism": null, "type": null, "was:amenity": null, "website": null, "wikidata": null, "wikipedia": null, "is_living": false}, "geometry": {"type": "Polygon", "coordinates": [[[35.7234447, 56.3472867], [35.7236484, 56.3466168], [35.7240071, 56.3466503], [35.7238034, 56.3473202], [35.7234447, 56.3472867]]]}}, {"type": "Feature", "properties": {"id": "way/621207343", "@id": "way/621207343", "abandoned": null, "addr:city": null, "addr:housenumber": null, "addr:place": null, "addr:postcode": null, "addr:street": null, "alt_name": null, "amenity": null, "building": "yes", "building:levels": null, "cuisine": null, "denomination": null, "government": null, "historic": null, "inscription": null, "layer": null, "memorial": null, "name": null, "name:en": null, "name:ru": null, "office": null, "opening_hours": null, "operator": null, "phone": null, "power": null, "ref:sobory.ru": null, "ref:temples.ru": null, "religion": null, "roof:shape": null, "shop": null, "source:addr": null, "source:housenumber": null, "start_date": null, "tomb": null, "tourism": null, "type": null, "was:amenity": null, "website": null, "wikidata": null, "wikipedia": null, "is_living": false}, "geometry": {"type": "Polygon", "coordinates": [[[35.7255973, 56.3464773], [35.7254994, 56.3464669], [35.7255168, 56.3464164], [35.7256147, 56.3464267], [35.7255973, 56.3464773]]]}}, {"type": "Feature", "properties": {"id": "way/621207351", "@id": "way/621207351", "abandoned": null, "addr:city": null, "addr:housenumber": null, "addr:place": null, "addr:postcode": null, "addr:street": null, "alt_name": null, "amenity": null, "building": "yes", "building:levels": null, "cuisine": null, "denomination": null, "government": null, "historic": null, "inscription": null, "layer": null, "memorial": null, "name": null, "name:en": null, "name:ru": null, "office": null, "opening_hours": null, "operator": null, "phone": null, "power": null, "ref:sobory.ru": null, "ref:temples.ru": null, "religion": null, "roof:shape": null, "shop": null, "source:addr": null, "source:housenumber": null, "start_date": null, "tomb": null, "tourism": null, "type": null, "was:amenity": null, "website": null, "wikidata": null, "wikipedia": null, "is_living": false}, "geometry": {"type": "Polygon", "coordinates": [[[35.7220199, 56.3471594], [35.7222253, 56.3464673], [35.7225604, 56.3464978], [35.7224661, 56.3468159], [35.7228631, 56.3468521], [35.7229582, 56.3465315], [35.7232955, 56.3465623], [35.7230908, 56.3472519], [35.7227506, 56.3472209], [35.7228268, 56.3469642], [35.722446, 56.3469295], [35.7223684, 56.3471911], [35.7220199, 56.3471594]]]}}, {"type": "Feature", "properties": {"id": "way/621207358", "@id": "way/621207358", "abandoned": null, "addr:city": null, "addr:housenumber": null, "addr:place": null, "addr:postcode": null, "addr:street": null, "alt_name": null, "amenity": null, "building": "yes", "building:levels": null, "cuisine": null, "denomination": null, "government": null, "historic": null, "inscription": null, "layer": null, "memorial": null, "name": null, "name:en": null, "name:ru": null, "office": null, "opening_hours": null, "operator": null, "phone": null, "power": null, "ref:sobory.ru": null, "ref:temples.ru": null, "religion": null, "roof:shape": null, "shop": null, "source:addr": null, "source:housenumber": null, "start_date": null, "tomb": null, "tourism": null, "type": null, "was:amenity": null, "website": null, "wikidata": null, "wikipedia": null, "is_living": false}, "geometry": {"type": "Polygon", "coordinates": [[[35.7242623, 56.3473665], [35.724485, 56.3466905], [35.7248482, 56.3467272], [35.7247516, 56.3470204], [35.7251339, 56.347059], [35.7252297, 56.3467681], [35.7255546, 56.346801], [35.725337, 56.3474615], [35.725029, 56.3474303], [35.7251118, 56.3471788], [35.7247151, 56.3471387], [35.7246278, 56.3474035], [35.7242623, 56.3473665]]]}}, {"type": "Feature", "properties": {"id": "way/621209056", "@id": "way/621209056", "abandoned": null, "addr:city": null, "addr:housenumber": null, "addr:place": null, "addr:postcode": null, "addr:street": null, "alt_name": null, "amenity": null, "building": "garages", "building:levels": null, "cuisine": null, "denomination": null, "government": null, "historic": null, "inscription": null, "layer": null, "memorial": null, "name": null, "name:en": null, "name:ru": null, "office": null, "opening_hours": null, "operator": null, "phone": null, "power": null, "ref:sobory.ru": null, "ref:temples.ru": null, "religion": null, "roof:shape": null, "shop": null, "source:addr": null, "source:housenumber": null, "start_date": null, "tomb": null, "tourism": null, "type": null, "was:amenity": null, "website": null, "wikidata": null, "wikipedia": null, "is_living": false}, "geometry": {"type": "Polygon", "coordinates": [[[35.711784, 56.3565579], [35.7115966, 56.3563901], [35.7115448, 56.3564079], [35.7114394, 56.3563135], [35.7116486, 56.3562418], [35.7119413, 56.356504], [35.711784, 56.3565579]]]}}, {"type": "Feature", "properties": {"id": "way/621209057", "@id": "way/621209057", "abandoned": null, "addr:city": null, "addr:housenumber": null, "addr:place": null, "addr:postcode": null, "addr:street": null, "alt_name": null, "amenity": null, "building": "garages", "building:levels": null, "cuisine": null, "denomination": null, "government": null, "historic": null, "inscription": null, "layer": null, "memorial": null, "name": null, "name:en": null, "name:ru": null, "office": null, "opening_hours": null, "operator": null, "phone": null, "power": null, "ref:sobory.ru": null, "ref:temples.ru": null, "religion": null, "roof:shape": null, "shop": null, "source:addr": null, "source:housenumber": null, "start_date": null, "tomb": null, "tourism": null, "type": null, "was:amenity": null, "website": null, "wikidata": null, "wikipedia": null, "is_living": false}, "geometry": {"type": "Polygon", "coordinates": [[[35.7104276, 56.3578236], [35.7099627, 56.3574253], [35.7101086, 56.357373], [35.7105735, 56.3577714], [35.7104276, 56.3578236]]]}}, {"type": "Feature", "properties": {"id": "way/621209059", "@id": "way/621209059", "abandoned": null, "addr:city": null, "addr:housenumber": null, "addr:place": null, "addr:postcode": null, "addr:street": null, "alt_name": null, "amenity": null, "building": "garages", "building:levels": null, "cuisine": null, "denomination": null, "government": null, "historic": null, "inscription": null, "layer": null, "memorial": null, "name": null, "name:en": null, "name:ru": null, "office": null, "opening_hours": null, "operator": null, "phone": null, "power": null, "ref:sobory.ru": null, "ref:temples.ru": null, "religion": null, "roof:shape": null, "shop": null, "source:addr": null, "source:housenumber": null, "start_date": null, "tomb": null, "tourism": null, "type": null, "was:amenity": null, "website": null, "wikidata": null, "wikipedia": null, "is_living": false}, "geometry": {"type": "Polygon", "coordinates": [[[35.7115686, 56.3566493], [35.7113688, 56.356722], [35.7110026, 56.356413], [35.7112023, 56.3563403], [35.7115686, 56.3566493]]]}}, {"type": "Feature", "properties": {"id": "way/621209062", "@id": "way/621209062", "abandoned": null, "addr:city": null, "addr:housenumber": null, "addr:place": null, "addr:postcode": null, "addr:street": null, "alt_name": null, "amenity": null, "building": "garages", "building:levels": null, "cuisine": null, "denomination": null, "government": null, "historic": null, "inscription": null, "layer": null, "memorial": null, "name": null, "name:en": null, "name:ru": null, "office": null, "opening_hours": null, "operator": null, "phone": null, "power": null, "ref:sobory.ru": null, "ref:temples.ru": null, "religion": null, "roof:shape": null, "shop": null, "source:addr": null, "source:housenumber": null, "start_date": null, "tomb": null, "tourism": null, "type": null, "was:amenity": null, "website": null, "wikidata": null, "wikipedia": null, "is_living": false}, "geometry": {"type": "Polygon", "coordinates": [[[35.710817, 56.3576723], [35.7104015, 56.3573107], [35.7105465, 56.3572595], [35.7106377, 56.3573389], [35.710678, 56.3573247], [35.7109077, 56.3575246], [35.7108109, 56.3575587], [35.7109055, 56.3576411], [35.710817, 56.3576723]]]}}, {"type": "Feature", "properties": {"id": "way/621209064", "@id": "way/621209064", "abandoned": null, "addr:city": null, "addr:housenumber": null, "addr:place": null, "addr:postcode": null, "addr:street": null, "alt_name": null, "amenity": null, "building": "garages", "building:levels": null, "cuisine": null, "denomination": null, "government": null, "historic": null, "inscription": null, "layer": null, "memorial": null, "name": null, "name:en": null, "name:ru": null, "office": null, "opening_hours": null, "operator": null, "phone": null, "power": null, "ref:sobory.ru": null, "ref:temples.ru": null, "religion": null, "roof:shape": null, "shop": null, "source:addr": null, "source:housenumber": null, "start_date": null, "tomb": null, "tourism": null, "type": null, "was:amenity": null, "website": null, "wikidata": null, "wikipedia": null, "is_living": false}, "geometry": {"type": "Polygon", "coordinates": [[[35.7088453, 56.3584802], [35.7086854, 56.3583393], [35.708785, 56.3583046], [35.7089449, 56.3584454], [35.7088453, 56.3584802]]]}}, {"type": "Feature", "properties": {"id": "way/621209066", "@id": "way/621209066", "abandoned": null, "addr:city": null, "addr:housenumber": null, "addr:place": null, "addr:postcode": null, "addr:street": null, "alt_name": null, "amenity": null, "building": "garage", "building:levels": null, "cuisine": null, "denomination": null, "government": null, "historic": null, "inscription": null, "layer": null, "memorial": null, "name": null, "name:en": null, "name:ru": null, "office": null, "opening_hours": null, "operator": null, "phone": null, "power": null, "ref:sobory.ru": null, "ref:temples.ru": null, "religion": null, "roof:shape": null, "shop": null, "source:addr": null, "source:housenumber": null, "start_date": null, "tomb": null, "tourism": null, "type": null, "was:amenity": null, "website": null, "wikidata": null, "wikipedia": null, "is_living": false}, "geometry": {"type": "Polygon", "coordinates": [[[35.7113345, 56.3583165], [35.7112715, 56.3582591], [35.7114412, 56.3582019], [35.7115043, 56.3582594], [35.7113345, 56.3583165]]]}}, {"type": "Feature", "properties": {"id": "way/621209068", "@id": "way/621209068", "abandoned": null, "addr:city": null, "addr:housenumber": null, "addr:place": null, "addr:postcode": null, "addr:street": null, "alt_name": null, "amenity": null, "building": "garages", "building:levels": null, "cuisine": null, "denomination": null, "government": null, "historic": null, "inscription": null, "layer": null, "memorial": null, "name": null, "name:en": null, "name:ru": null, "office": null, "opening_hours": null, "operator": null, "phone": null, "power": null, "ref:sobory.ru": null, "ref:temples.ru": null, "religion": null, "roof:shape": null, "shop": null, "source:addr": null, "source:housenumber": null, "start_date": null, "tomb": null, "tourism": null, "type": null, "was:amenity": null, "website": null, "wikidata": null, "wikipedia": null, "is_living": false}, "geometry": {"type": "Polygon", "coordinates": [[[35.7110413, 56.3569054], [35.7107179, 56.3566128], [35.7107847, 56.3565901], [35.7107382, 56.356548], [35.7108201, 56.3565203], [35.71119, 56.356855], [35.7110413, 56.3569054]]]}}, {"type": "Feature", "properties": {"id": "way/621209070", "@id": "way/621209070", "abandoned": null, "addr:city": null, "addr:housenumber": null, "addr:place": null, "addr:postcode": null, "addr:street": null, "alt_name": null, "amenity": null, "building": "garage", "building:levels": null, "cuisine": null, "denomination": null, "government": null, "historic": null, "inscription": null, "layer": null, "memorial": null, "name": null, "name:en": null, "name:ru": null, "office": null, "opening_hours": null, "operator": null, "phone": null, "power": null, "ref:sobory.ru": null, "ref:temples.ru": null, "religion": null, "roof:shape": null, "shop": null, "source:addr": null, "source:housenumber": null, "start_date": null, "tomb": null, "tourism": null, "type": null, "was:amenity": null, "website": null, "wikidata": null, "wikipedia": null, "is_living": false}, "geometry": {"type": "Polygon", "coordinates": [[[35.7120423, 56.3580032], [35.7119855, 56.3579552], [35.7121642, 56.3578902], [35.712221, 56.3579382], [35.7120423, 56.3580032]]]}}, {"type": "Feature", "properties": {"id": "way/621209071", "@id": "way/621209071", "abandoned": null, "addr:city": null, "addr:housenumber": null, "addr:place": null, "addr:postcode": null, "addr:street": null, "alt_name": null, "amenity": null, "building": "garage", "building:levels": null, "cuisine": null, "denomination": null, "government": null, "historic": null, "inscription": null, "layer": null, "memorial": null, "name": null, "name:en": null, "name:ru": null, "office": null, "opening_hours": null, "operator": null, "phone": null, "power": null, "ref:sobory.ru": null, "ref:temples.ru": null, "religion": null, "roof:shape": null, "shop": null, "source:addr": null, "source:housenumber": null, "start_date": null, "tomb": null, "tourism": null, "type": null, "was:amenity": null, "website": null, "wikidata": null, "wikipedia": null, "is_living": false}, "geometry": {"type": "Polygon", "coordinates": [[[35.7108976, 56.3584562], [35.7108438, 56.3584077], [35.7111048, 56.3583187], [35.7111587, 56.3583672], [35.7110841, 56.3583926], [35.7108976, 56.3584562]]]}}, {"type": "Feature", "properties": {"id": "way/621210381", "@id": "way/621210381", "abandoned": null, "addr:city": null, "addr:housenumber": null, "addr:place": null, "addr:postcode": null, "addr:street": null, "alt_name": null, "amenity": null, "building": "garages", "building:levels": null, "cuisine": null, "denomination": null, "government": null, "historic": null, "inscription": null, "layer": null, "memorial": null, "name": null, "name:en": null, "name:ru": null, "office": null, "opening_hours": null, "operator": null, "phone": null, "power": null, "ref:sobory.ru": null, "ref:temples.ru": null, "religion": null, "roof:shape": null, "shop": null, "source:addr": null, "source:housenumber": null, "start_date": null, "tomb": null, "tourism": null, "type": null, "was:amenity": null, "website": null, "wikidata": null, "wikipedia": null, "is_living": false}, "geometry": {"type": "Polygon", "coordinates": [[[35.7109271, 56.3603845], [35.710867, 56.3603312], [35.7111569, 56.3602309], [35.711217, 56.3602842], [35.7109271, 56.3603845]]]}}, {"type": "Feature", "properties": {"id": "way/621415835", "@id": "way/621415835", "abandoned": null, "addr:city": null, "addr:housenumber": null, "addr:place": null, "addr:postcode": null, "addr:street": null, "alt_name": null, "amenity": null, "building": "yes", "building:levels": null, "cuisine": null, "denomination": null, "government": null, "historic": null, "inscription": null, "layer": null, "memorial": null, "name": null, "name:en": null, "name:ru": null, "office": null, "opening_hours": null, "operator": null, "phone": null, "power": null, "ref:sobory.ru": null, "ref:temples.ru": null, "religion": null, "roof:shape": null, "shop": null, "source:addr": null, "source:housenumber": null, "start_date": null, "tomb": null, "tourism": null, "type": null, "was:amenity": null, "website": null, "wikidata": null, "wikipedia": null, "is_living": false}, "geometry": {"type": "Polygon", "coordinates": [[[35.7912224, 56.3380982], [35.7912119, 56.3378948], [35.79148, 56.3378905], [35.7914736, 56.3377645], [35.7915569, 56.3377632], [35.7915545, 56.3377158], [35.7917864, 56.3377121], [35.7917882, 56.3377483], [35.7918629, 56.3377471], [35.7918935, 56.3383434], [35.7918245, 56.3383445], [35.7918273, 56.3383979], [35.7916193, 56.3384012], [35.7916165, 56.3383462], [35.7915305, 56.3383476], [35.7915174, 56.3380935], [35.7912224, 56.3380982]]]}}, {"type": "Feature", "properties": {"id": "way/621415836", "@id": "way/621415836", "abandoned": null, "addr:city": null, "addr:housenumber": null, "addr:place": null, "addr:postcode": null, "addr:street": null, "alt_name": null, "amenity": null, "building": "yes", "building:levels": null, "cuisine": null, "denomination": null, "government": null, "historic": null, "inscription": null, "layer": null, "memorial": null, "name": null, "name:en": null, "name:ru": null, "office": null, "opening_hours": null, "operator": null, "phone": null, "power": null, "ref:sobory.ru": null, "ref:temples.ru": null, "religion": null, "roof:shape": null, "shop": null, "source:addr": null, "source:housenumber": null, "start_date": null, "tomb": null, "tourism": null, "type": null, "was:amenity": null, "website": null, "wikidata": null, "wikipedia": null, "is_living": false}, "geometry": {"type": "Polygon", "coordinates": [[[35.7900908, 56.3384878], [35.790051, 56.3377904], [35.7904216, 56.3377839], [35.7904353, 56.3380228], [35.7908043, 56.3380163], [35.7907907, 56.3377785], [35.791156, 56.3377721], [35.7911958, 56.3384671], [35.7908429, 56.3384733], [35.7908259, 56.3381753], [35.7904381, 56.3381821], [35.7904553, 56.3384814], [35.7900908, 56.3384878]]]}}, {"type": "Feature", "properties": {"id": "way/621415839", "@id": "way/621415839", "abandoned": null, "addr:city": null, "addr:housenumber": null, "addr:place": null, "addr:postcode": null, "addr:street": null, "alt_name": null, "amenity": null, "building": "yes", "building:levels": null, "cuisine": null, "denomination": null, "government": null, "historic": null, "inscription": null, "layer": null, "memorial": null, "name": null, "name:en": null, "name:ru": null, "office": null, "opening_hours": null, "operator": null, "phone": null, "power": null, "ref:sobory.ru": null, "ref:temples.ru": null, "religion": null, "roof:shape": null, "shop": null, "source:addr": null, "source:housenumber": null, "start_date": null, "tomb": null, "tourism": null, "type": null, "was:amenity": null, "website": null, "wikidata": null, "wikipedia": null, "is_living": false}, "geometry": {"type": "Polygon", "coordinates": [[[35.7897983, 56.3383628], [35.7897933, 56.3383035], [35.7898855, 56.3383011], [35.7898906, 56.3383604], [35.7897983, 56.3383628]]]}}, {"type": "Feature", "properties": {"id": "way/621415840", "@id": "way/621415840", "abandoned": null, "addr:city": null, "addr:housenumber": null, "addr:place": null, "addr:postcode": null, "addr:street": null, "alt_name": null, "amenity": null, "building": "yes", "building:levels": null, "cuisine": null, "denomination": null, "government": null, "historic": null, "inscription": null, "layer": null, "memorial": null, "name": null, "name:en": null, "name:ru": null, "office": null, "opening_hours": null, "operator": null, "phone": null, "power": null, "ref:sobory.ru": null, "ref:temples.ru": null, "religion": null, "roof:shape": null, "shop": null, "source:addr": null, "source:housenumber": null, "start_date": null, "tomb": null, "tourism": null, "type": null, "was:amenity": null, "website": null, "wikidata": null, "wikipedia": null, "is_living": false}, "geometry": {"type": "Polygon", "coordinates": [[[35.7886499, 56.3380357], [35.7886462, 56.3378922], [35.7887602, 56.3378913], [35.7887639, 56.3380347], [35.7886499, 56.3380357]]]}}, {"type": "Feature", "properties": {"id": "way/622591299", "@id": "way/622591299", "abandoned": null, "addr:city": null, "addr:housenumber": null, "addr:place": null, "addr:postcode": null, "addr:street": null, "alt_name": null, "amenity": null, "building": "yes", "building:levels": null, "cuisine": null, "denomination": null, "government": null, "historic": null, "inscription": null, "layer": null, "memorial": null, "name": null, "name:en": null, "name:ru": null, "office": null, "opening_hours": null, "operator": null, "phone": null, "power": null, "ref:sobory.ru": null, "ref:temples.ru": null, "religion": null, "roof:shape": null, "shop": null, "source:addr": null, "source:housenumber": null, "start_date": null, "tomb": null, "tourism": null, "type": null, "was:amenity": null, "website": null, "wikidata": null, "wikipedia": null, "is_living": false}, "geometry": {"type": "Polygon", "coordinates": [[[35.7400617, 56.3191027], [35.739997, 56.3191026], [35.7399967, 56.3191308], [35.7397552, 56.3191302], [35.7397555, 56.3191017], [35.7396915, 56.3191016], [35.7396938, 56.3188443], [35.7393921, 56.3188435], [35.7393934, 56.3187054], [35.7396871, 56.3187062], [35.739689, 56.3185034], [35.739751, 56.3185036], [35.7397514, 56.3184592], [35.7399901, 56.3184598], [35.7399897, 56.3185018], [35.7400671, 56.318502], [35.7400617, 56.3191027]]]}}, {"type": "Feature", "properties": {"id": "way/622591314", "@id": "way/622591314", "abandoned": null, "addr:city": null, "addr:housenumber": null, "addr:place": null, "addr:postcode": null, "addr:street": null, "alt_name": null, "amenity": null, "building": "yes", "building:levels": null, "cuisine": null, "denomination": null, "government": null, "historic": null, "inscription": null, "layer": null, "memorial": null, "name": null, "name:en": null, "name:ru": null, "office": null, "opening_hours": null, "operator": null, "phone": null, "power": null, "ref:sobory.ru": null, "ref:temples.ru": null, "religion": null, "roof:shape": null, "shop": null, "source:addr": null, "source:housenumber": null, "start_date": null, "tomb": null, "tourism": null, "type": null, "was:amenity": null, "website": null, "wikidata": null, "wikipedia": null, "is_living": false}, "geometry": {"type": "Polygon", "coordinates": [[[35.7385182, 56.3191022], [35.7385156, 56.3185146], [35.7385667, 56.3185146], [35.7385628, 56.3184566], [35.7388122, 56.3184544], [35.7388095, 56.3185136], [35.7388762, 56.3185118], [35.7388616, 56.3187124], [35.7391539, 56.3187124], [35.7391512, 56.3188404], [35.7388669, 56.3188448], [35.7388589, 56.3191036], [35.7388099, 56.3191032], [35.7388106, 56.3191304], [35.7385558, 56.3191319], [35.7385561, 56.3191022], [35.7385182, 56.3191022]]]}}, {"type": "Feature", "properties": {"id": "way/622654539", "@id": "way/622654539", "abandoned": null, "addr:city": null, "addr:housenumber": null, "addr:place": null, "addr:postcode": null, "addr:street": null, "alt_name": null, "amenity": null, "building": "retail", "building:levels": null, "cuisine": null, "denomination": null, "government": null, "historic": null, "inscription": null, "layer": null, "memorial": null, "name": "Продуктовый магазин", "name:en": null, "name:ru": null, "office": null, "opening_hours": null, "operator": null, "phone": null, "power": null, "ref:sobory.ru": null, "ref:temples.ru": null, "religion": null, "roof:shape": null, "shop": null, "source:addr": null, "source:housenumber": null, "start_date": null, "tomb": null, "tourism": null, "type": null, "was:amenity": null, "website": null, "wikidata": null, "wikipedia": null, "is_living": false}, "geometry": {"type": "Polygon", "coordinates": [[[35.6468159, 56.2859464], [35.6467863, 56.2858021], [35.646974, 56.2857902], [35.6470036, 56.2859345], [35.6468159, 56.2859464]]]}}, {"type": "Feature", "properties": {"id": "way/622656370", "@id": "way/622656370", "abandoned": null, "addr:city": null, "addr:housenumber": null, "addr:place": null, "addr:postcode": null, "addr:street": null, "alt_name": null, "amenity": null, "building": "yes", "building:levels": null, "cuisine": null, "denomination": null, "government": null, "historic": null, "inscription": null, "layer": null, "memorial": null, "name": null, "name:en": null, "name:ru": null, "office": null, "opening_hours": null, "operator": null, "phone": null, "power": null, "ref:sobory.ru": null, "ref:temples.ru": null, "religion": null, "roof:shape": null, "shop": null, "source:addr": null, "source:housenumber": null, "start_date": null, "tomb": null, "tourism": null, "type": null, "was:amenity": null, "website": null, "wikidata": null, "wikipedia": null, "is_living": false}, "geometry": {"type": "Polygon", "coordinates": [[[35.635907, 56.2814038], [35.6358408, 56.2811248], [35.6360509, 56.2811094], [35.6360909, 56.2812782], [35.6361825, 56.2812715], [35.6362087, 56.2813817], [35.635907, 56.2814038]]]}}, {"type": "Feature", "properties": {"id": "way/622656371", "@id": "way/622656371", "abandoned": null, "addr:city": null, "addr:housenumber": null, "addr:place": null, "addr:postcode": null, "addr:street": null, "alt_name": null, "amenity": null, "building": "yes", "building:levels": null, "cuisine": null, "denomination": null, "government": null, "historic": null, "inscription": null, "layer": null, "memorial": null, "name": null, "name:en": null, "name:ru": null, "office": null, "opening_hours": null, "operator": null, "phone": null, "power": null, "ref:sobory.ru": null, "ref:temples.ru": null, "religion": null, "roof:shape": null, "shop": null, "source:addr": null, "source:housenumber": null, "start_date": null, "tomb": null, "tourism": null, "type": null, "was:amenity": null, "website": null, "wikidata": null, "wikipedia": null, "is_living": false}, "geometry": {"type": "Polygon", "coordinates": [[[35.6342136, 56.281912], [35.6340952, 56.2819218], [35.6340648, 56.2818091], [35.6341832, 56.2817993], [35.6342136, 56.281912]]]}}, {"type": "Feature", "properties": {"id": "way/622656374", "@id": "way/622656374", "abandoned": null, "addr:city": null, "addr:housenumber": null, "addr:place": null, "addr:postcode": null, "addr:street": null, "alt_name": null, "amenity": null, "building": "yes", "building:levels": null, "cuisine": null, "denomination": null, "government": null, "historic": null, "inscription": null, "layer": null, "memorial": null, "name": null, "name:en": null, "name:ru": null, "office": null, "opening_hours": null, "operator": null, "phone": null, "power": null, "ref:sobory.ru": null, "ref:temples.ru": null, "religion": null, "roof:shape": null, "shop": null, "source:addr": null, "source:housenumber": null, "start_date": null, "tomb": null, "tourism": null, "type": null, "was:amenity": null, "website": null, "wikidata": null, "wikipedia": null, "is_living": false}, "geometry": {"type": "Polygon", "coordinates": [[[35.6345367, 56.2815703], [35.6345285, 56.2814551], [35.6352059, 56.2814403], [35.6352141, 56.2815555], [35.6345367, 56.2815703]]]}}, {"type": "Feature", "properties": {"id": "way/622656376", "@id": "way/622656376", "abandoned": null, "addr:city": null, "addr:housenumber": null, "addr:place": null, "addr:postcode": null, "addr:street": null, "alt_name": null, "amenity": null, "building": "yes", "building:levels": null, "cuisine": null, "denomination": null, "government": null, "historic": null, "inscription": null, "layer": null, "memorial": null, "name": null, "name:en": null, "name:ru": null, "office": null, "opening_hours": null, "operator": null, "phone": null, "power": null, "ref:sobory.ru": null, "ref:temples.ru": null, "religion": null, "roof:shape": null, "shop": null, "source:addr": null, "source:housenumber": null, "start_date": null, "tomb": null, "tourism": null, "type": null, "was:amenity": null, "website": null, "wikidata": null, "wikipedia": null, "is_living": false}, "geometry": {"type": "Polygon", "coordinates": [[[35.6335099, 56.2819221], [35.6333032, 56.2819301], [35.633276, 56.2817121], [35.6334827, 56.2817042], [35.6335099, 56.2819221]]]}}, {"type": "Feature", "properties": {"id": "way/623060184", "@id": "way/623060184", "abandoned": null, "addr:city": null, "addr:housenumber": null, "addr:place": null, "addr:postcode": null, "addr:street": null, "alt_name": null, "amenity": null, "building": "yes", "building:levels": null, "cuisine": null, "denomination": null, "government": null, "historic": null, "inscription": null, "layer": null, "memorial": null, "name": null, "name:en": null, "name:ru": null, "office": null, "opening_hours": null, "operator": null, "phone": null, "power": null, "ref:sobory.ru": null, "ref:temples.ru": null, "religion": null, "roof:shape": null, "shop": null, "source:addr": null, "source:housenumber": null, "start_date": null, "tomb": null, "tourism": null, "type": null, "was:amenity": null, "website": null, "wikidata": null, "wikipedia": null, "is_living": false}, "geometry": {"type": "Polygon", "coordinates": [[[35.6067529, 56.2414526], [35.6064083, 56.2412692], [35.6065661, 56.2411776], [35.6069107, 56.2413611], [35.6067529, 56.2414526]]]}}, {"type": "Feature", "properties": {"id": "way/623060227", "@id": "way/623060227", "abandoned": null, "addr:city": null, "addr:housenumber": null, "addr:place": null, "addr:postcode": null, "addr:street": null, "alt_name": null, "amenity": null, "building": "yes", "building:levels": null, "cuisine": null, "denomination": null, "government": null, "historic": null, "inscription": null, "layer": null, "memorial": null, "name": null, "name:en": null, "name:ru": null, "office": null, "opening_hours": null, "operator": null, "phone": null, "power": null, "ref:sobory.ru": null, "ref:temples.ru": null, "religion": null, "roof:shape": null, "shop": null, "source:addr": null, "source:housenumber": null, "start_date": null, "tomb": null, "tourism": null, "type": null, "was:amenity": null, "website": null, "wikidata": null, "wikipedia": null, "is_living": false}, "geometry": {"type": "Polygon", "coordinates": [[[35.5945124, 56.2413609], [35.5943474, 56.2412414], [35.5953099, 56.2408309], [35.5954749, 56.2409503], [35.5945124, 56.2413609]]]}}, {"type": "Feature", "properties": {"id": "way/623060229", "@id": "way/623060229", "abandoned": null, "addr:city": null, "addr:housenumber": null, "addr:place": null, "addr:postcode": null, "addr:street": null, "alt_name": null, "amenity": null, "building": "yes", "building:levels": null, "cuisine": null, "denomination": null, "government": null, "historic": null, "inscription": null, "layer": null, "memorial": null, "name": null, "name:en": null, "name:ru": null, "office": null, "opening_hours": null, "operator": null, "phone": null, "power": null, "ref:sobory.ru": null, "ref:temples.ru": null, "religion": null, "roof:shape": null, "shop": null, "source:addr": null, "source:housenumber": null, "start_date": null, "tomb": null, "tourism": null, "type": null, "was:amenity": null, "website": null, "wikidata": null, "wikipedia": null, "is_living": false}, "geometry": {"type": "Polygon", "coordinates": [[[35.5987222, 56.2393216], [35.5985596, 56.2392053], [35.5994793, 56.2388083], [35.5996419, 56.2389246], [35.5987222, 56.2393216]]]}}, {"type": "Feature", "properties": {"id": "way/623065375", "@id": "way/623065375", "abandoned": null, "addr:city": null, "addr:housenumber": null, "addr:place": null, "addr:postcode": null, "addr:street": null, "alt_name": null, "amenity": null, "building": "garages", "building:levels": null, "cuisine": null, "denomination": null, "government": null, "historic": null, "inscription": null, "layer": null, "memorial": null, "name": null, "name:en": null, "name:ru": null, "office": null, "opening_hours": null, "operator": null, "phone": null, "power": null, "ref:sobory.ru": null, "ref:temples.ru": null, "religion": null, "roof:shape": null, "shop": null, "source:addr": null, "source:housenumber": null, "start_date": null, "tomb": null, "tourism": null, "type": null, "was:amenity": null, "website": null, "wikidata": null, "wikipedia": null, "is_living": false}, "geometry": {"type": "Polygon", "coordinates": [[[35.6033254, 56.2343531], [35.6032361, 56.2342969], [35.6035109, 56.2341622], [35.6036002, 56.2342184], [35.6033254, 56.2343531]]]}}, {"type": "Feature", "properties": {"id": "way/623065405", "@id": "way/623065405", "abandoned": null, "addr:city": null, "addr:housenumber": null, "addr:place": null, "addr:postcode": null, "addr:street": null, "alt_name": null, "amenity": null, "building": "garages", "building:levels": null, "cuisine": null, "denomination": null, "government": null, "historic": null, "inscription": null, "layer": null, "memorial": null, "name": null, "name:en": null, "name:ru": null, "office": null, "opening_hours": null, "operator": null, "phone": null, "power": null, "ref:sobory.ru": null, "ref:temples.ru": null, "religion": null, "roof:shape": null, "shop": null, "source:addr": null, "source:housenumber": null, "start_date": null, "tomb": null, "tourism": null, "type": null, "was:amenity": null, "website": null, "wikidata": null, "wikipedia": null, "is_living": false}, "geometry": {"type": "Polygon", "coordinates": [[[35.6034795, 56.234697], [35.603249, 56.2345422], [35.6033614, 56.2344904], [35.603592, 56.2346453], [35.6034795, 56.234697]]]}}, {"type": "Feature", "properties": {"id": "way/623067614", "@id": "way/623067614", "abandoned": null, "addr:city": null, "addr:housenumber": null, "addr:place": null, "addr:postcode": null, "addr:street": null, "alt_name": null, "amenity": null, "building": "yes", "building:levels": null, "cuisine": null, "denomination": null, "government": null, "historic": null, "inscription": null, "layer": null, "memorial": null, "name": null, "name:en": null, "name:ru": null, "office": null, "opening_hours": null, "operator": null, "phone": null, "power": null, "ref:sobory.ru": null, "ref:temples.ru": null, "religion": null, "roof:shape": null, "shop": null, "source:addr": null, "source:housenumber": null, "start_date": null, "tomb": null, "tourism": null, "type": null, "was:amenity": null, "website": null, "wikidata": null, "wikipedia": null, "is_living": false}, "geometry": {"type": "Polygon", "coordinates": [[[35.5942661, 56.2365805], [35.593523, 56.2360028], [35.593725, 56.2359225], [35.5944682, 56.2365002], [35.5942661, 56.2365805]]]}}, {"type": "Feature", "properties": {"id": "way/623280984", "@id": "way/623280984", "abandoned": null, "addr:city": null, "addr:housenumber": null, "addr:place": null, "addr:postcode": null, "addr:street": null, "alt_name": null, "amenity": null, "building": "greenhouse", "building:levels": null, "cuisine": null, "denomination": null, "government": null, "historic": null, "inscription": null, "layer": null, "memorial": null, "name": null, "name:en": null, "name:ru": null, "office": null, "opening_hours": null, "operator": null, "phone": null, "power": null, "ref:sobory.ru": null, "ref:temples.ru": null, "religion": null, "roof:shape": null, "shop": null, "source:addr": null, "source:housenumber": null, "start_date": null, "tomb": null, "tourism": null, "type": null, "was:amenity": null, "website": null, "wikidata": null, "wikipedia": null, "is_living": false}, "geometry": {"type": "Polygon", "coordinates": [[[35.5969166, 56.3091552], [35.5968611, 56.3091134], [35.5970162, 56.30905], [35.5970717, 56.3090918], [35.5969166, 56.3091552]]]}}, {"type": "Feature", "properties": {"id": "way/623280991", "@id": "way/623280991", "abandoned": null, "addr:city": null, "addr:housenumber": null, "addr:place": null, "addr:postcode": null, "addr:street": null, "alt_name": null, "amenity": null, "building": "greenhouse", "building:levels": null, "cuisine": null, "denomination": null, "government": null, "historic": null, "inscription": null, "layer": null, "memorial": null, "name": null, "name:en": null, "name:ru": null, "office": null, "opening_hours": null, "operator": null, "phone": null, "power": null, "ref:sobory.ru": null, "ref:temples.ru": null, "religion": null, "roof:shape": null, "shop": null, "source:addr": null, "source:housenumber": null, "start_date": null, "tomb": null, "tourism": null, "type": null, "was:amenity": null, "website": null, "wikidata": null, "wikipedia": null, "is_living": false}, "geometry": {"type": "Polygon", "coordinates": [[[35.5968355, 56.3090938], [35.5967876, 56.3090571], [35.5969439, 56.3089944], [35.5969918, 56.3090311], [35.5968355, 56.3090938]]]}}, {"type": "Feature", "properties": {"id": "way/623280993", "@id": "way/623280993", "abandoned": null, "addr:city": null, "addr:housenumber": null, "addr:place": null, "addr:postcode": null, "addr:street": null, "alt_name": null, "amenity": null, "building": "greenhouse", "building:levels": null, "cuisine": null, "denomination": null, "government": null, "historic": null, "inscription": null, "layer": null, "memorial": null, "name": null, "name:en": null, "name:ru": null, "office": null, "opening_hours": null, "operator": null, "phone": null, "power": null, "ref:sobory.ru": null, "ref:temples.ru": null, "religion": null, "roof:shape": null, "shop": null, "source:addr": null, "source:housenumber": null, "start_date": null, "tomb": null, "tourism": null, "type": null, "was:amenity": null, "website": null, "wikidata": null, "wikipedia": null, "is_living": false}, "geometry": {"type": "Polygon", "coordinates": [[[35.5966826, 56.3089669], [35.5966292, 56.3089208], [35.5967905, 56.3088634], [35.5968439, 56.3089096], [35.5966826, 56.3089669]]]}}, {"type": "Feature", "properties": {"id": "way/623280995", "@id": "way/623280995", "abandoned": null, "addr:city": null, "addr:housenumber": null, "addr:place": null, "addr:postcode": null, "addr:street": null, "alt_name": null, "amenity": null, "building": "greenhouse", "building:levels": null, "cuisine": null, "denomination": null, "government": null, "historic": null, "inscription": null, "layer": null, "memorial": null, "name": null, "name:en": null, "name:ru": null, "office": null, "opening_hours": null, "operator": null, "phone": null, "power": null, "ref:sobory.ru": null, "ref:temples.ru": null, "religion": null, "roof:shape": null, "shop": null, "source:addr": null, "source:housenumber": null, "start_date": null, "tomb": null, "tourism": null, "type": null, "was:amenity": null, "website": null, "wikidata": null, "wikipedia": null, "is_living": false}, "geometry": {"type": "Polygon", "coordinates": [[[35.5971973, 56.3090156], [35.5970768, 56.3089221], [35.5971593, 56.3088894], [35.5972797, 56.3089828], [35.5971973, 56.3090156]]]}}, {"type": "Feature", "properties": {"id": "way/623280998", "@id": "way/623280998", "abandoned": null, "addr:city": null, "addr:housenumber": null, "addr:place": null, "addr:postcode": null, "addr:street": null, "alt_name": null, "amenity": null, "building": "greenhouse", "building:levels": null, "cuisine": null, "denomination": null, "government": null, "historic": null, "inscription": null, "layer": null, "memorial": null, "name": null, "name:en": null, "name:ru": null, "office": null, "opening_hours": null, "operator": null, "phone": null, "power": null, "ref:sobory.ru": null, "ref:temples.ru": null, "religion": null, "roof:shape": null, "shop": null, "source:addr": null, "source:housenumber": null, "start_date": null, "tomb": null, "tourism": null, "type": null, "was:amenity": null, "website": null, "wikidata": null, "wikipedia": null, "is_living": false}, "geometry": {"type": "Polygon", "coordinates": [[[35.596705, 56.3089867], [35.596857, 56.3089287], [35.596912, 56.3089731], [35.59676, 56.3090311], [35.596705, 56.3089867]]]}}, {"type": "Feature", "properties": {"id": "way/623362507", "@id": "way/623362507", "abandoned": null, "addr:city": null, "addr:housenumber": null, "addr:place": null, "addr:postcode": null, "addr:street": null, "alt_name": null, "amenity": null, "building": "yes", "building:levels": null, "cuisine": null, "denomination": null, "government": null, "historic": null, "inscription": null, "layer": null, "memorial": null, "name": null, "name:en": null, "name:ru": null, "office": null, "opening_hours": null, "operator": null, "phone": null, "power": null, "ref:sobory.ru": null, "ref:temples.ru": null, "religion": null, "roof:shape": null, "shop": null, "source:addr": null, "source:housenumber": null, "start_date": null, "tomb": null, "tourism": null, "type": null, "was:amenity": null, "website": null, "wikidata": null, "wikipedia": null, "is_living": false}, "geometry": {"type": "Polygon", "coordinates": [[[35.7068407, 56.2671958], [35.7065853, 56.2671777], [35.7066037, 56.2670976], [35.7068591, 56.2671157], [35.7068407, 56.2671958]]]}}, {"type": "Feature", "properties": {"id": "way/623362508", "@id": "way/623362508", "abandoned": null, "addr:city": null, "addr:housenumber": null, "addr:place": null, "addr:postcode": null, "addr:street": null, "alt_name": null, "amenity": null, "building": "yes", "building:levels": null, "cuisine": null, "denomination": null, "government": null, "historic": null, "inscription": null, "layer": null, "memorial": null, "name": null, "name:en": null, "name:ru": null, "office": null, "opening_hours": null, "operator": null, "phone": null, "power": null, "ref:sobory.ru": null, "ref:temples.ru": null, "religion": null, "roof:shape": null, "shop": null, "source:addr": null, "source:housenumber": null, "start_date": null, "tomb": null, "tourism": null, "type": null, "was:amenity": null, "website": null, "wikidata": null, "wikipedia": null, "is_living": false}, "geometry": {"type": "Polygon", "coordinates": [[[35.706417, 56.2673125], [35.7063187, 56.2673019], [35.7063358, 56.267253], [35.7064341, 56.2672636], [35.706417, 56.2673125]]]}}, {"type": "Feature", "properties": {"id": "way/623362511", "@id": "way/623362511", "abandoned": null, "addr:city": null, "addr:housenumber": null, "addr:place": null, "addr:postcode": null, "addr:street": null, "alt_name": null, "amenity": null, "building": "yes", "building:levels": null, "cuisine": null, "denomination": null, "government": null, "historic": null, "inscription": null, "layer": null, "memorial": null, "name": null, "name:en": null, "name:ru": null, "office": null, "opening_hours": null, "operator": null, "phone": null, "power": null, "ref:sobory.ru": null, "ref:temples.ru": null, "religion": null, "roof:shape": null, "shop": null, "source:addr": null, "source:housenumber": null, "start_date": null, "tomb": null, "tourism": null, "type": null, "was:amenity": null, "website": null, "wikidata": null, "wikipedia": null, "is_living": false}, "geometry": {"type": "Polygon", "coordinates": [[[35.7054645, 56.2668148], [35.7056308, 56.2661877], [35.7055825, 56.2661832], [35.705604, 56.2661296], [35.7059795, 56.2661579], [35.7057944, 56.2668416], [35.7054645, 56.2668148]]]}}, {"type": "Feature", "properties": {"id": "way/623362515", "@id": "way/623362515", "abandoned": null, "addr:city": null, "addr:housenumber": null, "addr:place": null, "addr:postcode": null, "addr:street": null, "alt_name": null, "amenity": null, "building": "yes", "building:levels": null, "cuisine": null, "denomination": null, "government": null, "historic": null, "inscription": null, "layer": null, "memorial": null, "name": null, "name:en": null, "name:ru": null, "office": null, "opening_hours": null, "operator": null, "phone": null, "power": null, "ref:sobory.ru": null, "ref:temples.ru": null, "religion": null, "roof:shape": null, "shop": null, "source:addr": null, "source:housenumber": null, "start_date": null, "tomb": null, "tourism": null, "type": null, "was:amenity": null, "website": null, "wikidata": null, "wikipedia": null, "is_living": false}, "geometry": {"type": "Polygon", "coordinates": [[[35.7063323, 56.2671683], [35.705976, 56.2671365], [35.7059964, 56.2670662], [35.7063527, 56.2670981], [35.7063323, 56.2671683]]]}}, {"type": "Feature", "properties": {"id": "way/623362521", "@id": "way/623362521", "abandoned": null, "addr:city": null, "addr:housenumber": null, "addr:place": null, "addr:postcode": null, "addr:street": null, "alt_name": null, "amenity": null, "building": "yes", "building:levels": null, "cuisine": null, "denomination": null, "government": null, "historic": null, "inscription": null, "layer": null, "memorial": null, "name": null, "name:en": null, "name:ru": null, "office": null, "opening_hours": null, "operator": null, "phone": null, "power": null, "ref:sobory.ru": null, "ref:temples.ru": null, "religion": null, "roof:shape": null, "shop": null, "source:addr": null, "source:housenumber": null, "start_date": null, "tomb": null, "tourism": null, "type": null, "was:amenity": null, "website": null, "wikidata": null, "wikipedia": null, "is_living": false}, "geometry": {"type": "Polygon", "coordinates": [[[35.7072939, 56.2669549], [35.7071867, 56.2669346], [35.7072347, 56.2668564], [35.7073419, 56.2668766], [35.7072939, 56.2669549]]]}}, {"type": "Feature", "properties": {"id": "way/623362522", "@id": "way/623362522", "abandoned": null, "addr:city": null, "addr:housenumber": null, "addr:place": null, "addr:postcode": null, "addr:street": null, "alt_name": null, "amenity": null, "building": "yes", "building:levels": null, "cuisine": null, "denomination": null, "government": null, "historic": null, "inscription": null, "layer": null, "memorial": null, "name": null, "name:en": null, "name:ru": null, "office": null, "opening_hours": null, "operator": null, "phone": null, "power": null, "ref:sobory.ru": null, "ref:temples.ru": null, "religion": null, "roof:shape": null, "shop": null, "source:addr": null, "source:housenumber": null, "start_date": null, "tomb": null, "tourism": null, "type": null, "was:amenity": null, "website": null, "wikidata": null, "wikipedia": null, "is_living": false}, "geometry": {"type": "Polygon", "coordinates": [[[35.7049386, 56.2667793], [35.7051243, 56.2660829], [35.7055006, 56.2661138], [35.705315, 56.2668103], [35.7049386, 56.2667793]]]}}, {"type": "Feature", "properties": {"id": "way/623362526", "@id": "way/623362526", "abandoned": null, "addr:city": null, "addr:housenumber": null, "addr:place": null, "addr:postcode": null, "addr:street": null, "alt_name": null, "amenity": null, "building": "yes", "building:levels": null, "cuisine": null, "denomination": null, "government": null, "historic": null, "inscription": null, "layer": null, "memorial": null, "name": null, "name:en": null, "name:ru": null, "office": null, "opening_hours": null, "operator": null, "phone": null, "power": null, "ref:sobory.ru": null, "ref:temples.ru": null, "religion": null, "roof:shape": null, "shop": null, "source:addr": null, "source:housenumber": null, "start_date": null, "tomb": null, "tourism": null, "type": null, "was:amenity": null, "website": null, "wikidata": null, "wikipedia": null, "is_living": false}, "geometry": {"type": "Polygon", "coordinates": [[[35.7038218, 56.2668525], [35.7040531, 56.2660052], [35.7044204, 56.2660361], [35.7042168, 56.2667823], [35.7043745, 56.2667956], [35.7045804, 56.266041], [35.7049268, 56.2660702], [35.7046933, 56.2669258], [35.7038218, 56.2668525]]]}}, {"type": "Feature", "properties": {"id": "way/623362527", "@id": "way/623362527", "abandoned": null, "addr:city": null, "addr:housenumber": null, "addr:place": null, "addr:postcode": null, "addr:street": null, "alt_name": null, "amenity": null, "building": "yes", "building:levels": null, "cuisine": null, "denomination": null, "government": null, "historic": null, "inscription": null, "layer": null, "memorial": null, "name": null, "name:en": null, "name:ru": null, "office": null, "opening_hours": null, "operator": null, "phone": null, "power": null, "ref:sobory.ru": null, "ref:temples.ru": null, "religion": null, "roof:shape": null, "shop": null, "source:addr": null, "source:housenumber": null, "start_date": null, "tomb": null, "tourism": null, "type": null, "was:amenity": null, "website": null, "wikidata": null, "wikipedia": null, "is_living": false}, "geometry": {"type": "Polygon", "coordinates": [[[35.7034318, 56.2662875], [35.7034985, 56.2659754], [35.7038278, 56.2659971], [35.7037611, 56.2663092], [35.7034318, 56.2662875]]]}}, {"type": "Feature", "properties": {"id": "way/623365735", "@id": "way/623365735", "abandoned": null, "addr:city": null, "addr:housenumber": null, "addr:place": null, "addr:postcode": null, "addr:street": null, "alt_name": null, "amenity": null, "building": "yes", "building:levels": null, "cuisine": null, "denomination": null, "government": null, "historic": null, "inscription": null, "layer": null, "memorial": null, "name": null, "name:en": null, "name:ru": null, "office": null, "opening_hours": null, "operator": null, "phone": null, "power": null, "ref:sobory.ru": null, "ref:temples.ru": null, "religion": null, "roof:shape": null, "shop": null, "source:addr": null, "source:housenumber": null, "start_date": null, "tomb": null, "tourism": null, "type": null, "was:amenity": null, "website": null, "wikidata": null, "wikipedia": null, "is_living": false}, "geometry": {"type": "Polygon", "coordinates": [[[35.710974, 56.2700329], [35.7102825, 56.2697156], [35.7104525, 56.2696014], [35.711144, 56.2699188], [35.710974, 56.2700329]]]}}, {"type": "Feature", "properties": {"id": "way/623365740", "@id": "way/623365740", "abandoned": null, "addr:city": null, "addr:housenumber": null, "addr:place": null, "addr:postcode": null, "addr:street": null, "alt_name": null, "amenity": null, "building": "yes", "building:levels": null, "cuisine": null, "denomination": null, "government": null, "historic": null, "inscription": null, "layer": null, "memorial": null, "name": null, "name:en": null, "name:ru": null, "office": null, "opening_hours": null, "operator": null, "phone": null, "power": null, "ref:sobory.ru": null, "ref:temples.ru": null, "religion": null, "roof:shape": null, "shop": null, "source:addr": null, "source:housenumber": null, "start_date": null, "tomb": null, "tourism": null, "type": null, "was:amenity": null, "website": null, "wikidata": null, "wikipedia": null, "is_living": false}, "geometry": {"type": "Polygon", "coordinates": [[[35.7122898, 56.2701925], [35.7130889, 56.2696478], [35.7133523, 56.269767], [35.7125533, 56.2703117], [35.7122898, 56.2701925]]]}}, {"type": "Feature", "properties": {"id": "way/623365748", "@id": "way/623365748", "abandoned": null, "addr:city": null, "addr:housenumber": null, "addr:place": null, "addr:postcode": null, "addr:street": null, "alt_name": null, "amenity": null, "building": "yes", "building:levels": null, "cuisine": null, "denomination": null, "government": null, "historic": null, "inscription": null, "layer": null, "memorial": null, "name": null, "name:en": null, "name:ru": null, "office": null, "opening_hours": null, "operator": null, "phone": null, "power": null, "ref:sobory.ru": null, "ref:temples.ru": null, "religion": null, "roof:shape": null, "shop": null, "source:addr": null, "source:housenumber": null, "start_date": null, "tomb": null, "tourism": null, "type": null, "was:amenity": null, "website": null, "wikidata": null, "wikipedia": null, "is_living": false}, "geometry": {"type": "Polygon", "coordinates": [[[35.7105405, 56.2703318], [35.7103839, 56.2702655], [35.7105486, 56.2701455], [35.7107052, 56.2702118], [35.7105405, 56.2703318]]]}}, {"type": "Feature", "properties": {"id": "way/623365752", "@id": "way/623365752", "abandoned": null, "addr:city": null, "addr:housenumber": null, "addr:place": null, "addr:postcode": null, "addr:street": null, "alt_name": null, "amenity": null, "building": "yes", "building:levels": null, "cuisine": null, "denomination": null, "government": null, "historic": null, "inscription": null, "layer": null, "memorial": null, "name": null, "name:en": null, "name:ru": null, "office": null, "opening_hours": null, "operator": null, "phone": null, "power": null, "ref:sobory.ru": null, "ref:temples.ru": null, "religion": null, "roof:shape": null, "shop": null, "source:addr": null, "source:housenumber": null, "start_date": null, "tomb": null, "tourism": null, "type": null, "was:amenity": null, "website": null, "wikidata": null, "wikipedia": null, "is_living": false}, "geometry": {"type": "Polygon", "coordinates": [[[35.711892, 56.2697505], [35.7116705, 56.2699034], [35.7116299, 56.2698853], [35.7115619, 56.2699323], [35.7114913, 56.2699007], [35.7115601, 56.2698532], [35.7106996, 56.2694689], [35.7116544, 56.2688098], [35.7126532, 56.269256], [35.7124449, 56.2693998], [35.711711, 56.269072], [35.711585, 56.269159], [35.7116316, 56.2691797], [35.7113462, 56.2693767], [35.7112918, 56.2693524], [35.7111774, 56.2694313], [35.711892, 56.2697505]]]}}, {"type": "Feature", "properties": {"id": "way/623443842", "@id": "way/623443842", "abandoned": null, "addr:city": null, "addr:housenumber": "10А", "addr:place": null, "addr:postcode": null, "addr:street": "Ветеринарная улица", "alt_name": null, "amenity": null, "building": "garages", "building:levels": null, "cuisine": null, "denomination": null, "government": null, "historic": null, "inscription": null, "layer": null, "memorial": null, "name": null, "name:en": null, "name:ru": null, "office": null, "opening_hours": null, "operator": null, "phone": null, "power": null, "ref:sobory.ru": null, "ref:temples.ru": null, "religion": null, "roof:shape": null, "shop": null, "source:addr": "ЕГРН", "source:housenumber": null, "start_date": null, "tomb": null, "tourism": null, "type": null, "was:amenity": null, "website": null, "wikidata": null, "wikipedia": null, "is_living": false}, "geometry": {"type": "Polygon", "coordinates": [[[35.652185, 56.2387339], [35.6521019, 56.2387056], [35.6528663, 56.2379334], [35.6532335, 56.2380372], [35.6531882, 56.2380825], [35.6529012, 56.238002], [35.652185, 56.2387339]]]}}, {"type": "Feature", "properties": {"id": "way/623443843", "@id": "way/623443843", "abandoned": null, "addr:city": null, "addr:housenumber": null, "addr:place": null, "addr:postcode": null, "addr:street": null, "alt_name": null, "amenity": null, "building": "garages", "building:levels": null, "cuisine": null, "denomination": null, "government": null, "historic": null, "inscription": null, "layer": null, "memorial": null, "name": null, "name:en": null, "name:ru": null, "office": null, "opening_hours": null, "operator": null, "phone": null, "power": null, "ref:sobory.ru": null, "ref:temples.ru": null, "religion": null, "roof:shape": null, "shop": null, "source:addr": null, "source:housenumber": null, "start_date": null, "tomb": null, "tourism": null, "type": null, "was:amenity": null, "website": null, "wikidata": null, "wikipedia": null, "is_living": false}, "geometry": {"type": "Polygon", "coordinates": [[[35.6545432, 56.2391511], [35.6545971, 56.2390978], [35.6553285, 56.2393263], [35.6552746, 56.2393795], [35.6545432, 56.2391511]]]}}, {"type": "Feature", "properties": {"id": "way/623443858", "@id": "way/623443858", "abandoned": null, "addr:city": null, "addr:housenumber": null, "addr:place": null, "addr:postcode": null, "addr:street": null, "alt_name": null, "amenity": null, "building": "garages", "building:levels": null, "cuisine": null, "denomination": null, "government": null, "historic": null, "inscription": null, "layer": null, "memorial": null, "name": null, "name:en": null, "name:ru": null, "office": null, "opening_hours": null, "operator": null, "phone": null, "power": null, "ref:sobory.ru": null, "ref:temples.ru": null, "religion": null, "roof:shape": null, "shop": null, "source:addr": null, "source:housenumber": null, "start_date": null, "tomb": null, "tourism": null, "type": null, "was:amenity": null, "website": null, "wikidata": null, "wikipedia": null, "is_living": false}, "geometry": {"type": "Polygon", "coordinates": [[[35.65396, 56.2383303], [35.6535111, 56.2381898], [35.653575, 56.2381268], [35.6540239, 56.2382672], [35.65396, 56.2383303]]]}}, {"type": "Feature", "properties": {"id": "way/623443864", "@id": "way/623443864", "abandoned": null, "addr:city": null, "addr:housenumber": null, "addr:place": null, "addr:postcode": null, "addr:street": null, "alt_name": null, "amenity": null, "building": "garages", "building:levels": null, "cuisine": null, "denomination": null, "government": null, "historic": null, "inscription": null, "layer": null, "memorial": null, "name": null, "name:en": null, "name:ru": null, "office": null, "opening_hours": null, "operator": null, "phone": null, "power": null, "ref:sobory.ru": null, "ref:temples.ru": null, "religion": null, "roof:shape": null, "shop": null, "source:addr": null, "source:housenumber": null, "start_date": null, "tomb": null, "tourism": null, "type": null, "was:amenity": null, "website": null, "wikidata": null, "wikipedia": null, "is_living": false}, "geometry": {"type": "Polygon", "coordinates": [[[35.653842, 56.2389411], [35.6539026, 56.2388806], [35.6540084, 56.2389133], [35.6544963, 56.2390643], [35.6544357, 56.2391248], [35.653842, 56.2389411]]]}}, {"type": "Feature", "properties": {"id": "way/623444714", "@id": "way/623444714", "abandoned": null, "addr:city": null, "addr:housenumber": null, "addr:place": null, "addr:postcode": null, "addr:street": null, "alt_name": null, "amenity": null, "building": "hangar", "building:levels": null, "cuisine": null, "denomination": null, "government": null, "historic": null, "inscription": null, "layer": null, "memorial": null, "name": null, "name:en": null, "name:ru": null, "office": null, "opening_hours": null, "operator": null, "phone": null, "power": null, "ref:sobory.ru": null, "ref:temples.ru": null, "religion": null, "roof:shape": null, "shop": null, "source:addr": null, "source:housenumber": null, "start_date": null, "tomb": null, "tourism": null, "type": null, "was:amenity": null, "website": null, "wikidata": null, "wikipedia": null, "is_living": false}, "geometry": {"type": "Polygon", "coordinates": [[[35.6586971, 56.2456571], [35.6588238, 56.2453264], [35.6590297, 56.2453508], [35.658903, 56.2456815], [35.6586971, 56.2456571]]]}}, {"type": "Feature", "properties": {"id": "way/623703321", "@id": "way/623703321", "abandoned": null, "addr:city": null, "addr:housenumber": null, "addr:place": null, "addr:postcode": null, "addr:street": null, "alt_name": null, "amenity": null, "building": "hangar", "building:levels": null, "cuisine": null, "denomination": null, "government": null, "historic": null, "inscription": null, "layer": null, "memorial": null, "name": null, "name:en": null, "name:ru": null, "office": null, "opening_hours": null, "operator": null, "phone": null, "power": null, "ref:sobory.ru": null, "ref:temples.ru": null, "religion": null, "roof:shape": null, "shop": null, "source:addr": null, "source:housenumber": null, "start_date": null, "tomb": null, "tourism": null, "type": null, "was:amenity": null, "website": null, "wikidata": null, "wikipedia": null, "is_living": false}, "geometry": {"type": "Polygon", "coordinates": [[[35.6519879, 56.2443724], [35.651971, 56.2442829], [35.6524404, 56.2442554], [35.6524573, 56.2443449], [35.6519879, 56.2443724]]]}}, {"type": "Feature", "properties": {"id": "way/623703324", "@id": "way/623703324", "abandoned": null, "addr:city": null, "addr:housenumber": null, "addr:place": null, "addr:postcode": null, "addr:street": null, "alt_name": null, "amenity": null, "building": "hangar", "building:levels": null, "cuisine": null, "denomination": null, "government": null, "historic": null, "inscription": null, "layer": null, "memorial": null, "name": null, "name:en": null, "name:ru": null, "office": null, "opening_hours": null, "operator": null, "phone": null, "power": null, "ref:sobory.ru": null, "ref:temples.ru": null, "religion": null, "roof:shape": null, "shop": null, "source:addr": null, "source:housenumber": null, "start_date": null, "tomb": null, "tourism": null, "type": null, "was:amenity": null, "website": null, "wikidata": null, "wikipedia": null, "is_living": false}, "geometry": {"type": "Polygon", "coordinates": [[[35.6559363, 56.2446148], [35.6557901, 56.2441966], [35.6561493, 56.2441579], [35.6562954, 56.244576], [35.6559363, 56.2446148]]]}}, {"type": "Feature", "properties": {"id": "way/623703333", "@id": "way/623703333", "abandoned": null, "addr:city": null, "addr:housenumber": null, "addr:place": null, "addr:postcode": null, "addr:street": null, "alt_name": null, "amenity": null, "building": "hangar", "building:levels": null, "cuisine": null, "denomination": null, "government": null, "historic": null, "inscription": null, "layer": null, "memorial": null, "name": null, "name:en": null, "name:ru": null, "office": null, "opening_hours": null, "operator": null, "phone": null, "power": null, "ref:sobory.ru": null, "ref:temples.ru": null, "religion": null, "roof:shape": null, "shop": null, "source:addr": null, "source:housenumber": null, "start_date": null, "tomb": null, "tourism": null, "type": null, "was:amenity": null, "website": null, "wikidata": null, "wikipedia": null, "is_living": false}, "geometry": {"type": "Polygon", "coordinates": [[[35.6519802, 56.2442404], [35.6519709, 56.2441622], [35.6524564, 56.2441443], [35.6524657, 56.2442225], [35.6519802, 56.2442404]]]}}, {"type": "Feature", "properties": {"id": "way/623704012", "@id": "way/623704012", "abandoned": null, "addr:city": null, "addr:housenumber": null, "addr:place": null, "addr:postcode": null, "addr:street": null, "alt_name": null, "amenity": null, "building": "garages", "building:levels": null, "cuisine": null, "denomination": null, "government": null, "historic": null, "inscription": null, "layer": null, "memorial": null, "name": null, "name:en": null, "name:ru": null, "office": null, "opening_hours": null, "operator": null, "phone": null, "power": null, "ref:sobory.ru": null, "ref:temples.ru": null, "religion": null, "roof:shape": null, "shop": null, "source:addr": null, "source:housenumber": null, "start_date": null, "tomb": null, "tourism": null, "type": null, "was:amenity": null, "website": null, "wikidata": null, "wikipedia": null, "is_living": false}, "geometry": {"type": "Polygon", "coordinates": [[[35.6527679, 56.2456214], [35.652762, 56.2455257], [35.6533319, 56.2455148], [35.6533343, 56.2455536], [35.6535199, 56.24555], [35.6535234, 56.245607], [35.6527679, 56.2456214]]]}}, {"type": "Feature", "properties": {"id": "way/623704013", "@id": "way/623704013", "abandoned": null, "addr:city": null, "addr:housenumber": null, "addr:place": null, "addr:postcode": null, "addr:street": null, "alt_name": null, "amenity": null, "building": "garages", "building:levels": null, "cuisine": null, "denomination": null, "government": null, "historic": null, "inscription": null, "layer": null, "memorial": null, "name": null, "name:en": null, "name:ru": null, "office": null, "opening_hours": null, "operator": null, "phone": null, "power": null, "ref:sobory.ru": null, "ref:temples.ru": null, "religion": null, "roof:shape": null, "shop": null, "source:addr": null, "source:housenumber": null, "start_date": null, "tomb": null, "tourism": null, "type": null, "was:amenity": null, "website": null, "wikidata": null, "wikipedia": null, "is_living": false}, "geometry": {"type": "Polygon", "coordinates": [[[35.6537504, 56.2455965], [35.6537408, 56.245504], [35.6544059, 56.2454826], [35.6544155, 56.245575], [35.6537504, 56.2455965]]]}}, {"type": "Feature", "properties": {"id": "way/623704014", "@id": "way/623704014", "abandoned": null, "addr:city": null, "addr:housenumber": null, "addr:place": null, "addr:postcode": null, "addr:street": null, "alt_name": null, "amenity": null, "building": "garages", "building:levels": null, "cuisine": null, "denomination": null, "government": null, "historic": null, "inscription": null, "layer": null, "memorial": null, "name": null, "name:en": null, "name:ru": null, "office": null, "opening_hours": null, "operator": null, "phone": null, "power": null, "ref:sobory.ru": null, "ref:temples.ru": null, "religion": null, "roof:shape": null, "shop": null, "source:addr": null, "source:housenumber": null, "start_date": null, "tomb": null, "tourism": null, "type": null, "was:amenity": null, "website": null, "wikidata": null, "wikipedia": null, "is_living": false}, "geometry": {"type": "Polygon", "coordinates": [[[35.6525517, 56.2456285], [35.6516606, 56.2456425], [35.6516552, 56.2455367], [35.6525464, 56.2455227], [35.6525517, 56.2456285]]]}}, {"type": "Feature", "properties": {"id": "way/623704015", "@id": "way/623704015", "abandoned": null, "addr:city": null, "addr:housenumber": null, "addr:place": null, "addr:postcode": null, "addr:street": null, "alt_name": null, "amenity": null, "building": "garages", "building:levels": null, "cuisine": null, "denomination": null, "government": null, "historic": null, "inscription": null, "layer": null, "memorial": null, "name": null, "name:en": null, "name:ru": null, "office": null, "opening_hours": null, "operator": null, "phone": null, "power": null, "ref:sobory.ru": null, "ref:temples.ru": null, "religion": null, "roof:shape": null, "shop": null, "source:addr": null, "source:housenumber": null, "start_date": null, "tomb": null, "tourism": null, "type": null, "was:amenity": null, "website": null, "wikidata": null, "wikipedia": null, "is_living": false}, "geometry": {"type": "Polygon", "coordinates": [[[35.6549322, 56.2457072], [35.6547814, 56.245712], [35.6547304, 56.2453933], [35.6548825, 56.2453811], [35.6549322, 56.2457072]]]}}, {"type": "Feature", "properties": {"id": "way/623707854", "@id": "way/623707854", "abandoned": null, "addr:city": null, "addr:housenumber": null, "addr:place": null, "addr:postcode": null, "addr:street": null, "alt_name": null, "amenity": null, "building": "yes", "building:levels": null, "cuisine": null, "denomination": null, "government": null, "historic": null, "inscription": null, "layer": null, "memorial": null, "name": null, "name:en": null, "name:ru": null, "office": null, "opening_hours": null, "operator": null, "phone": null, "power": null, "ref:sobory.ru": null, "ref:temples.ru": null, "religion": null, "roof:shape": null, "shop": null, "source:addr": null, "source:housenumber": null, "start_date": null, "tomb": null, "tourism": null, "type": null, "was:amenity": null, "website": null, "wikidata": null, "wikipedia": null, "is_living": false}, "geometry": {"type": "Polygon", "coordinates": [[[35.647337, 56.2426869], [35.6473111, 56.2426109], [35.6477898, 56.2425605], [35.6478157, 56.2426364], [35.647337, 56.2426869]]]}}, {"type": "Feature", "properties": {"id": "way/623715691", "@id": "way/623715691", "abandoned": null, "addr:city": null, "addr:housenumber": null, "addr:place": null, "addr:postcode": null, "addr:street": null, "alt_name": null, "amenity": null, "building": "yes", "building:levels": null, "cuisine": null, "denomination": null, "government": null, "historic": null, "inscription": null, "layer": null, "memorial": null, "name": null, "name:en": null, "name:ru": null, "office": null, "opening_hours": null, "operator": null, "phone": null, "power": null, "ref:sobory.ru": null, "ref:temples.ru": null, "religion": null, "roof:shape": null, "shop": null, "source:addr": null, "source:housenumber": null, "start_date": null, "tomb": null, "tourism": null, "type": null, "was:amenity": null, "website": null, "wikidata": null, "wikipedia": null, "is_living": false}, "geometry": {"type": "Polygon", "coordinates": [[[35.6469232, 56.2504526], [35.6468946, 56.2503311], [35.6470554, 56.2503194], [35.647084, 56.2504409], [35.6469232, 56.2504526]]]}}, {"type": "Feature", "properties": {"id": "way/623760410", "@id": "way/623760410", "abandoned": null, "addr:city": null, "addr:housenumber": null, "addr:place": null, "addr:postcode": null, "addr:street": null, "alt_name": null, "amenity": null, "building": "yes", "building:levels": null, "cuisine": null, "denomination": null, "government": null, "historic": null, "inscription": null, "layer": null, "memorial": null, "name": null, "name:en": null, "name:ru": null, "office": null, "opening_hours": null, "operator": null, "phone": null, "power": null, "ref:sobory.ru": null, "ref:temples.ru": null, "religion": null, "roof:shape": null, "shop": null, "source:addr": null, "source:housenumber": null, "start_date": null, "tomb": null, "tourism": null, "type": null, "was:amenity": null, "website": null, "wikidata": null, "wikipedia": null, "is_living": false}, "geometry": {"type": "Polygon", "coordinates": [[[35.6366963, 56.2488398], [35.6365889, 56.2486897], [35.6370575, 56.2485863], [35.6371649, 56.2487364], [35.6366963, 56.2488398]]]}}, {"type": "Feature", "properties": {"id": "way/623760413", "@id": "way/623760413", "abandoned": null, "addr:city": null, "addr:housenumber": null, "addr:place": null, "addr:postcode": null, "addr:street": null, "alt_name": null, "amenity": null, "building": "garages", "building:levels": null, "cuisine": null, "denomination": null, "government": null, "historic": null, "inscription": null, "layer": null, "memorial": null, "name": null, "name:en": null, "name:ru": null, "office": null, "opening_hours": null, "operator": null, "phone": null, "power": null, "ref:sobory.ru": null, "ref:temples.ru": null, "religion": null, "roof:shape": null, "shop": null, "source:addr": null, "source:housenumber": null, "start_date": null, "tomb": null, "tourism": null, "type": null, "was:amenity": null, "website": null, "wikidata": null, "wikipedia": null, "is_living": false}, "geometry": {"type": "Polygon", "coordinates": [[[35.64232, 56.245305], [35.642415, 56.2453348], [35.6419148, 56.2458267], [35.6418198, 56.2457969], [35.64232, 56.245305]]]}}, {"type": "Feature", "properties": {"id": "way/623768178", "@id": "way/623768178", "abandoned": null, "addr:city": null, "addr:housenumber": null, "addr:place": null, "addr:postcode": null, "addr:street": null, "alt_name": null, "amenity": null, "building": "yes", "building:levels": null, "cuisine": null, "denomination": null, "government": null, "historic": null, "inscription": null, "layer": null, "memorial": null, "name": null, "name:en": null, "name:ru": null, "office": null, "opening_hours": null, "operator": null, "phone": null, "power": null, "ref:sobory.ru": null, "ref:temples.ru": null, "religion": null, "roof:shape": null, "shop": null, "source:addr": null, "source:housenumber": null, "start_date": null, "tomb": null, "tourism": null, "type": null, "was:amenity": null, "website": null, "wikidata": null, "wikipedia": null, "is_living": false}, "geometry": {"type": "Polygon", "coordinates": [[[35.6140382, 56.2182659], [35.6142156, 56.2181183], [35.6149607, 56.2183953], [35.6147833, 56.2185429], [35.6140382, 56.2182659]]]}}, {"type": "Feature", "properties": {"id": "way/623768179", "@id": "way/623768179", "abandoned": null, "addr:city": null, "addr:housenumber": null, "addr:place": null, "addr:postcode": null, "addr:street": null, "alt_name": null, "amenity": null, "building": "yes", "building:levels": null, "cuisine": null, "denomination": null, "government": null, "historic": null, "inscription": null, "layer": null, "memorial": null, "name": null, "name:en": null, "name:ru": null, "office": null, "opening_hours": null, "operator": null, "phone": null, "power": null, "ref:sobory.ru": null, "ref:temples.ru": null, "religion": null, "roof:shape": null, "shop": null, "source:addr": null, "source:housenumber": null, "start_date": null, "tomb": null, "tourism": null, "type": null, "was:amenity": null, "website": null, "wikidata": null, "wikipedia": null, "is_living": false}, "geometry": {"type": "Polygon", "coordinates": [[[35.6155519, 56.2189969], [35.6153797, 56.2189263], [35.615494, 56.2188402], [35.6156662, 56.2189108], [35.6155519, 56.2189969]]]}}, {"type": "Feature", "properties": {"id": "way/623768180", "@id": "way/623768180", "abandoned": null, "addr:city": null, "addr:housenumber": null, "addr:place": null, "addr:postcode": null, "addr:street": null, "alt_name": null, "amenity": null, "building": "yes", "building:levels": null, "cuisine": null, "denomination": null, "government": null, "historic": null, "inscription": null, "layer": null, "memorial": null, "name": null, "name:en": null, "name:ru": null, "office": null, "opening_hours": null, "operator": null, "phone": null, "power": null, "ref:sobory.ru": null, "ref:temples.ru": null, "religion": null, "roof:shape": null, "shop": null, "source:addr": null, "source:housenumber": null, "start_date": null, "tomb": null, "tourism": null, "type": null, "was:amenity": null, "website": null, "wikidata": null, "wikipedia": null, "is_living": false}, "geometry": {"type": "Polygon", "coordinates": [[[35.616768, 56.2180615], [35.6158719, 56.2176524], [35.6160475, 56.2175335], [35.6166945, 56.217829], [35.6169168, 56.2179305], [35.6169734, 56.2178922], [35.6172334, 56.2180109], [35.6162562, 56.2186726], [35.6160229, 56.218566], [35.616768, 56.2180615]]]}}, {"type": "Feature", "properties": {"id": "way/623770380", "@id": "way/623770380", "abandoned": null, "addr:city": null, "addr:housenumber": null, "addr:place": null, "addr:postcode": null, "addr:street": null, "alt_name": null, "amenity": null, "building": "garages", "building:levels": null, "cuisine": null, "denomination": null, "government": null, "historic": null, "inscription": null, "layer": null, "memorial": null, "name": null, "name:en": null, "name:ru": null, "office": null, "opening_hours": null, "operator": null, "phone": null, "power": null, "ref:sobory.ru": null, "ref:temples.ru": null, "religion": null, "roof:shape": null, "shop": null, "source:addr": null, "source:housenumber": null, "start_date": null, "tomb": null, "tourism": null, "type": null, "was:amenity": null, "website": null, "wikidata": null, "wikipedia": null, "is_living": false}, "geometry": {"type": "Polygon", "coordinates": [[[35.6299968, 56.2251413], [35.6298769, 56.2242713], [35.6300634, 56.2242633], [35.6301833, 56.2251333], [35.6299968, 56.2251413]]]}}, {"type": "Feature", "properties": {"id": "way/623770381", "@id": "way/623770381", "abandoned": null, "addr:city": null, "addr:housenumber": null, "addr:place": null, "addr:postcode": null, "addr:street": null, "alt_name": null, "amenity": null, "building": "garages", "building:levels": null, "cuisine": null, "denomination": null, "government": null, "historic": null, "inscription": null, "layer": null, "memorial": null, "name": null, "name:en": null, "name:ru": null, "office": null, "opening_hours": null, "operator": null, "phone": null, "power": null, "ref:sobory.ru": null, "ref:temples.ru": null, "religion": null, "roof:shape": null, "shop": null, "source:addr": null, "source:housenumber": null, "start_date": null, "tomb": null, "tourism": null, "type": null, "was:amenity": null, "website": null, "wikidata": null, "wikipedia": null, "is_living": false}, "geometry": {"type": "Polygon", "coordinates": [[[35.6291707, 56.2243599], [35.6293719, 56.2243465], [35.6294711, 56.2252233], [35.6307103, 56.225186], [35.6306164, 56.2246626], [35.6305718, 56.2242604], [35.6306871, 56.2242574], [35.6307166, 56.224651], [35.630831, 56.22518], [35.6308471, 56.2252471], [35.6306114, 56.2252553], [35.6301771, 56.2252703], [35.629724, 56.225286], [35.6292675, 56.2253018], [35.6287957, 56.2253182], [35.6284689, 56.2253295], [35.6283584, 56.2253332], [35.627905, 56.2253483], [35.6274842, 56.2253623], [35.6274439, 56.2253636], [35.6274359, 56.2253066], [35.6278806, 56.2252859], [35.6277733, 56.2243882], [35.6278752, 56.2243867], [35.6279959, 56.2252784], [35.6292619, 56.2252426], [35.6291707, 56.2243599]]]}}, {"type": "Feature", "properties": {"id": "way/623770382", "@id": "way/623770382", "abandoned": null, "addr:city": null, "addr:housenumber": "173", "addr:place": null, "addr:postcode": null, "addr:street": "улица Новая Слободка", "alt_name": null, "amenity": null, "building": "garages", "building:levels": null, "cuisine": null, "denomination": null, "government": null, "historic": null, "inscription": null, "layer": null, "memorial": null, "name": null, "name:en": null, "name:ru": null, "office": null, "opening_hours": null, "operator": null, "phone": null, "power": null, "ref:sobory.ru": null, "ref:temples.ru": null, "religion": null, "roof:shape": null, "shop": null, "source:addr": "ЕГРН", "source:housenumber": null, "start_date": null, "tomb": null, "tourism": null, "type": null, "was:amenity": null, "website": null, "wikidata": null, "wikipedia": null, "is_living": false}, "geometry": {"type": "Polygon", "coordinates": [[[35.6303125, 56.2251337], [35.6301976, 56.2243429], [35.630289, 56.2243388], [35.6302818, 56.224289], [35.6303928, 56.224284], [35.630515, 56.2251246], [35.6303125, 56.2251337]]]}}, {"type": "Feature", "properties": {"id": "way/623770383", "@id": "way/623770383", "abandoned": null, "addr:city": null, "addr:housenumber": null, "addr:place": null, "addr:postcode": null, "addr:street": null, "alt_name": null, "amenity": null, "building": "garages", "building:levels": null, "cuisine": null, "denomination": null, "government": null, "historic": null, "inscription": null, "layer": null, "memorial": null, "name": null, "name:en": null, "name:ru": null, "office": null, "opening_hours": null, "operator": null, "phone": null, "power": null, "ref:sobory.ru": null, "ref:temples.ru": null, "religion": null, "roof:shape": null, "shop": null, "source:addr": null, "source:housenumber": null, "start_date": null, "tomb": null, "tourism": null, "type": null, "was:amenity": null, "website": null, "wikidata": null, "wikipedia": null, "is_living": false}, "geometry": {"type": "Polygon", "coordinates": [[[35.6270356, 56.224388], [35.6273055, 56.2243763], [35.6274359, 56.2253066], [35.6274439, 56.2253636], [35.627174, 56.2253753], [35.6270356, 56.224388]]]}}, {"type": "Feature", "properties": {"id": "way/623770384", "@id": "way/623770384", "abandoned": null, "addr:city": null, "addr:housenumber": null, "addr:place": null, "addr:postcode": null, "addr:street": null, "alt_name": null, "amenity": null, "building": "garages", "building:levels": null, "cuisine": null, "denomination": null, "government": null, "historic": null, "inscription": null, "layer": null, "memorial": null, "name": null, "name:en": null, "name:ru": null, "office": null, "opening_hours": null, "operator": null, "phone": null, "power": null, "ref:sobory.ru": null, "ref:temples.ru": null, "religion": null, "roof:shape": null, "shop": null, "source:addr": null, "source:housenumber": null, "start_date": null, "tomb": null, "tourism": null, "type": null, "was:amenity": null, "website": null, "wikidata": null, "wikipedia": null, "is_living": false}, "geometry": {"type": "Polygon", "coordinates": [[[35.6274589, 56.2244027], [35.6276788, 56.2243927], [35.6278042, 56.2252403], [35.6275843, 56.2252503], [35.6274589, 56.2244027]]]}}, {"type": "Feature", "properties": {"id": "way/623770385", "@id": "way/623770385", "abandoned": null, "addr:city": null, "addr:housenumber": null, "addr:place": null, "addr:postcode": null, "addr:street": null, "alt_name": null, "amenity": null, "building": "garages", "building:levels": null, "cuisine": null, "denomination": null, "government": null, "historic": null, "inscription": null, "layer": null, "memorial": null, "name": null, "name:en": null, "name:ru": null, "office": null, "opening_hours": null, "operator": null, "phone": null, "power": null, "ref:sobory.ru": null, "ref:temples.ru": null, "religion": null, "roof:shape": null, "shop": null, "source:addr": null, "source:housenumber": null, "start_date": null, "tomb": null, "tourism": null, "type": null, "was:amenity": null, "website": null, "wikidata": null, "wikipedia": null, "is_living": false}, "geometry": {"type": "Polygon", "coordinates": [[[35.6281473, 56.2243136], [35.6281428, 56.2242368], [35.6289752, 56.2242219], [35.6289797, 56.2242987], [35.6281473, 56.2243136]]]}}, {"type": "Feature", "properties": {"id": "way/623770386", "@id": "way/623770386", "abandoned": null, "addr:city": null, "addr:housenumber": null, "addr:place": null, "addr:postcode": null, "addr:street": null, "alt_name": null, "amenity": null, "building": "garages", "building:levels": null, "cuisine": null, "denomination": null, "government": null, "historic": null, "inscription": null, "layer": null, "memorial": null, "name": null, "name:en": null, "name:ru": null, "office": null, "opening_hours": null, "operator": null, "phone": null, "power": null, "ref:sobory.ru": null, "ref:temples.ru": null, "religion": null, "roof:shape": null, "shop": null, "source:addr": null, "source:housenumber": null, "start_date": null, "tomb": null, "tourism": null, "type": null, "was:amenity": null, "website": null, "wikidata": null, "wikipedia": null, "is_living": false}, "geometry": {"type": "Polygon", "coordinates": [[[35.6280673, 56.2252243], [35.6279678, 56.2243826], [35.6281675, 56.2243753], [35.628267, 56.225217], [35.6280673, 56.2252243]]]}}, {"type": "Feature", "properties": {"id": "way/623770387", "@id": "way/623770387", "abandoned": null, "addr:city": null, "addr:housenumber": null, "addr:place": null, "addr:postcode": null, "addr:street": null, "alt_name": null, "amenity": null, "building": "garages", "building:levels": null, "cuisine": null, "denomination": null, "government": null, "historic": null, "inscription": null, "layer": null, "memorial": null, "name": null, "name:en": null, "name:ru": null, "office": null, "opening_hours": null, "operator": null, "phone": null, "power": null, "ref:sobory.ru": null, "ref:temples.ru": null, "religion": null, "roof:shape": null, "shop": null, "source:addr": null, "source:housenumber": null, "start_date": null, "tomb": null, "tourism": null, "type": null, "was:amenity": null, "website": null, "wikidata": null, "wikipedia": null, "is_living": false}, "geometry": {"type": "Polygon", "coordinates": [[[35.6286406, 56.2252004], [35.6285544, 56.2243601], [35.628758, 56.2243536], [35.6288443, 56.225194], [35.6286406, 56.2252004]]]}}, {"type": "Feature", "properties": {"id": "way/623770388", "@id": "way/623770388", "abandoned": null, "addr:city": null, "addr:housenumber": null, "addr:place": null, "addr:postcode": null, "addr:street": null, "alt_name": null, "amenity": null, "building": "garages", "building:levels": null, "cuisine": null, "denomination": null, "government": null, "historic": null, "inscription": null, "layer": null, "memorial": null, "name": null, "name:en": null, "name:ru": null, "office": null, "opening_hours": null, "operator": null, "phone": null, "power": null, "ref:sobory.ru": null, "ref:temples.ru": null, "religion": null, "roof:shape": null, "shop": null, "source:addr": null, "source:housenumber": null, "start_date": null, "tomb": null, "tourism": null, "type": null, "was:amenity": null, "website": null, "wikidata": null, "wikipedia": null, "is_living": false}, "geometry": {"type": "Polygon", "coordinates": [[[35.6289327, 56.2251841], [35.6288533, 56.2243581], [35.6290735, 56.2243516], [35.6291529, 56.2251775], [35.6289327, 56.2251841]]]}}, {"type": "Feature", "properties": {"id": "way/623770389", "@id": "way/623770389", "abandoned": null, "addr:city": null, "addr:housenumber": "423", "addr:place": null, "addr:postcode": null, "addr:street": "улица Новая Слободка", "alt_name": null, "amenity": null, "building": "garages", "building:levels": null, "cuisine": null, "denomination": null, "government": null, "historic": null, "inscription": null, "layer": null, "memorial": null, "name": null, "name:en": null, "name:ru": null, "office": null, "opening_hours": null, "operator": null, "phone": null, "power": null, "ref:sobory.ru": null, "ref:temples.ru": null, "religion": null, "roof:shape": null, "shop": null, "source:addr": "ЕГРН", "source:housenumber": null, "start_date": null, "tomb": null, "tourism": null, "type": null, "was:amenity": null, "website": null, "wikidata": null, "wikipedia": null, "is_living": false}, "geometry": {"type": "Polygon", "coordinates": [[[35.6275461, 56.2243051], [35.6268939, 56.2243093], [35.6268924, 56.2242338], [35.6275446, 56.2242297], [35.6275461, 56.2243051]]]}}, {"type": "Feature", "properties": {"id": "way/623770390", "@id": "way/623770390", "abandoned": null, "addr:city": null, "addr:housenumber": null, "addr:place": null, "addr:postcode": null, "addr:street": null, "alt_name": null, "amenity": null, "building": "garages", "building:levels": null, "cuisine": null, "denomination": null, "government": null, "historic": null, "inscription": null, "layer": null, "memorial": null, "name": null, "name:en": null, "name:ru": null, "office": null, "opening_hours": null, "operator": null, "phone": null, "power": null, "ref:sobory.ru": null, "ref:temples.ru": null, "religion": null, "roof:shape": null, "shop": null, "source:addr": null, "source:housenumber": null, "start_date": null, "tomb": null, "tourism": null, "type": null, "was:amenity": null, "website": null, "wikidata": null, "wikipedia": null, "is_living": false}, "geometry": {"type": "Polygon", "coordinates": [[[35.628359, 56.2252094], [35.6282674, 56.2243751], [35.6284576, 56.2243686], [35.6285493, 56.225203], [35.628359, 56.2252094]]]}}, {"type": "Feature", "properties": {"id": "way/623770391", "@id": "way/623770391", "abandoned": null, "addr:city": null, "addr:housenumber": null, "addr:place": null, "addr:postcode": null, "addr:street": null, "alt_name": null, "amenity": null, "building": "garages", "building:levels": null, "cuisine": null, "denomination": null, "government": null, "historic": null, "inscription": null, "layer": null, "memorial": null, "name": null, "name:en": null, "name:ru": null, "office": null, "opening_hours": null, "operator": null, "phone": null, "power": null, "ref:sobory.ru": null, "ref:temples.ru": null, "religion": null, "roof:shape": null, "shop": null, "source:addr": null, "source:housenumber": null, "start_date": null, "tomb": null, "tourism": null, "type": null, "was:amenity": null, "website": null, "wikidata": null, "wikipedia": null, "is_living": false}, "geometry": {"type": "Polygon", "coordinates": [[[35.6270059, 56.2249467], [35.6268454, 56.2249581], [35.6267226, 56.224424], [35.6268831, 56.2244126], [35.6270059, 56.2249467]]]}}, {"type": "Feature", "properties": {"id": "way/623770392", "@id": "way/623770392", "abandoned": null, "addr:city": null, "addr:housenumber": null, "addr:place": null, "addr:postcode": null, "addr:street": null, "alt_name": null, "amenity": null, "building": "garages", "building:levels": null, "cuisine": null, "denomination": null, "government": null, "historic": null, "inscription": null, "layer": null, "memorial": null, "name": null, "name:en": null, "name:ru": null, "office": null, "opening_hours": null, "operator": null, "phone": null, "power": null, "ref:sobory.ru": null, "ref:temples.ru": null, "religion": null, "roof:shape": null, "shop": null, "source:addr": null, "source:housenumber": null, "start_date": null, "tomb": null, "tourism": null, "type": null, "was:amenity": null, "website": null, "wikidata": null, "wikipedia": null, "is_living": false}, "geometry": {"type": "Polygon", "coordinates": [[[35.629616, 56.2251517], [35.6295248, 56.2243271], [35.6296321, 56.2243226], [35.6297394, 56.2251457], [35.629616, 56.2251517]]]}}, {"type": "Feature", "properties": {"id": "way/623792591", "@id": "way/623792591", "abandoned": null, "addr:city": null, "addr:housenumber": null, "addr:place": null, "addr:postcode": null, "addr:street": null, "alt_name": null, "amenity": null, "building": "yes", "building:levels": null, "cuisine": null, "denomination": null, "government": null, "historic": null, "inscription": null, "layer": null, "memorial": null, "name": null, "name:en": null, "name:ru": null, "office": null, "opening_hours": null, "operator": null, "phone": null, "power": null, "ref:sobory.ru": null, "ref:temples.ru": null, "religion": null, "roof:shape": null, "shop": null, "source:addr": null, "source:housenumber": null, "start_date": null, "tomb": null, "tourism": null, "type": null, "was:amenity": null, "website": null, "wikidata": null, "wikipedia": null, "is_living": false}, "geometry": {"type": "Polygon", "coordinates": [[[35.6265828, 56.226369], [35.6263912, 56.2263796], [35.6263665, 56.2262424], [35.6265581, 56.2262318], [35.6265828, 56.226369]]]}}, {"type": "Feature", "properties": {"id": "way/623795821", "@id": "way/623795821", "abandoned": null, "addr:city": null, "addr:housenumber": null, "addr:place": null, "addr:postcode": null, "addr:street": null, "alt_name": null, "amenity": null, "building": "yes", "building:levels": null, "cuisine": null, "denomination": null, "government": null, "historic": null, "inscription": null, "layer": null, "memorial": null, "name": null, "name:en": null, "name:ru": null, "office": null, "opening_hours": null, "operator": null, "phone": null, "power": null, "ref:sobory.ru": null, "ref:temples.ru": null, "religion": null, "roof:shape": null, "shop": null, "source:addr": null, "source:housenumber": null, "start_date": null, "tomb": null, "tourism": null, "type": null, "was:amenity": null, "website": null, "wikidata": null, "wikipedia": null, "is_living": false}, "geometry": {"type": "Polygon", "coordinates": [[[35.6345017, 56.2311467], [35.6343393, 56.2311479], [35.6343333, 56.2308774], [35.6344956, 56.2308763], [35.6345017, 56.2311467]]]}}, {"type": "Feature", "properties": {"id": "way/623795822", "@id": "way/623795822", "abandoned": null, "addr:city": null, "addr:housenumber": null, "addr:place": null, "addr:postcode": null, "addr:street": null, "alt_name": null, "amenity": null, "building": "yes", "building:levels": null, "cuisine": null, "denomination": null, "government": null, "historic": null, "inscription": null, "layer": null, "memorial": null, "name": null, "name:en": null, "name:ru": null, "office": null, "opening_hours": null, "operator": null, "phone": null, "power": null, "ref:sobory.ru": null, "ref:temples.ru": null, "religion": null, "roof:shape": null, "shop": null, "source:addr": null, "source:housenumber": null, "start_date": null, "tomb": null, "tourism": null, "type": null, "was:amenity": null, "website": null, "wikidata": null, "wikipedia": null, "is_living": false}, "geometry": {"type": "Polygon", "coordinates": [[[35.632601, 56.2307718], [35.6324982, 56.2307714], [35.6324989, 56.2307077], [35.6326017, 56.230708], [35.632601, 56.2307718]]]}}, {"type": "Feature", "properties": {"id": "way/623795823", "@id": "way/623795823", "abandoned": null, "addr:city": null, "addr:housenumber": null, "addr:place": null, "addr:postcode": null, "addr:street": null, "alt_name": null, "amenity": null, "building": "yes", "building:levels": null, "cuisine": null, "denomination": null, "government": null, "historic": null, "inscription": null, "layer": null, "memorial": null, "name": null, "name:en": null, "name:ru": null, "office": null, "opening_hours": null, "operator": null, "phone": null, "power": null, "ref:sobory.ru": null, "ref:temples.ru": null, "religion": null, "roof:shape": null, "shop": null, "source:addr": null, "source:housenumber": null, "start_date": null, "tomb": null, "tourism": null, "type": null, "was:amenity": null, "website": null, "wikidata": null, "wikipedia": null, "is_living": false}, "geometry": {"type": "Polygon", "coordinates": [[[35.6329078, 56.2312641], [35.6328713, 56.2310515], [35.6330226, 56.2310435], [35.6330591, 56.231256], [35.6329078, 56.2312641]]]}}, {"type": "Feature", "properties": {"id": "way/623795825", "@id": "way/623795825", "abandoned": null, "addr:city": null, "addr:housenumber": "1", "addr:place": null, "addr:postcode": null, "addr:street": "Западная улица", "alt_name": null, "amenity": null, "building": "yes", "building:levels": null, "cuisine": null, "denomination": null, "government": null, "historic": null, "inscription": null, "layer": null, "memorial": null, "name": null, "name:en": null, "name:ru": null, "office": null, "opening_hours": null, "operator": null, "phone": null, "power": null, "ref:sobory.ru": null, "ref:temples.ru": null, "religion": null, "roof:shape": null, "shop": null, "source:addr": "ЕГРН", "source:housenumber": null, "start_date": null, "tomb": null, "tourism": null, "type": null, "was:amenity": null, "website": null, "wikidata": null, "wikipedia": null, "is_living": false}, "geometry": {"type": "Polygon", "coordinates": [[[35.6333164, 56.2306637], [35.6333043, 56.2304737], [35.6341827, 56.2304565], [35.6341948, 56.2306465], [35.6333164, 56.2306637]]]}}, {"type": "Feature", "properties": {"id": "way/623795826", "@id": "way/623795826", "abandoned": null, "addr:city": null, "addr:housenumber": null, "addr:place": null, "addr:postcode": null, "addr:street": null, "alt_name": null, "amenity": null, "building": "yes", "building:levels": null, "cuisine": null, "denomination": null, "government": null, "historic": null, "inscription": null, "layer": null, "memorial": null, "name": null, "name:en": null, "name:ru": null, "office": null, "opening_hours": null, "operator": null, "phone": null, "power": null, "ref:sobory.ru": null, "ref:temples.ru": null, "religion": null, "roof:shape": null, "shop": null, "source:addr": null, "source:housenumber": null, "start_date": null, "tomb": null, "tourism": null, "type": null, "was:amenity": null, "website": null, "wikidata": null, "wikipedia": null, "is_living": false}, "geometry": {"type": "Polygon", "coordinates": [[[35.6328342, 56.2303974], [35.6326894, 56.2304011], [35.6326826, 56.2303192], [35.6328275, 56.2303155], [35.6328342, 56.2303974]]]}}, {"type": "Feature", "properties": {"id": "way/623798904", "@id": "way/623798904", "abandoned": null, "addr:city": null, "addr:housenumber": null, "addr:place": null, "addr:postcode": null, "addr:street": null, "alt_name": null, "amenity": null, "building": "shed", "building:levels": null, "cuisine": null, "denomination": null, "government": null, "historic": null, "inscription": null, "layer": null, "memorial": null, "name": null, "name:en": null, "name:ru": null, "office": null, "opening_hours": null, "operator": null, "phone": null, "power": null, "ref:sobory.ru": null, "ref:temples.ru": null, "religion": null, "roof:shape": null, "shop": null, "source:addr": null, "source:housenumber": null, "start_date": null, "tomb": null, "tourism": null, "type": null, "was:amenity": null, "website": null, "wikidata": null, "wikipedia": null, "is_living": false}, "geometry": {"type": "Polygon", "coordinates": [[[35.6332245, 56.2348449], [35.6331796, 56.2348091], [35.6331341, 56.2347728], [35.6332374, 56.2347328], [35.6333139, 56.2347032], [35.633362, 56.2347416], [35.6334043, 56.2347753], [35.6333232, 56.2348067], [35.6332245, 56.2348449]]]}}, {"type": "Feature", "properties": {"id": "way/623827615", "@id": "way/623827615", "abandoned": null, "addr:city": null, "addr:housenumber": "57А", "addr:place": null, "addr:postcode": null, "addr:street": "Центральная улица", "alt_name": null, "amenity": null, "building": "church", "building:levels": null, "cuisine": null, "denomination": null, "government": null, "historic": null, "inscription": null, "layer": null, "memorial": null, "name": null, "name:en": null, "name:ru": null, "office": null, "opening_hours": null, "operator": null, "phone": null, "power": null, "ref:sobory.ru": null, "ref:temples.ru": null, "religion": null, "roof:shape": null, "shop": null, "source:addr": "ЕГРН", "source:housenumber": null, "start_date": null, "tomb": null, "tourism": null, "type": null, "was:amenity": null, "website": null, "wikidata": null, "wikipedia": null, "is_living": false}, "geometry": {"type": "Polygon", "coordinates": [[[35.6332827, 56.2265058], [35.6332782, 56.2264319], [35.6333792, 56.2264286], [35.6333748, 56.2263987], [35.6335465, 56.2263882], [35.6335545, 56.2264061], [35.6335867, 56.2264076], [35.6336269, 56.226421], [35.6336328, 56.2264531], [35.6336087, 56.2264784], [35.6335792, 56.2264889], [35.6335792, 56.2265157], [35.6333987, 56.226523], [35.6333939, 56.2265], [35.6332827, 56.2265058]]]}}, {"type": "Feature", "properties": {"id": "way/623827629", "@id": "way/623827629", "abandoned": null, "addr:city": null, "addr:housenumber": null, "addr:place": null, "addr:postcode": null, "addr:street": null, "alt_name": null, "amenity": null, "building": "yes", "building:levels": null, "cuisine": null, "denomination": null, "government": null, "historic": null, "inscription": null, "layer": null, "memorial": null, "name": null, "name:en": null, "name:ru": null, "office": null, "opening_hours": null, "operator": null, "phone": null, "power": null, "ref:sobory.ru": null, "ref:temples.ru": null, "religion": null, "roof:shape": null, "shop": null, "source:addr": null, "source:housenumber": null, "start_date": null, "tomb": null, "tourism": null, "type": null, "was:amenity": null, "website": null, "wikidata": null, "wikipedia": null, "is_living": false}, "geometry": {"type": "Polygon", "coordinates": [[[35.6393082, 56.2248751], [35.6392563, 56.2246692], [35.6397278, 56.2246325], [35.6397691, 56.2247966], [35.6396311, 56.2248073], [35.6396155, 56.2247455], [35.6394076, 56.2247617], [35.6394209, 56.2248147], [35.6394911, 56.2248092], [35.6395039, 56.2248599], [35.6393082, 56.2248751]]]}}, {"type": "Feature", "properties": {"id": "way/623827639", "@id": "way/623827639", "abandoned": null, "addr:city": null, "addr:housenumber": "16", "addr:place": null, "addr:postcode": null, "addr:street": "1-я Льнозаводская улица", "alt_name": null, "amenity": null, "building": "yes", "building:levels": null, "cuisine": null, "denomination": null, "government": null, "historic": null, "inscription": null, "layer": null, "memorial": null, "name": null, "name:en": null, "name:ru": null, "office": null, "opening_hours": null, "operator": null, "phone": null, "power": null, "ref:sobory.ru": null, "ref:temples.ru": null, "religion": null, "roof:shape": null, "shop": null, "source:addr": "ЕГРН", "source:housenumber": null, "start_date": null, "tomb": null, "tourism": null, "type": null, "was:amenity": null, "website": null, "wikidata": null, "wikipedia": null, "is_living": false}, "geometry": {"type": "Polygon", "coordinates": [[[35.6342238, 56.2259518], [35.6342018, 56.2258402], [35.6345643, 56.2258181], [35.6345863, 56.2259298], [35.6342238, 56.2259518]]]}}, {"type": "Feature", "properties": {"id": "way/623827873", "@id": "way/623827873", "abandoned": null, "addr:city": null, "addr:housenumber": "11", "addr:place": null, "addr:postcode": null, "addr:street": "1-я Льнозаводская улица", "alt_name": null, "amenity": null, "building": "yes", "building:levels": null, "cuisine": null, "denomination": null, "government": null, "historic": null, "inscription": null, "layer": null, "memorial": null, "name": null, "name:en": null, "name:ru": null, "office": null, "opening_hours": null, "operator": null, "phone": null, "power": null, "ref:sobory.ru": null, "ref:temples.ru": null, "religion": null, "roof:shape": null, "shop": null, "source:addr": null, "source:housenumber": null, "start_date": null, "tomb": null, "tourism": null, "type": null, "was:amenity": null, "website": null, "wikidata": null, "wikipedia": null, "is_living": false}, "geometry": {"type": "Polygon", "coordinates": [[[35.6341639, 56.2254321], [35.6341247, 56.2252249], [35.6343122, 56.225214], [35.6343515, 56.2254211], [35.6341639, 56.2254321]]]}}, {"type": "Feature", "properties": {"id": "way/624309926", "@id": "way/624309926", "abandoned": null, "addr:city": null, "addr:housenumber": null, "addr:place": null, "addr:postcode": null, "addr:street": null, "alt_name": null, "amenity": null, "building": "garages", "building:levels": null, "cuisine": null, "denomination": null, "government": null, "historic": null, "inscription": null, "layer": null, "memorial": null, "name": null, "name:en": null, "name:ru": null, "office": null, "opening_hours": null, "operator": null, "phone": null, "power": null, "ref:sobory.ru": null, "ref:temples.ru": null, "religion": null, "roof:shape": null, "shop": null, "source:addr": null, "source:housenumber": null, "start_date": null, "tomb": null, "tourism": null, "type": null, "was:amenity": null, "website": null, "wikidata": null, "wikipedia": null, "is_living": false}, "geometry": {"type": "Polygon", "coordinates": [[[35.6401507, 56.2251739], [35.6400905, 56.2246988], [35.6401941, 56.2246948], [35.6402324, 56.2249971], [35.6402543, 56.2251698], [35.6401507, 56.2251739]]]}}, {"type": "Feature", "properties": {"id": "way/624311026", "@id": "way/624311026", "abandoned": null, "addr:city": null, "addr:housenumber": null, "addr:place": null, "addr:postcode": null, "addr:street": null, "alt_name": null, "amenity": null, "building": "yes", "building:levels": null, "cuisine": null, "denomination": null, "government": null, "historic": null, "inscription": null, "layer": null, "memorial": null, "name": null, "name:en": null, "name:ru": null, "office": null, "opening_hours": null, "operator": null, "phone": null, "power": null, "ref:sobory.ru": null, "ref:temples.ru": null, "religion": null, "roof:shape": null, "shop": null, "source:addr": null, "source:housenumber": null, "start_date": null, "tomb": null, "tourism": null, "type": null, "was:amenity": null, "website": null, "wikidata": null, "wikipedia": null, "is_living": false}, "geometry": {"type": "Polygon", "coordinates": [[[35.6476292, 56.226343], [35.6476071, 56.2262696], [35.6477494, 56.2262563], [35.6477969, 56.2262518], [35.6477987, 56.2262578], [35.6478936, 56.2262489], [35.6479139, 56.2263164], [35.6476292, 56.226343]]]}}, {"type": "Feature", "properties": {"id": "way/624311766", "@id": "way/624311766", "abandoned": null, "addr:city": null, "addr:housenumber": "1", "addr:place": null, "addr:postcode": null, "addr:street": "Центральная улица", "alt_name": null, "amenity": null, "building": "garages", "building:levels": null, "cuisine": null, "denomination": null, "government": null, "historic": null, "inscription": null, "layer": null, "memorial": null, "name": null, "name:en": null, "name:ru": null, "office": null, "opening_hours": null, "operator": null, "phone": null, "power": null, "ref:sobory.ru": null, "ref:temples.ru": null, "religion": null, "roof:shape": null, "shop": null, "source:addr": null, "source:housenumber": null, "start_date": null, "tomb": null, "tourism": null, "type": null, "was:amenity": null, "website": null, "wikidata": null, "wikipedia": null, "is_living": false}, "geometry": {"type": "Polygon", "coordinates": [[[35.6486367, 56.225845], [35.6486304, 56.2257879], [35.6491115, 56.2257713], [35.6491179, 56.2258285], [35.6486367, 56.225845]]]}}, {"type": "Feature", "properties": {"id": "way/624311768", "@id": "way/624311768", "abandoned": null, "addr:city": null, "addr:housenumber": "3", "addr:place": null, "addr:postcode": null, "addr:street": "Центральная улица", "alt_name": null, "amenity": null, "building": "garages", "building:levels": null, "cuisine": null, "denomination": null, "government": null, "historic": null, "inscription": null, "layer": null, "memorial": null, "name": null, "name:en": null, "name:ru": null, "office": null, "opening_hours": null, "operator": null, "phone": null, "power": null, "ref:sobory.ru": null, "ref:temples.ru": null, "religion": null, "roof:shape": null, "shop": null, "source:addr": "ЕГРН", "source:housenumber": null, "start_date": null, "tomb": null, "tourism": null, "type": null, "was:amenity": null, "website": null, "wikidata": null, "wikipedia": null, "is_living": false}, "geometry": {"type": "Polygon", "coordinates": [[[35.6475842, 56.2261233], [35.647575, 56.2260637], [35.6479694, 56.226045], [35.6479785, 56.2261046], [35.6475842, 56.2261233]]]}}, {"type": "Feature", "properties": {"id": "way/624340710", "@id": "way/624340710", "abandoned": null, "addr:city": null, "addr:housenumber": "45", "addr:place": null, "addr:postcode": null, "addr:street": "Колхозная улица", "alt_name": null, "amenity": null, "building": "yes", "building:levels": null, "cuisine": null, "denomination": null, "government": null, "historic": null, "inscription": null, "layer": null, "memorial": null, "name": null, "name:en": null, "name:ru": null, "office": null, "opening_hours": null, "operator": null, "phone": null, "power": null, "ref:sobory.ru": null, "ref:temples.ru": null, "religion": null, "roof:shape": null, "shop": null, "source:addr": "ЕГРН", "source:housenumber": null, "start_date": null, "tomb": null, "tourism": null, "type": null, "was:amenity": null, "website": null, "wikidata": null, "wikipedia": null, "is_living": false}, "geometry": {"type": "Polygon", "coordinates": [[[35.6361386, 56.2294959], [35.6359588, 56.2295207], [35.6359118, 56.2294153], [35.6363722, 56.2293518], [35.6364193, 56.2294572], [35.6362188, 56.2294848], [35.6362671, 56.229593], [35.6364895, 56.2295623], [35.6365379, 56.2296707], [35.6357438, 56.2297803], [35.6357969, 56.2298992], [35.6359994, 56.2298713], [35.636049, 56.2299825], [35.6355452, 56.230052], [35.6354956, 56.2299408], [35.6357003, 56.2299126], [35.6356472, 56.2297936], [35.6354738, 56.2298175], [35.6354254, 56.2297091], [35.6361869, 56.229604], [35.6361386, 56.2294959]]]}}, {"type": "Feature", "properties": {"id": "way/624342594", "@id": "way/624342594", "abandoned": null, "addr:city": null, "addr:housenumber": null, "addr:place": null, "addr:postcode": null, "addr:street": null, "alt_name": null, "amenity": null, "building": "yes", "building:levels": null, "cuisine": null, "denomination": null, "government": null, "historic": null, "inscription": null, "layer": null, "memorial": null, "name": null, "name:en": null, "name:ru": null, "office": null, "opening_hours": null, "operator": null, "phone": null, "power": null, "ref:sobory.ru": null, "ref:temples.ru": null, "religion": null, "roof:shape": null, "shop": null, "source:addr": null, "source:housenumber": null, "start_date": null, "tomb": null, "tourism": null, "type": null, "was:amenity": null, "website": null, "wikidata": null, "wikipedia": null, "is_living": false}, "geometry": {"type": "Polygon", "coordinates": [[[35.6399316, 56.2280393], [35.6399113, 56.2279623], [35.6400112, 56.2279542], [35.6400314, 56.2280312], [35.6399316, 56.2280393]]]}}, {"type": "Feature", "properties": {"id": "way/624342597", "@id": "way/624342597", "abandoned": null, "addr:city": null, "addr:housenumber": null, "addr:place": null, "addr:postcode": null, "addr:street": null, "alt_name": null, "amenity": null, "building": "yes", "building:levels": null, "cuisine": null, "denomination": null, "government": null, "historic": null, "inscription": null, "layer": null, "memorial": null, "name": null, "name:en": null, "name:ru": null, "office": null, "opening_hours": null, "operator": null, "phone": null, "power": null, "ref:sobory.ru": null, "ref:temples.ru": null, "religion": null, "roof:shape": null, "shop": null, "source:addr": null, "source:housenumber": null, "start_date": null, "tomb": null, "tourism": null, "type": null, "was:amenity": null, "website": null, "wikidata": null, "wikipedia": null, "is_living": false}, "geometry": {"type": "Polygon", "coordinates": [[[35.6405331, 56.2277882], [35.6405177, 56.2277101], [35.6407056, 56.2276986], [35.6407211, 56.2277767], [35.6405331, 56.2277882]]]}}, {"type": "Feature", "properties": {"id": "way/624342599", "@id": "way/624342599", "abandoned": null, "addr:city": null, "addr:housenumber": null, "addr:place": null, "addr:postcode": null, "addr:street": null, "alt_name": null, "amenity": null, "building": "yes", "building:levels": null, "cuisine": null, "denomination": null, "government": null, "historic": null, "inscription": null, "layer": null, "memorial": null, "name": null, "name:en": null, "name:ru": null, "office": null, "opening_hours": null, "operator": null, "phone": null, "power": null, "ref:sobory.ru": null, "ref:temples.ru": null, "religion": null, "roof:shape": null, "shop": null, "source:addr": null, "source:housenumber": null, "start_date": null, "tomb": null, "tourism": null, "type": null, "was:amenity": null, "website": null, "wikidata": null, "wikipedia": null, "is_living": false}, "geometry": {"type": "Polygon", "coordinates": [[[35.6400908, 56.2278167], [35.6400785, 56.2277594], [35.6403803, 56.2277394], [35.6403926, 56.2277967], [35.6400908, 56.2278167]]]}}, {"type": "Feature", "properties": {"id": "way/624364197", "@id": "way/624364197", "abandoned": null, "addr:city": null, "addr:housenumber": null, "addr:place": null, "addr:postcode": null, "addr:street": null, "alt_name": null, "amenity": null, "building": "yes", "building:levels": null, "cuisine": null, "denomination": null, "government": null, "historic": null, "inscription": null, "layer": null, "memorial": null, "name": null, "name:en": null, "name:ru": null, "office": null, "opening_hours": null, "operator": null, "phone": null, "power": null, "ref:sobory.ru": null, "ref:temples.ru": null, "religion": null, "roof:shape": null, "shop": null, "source:addr": null, "source:housenumber": null, "start_date": null, "tomb": null, "tourism": null, "type": null, "was:amenity": null, "website": null, "wikidata": null, "wikipedia": null, "is_living": false}, "geometry": {"type": "Polygon", "coordinates": [[[35.6491302, 56.2272409], [35.648982, 56.2268219], [35.6492651, 56.2267909], [35.6494133, 56.22721], [35.6491302, 56.2272409]]]}}, {"type": "Feature", "properties": {"id": "way/624372498", "@id": "way/624372498", "abandoned": null, "addr:city": null, "addr:housenumber": null, "addr:place": null, "addr:postcode": null, "addr:street": null, "alt_name": null, "amenity": null, "building": "yes", "building:levels": null, "cuisine": null, "denomination": null, "government": null, "historic": null, "inscription": null, "layer": null, "memorial": null, "name": null, "name:en": null, "name:ru": null, "office": null, "opening_hours": null, "operator": null, "phone": null, "power": null, "ref:sobory.ru": null, "ref:temples.ru": null, "religion": null, "roof:shape": null, "shop": null, "source:addr": null, "source:housenumber": null, "start_date": null, "tomb": null, "tourism": null, "type": null, "was:amenity": null, "website": null, "wikidata": null, "wikipedia": null, "is_living": false}, "geometry": {"type": "Polygon", "coordinates": [[[35.6476975, 56.2302643], [35.6475956, 56.2302643], [35.6475956, 56.2302062], [35.6476975, 56.2302062], [35.6476975, 56.2302643]]]}}, {"type": "Feature", "properties": {"id": "way/624372499", "@id": "way/624372499", "abandoned": null, "addr:city": null, "addr:housenumber": null, "addr:place": null, "addr:postcode": null, "addr:street": null, "alt_name": null, "amenity": null, "building": "yes", "building:levels": null, "cuisine": null, "denomination": null, "government": null, "historic": null, "inscription": null, "layer": null, "memorial": null, "name": null, "name:en": null, "name:ru": null, "office": null, "opening_hours": null, "operator": null, "phone": null, "power": null, "ref:sobory.ru": null, "ref:temples.ru": null, "religion": null, "roof:shape": null, "shop": null, "source:addr": null, "source:housenumber": null, "start_date": null, "tomb": null, "tourism": null, "type": null, "was:amenity": null, "website": null, "wikidata": null, "wikipedia": null, "is_living": false}, "geometry": {"type": "Polygon", "coordinates": [[[35.6449034, 56.2315625], [35.6447547, 56.2313812], [35.6449018, 56.2313439], [35.6450505, 56.2315252], [35.6449034, 56.2315625]]]}}, {"type": "Feature", "properties": {"id": "way/624372501", "@id": "way/624372501", "abandoned": null, "addr:city": null, "addr:housenumber": null, "addr:place": null, "addr:postcode": null, "addr:street": null, "alt_name": null, "amenity": null, "building": "yes", "building:levels": null, "cuisine": null, "denomination": null, "government": null, "historic": null, "inscription": null, "layer": null, "memorial": null, "name": null, "name:en": null, "name:ru": null, "office": null, "opening_hours": null, "operator": null, "phone": null, "power": null, "ref:sobory.ru": null, "ref:temples.ru": null, "religion": null, "roof:shape": null, "shop": null, "source:addr": null, "source:housenumber": null, "start_date": null, "tomb": null, "tourism": null, "type": null, "was:amenity": null, "website": null, "wikidata": null, "wikipedia": null, "is_living": false}, "geometry": {"type": "Polygon", "coordinates": [[[35.6468794, 56.23049], [35.6468387, 56.2303904], [35.6471663, 56.230349], [35.6472071, 56.2304485], [35.6468794, 56.23049]]]}}, {"type": "Feature", "properties": {"id": "way/624372504", "@id": "way/624372504", "abandoned": null, "addr:city": null, "addr:housenumber": null, "addr:place": null, "addr:postcode": null, "addr:street": null, "alt_name": null, "amenity": null, "building": "yes", "building:levels": null, "cuisine": null, "denomination": null, "government": null, "historic": null, "inscription": null, "layer": null, "memorial": null, "name": null, "name:en": null, "name:ru": null, "office": null, "opening_hours": null, "operator": null, "phone": null, "power": null, "ref:sobory.ru": null, "ref:temples.ru": null, "religion": null, "roof:shape": null, "shop": null, "source:addr": null, "source:housenumber": null, "start_date": null, "tomb": null, "tourism": null, "type": null, "was:amenity": null, "website": null, "wikidata": null, "wikipedia": null, "is_living": false}, "geometry": {"type": "Polygon", "coordinates": [[[35.6472953, 56.2304408], [35.6472807, 56.2303733], [35.6473932, 56.2303658], [35.6474078, 56.2304333], [35.6472953, 56.2304408]]]}}, {"type": "Feature", "properties": {"id": "way/624372509", "@id": "way/624372509", "abandoned": null, "addr:city": null, "addr:housenumber": null, "addr:place": null, "addr:postcode": null, "addr:street": null, "alt_name": null, "amenity": null, "building": "yes", "building:levels": null, "cuisine": null, "denomination": null, "government": null, "historic": null, "inscription": null, "layer": null, "memorial": null, "name": null, "name:en": null, "name:ru": null, "office": null, "opening_hours": null, "operator": null, "phone": null, "power": null, "ref:sobory.ru": null, "ref:temples.ru": null, "religion": null, "roof:shape": null, "shop": null, "source:addr": null, "source:housenumber": null, "start_date": null, "tomb": null, "tourism": null, "type": null, "was:amenity": null, "website": null, "wikidata": null, "wikipedia": null, "is_living": false}, "geometry": {"type": "Polygon", "coordinates": [[[35.6442373, 56.2310995], [35.6441774, 56.2309631], [35.6447279, 56.2308884], [35.6447084, 56.2308439], [35.6452363, 56.2307723], [35.645287, 56.2308879], [35.6448184, 56.2309514], [35.6448326, 56.2309836], [35.6443296, 56.2310518], [35.6443442, 56.231085], [35.6442373, 56.2310995]]]}}, {"type": "Feature", "properties": {"id": "way/624372512", "@id": "way/624372512", "abandoned": null, "addr:city": null, "addr:housenumber": null, "addr:place": null, "addr:postcode": null, "addr:street": null, "alt_name": null, "amenity": null, "building": "yes", "building:levels": null, "cuisine": null, "denomination": null, "government": null, "historic": null, "inscription": null, "layer": null, "memorial": null, "name": null, "name:en": null, "name:ru": null, "office": null, "opening_hours": null, "operator": null, "phone": null, "power": null, "ref:sobory.ru": null, "ref:temples.ru": null, "religion": null, "roof:shape": null, "shop": null, "source:addr": null, "source:housenumber": null, "start_date": null, "tomb": null, "tourism": null, "type": null, "was:amenity": null, "website": null, "wikidata": null, "wikipedia": null, "is_living": false}, "geometry": {"type": "Polygon", "coordinates": [[[35.6449548, 56.2306916], [35.6449309, 56.2306369], [35.6451517, 56.230607], [35.6451757, 56.2306617], [35.6449548, 56.2306916]]]}}, {"type": "Feature", "properties": {"id": "way/624372516", "@id": "way/624372516", "abandoned": null, "addr:city": null, "addr:housenumber": null, "addr:place": null, "addr:postcode": null, "addr:street": null, "alt_name": null, "amenity": null, "building": "yes", "building:levels": null, "cuisine": null, "denomination": null, "government": null, "historic": null, "inscription": null, "layer": null, "memorial": null, "name": null, "name:en": null, "name:ru": null, "office": null, "opening_hours": null, "operator": null, "phone": null, "power": null, "ref:sobory.ru": null, "ref:temples.ru": null, "religion": null, "roof:shape": null, "shop": null, "source:addr": null, "source:housenumber": null, "start_date": null, "tomb": null, "tourism": null, "type": null, "was:amenity": null, "website": null, "wikidata": null, "wikipedia": null, "is_living": false}, "geometry": {"type": "Polygon", "coordinates": [[[35.6446544, 56.231678], [35.644584, 56.2316067], [35.6447583, 56.2315535], [35.6448287, 56.2316248], [35.6446544, 56.231678]]]}}, {"type": "Feature", "properties": {"id": "way/624372519", "@id": "way/624372519", "abandoned": null, "addr:city": null, "addr:housenumber": null, "addr:place": null, "addr:postcode": null, "addr:street": null, "alt_name": null, "amenity": null, "building": "yes", "building:levels": null, "cuisine": null, "denomination": null, "government": null, "historic": null, "inscription": null, "layer": null, "memorial": null, "name": null, "name:en": null, "name:ru": null, "office": null, "opening_hours": null, "operator": null, "phone": null, "power": null, "ref:sobory.ru": null, "ref:temples.ru": null, "religion": null, "roof:shape": null, "shop": null, "source:addr": null, "source:housenumber": null, "start_date": null, "tomb": null, "tourism": null, "type": null, "was:amenity": null, "website": null, "wikidata": null, "wikipedia": null, "is_living": false}, "geometry": {"type": "Polygon", "coordinates": [[[35.6443852, 56.2312859], [35.6443468, 56.2311945], [35.6446129, 56.23116], [35.6446513, 56.2312513], [35.6443852, 56.2312859]]]}}, {"type": "Feature", "properties": {"id": "way/624378318", "@id": "way/624378318", "abandoned": null, "addr:city": null, "addr:housenumber": "1А", "addr:place": null, "addr:postcode": null, "addr:street": "Волоколамское шоссе", "alt_name": null, "amenity": null, "building": "yes", "building:levels": null, "cuisine": null, "denomination": null, "government": null, "historic": null, "inscription": null, "layer": null, "memorial": null, "name": null, "name:en": null, "name:ru": null, "office": null, "opening_hours": null, "operator": null, "phone": null, "power": null, "ref:sobory.ru": null, "ref:temples.ru": null, "religion": null, "roof:shape": null, "shop": null, "source:addr": "ЕГРН", "source:housenumber": null, "start_date": null, "tomb": null, "tourism": null, "type": null, "was:amenity": null, "website": null, "wikidata": null, "wikipedia": null, "is_living": false}, "geometry": {"type": "Polygon", "coordinates": [[[35.6562533, 56.2264458], [35.6559155, 56.2263227], [35.6561104, 56.2261575], [35.656286, 56.2262215], [35.6562636, 56.2262405], [35.6564258, 56.2262997], [35.6562533, 56.2264458]]]}}, {"type": "Feature", "properties": {"id": "way/624379076", "@id": "way/624379076", "abandoned": null, "addr:city": null, "addr:housenumber": null, "addr:place": null, "addr:postcode": null, "addr:street": null, "alt_name": null, "amenity": null, "building": "yes", "building:levels": null, "cuisine": null, "denomination": null, "government": null, "historic": null, "inscription": null, "layer": null, "memorial": null, "name": null, "name:en": null, "name:ru": null, "office": null, "opening_hours": null, "operator": null, "phone": null, "power": null, "ref:sobory.ru": null, "ref:temples.ru": null, "religion": null, "roof:shape": null, "shop": null, "source:addr": null, "source:housenumber": null, "start_date": null, "tomb": null, "tourism": null, "type": null, "was:amenity": null, "website": null, "wikidata": null, "wikipedia": null, "is_living": false}, "geometry": {"type": "Polygon", "coordinates": [[[35.6602476, 56.2259306], [35.6601683, 56.2258388], [35.6604998, 56.2257503], [35.6605791, 56.225842], [35.6602476, 56.2259306]]]}}, {"type": "Feature", "properties": {"id": "way/624379077", "@id": "way/624379077", "abandoned": null, "addr:city": null, "addr:housenumber": null, "addr:place": null, "addr:postcode": null, "addr:street": null, "alt_name": null, "amenity": null, "building": "yes", "building:levels": null, "cuisine": null, "denomination": null, "government": null, "historic": null, "inscription": null, "layer": null, "memorial": null, "name": null, "name:en": null, "name:ru": null, "office": null, "opening_hours": null, "operator": null, "phone": null, "power": null, "ref:sobory.ru": null, "ref:temples.ru": null, "religion": null, "roof:shape": null, "shop": null, "source:addr": null, "source:housenumber": null, "start_date": null, "tomb": null, "tourism": null, "type": null, "was:amenity": null, "website": null, "wikidata": null, "wikipedia": null, "is_living": false}, "geometry": {"type": "Polygon", "coordinates": [[[35.6618884, 56.2282834], [35.6628077, 56.2278837], [35.6628998, 56.2279492], [35.6619805, 56.2283489], [35.6618884, 56.2282834]]]}}, {"type": "Feature", "properties": {"id": "way/624379079", "@id": "way/624379079", "abandoned": null, "addr:city": null, "addr:housenumber": null, "addr:place": null, "addr:postcode": null, "addr:street": null, "alt_name": null, "amenity": null, "building": "yes", "building:levels": null, "cuisine": null, "denomination": null, "government": null, "historic": null, "inscription": null, "layer": null, "memorial": null, "name": null, "name:en": null, "name:ru": null, "office": null, "opening_hours": null, "operator": null, "phone": null, "power": null, "ref:sobory.ru": null, "ref:temples.ru": null, "religion": null, "roof:shape": null, "shop": null, "source:addr": null, "source:housenumber": null, "start_date": null, "tomb": null, "tourism": null, "type": null, "was:amenity": null, "website": null, "wikidata": null, "wikipedia": null, "is_living": false}, "geometry": {"type": "Polygon", "coordinates": [[[35.6623695, 56.2279339], [35.662291, 56.2278709], [35.6626244, 56.2277425], [35.6627029, 56.2278056], [35.6623695, 56.2279339]]]}}, {"type": "Feature", "properties": {"id": "way/624379080", "@id": "way/624379080", "abandoned": null, "addr:city": null, "addr:housenumber": null, "addr:place": null, "addr:postcode": null, "addr:street": null, "alt_name": null, "amenity": null, "building": "yes", "building:levels": null, "cuisine": null, "denomination": null, "government": null, "historic": null, "inscription": null, "layer": null, "memorial": null, "name": null, "name:en": null, "name:ru": null, "office": null, "opening_hours": null, "operator": null, "phone": null, "power": null, "ref:sobory.ru": null, "ref:temples.ru": null, "religion": null, "roof:shape": null, "shop": null, "source:addr": null, "source:housenumber": null, "start_date": null, "tomb": null, "tourism": null, "type": null, "was:amenity": null, "website": null, "wikidata": null, "wikipedia": null, "is_living": false}, "geometry": {"type": "Polygon", "coordinates": [[[35.6596125, 56.2256671], [35.659572, 56.2256268], [35.6596454, 56.225604], [35.6596858, 56.2256444], [35.6596125, 56.2256671]]]}}, {"type": "Feature", "properties": {"id": "way/624382209", "@id": "way/624382209", "abandoned": null, "addr:city": null, "addr:housenumber": null, "addr:place": null, "addr:postcode": null, "addr:street": null, "alt_name": null, "amenity": null, "building": "yes", "building:levels": null, "cuisine": null, "denomination": null, "government": null, "historic": null, "inscription": null, "layer": null, "memorial": null, "name": null, "name:en": null, "name:ru": null, "office": null, "opening_hours": null, "operator": null, "phone": null, "power": null, "ref:sobory.ru": null, "ref:temples.ru": null, "religion": null, "roof:shape": null, "shop": null, "source:addr": null, "source:housenumber": null, "start_date": null, "tomb": null, "tourism": null, "type": null, "was:amenity": null, "website": null, "wikidata": null, "wikipedia": null, "is_living": false}, "geometry": {"type": "Polygon", "coordinates": [[[35.6644261, 56.2291987], [35.6643436, 56.2291874], [35.6643682, 56.2291318], [35.6644506, 56.2291431], [35.6644261, 56.2291987]]]}}, {"type": "Feature", "properties": {"id": "way/624382210", "@id": "way/624382210", "abandoned": null, "addr:city": null, "addr:housenumber": null, "addr:place": null, "addr:postcode": null, "addr:street": null, "alt_name": null, "amenity": null, "building": "yes", "building:levels": null, "cuisine": null, "denomination": null, "government": null, "historic": null, "inscription": null, "layer": null, "memorial": null, "name": null, "name:en": null, "name:ru": null, "office": null, "opening_hours": null, "operator": null, "phone": null, "power": null, "ref:sobory.ru": null, "ref:temples.ru": null, "religion": null, "roof:shape": null, "shop": null, "source:addr": null, "source:housenumber": null, "start_date": null, "tomb": null, "tourism": null, "type": null, "was:amenity": null, "website": null, "wikidata": null, "wikipedia": null, "is_living": false}, "geometry": {"type": "Polygon", "coordinates": [[[35.6634015, 56.2294468], [35.6634545, 56.2293307], [35.6640866, 56.2294199], [35.6640336, 56.2295359], [35.6634015, 56.2294468]]]}}, {"type": "Feature", "properties": {"id": "way/624382211", "@id": "way/624382211", "abandoned": null, "addr:city": null, "addr:housenumber": null, "addr:place": null, "addr:postcode": null, "addr:street": null, "alt_name": null, "amenity": null, "building": "yes", "building:levels": null, "cuisine": null, "denomination": null, "government": null, "historic": null, "inscription": null, "layer": null, "memorial": null, "name": null, "name:en": null, "name:ru": null, "office": null, "opening_hours": null, "operator": null, "phone": null, "power": null, "ref:sobory.ru": null, "ref:temples.ru": null, "religion": null, "roof:shape": null, "shop": null, "source:addr": null, "source:housenumber": null, "start_date": null, "tomb": null, "tourism": null, "type": null, "was:amenity": null, "website": null, "wikidata": null, "wikipedia": null, "is_living": false}, "geometry": {"type": "Polygon", "coordinates": [[[35.6656222, 56.2296168], [35.6656643, 56.2295269], [35.6660684, 56.2295854], [35.6660262, 56.2296754], [35.6656222, 56.2296168]]]}}, {"type": "Feature", "properties": {"id": "way/624382214", "@id": "way/624382214", "abandoned": null, "addr:city": null, "addr:housenumber": null, "addr:place": null, "addr:postcode": null, "addr:street": null, "alt_name": null, "amenity": null, "building": "yes", "building:levels": null, "cuisine": null, "denomination": null, "government": null, "historic": null, "inscription": null, "layer": null, "memorial": null, "name": null, "name:en": null, "name:ru": null, "office": null, "opening_hours": null, "operator": null, "phone": null, "power": null, "ref:sobory.ru": null, "ref:temples.ru": null, "religion": null, "roof:shape": null, "shop": null, "source:addr": null, "source:housenumber": null, "start_date": null, "tomb": null, "tourism": null, "type": null, "was:amenity": null, "website": null, "wikidata": null, "wikipedia": null, "is_living": false}, "geometry": {"type": "Polygon", "coordinates": [[[35.6626499, 56.2291012], [35.662247, 56.2290501], [35.6622999, 56.2289211], [35.6627028, 56.2289722], [35.6626499, 56.2291012]]]}}, {"type": "Feature", "properties": {"id": "way/624382216", "@id": "way/624382216", "abandoned": null, "addr:city": null, "addr:housenumber": null, "addr:place": null, "addr:postcode": null, "addr:street": null, "alt_name": null, "amenity": null, "building": "yes", "building:levels": null, "cuisine": null, "denomination": null, "government": null, "historic": null, "inscription": null, "layer": null, "memorial": null, "name": null, "name:en": null, "name:ru": null, "office": null, "opening_hours": null, "operator": null, "phone": null, "power": null, "ref:sobory.ru": null, "ref:temples.ru": null, "religion": null, "roof:shape": null, "shop": null, "source:addr": null, "source:housenumber": null, "start_date": null, "tomb": null, "tourism": null, "type": null, "was:amenity": null, "website": null, "wikidata": null, "wikipedia": null, "is_living": false}, "geometry": {"type": "Polygon", "coordinates": [[[35.6657948, 56.229778], [35.6655644, 56.2297381], [35.6656092, 56.2296582], [35.6658396, 56.2296981], [35.6657948, 56.229778]]]}}, {"type": "Feature", "properties": {"id": "way/624382217", "@id": "way/624382217", "abandoned": null, "addr:city": null, "addr:housenumber": null, "addr:place": null, "addr:postcode": null, "addr:street": null, "alt_name": null, "amenity": null, "building": "yes", "building:levels": null, "cuisine": null, "denomination": null, "government": null, "historic": null, "inscription": null, "layer": null, "memorial": null, "name": null, "name:en": null, "name:ru": null, "office": null, "opening_hours": null, "operator": null, "phone": null, "power": null, "ref:sobory.ru": null, "ref:temples.ru": null, "religion": null, "roof:shape": null, "shop": null, "source:addr": null, "source:housenumber": null, "start_date": null, "tomb": null, "tourism": null, "type": null, "was:amenity": null, "website": null, "wikidata": null, "wikipedia": null, "is_living": false}, "geometry": {"type": "Polygon", "coordinates": [[[35.6631321, 56.2291615], [35.6631781, 56.2290495], [35.6637692, 56.2291246], [35.6637232, 56.2292365], [35.6631321, 56.2291615]]]}}, {"type": "Feature", "properties": {"id": "way/624384483", "@id": "way/624384483", "abandoned": null, "addr:city": null, "addr:housenumber": null, "addr:place": null, "addr:postcode": null, "addr:street": null, "alt_name": null, "amenity": null, "building": "yes", "building:levels": null, "cuisine": null, "denomination": null, "government": null, "historic": null, "inscription": null, "layer": null, "memorial": null, "name": null, "name:en": null, "name:ru": null, "office": null, "opening_hours": null, "operator": null, "phone": null, "power": null, "ref:sobory.ru": null, "ref:temples.ru": null, "religion": null, "roof:shape": null, "shop": null, "source:addr": null, "source:housenumber": null, "start_date": null, "tomb": null, "tourism": null, "type": null, "was:amenity": null, "website": null, "wikidata": null, "wikipedia": null, "is_living": false}, "geometry": {"type": "Polygon", "coordinates": [[[35.6602729, 56.2247364], [35.6601255, 56.22455], [35.6604547, 56.2244695], [35.660602, 56.2246559], [35.6602729, 56.2247364]]]}}, {"type": "Feature", "properties": {"id": "way/624384485", "@id": "way/624384485", "abandoned": null, "addr:city": null, "addr:housenumber": null, "addr:place": null, "addr:postcode": null, "addr:street": null, "alt_name": null, "amenity": null, "building": "yes", "building:levels": null, "cuisine": null, "denomination": null, "government": null, "historic": null, "inscription": null, "layer": null, "memorial": null, "name": null, "name:en": null, "name:ru": null, "office": null, "opening_hours": null, "operator": null, "phone": null, "power": null, "ref:sobory.ru": null, "ref:temples.ru": null, "religion": null, "roof:shape": null, "shop": null, "source:addr": null, "source:housenumber": null, "start_date": null, "tomb": null, "tourism": null, "type": null, "was:amenity": null, "website": null, "wikidata": null, "wikipedia": null, "is_living": false}, "geometry": {"type": "Polygon", "coordinates": [[[35.6700417, 56.2281419], [35.6695544, 56.2281021], [35.6695951, 56.2279491], [35.67008, 56.2279965], [35.6700417, 56.2281419]]]}}, {"type": "Feature", "properties": {"id": "way/624384489", "@id": "way/624384489", "abandoned": null, "addr:city": null, "addr:housenumber": null, "addr:place": null, "addr:postcode": null, "addr:street": null, "alt_name": null, "amenity": null, "building": "yes", "building:levels": null, "cuisine": null, "denomination": null, "government": null, "historic": null, "inscription": null, "layer": null, "memorial": null, "name": null, "name:en": null, "name:ru": null, "office": null, "opening_hours": null, "operator": null, "phone": null, "power": null, "ref:sobory.ru": null, "ref:temples.ru": null, "religion": null, "roof:shape": null, "shop": null, "source:addr": null, "source:housenumber": null, "start_date": null, "tomb": null, "tourism": null, "type": null, "was:amenity": null, "website": null, "wikidata": null, "wikipedia": null, "is_living": false}, "geometry": {"type": "Polygon", "coordinates": [[[35.6620061, 56.2235627], [35.6619432, 56.2234791], [35.6622374, 56.2234106], [35.6623003, 56.2234942], [35.6620061, 56.2235627]]]}}, {"type": "Feature", "properties": {"id": "way/624384490", "@id": "way/624384490", "abandoned": null, "addr:city": null, "addr:housenumber": null, "addr:place": null, "addr:postcode": null, "addr:street": null, "alt_name": null, "amenity": null, "building": "yes", "building:levels": null, "cuisine": null, "denomination": null, "government": null, "historic": null, "inscription": null, "layer": null, "memorial": null, "name": null, "name:en": null, "name:ru": null, "office": null, "opening_hours": null, "operator": null, "phone": null, "power": null, "ref:sobory.ru": null, "ref:temples.ru": null, "religion": null, "roof:shape": null, "shop": null, "source:addr": null, "source:housenumber": null, "start_date": null, "tomb": null, "tourism": null, "type": null, "was:amenity": null, "website": null, "wikidata": null, "wikipedia": null, "is_living": false}, "geometry": {"type": "Polygon", "coordinates": [[[35.669976, 56.2285691], [35.6698617, 56.2285529], [35.6699022, 56.2284645], [35.6700165, 56.2284807], [35.669976, 56.2285691]]]}}, {"type": "Feature", "properties": {"id": "way/624384491", "@id": "way/624384491", "abandoned": null, "addr:city": null, "addr:housenumber": null, "addr:place": null, "addr:postcode": null, "addr:street": null, "alt_name": null, "amenity": null, "building": "yes", "building:levels": null, "cuisine": null, "denomination": null, "government": null, "historic": null, "inscription": null, "layer": null, "memorial": null, "name": null, "name:en": null, "name:ru": null, "office": null, "opening_hours": null, "operator": null, "phone": null, "power": null, "ref:sobory.ru": null, "ref:temples.ru": null, "religion": null, "roof:shape": null, "shop": null, "source:addr": null, "source:housenumber": null, "start_date": null, "tomb": null, "tourism": null, "type": null, "was:amenity": null, "website": null, "wikidata": null, "wikipedia": null, "is_living": false}, "geometry": {"type": "Polygon", "coordinates": [[[35.6612143, 56.2237927], [35.6611337, 56.2236892], [35.6613219, 56.2236439], [35.6613711, 56.2237069], [35.6612789, 56.2237291], [35.6613105, 56.2237696], [35.6612143, 56.2237927]]]}}, {"type": "Feature", "properties": {"id": "way/624384492", "@id": "way/624384492", "abandoned": null, "addr:city": null, "addr:housenumber": null, "addr:place": null, "addr:postcode": null, "addr:street": null, "alt_name": null, "amenity": null, "building": "yes", "building:levels": null, "cuisine": null, "denomination": null, "government": null, "historic": null, "inscription": null, "layer": null, "memorial": null, "name": null, "name:en": null, "name:ru": null, "office": null, "opening_hours": null, "operator": null, "phone": null, "power": null, "ref:sobory.ru": null, "ref:temples.ru": null, "religion": null, "roof:shape": null, "shop": null, "source:addr": null, "source:housenumber": null, "start_date": null, "tomb": null, "tourism": null, "type": null, "was:amenity": null, "website": null, "wikidata": null, "wikipedia": null, "is_living": false}, "geometry": {"type": "Polygon", "coordinates": [[[35.6609238, 56.2250714], [35.6606797, 56.225134], [35.6605555, 56.2249843], [35.6607996, 56.2249217], [35.6609238, 56.2250714]]]}}, {"type": "Feature", "properties": {"id": "way/624384493", "@id": "way/624384493", "abandoned": null, "addr:city": null, "addr:housenumber": null, "addr:place": null, "addr:postcode": null, "addr:street": null, "alt_name": null, "amenity": null, "building": "yes", "building:levels": null, "cuisine": null, "denomination": null, "government": null, "historic": null, "inscription": null, "layer": null, "memorial": null, "name": null, "name:en": null, "name:ru": null, "office": null, "opening_hours": null, "operator": null, "phone": null, "power": null, "ref:sobory.ru": null, "ref:temples.ru": null, "religion": null, "roof:shape": null, "shop": null, "source:addr": null, "source:housenumber": null, "start_date": null, "tomb": null, "tourism": null, "type": null, "was:amenity": null, "website": null, "wikidata": null, "wikipedia": null, "is_living": false}, "geometry": {"type": "Polygon", "coordinates": [[[35.6695651, 56.2282692], [35.6690889, 56.2282219], [35.6691258, 56.2281072], [35.669602, 56.2281545], [35.6695651, 56.2282692]]]}}, {"type": "Feature", "properties": {"id": "way/624384494", "@id": "way/624384494", "abandoned": null, "addr:city": null, "addr:housenumber": null, "addr:place": null, "addr:postcode": null, "addr:street": null, "alt_name": null, "amenity": null, "building": "yes", "building:levels": null, "cuisine": null, "denomination": null, "government": null, "historic": null, "inscription": null, "layer": null, "memorial": null, "name": null, "name:en": null, "name:ru": null, "office": null, "opening_hours": null, "operator": null, "phone": null, "power": null, "ref:sobory.ru": null, "ref:temples.ru": null, "religion": null, "roof:shape": null, "shop": null, "source:addr": null, "source:housenumber": null, "start_date": null, "tomb": null, "tourism": null, "type": null, "was:amenity": null, "website": null, "wikidata": null, "wikipedia": null, "is_living": false}, "geometry": {"type": "Polygon", "coordinates": [[[35.6617133, 56.2236221], [35.6616789, 56.2235682], [35.6618306, 56.2235383], [35.661865, 56.2235922], [35.6617133, 56.2236221]]]}}, {"type": "Feature", "properties": {"id": "way/624384496", "@id": "way/624384496", "abandoned": null, "addr:city": null, "addr:housenumber": null, "addr:place": null, "addr:postcode": null, "addr:street": null, "alt_name": null, "amenity": null, "building": "yes", "building:levels": null, "cuisine": null, "denomination": null, "government": null, "historic": null, "inscription": null, "layer": null, "memorial": null, "name": null, "name:en": null, "name:ru": null, "office": null, "opening_hours": null, "operator": null, "phone": null, "power": null, "ref:sobory.ru": null, "ref:temples.ru": null, "religion": null, "roof:shape": null, "shop": null, "source:addr": null, "source:housenumber": null, "start_date": null, "tomb": null, "tourism": null, "type": null, "was:amenity": null, "website": null, "wikidata": null, "wikipedia": null, "is_living": false}, "geometry": {"type": "Polygon", "coordinates": [[[35.6611016, 56.2252821], [35.6610391, 56.2252044], [35.6611421, 56.2251788], [35.6612046, 56.2252564], [35.6611016, 56.2252821]]]}}, {"type": "Feature", "properties": {"id": "way/624384497", "@id": "way/624384497", "abandoned": null, "addr:city": null, "addr:housenumber": null, "addr:place": null, "addr:postcode": null, "addr:street": null, "alt_name": null, "amenity": null, "building": "yes", "building:levels": null, "cuisine": null, "denomination": null, "government": null, "historic": null, "inscription": null, "layer": null, "memorial": null, "name": null, "name:en": null, "name:ru": null, "office": null, "opening_hours": null, "operator": null, "phone": null, "power": null, "ref:sobory.ru": null, "ref:temples.ru": null, "religion": null, "roof:shape": null, "shop": null, "source:addr": null, "source:housenumber": null, "start_date": null, "tomb": null, "tourism": null, "type": null, "was:amenity": null, "website": null, "wikidata": null, "wikipedia": null, "is_living": false}, "geometry": {"type": "Polygon", "coordinates": [[[35.6690957, 56.2290753], [35.6692973, 56.2284778], [35.6697125, 56.2285211], [35.6696774, 56.2286251], [35.669937, 56.2286521], [35.6697705, 56.2291456], [35.6690957, 56.2290753]]]}}, {"type": "Feature", "properties": {"id": "way/624384498", "@id": "way/624384498", "abandoned": null, "addr:city": null, "addr:housenumber": null, "addr:place": null, "addr:postcode": null, "addr:street": null, "alt_name": null, "amenity": null, "building": "yes", "building:levels": null, "cuisine": null, "denomination": null, "government": null, "historic": null, "inscription": null, "layer": null, "memorial": null, "name": null, "name:en": null, "name:ru": null, "office": null, "opening_hours": null, "operator": null, "phone": null, "power": null, "ref:sobory.ru": null, "ref:temples.ru": null, "religion": null, "roof:shape": null, "shop": null, "source:addr": null, "source:housenumber": null, "start_date": null, "tomb": null, "tourism": null, "type": null, "was:amenity": null, "website": null, "wikidata": null, "wikipedia": null, "is_living": false}, "geometry": {"type": "Polygon", "coordinates": [[[35.6605149, 56.2249167], [35.6604045, 56.2247693], [35.6606399, 56.2247148], [35.6607503, 56.2248623], [35.6605149, 56.2249167]]]}}, {"type": "Feature", "properties": {"id": "way/624401446", "@id": "way/624401446", "abandoned": null, "addr:city": null, "addr:housenumber": "8", "addr:place": null, "addr:postcode": null, "addr:street": "улица Микрорайон", "alt_name": null, "amenity": null, "building": "school", "building:levels": null, "cuisine": null, "denomination": null, "government": null, "historic": null, "inscription": null, "layer": null, "memorial": null, "name": null, "name:en": null, "name:ru": null, "office": null, "opening_hours": null, "operator": null, "phone": null, "power": null, "ref:sobory.ru": null, "ref:temples.ru": null, "religion": null, "roof:shape": null, "shop": null, "source:addr": "ЕГРН", "source:housenumber": null, "start_date": null, "tomb": null, "tourism": null, "type": null, "was:amenity": null, "website": null, "wikidata": null, "wikipedia": null, "is_living": false}, "geometry": {"type": "Polygon", "coordinates": [[[35.6414989, 56.2359115], [35.641217, 56.2359408], [35.6411962, 56.2358791], [35.6412703, 56.2358714], [35.6412591, 56.2358379], [35.6410447, 56.2358602], [35.6410047, 56.2357411], [35.641206, 56.2357202], [35.6411952, 56.2356881], [35.6409782, 56.2357106], [35.6409356, 56.235584], [35.6413734, 56.2355385], [35.6414989, 56.2359115]]]}}, {"type": "Feature", "properties": {"id": "way/624402314", "@id": "way/624402314", "abandoned": null, "addr:city": null, "addr:housenumber": "9", "addr:place": null, "addr:postcode": null, "addr:street": "улица Микрорайон", "alt_name": null, "amenity": null, "building": "yes", "building:levels": null, "cuisine": null, "denomination": null, "government": null, "historic": null, "inscription": null, "layer": null, "memorial": null, "name": null, "name:en": null, "name:ru": null, "office": null, "opening_hours": null, "operator": null, "phone": null, "power": null, "ref:sobory.ru": null, "ref:temples.ru": null, "religion": null, "roof:shape": null, "shop": null, "source:addr": "ЕГРН", "source:housenumber": null, "start_date": null, "tomb": null, "tourism": null, "type": null, "was:amenity": null, "website": null, "wikidata": null, "wikipedia": null, "is_living": false}, "geometry": {"type": "Polygon", "coordinates": [[[35.6392926, 56.2357395], [35.6391335, 56.2357534], [35.6390545, 56.2354752], [35.6392136, 56.2354613], [35.6392926, 56.2357395]]]}}, {"type": "Feature", "properties": {"id": "way/624402316", "@id": "way/624402316", "abandoned": null, "addr:city": null, "addr:housenumber": null, "addr:place": null, "addr:postcode": null, "addr:street": null, "alt_name": null, "amenity": null, "building": "yes", "building:levels": null, "cuisine": null, "denomination": null, "government": null, "historic": null, "inscription": null, "layer": null, "memorial": null, "name": null, "name:en": null, "name:ru": null, "office": null, "opening_hours": null, "operator": null, "phone": null, "power": null, "ref:sobory.ru": null, "ref:temples.ru": null, "religion": null, "roof:shape": null, "shop": null, "source:addr": null, "source:housenumber": null, "start_date": null, "tomb": null, "tourism": null, "type": null, "was:amenity": null, "website": null, "wikidata": null, "wikipedia": null, "is_living": false}, "geometry": {"type": "Polygon", "coordinates": [[[35.6389683, 56.235121], [35.638945, 56.2350623], [35.6390348, 56.2350513], [35.6390581, 56.23511], [35.6389683, 56.235121]]]}}, {"type": "Feature", "properties": {"id": "way/624402347", "@id": "way/624402347", "abandoned": null, "addr:city": "Лотошино", "addr:housenumber": "5", "addr:place": null, "addr:postcode": null, "addr:street": "улица Микрорайон", "alt_name": null, "amenity": null, "building": "kindergarten", "building:levels": null, "cuisine": null, "denomination": null, "government": null, "historic": null, "inscription": null, "layer": null, "memorial": null, "name": null, "name:en": null, "name:ru": null, "office": null, "opening_hours": null, "operator": null, "phone": null, "power": null, "ref:sobory.ru": null, "ref:temples.ru": null, "religion": null, "roof:shape": null, "shop": null, "source:addr": null, "source:housenumber": null, "start_date": null, "tomb": null, "tourism": null, "type": null, "was:amenity": null, "website": null, "wikidata": null, "wikipedia": null, "is_living": false}, "geometry": {"type": "Polygon", "coordinates": [[[35.6415804, 56.2344257], [35.6414425, 56.2344375], [35.641427, 56.2343814], [35.6409579, 56.2344214], [35.6409742, 56.2344802], [35.6408329, 56.2344922], [35.6408009, 56.2343765], [35.640852, 56.2343721], [35.6408361, 56.2343145], [35.641496, 56.2342582], [35.6415111, 56.2343127], [35.6415483, 56.2343096], [35.6415804, 56.2344257]]]}}, {"type": "Feature", "properties": {"id": "way/624404460", "@id": "way/624404460", "abandoned": null, "addr:city": null, "addr:housenumber": "12А", "addr:place": null, "addr:postcode": null, "addr:street": "улица Микрорайон", "alt_name": null, "amenity": null, "building": "yes", "building:levels": null, "cuisine": null, "denomination": null, "government": null, "historic": null, "inscription": null, "layer": null, "memorial": null, "name": null, "name:en": null, "name:ru": null, "office": null, "opening_hours": null, "operator": null, "phone": null, "power": null, "ref:sobory.ru": null, "ref:temples.ru": null, "religion": null, "roof:shape": null, "shop": null, "source:addr": "ЕГРН", "source:housenumber": null, "start_date": null, "tomb": null, "tourism": null, "type": null, "was:amenity": null, "website": null, "wikidata": null, "wikipedia": null, "is_living": false}, "geometry": {"type": "Polygon", "coordinates": [[[35.6394448, 56.2366798], [35.6393674, 56.2364624], [35.6394644, 56.2364518], [35.6395418, 56.2366692], [35.6394448, 56.2366798]]]}}, {"type": "Feature", "properties": {"id": "way/624404462", "@id": "way/624404462", "abandoned": null, "addr:city": null, "addr:housenumber": null, "addr:place": null, "addr:postcode": null, "addr:street": null, "alt_name": null, "amenity": null, "building": "yes", "building:levels": null, "cuisine": null, "denomination": null, "government": null, "historic": null, "inscription": null, "layer": null, "memorial": null, "name": null, "name:en": null, "name:ru": null, "office": null, "opening_hours": null, "operator": null, "phone": null, "power": null, "ref:sobory.ru": null, "ref:temples.ru": null, "religion": null, "roof:shape": null, "shop": null, "source:addr": null, "source:housenumber": null, "start_date": null, "tomb": null, "tourism": null, "type": null, "was:amenity": null, "website": null, "wikidata": null, "wikipedia": null, "is_living": false}, "geometry": {"type": "Polygon", "coordinates": [[[35.6390858, 56.2368002], [35.6390428, 56.2366736], [35.6391421, 56.2366632], [35.639185, 56.2367898], [35.6390858, 56.2368002]]]}}, {"type": "Feature", "properties": {"id": "way/624404464", "@id": "way/624404464", "abandoned": null, "addr:city": null, "addr:housenumber": null, "addr:place": null, "addr:postcode": null, "addr:street": null, "alt_name": null, "amenity": null, "building": "yes", "building:levels": null, "cuisine": null, "denomination": null, "government": null, "historic": null, "inscription": null, "layer": null, "memorial": null, "name": null, "name:en": null, "name:ru": null, "office": null, "opening_hours": null, "operator": null, "phone": null, "power": null, "ref:sobory.ru": null, "ref:temples.ru": null, "religion": null, "roof:shape": null, "shop": null, "source:addr": null, "source:housenumber": null, "start_date": null, "tomb": null, "tourism": null, "type": null, "was:amenity": null, "website": null, "wikidata": null, "wikipedia": null, "is_living": false}, "geometry": {"type": "Polygon", "coordinates": [[[35.6388121, 56.2367213], [35.6387632, 56.2365904], [35.6388695, 56.2365781], [35.6389185, 56.236709], [35.6388121, 56.2367213]]]}}, {"type": "Feature", "properties": {"id": "way/624404466", "@id": "way/624404466", "abandoned": null, "addr:city": null, "addr:housenumber": null, "addr:place": null, "addr:postcode": null, "addr:street": null, "alt_name": null, "amenity": null, "building": "yes", "building:levels": null, "cuisine": null, "denomination": null, "government": null, "historic": null, "inscription": null, "layer": null, "memorial": null, "name": null, "name:en": null, "name:ru": null, "office": null, "opening_hours": null, "operator": null, "phone": null, "power": null, "ref:sobory.ru": null, "ref:temples.ru": null, "religion": null, "roof:shape": null, "shop": null, "source:addr": null, "source:housenumber": null, "start_date": null, "tomb": null, "tourism": null, "type": null, "was:amenity": null, "website": null, "wikidata": null, "wikipedia": null, "is_living": false}, "geometry": {"type": "Polygon", "coordinates": [[[35.638992, 56.2365073], [35.6389571, 56.2364177], [35.6390493, 56.2364066], [35.6390843, 56.2364962], [35.638992, 56.2365073]]]}}, {"type": "Feature", "properties": {"id": "way/624416551", "@id": "way/624416551", "abandoned": null, "addr:city": null, "addr:housenumber": "10", "addr:place": null, "addr:postcode": null, "addr:street": "Сушзаводская улица", "alt_name": null, "amenity": null, "building": "yes", "building:levels": null, "cuisine": null, "denomination": null, "government": null, "historic": null, "inscription": null, "layer": null, "memorial": null, "name": null, "name:en": null, "name:ru": null, "office": null, "opening_hours": null, "operator": null, "phone": null, "power": null, "ref:sobory.ru": null, "ref:temples.ru": null, "religion": null, "roof:shape": null, "shop": null, "source:addr": "ЕГРН", "source:housenumber": null, "start_date": null, "tomb": null, "tourism": null, "type": null, "was:amenity": null, "website": null, "wikidata": null, "wikipedia": null, "is_living": false}, "geometry": {"type": "Polygon", "coordinates": [[[35.6475957, 56.234699], [35.6474845, 56.2347073], [35.6474726, 56.2346585], [35.6472978, 56.2346716], [35.647282, 56.2346064], [35.6471819, 56.2346139], [35.6471306, 56.2344026], [35.6473755, 56.2343843], [35.6473851, 56.2344239], [35.6473937, 56.2344594], [35.6474388, 56.234456], [35.6474652, 56.2345649], [35.6475614, 56.2345577], [35.6475957, 56.234699]]]}}, {"type": "Feature", "properties": {"id": "way/624416556", "@id": "way/624416556", "abandoned": null, "addr:city": null, "addr:housenumber": null, "addr:place": null, "addr:postcode": null, "addr:street": null, "alt_name": null, "amenity": null, "building": "yes", "building:levels": null, "cuisine": null, "denomination": null, "government": null, "historic": null, "inscription": null, "layer": null, "memorial": null, "name": null, "name:en": null, "name:ru": null, "office": null, "opening_hours": null, "operator": null, "phone": null, "power": null, "ref:sobory.ru": null, "ref:temples.ru": null, "religion": null, "roof:shape": null, "shop": null, "source:addr": null, "source:housenumber": null, "start_date": null, "tomb": null, "tourism": null, "type": null, "was:amenity": null, "website": null, "wikidata": null, "wikipedia": null, "is_living": false}, "geometry": {"type": "Polygon", "coordinates": [[[35.6462328, 56.2340651], [35.6463698, 56.2340533], [35.6464894, 56.2344841], [35.6455827, 56.2345618], [35.6455042, 56.2345685], [35.6454942, 56.2345325], [35.6454269, 56.2342902], [35.6455177, 56.2342825], [35.6455649, 56.2344526], [35.6463223, 56.2343876], [35.6462328, 56.2340651]]]}}, {"type": "Feature", "properties": {"id": "way/624416560", "@id": "way/624416560", "abandoned": null, "addr:city": null, "addr:housenumber": null, "addr:place": null, "addr:postcode": null, "addr:street": null, "alt_name": null, "amenity": null, "building": "yes", "building:levels": null, "cuisine": null, "denomination": null, "government": null, "historic": null, "inscription": null, "layer": null, "memorial": null, "name": null, "name:en": null, "name:ru": null, "office": null, "opening_hours": null, "operator": null, "phone": null, "power": null, "ref:sobory.ru": null, "ref:temples.ru": null, "religion": null, "roof:shape": null, "shop": null, "source:addr": null, "source:housenumber": null, "start_date": null, "tomb": null, "tourism": null, "type": null, "was:amenity": null, "website": null, "wikidata": null, "wikipedia": null, "is_living": false}, "geometry": {"type": "Polygon", "coordinates": [[[35.6454004, 56.2342266], [35.6453753, 56.2341518], [35.6456943, 56.2341187], [35.6456712, 56.2340501], [35.6459692, 56.2340192], [35.6459918, 56.2340865], [35.6457687, 56.2341096], [35.6457943, 56.2341857], [35.6454004, 56.2342266]]]}}, {"type": "Feature", "properties": {"id": "way/624643224", "@id": "way/624643224", "abandoned": null, "addr:city": null, "addr:housenumber": null, "addr:place": null, "addr:postcode": null, "addr:street": null, "alt_name": null, "amenity": null, "building": "yes", "building:levels": null, "cuisine": null, "denomination": null, "government": null, "historic": null, "inscription": null, "layer": null, "memorial": null, "name": null, "name:en": null, "name:ru": null, "office": null, "opening_hours": null, "operator": null, "phone": null, "power": null, "ref:sobory.ru": null, "ref:temples.ru": null, "religion": null, "roof:shape": null, "shop": null, "source:addr": null, "source:housenumber": null, "start_date": null, "tomb": null, "tourism": null, "type": null, "was:amenity": null, "website": null, "wikidata": null, "wikipedia": null, "is_living": false}, "geometry": {"type": "Polygon", "coordinates": [[[35.6558971, 56.2378647], [35.6557219, 56.2378127], [35.655861, 56.2376679], [35.6554405, 56.2375432], [35.6553109, 56.2376782], [35.6549929, 56.2375839], [35.6553598, 56.2372016], [35.6557066, 56.2373044], [35.6555716, 56.237445], [35.6561509, 56.2376168], [35.6561899, 56.2375761], [35.6568131, 56.2377608], [35.6567507, 56.2378258], [35.6565802, 56.2377753], [35.6564414, 56.2379199], [35.6565886, 56.2379636], [35.6565503, 56.2380035], [35.655938, 56.237822], [35.6558971, 56.2378647]]]}}, {"type": "Feature", "properties": {"id": "way/624643609", "@id": "way/624643609", "abandoned": null, "addr:city": null, "addr:housenumber": "1РЯ", "addr:place": null, "addr:postcode": null, "addr:street": "улица Николая Тряпкина", "alt_name": null, "amenity": null, "building": "garages", "building:levels": null, "cuisine": null, "denomination": null, "government": null, "historic": null, "inscription": null, "layer": null, "memorial": null, "name": null, "name:en": null, "name:ru": null, "office": null, "opening_hours": null, "operator": null, "phone": null, "power": null, "ref:sobory.ru": null, "ref:temples.ru": null, "religion": null, "roof:shape": null, "shop": null, "source:addr": "ЕГРН", "source:housenumber": null, "start_date": null, "tomb": null, "tourism": null, "type": null, "was:amenity": null, "website": null, "wikidata": null, "wikipedia": null, "is_living": false}, "geometry": {"type": "Polygon", "coordinates": [[[35.6494022, 56.2373895], [35.649306, 56.2373603], [35.6495803, 56.2370807], [35.6496765, 56.2371098], [35.6494022, 56.2373895]]]}}, {"type": "Feature", "properties": {"id": "way/624643611", "@id": "way/624643611", "abandoned": null, "addr:city": null, "addr:housenumber": "4/7", "addr:place": null, "addr:postcode": null, "addr:street": "улица Николая Тряпкина", "alt_name": null, "amenity": null, "building": "garages", "building:levels": null, "cuisine": null, "denomination": null, "government": null, "historic": null, "inscription": null, "layer": null, "memorial": null, "name": null, "name:en": null, "name:ru": null, "office": null, "opening_hours": null, "operator": null, "phone": null, "power": null, "ref:sobory.ru": null, "ref:temples.ru": null, "religion": null, "roof:shape": null, "shop": null, "source:addr": "ЕГРН", "source:housenumber": null, "start_date": null, "tomb": null, "tourism": null, "type": null, "was:amenity": null, "website": null, "wikidata": null, "wikipedia": null, "is_living": false}, "geometry": {"type": "Polygon", "coordinates": [[[35.6499534, 56.2375718], [35.6498716, 56.237547], [35.6502843, 56.2371256], [35.6503662, 56.2371504], [35.6499534, 56.2375718]]]}}, {"type": "Feature", "properties": {"id": "way/624643615", "@id": "way/624643615", "abandoned": null, "addr:city": null, "addr:housenumber": null, "addr:place": null, "addr:postcode": null, "addr:street": null, "alt_name": null, "amenity": null, "building": "garages", "building:levels": null, "cuisine": null, "denomination": null, "government": null, "historic": null, "inscription": null, "layer": null, "memorial": null, "name": null, "name:en": null, "name:ru": null, "office": null, "opening_hours": null, "operator": null, "phone": null, "power": null, "ref:sobory.ru": null, "ref:temples.ru": null, "religion": null, "roof:shape": null, "shop": null, "source:addr": null, "source:housenumber": null, "start_date": null, "tomb": null, "tourism": null, "type": null, "was:amenity": null, "website": null, "wikidata": null, "wikipedia": null, "is_living": false}, "geometry": {"type": "Polygon", "coordinates": [[[35.6497127, 56.2375182], [35.6495175, 56.2374582], [35.6498274, 56.2371466], [35.6500226, 56.2372066], [35.6497127, 56.2375182]]]}}, {"type": "Feature", "properties": {"id": "way/624643618", "@id": "way/624643618", "abandoned": null, "addr:city": null, "addr:housenumber": null, "addr:place": null, "addr:postcode": null, "addr:street": null, "alt_name": null, "amenity": null, "building": "garages", "building:levels": null, "cuisine": null, "denomination": null, "government": null, "historic": null, "inscription": null, "layer": null, "memorial": null, "name": null, "name:en": null, "name:ru": null, "office": null, "opening_hours": null, "operator": null, "phone": null, "power": null, "ref:sobory.ru": null, "ref:temples.ru": null, "religion": null, "roof:shape": null, "shop": null, "source:addr": null, "source:housenumber": null, "start_date": null, "tomb": null, "tourism": null, "type": null, "was:amenity": null, "website": null, "wikidata": null, "wikipedia": null, "is_living": false}, "geometry": {"type": "Polygon", "coordinates": [[[35.6492416, 56.2374315], [35.6503674, 56.2378159], [35.6503127, 56.2378739], [35.648545, 56.237272], [35.6486056, 56.2372161], [35.6492416, 56.2374315]]]}}, {"type": "Feature", "properties": {"id": "way/624646287", "@id": "way/624646287", "abandoned": null, "addr:city": null, "addr:housenumber": "50", "addr:place": null, "addr:postcode": null, "addr:street": "улица Калинина", "alt_name": null, "amenity": null, "building": "yes", "building:levels": null, "cuisine": null, "denomination": null, "government": null, "historic": null, "inscription": null, "layer": null, "memorial": null, "name": null, "name:en": null, "name:ru": null, "office": null, "opening_hours": null, "operator": null, "phone": null, "power": null, "ref:sobory.ru": null, "ref:temples.ru": null, "religion": null, "roof:shape": null, "shop": null, "source:addr": "ЕГРН", "source:housenumber": null, "start_date": null, "tomb": null, "tourism": null, "type": null, "was:amenity": null, "website": null, "wikidata": null, "wikipedia": null, "is_living": false}, "geometry": {"type": "Polygon", "coordinates": [[[35.6456108, 56.2354772], [35.64548, 56.2354852], [35.6454551, 56.2353599], [35.645586, 56.2353518], [35.6456108, 56.2354772]]]}}, {"type": "Feature", "properties": {"id": "way/624648611", "@id": "way/624648611", "abandoned": null, "addr:city": null, "addr:housenumber": "36А", "addr:place": null, "addr:postcode": null, "addr:street": "Центральная улица", "alt_name": null, "amenity": null, "building": "yes", "building:levels": null, "cuisine": null, "denomination": null, "government": null, "historic": null, "inscription": null, "layer": null, "memorial": null, "name": null, "name:en": null, "name:ru": null, "office": null, "opening_hours": null, "operator": null, "phone": null, "power": null, "ref:sobory.ru": null, "ref:temples.ru": null, "religion": null, "roof:shape": null, "shop": null, "source:addr": "ЕГРН", "source:housenumber": null, "start_date": null, "tomb": null, "tourism": null, "type": null, "was:amenity": null, "website": null, "wikidata": null, "wikipedia": null, "is_living": false}, "geometry": {"type": "Polygon", "coordinates": [[[35.6337348, 56.2275916], [35.6337216, 56.2275229], [35.6339613, 56.2275086], [35.6339745, 56.2275773], [35.6337348, 56.2275916]]]}}, {"type": "Feature", "properties": {"id": "way/624663782", "@id": "way/624663782", "abandoned": null, "addr:city": null, "addr:housenumber": "5", "addr:place": null, "addr:postcode": null, "addr:street": "улица Рогова", "alt_name": null, "amenity": null, "building": "yes", "building:levels": null, "cuisine": null, "denomination": null, "government": null, "historic": null, "inscription": null, "layer": null, "memorial": null, "name": null, "name:en": null, "name:ru": null, "office": null, "opening_hours": null, "operator": null, "phone": null, "power": null, "ref:sobory.ru": null, "ref:temples.ru": null, "religion": null, "roof:shape": null, "shop": null, "source:addr": "ЕГРН", "source:housenumber": null, "start_date": null, "tomb": null, "tourism": null, "type": null, "was:amenity": null, "website": null, "wikidata": null, "wikipedia": null, "is_living": false}, "geometry": {"type": "Polygon", "coordinates": [[[35.6603789, 56.2163998], [35.6602424, 56.2163893], [35.660242, 56.2163538], [35.6602987, 56.2163327], [35.6603229, 56.2161925], [35.6604298, 56.2161986], [35.6603789, 56.2163998]]]}}, {"type": "Feature", "properties": {"id": "way/624665362", "@id": "way/624665362", "abandoned": null, "addr:city": null, "addr:housenumber": "9", "addr:place": null, "addr:postcode": null, "addr:street": "улица Рогова", "alt_name": null, "amenity": null, "building": "yes", "building:levels": null, "cuisine": null, "denomination": null, "government": null, "historic": null, "inscription": null, "layer": null, "memorial": null, "name": null, "name:en": null, "name:ru": null, "office": null, "opening_hours": null, "operator": null, "phone": null, "power": null, "ref:sobory.ru": null, "ref:temples.ru": null, "religion": null, "roof:shape": null, "shop": null, "source:addr": null, "source:housenumber": null, "start_date": null, "tomb": null, "tourism": null, "type": null, "was:amenity": null, "website": null, "wikidata": null, "wikipedia": null, "is_living": false}, "geometry": {"type": "Polygon", "coordinates": [[[35.6594638, 56.2129673], [35.6594935, 56.2128563], [35.6603467, 56.212927], [35.660317, 56.213038], [35.6594638, 56.2129673]]]}}, {"type": "Feature", "properties": {"id": "way/624665366", "@id": "way/624665366", "abandoned": null, "addr:city": null, "addr:housenumber": null, "addr:place": null, "addr:postcode": null, "addr:street": null, "alt_name": null, "amenity": null, "building": "yes", "building:levels": null, "cuisine": null, "denomination": null, "government": null, "historic": null, "inscription": null, "layer": null, "memorial": null, "name": null, "name:en": null, "name:ru": null, "office": null, "opening_hours": null, "operator": null, "phone": null, "power": null, "ref:sobory.ru": null, "ref:temples.ru": null, "religion": null, "roof:shape": null, "shop": null, "source:addr": null, "source:housenumber": null, "start_date": null, "tomb": null, "tourism": null, "type": null, "was:amenity": null, "website": null, "wikidata": null, "wikipedia": null, "is_living": false}, "geometry": {"type": "Polygon", "coordinates": [[[35.6603148, 56.2127066], [35.6601263, 56.212691], [35.660157, 56.2125759], [35.6603455, 56.2125915], [35.6603148, 56.2127066]]]}}, {"type": "Feature", "properties": {"id": "way/624666896", "@id": "way/624666896", "abandoned": null, "addr:city": null, "addr:housenumber": null, "addr:place": null, "addr:postcode": null, "addr:street": null, "alt_name": null, "amenity": null, "building": "yes", "building:levels": null, "cuisine": null, "denomination": null, "government": null, "historic": null, "inscription": null, "layer": null, "memorial": null, "name": null, "name:en": null, "name:ru": null, "office": null, "opening_hours": null, "operator": null, "phone": null, "power": null, "ref:sobory.ru": null, "ref:temples.ru": null, "religion": null, "roof:shape": null, "shop": null, "source:addr": null, "source:housenumber": null, "start_date": null, "tomb": null, "tourism": null, "type": null, "was:amenity": null, "website": null, "wikidata": null, "wikipedia": null, "is_living": false}, "geometry": {"type": "Polygon", "coordinates": [[[35.6559663, 56.217401], [35.6556259, 56.2173417], [35.6560919, 56.2165146], [35.6564323, 56.2165739], [35.6559663, 56.217401]]]}}, {"type": "Feature", "properties": {"id": "way/624666897", "@id": "way/624666897", "abandoned": null, "addr:city": null, "addr:housenumber": null, "addr:place": null, "addr:postcode": null, "addr:street": null, "alt_name": null, "amenity": null, "building": "yes", "building:levels": null, "cuisine": null, "denomination": null, "government": null, "historic": null, "inscription": null, "layer": null, "memorial": null, "name": null, "name:en": null, "name:ru": null, "office": null, "opening_hours": null, "operator": null, "phone": null, "power": null, "ref:sobory.ru": null, "ref:temples.ru": null, "religion": null, "roof:shape": null, "shop": null, "source:addr": null, "source:housenumber": null, "start_date": null, "tomb": null, "tourism": null, "type": null, "was:amenity": null, "website": null, "wikidata": null, "wikipedia": null, "is_living": false}, "geometry": {"type": "Polygon", "coordinates": [[[35.6555638, 56.2190809], [35.6554168, 56.2190715], [35.6554889, 56.2187236], [35.6556359, 56.218733], [35.6555638, 56.2190809]]]}}, {"type": "Feature", "properties": {"id": "way/624666898", "@id": "way/624666898", "abandoned": null, "addr:city": null, "addr:housenumber": null, "addr:place": null, "addr:postcode": null, "addr:street": null, "alt_name": null, "amenity": null, "building": "yes", "building:levels": null, "cuisine": null, "denomination": null, "government": null, "historic": null, "inscription": null, "layer": null, "memorial": null, "name": null, "name:en": null, "name:ru": null, "office": null, "opening_hours": null, "operator": null, "phone": null, "power": null, "ref:sobory.ru": null, "ref:temples.ru": null, "religion": null, "roof:shape": null, "shop": null, "source:addr": null, "source:housenumber": null, "start_date": null, "tomb": null, "tourism": null, "type": null, "was:amenity": null, "website": null, "wikidata": null, "wikipedia": null, "is_living": false}, "geometry": {"type": "Polygon", "coordinates": [[[35.6565378, 56.2171054], [35.6564475, 56.2170965], [35.656461, 56.2170542], [35.6565513, 56.2170631], [35.6565378, 56.2171054]]]}}, {"type": "Feature", "properties": {"id": "way/624666899", "@id": "way/624666899", "abandoned": null, "addr:city": null, "addr:housenumber": null, "addr:place": null, "addr:postcode": null, "addr:street": null, "alt_name": null, "amenity": null, "building": "yes", "building:levels": null, "cuisine": null, "denomination": null, "government": null, "historic": null, "inscription": null, "layer": null, "memorial": null, "name": null, "name:en": null, "name:ru": null, "office": null, "opening_hours": null, "operator": null, "phone": null, "power": null, "ref:sobory.ru": null, "ref:temples.ru": null, "religion": null, "roof:shape": null, "shop": null, "source:addr": null, "source:housenumber": null, "start_date": null, "tomb": null, "tourism": null, "type": null, "was:amenity": null, "website": null, "wikidata": null, "wikipedia": null, "is_living": false}, "geometry": {"type": "Polygon", "coordinates": [[[35.6592174, 56.2175245], [35.6589579, 56.2175096], [35.6589687, 56.217451], [35.6590361, 56.2174549], [35.659064, 56.2173041], [35.6592562, 56.2173151], [35.6592174, 56.2175245]]]}}, {"type": "Feature", "properties": {"id": "way/624666905", "@id": "way/624666905", "abandoned": null, "addr:city": null, "addr:housenumber": null, "addr:place": null, "addr:postcode": null, "addr:street": null, "alt_name": null, "amenity": null, "building": "yes", "building:levels": null, "cuisine": null, "denomination": null, "government": null, "historic": null, "inscription": null, "layer": null, "memorial": null, "name": null, "name:en": null, "name:ru": null, "office": null, "opening_hours": null, "operator": null, "phone": null, "power": null, "ref:sobory.ru": null, "ref:temples.ru": null, "religion": null, "roof:shape": null, "shop": null, "source:addr": null, "source:housenumber": null, "start_date": null, "tomb": null, "tourism": null, "type": null, "was:amenity": null, "website": null, "wikidata": null, "wikipedia": null, "is_living": false}, "geometry": {"type": "Polygon", "coordinates": [[[35.657799, 56.2185901], [35.6570304, 56.2185243], [35.6570731, 56.2183701], [35.6578417, 56.2184358], [35.657799, 56.2185901]]]}}, {"type": "Feature", "properties": {"id": "way/624666906", "@id": "way/624666906", "abandoned": null, "addr:city": null, "addr:housenumber": null, "addr:place": null, "addr:postcode": null, "addr:street": null, "alt_name": null, "amenity": null, "building": "yes", "building:levels": null, "cuisine": null, "denomination": null, "government": null, "historic": null, "inscription": null, "layer": null, "memorial": null, "name": null, "name:en": null, "name:ru": null, "office": null, "opening_hours": null, "operator": null, "phone": null, "power": null, "ref:sobory.ru": null, "ref:temples.ru": null, "religion": null, "roof:shape": null, "shop": null, "source:addr": null, "source:housenumber": null, "start_date": null, "tomb": null, "tourism": null, "type": null, "was:amenity": null, "website": null, "wikidata": null, "wikipedia": null, "is_living": false}, "geometry": {"type": "Polygon", "coordinates": [[[35.6570151, 56.2173451], [35.6567716, 56.2173266], [35.6567854, 56.2172705], [35.6570288, 56.217289], [35.6570151, 56.2173451]]]}}, {"type": "Feature", "properties": {"id": "way/624666909", "@id": "way/624666909", "abandoned": null, "addr:city": null, "addr:housenumber": "6", "addr:place": null, "addr:postcode": null, "addr:street": "улица Рогова", "alt_name": null, "amenity": null, "building": "yes", "building:levels": null, "cuisine": null, "denomination": null, "government": null, "historic": null, "inscription": null, "layer": null, "memorial": null, "name": null, "name:en": null, "name:ru": null, "office": null, "opening_hours": null, "operator": null, "phone": null, "power": null, "ref:sobory.ru": null, "ref:temples.ru": null, "religion": null, "roof:shape": null, "shop": null, "source:addr": "ЕГРН", "source:housenumber": null, "start_date": null, "tomb": null, "tourism": null, "type": null, "was:amenity": null, "website": null, "wikidata": null, "wikipedia": null, "is_living": false}, "geometry": {"type": "Polygon", "coordinates": [[[35.658669, 56.2188349], [35.658838, 56.2188448], [35.6588898, 56.2185733], [35.6590488, 56.2185846], [35.6589684, 56.218947], [35.6587163, 56.2189291], [35.658658, 56.2188793], [35.6586595, 56.2188733], [35.658669, 56.2188349]]]}}, {"type": "Feature", "properties": {"id": "way/624666911", "@id": "way/624666911", "abandoned": null, "addr:city": null, "addr:housenumber": null, "addr:place": null, "addr:postcode": null, "addr:street": null, "alt_name": null, "amenity": null, "building": "garages", "building:levels": null, "cuisine": null, "denomination": null, "government": null, "historic": null, "inscription": null, "layer": null, "memorial": null, "name": null, "name:en": null, "name:ru": null, "office": null, "opening_hours": null, "operator": null, "phone": null, "power": null, "ref:sobory.ru": null, "ref:temples.ru": null, "religion": null, "roof:shape": null, "shop": null, "source:addr": null, "source:housenumber": null, "start_date": null, "tomb": null, "tourism": null, "type": null, "was:amenity": null, "website": null, "wikidata": null, "wikipedia": null, "is_living": false}, "geometry": {"type": "Polygon", "coordinates": [[[35.6566858, 56.216522], [35.6567, 56.216476], [35.658853, 56.2166578], [35.6588316, 56.2167129], [35.6566858, 56.216522]]]}}, {"type": "Feature", "properties": {"id": "way/624666915", "@id": "way/624666915", "abandoned": null, "addr:city": null, "addr:housenumber": null, "addr:place": null, "addr:postcode": null, "addr:street": null, "alt_name": null, "amenity": null, "building": "yes", "building:levels": null, "cuisine": null, "denomination": null, "government": null, "historic": null, "inscription": null, "layer": null, "memorial": null, "name": null, "name:en": null, "name:ru": null, "office": null, "opening_hours": null, "operator": null, "phone": null, "power": null, "ref:sobory.ru": null, "ref:temples.ru": null, "religion": null, "roof:shape": null, "shop": null, "source:addr": null, "source:housenumber": null, "start_date": null, "tomb": null, "tourism": null, "type": null, "was:amenity": null, "website": null, "wikidata": null, "wikipedia": null, "is_living": false}, "geometry": {"type": "Polygon", "coordinates": [[[35.658838, 56.2188448], [35.658669, 56.2188349], [35.6586183, 56.2188319], [35.6586701, 56.2185603], [35.6588898, 56.2185733], [35.658838, 56.2188448]]]}}, {"type": "Feature", "properties": {"id": "way/624666916", "@id": "way/624666916", "abandoned": null, "addr:city": null, "addr:housenumber": null, "addr:place": null, "addr:postcode": null, "addr:street": null, "alt_name": null, "amenity": null, "building": "yes", "building:levels": null, "cuisine": null, "denomination": null, "government": null, "historic": null, "inscription": null, "layer": null, "memorial": null, "name": null, "name:en": null, "name:ru": null, "office": null, "opening_hours": null, "operator": null, "phone": null, "power": null, "ref:sobory.ru": null, "ref:temples.ru": null, "religion": null, "roof:shape": null, "shop": null, "source:addr": null, "source:housenumber": null, "start_date": null, "tomb": null, "tourism": null, "type": null, "was:amenity": null, "website": null, "wikidata": null, "wikipedia": null, "is_living": false}, "geometry": {"type": "Polygon", "coordinates": [[[35.6588787, 56.2193013], [35.6578138, 56.2192321], [35.6578359, 56.219127], [35.6589007, 56.2191962], [35.6588787, 56.2193013]]]}}, {"type": "Feature", "properties": {"id": "way/624666918", "@id": "way/624666918", "abandoned": null, "addr:city": null, "addr:housenumber": null, "addr:place": null, "addr:postcode": null, "addr:street": null, "alt_name": null, "amenity": null, "building": "yes", "building:levels": null, "cuisine": null, "denomination": null, "government": null, "historic": null, "inscription": null, "layer": null, "memorial": null, "name": null, "name:en": null, "name:ru": null, "office": null, "opening_hours": null, "operator": null, "phone": null, "power": null, "ref:sobory.ru": null, "ref:temples.ru": null, "religion": null, "roof:shape": null, "shop": null, "source:addr": null, "source:housenumber": null, "start_date": null, "tomb": null, "tourism": null, "type": null, "was:amenity": null, "website": null, "wikidata": null, "wikipedia": null, "is_living": false}, "geometry": {"type": "Polygon", "coordinates": [[[35.6568649, 56.2170323], [35.656761, 56.2170213], [35.65685, 56.2167626], [35.6569539, 56.2167737], [35.6568649, 56.2170323]]]}}, {"type": "Feature", "properties": {"id": "way/624666919", "@id": "way/624666919", "abandoned": null, "addr:city": null, "addr:housenumber": "7", "addr:place": null, "addr:postcode": null, "addr:street": "улица Рогова", "alt_name": null, "amenity": null, "building": "yes", "building:levels": null, "cuisine": null, "denomination": null, "government": null, "historic": null, "inscription": null, "layer": null, "memorial": null, "name": null, "name:en": null, "name:ru": null, "office": null, "opening_hours": null, "operator": null, "phone": null, "power": null, "ref:sobory.ru": null, "ref:temples.ru": null, "religion": null, "roof:shape": null, "shop": null, "source:addr": "ЕГРН", "source:housenumber": null, "start_date": null, "tomb": null, "tourism": null, "type": null, "was:amenity": null, "website": null, "wikidata": null, "wikipedia": null, "is_living": false}, "geometry": {"type": "Polygon", "coordinates": [[[35.6582339, 56.2172531], [35.6580069, 56.2172358], [35.6581125, 56.2168073], [35.6583395, 56.2168246], [35.6582339, 56.2172531]]]}}, {"type": "Feature", "properties": {"id": "way/624666927", "@id": "way/624666927", "abandoned": null, "addr:city": null, "addr:housenumber": null, "addr:place": null, "addr:postcode": null, "addr:street": null, "alt_name": null, "amenity": null, "building": "yes", "building:levels": null, "cuisine": null, "denomination": null, "government": null, "historic": null, "inscription": null, "layer": null, "memorial": null, "name": null, "name:en": null, "name:ru": null, "office": null, "opening_hours": null, "operator": null, "phone": null, "power": null, "ref:sobory.ru": null, "ref:temples.ru": null, "religion": null, "roof:shape": null, "shop": null, "source:addr": null, "source:housenumber": null, "start_date": null, "tomb": null, "tourism": null, "type": null, "was:amenity": null, "website": null, "wikidata": null, "wikipedia": null, "is_living": false}, "geometry": {"type": "Polygon", "coordinates": [[[35.6593667, 56.2171882], [35.6592842, 56.2171846], [35.6593032, 56.2170515], [35.6593858, 56.2170552], [35.6593667, 56.2171882]]]}}, {"type": "Feature", "properties": {"id": "way/624666933", "@id": "way/624666933", "abandoned": null, "addr:city": "Кировский", "addr:housenumber": "6", "addr:place": null, "addr:postcode": "143800", "addr:street": "улица Рогова", "alt_name": null, "amenity": null, "building": "yes", "building:levels": "2", "cuisine": null, "denomination": null, "government": null, "historic": null, "inscription": null, "layer": null, "memorial": null, "name": null, "name:en": null, "name:ru": null, "office": null, "opening_hours": null, "operator": null, "phone": null, "power": null, "ref:sobory.ru": null, "ref:temples.ru": null, "religion": null, "roof:shape": null, "shop": null, "source:addr": null, "source:housenumber": null, "start_date": null, "tomb": null, "tourism": null, "type": null, "was:amenity": null, "website": null, "wikidata": null, "wikipedia": null, "is_living": false}, "geometry": {"type": "Polygon", "coordinates": [[[35.6587293, 56.2184272], [35.6587439, 56.2183265], [35.6588011, 56.2183185], [35.658877, 56.2183149], [35.6589408, 56.2183233], [35.6589217, 56.2184372], [35.6587293, 56.2184272]]]}}, {"type": "Feature", "properties": {"id": "way/624666934", "@id": "way/624666934", "abandoned": null, "addr:city": null, "addr:housenumber": null, "addr:place": null, "addr:postcode": null, "addr:street": null, "alt_name": null, "amenity": null, "building": "yes", "building:levels": null, "cuisine": null, "denomination": null, "government": null, "historic": null, "inscription": null, "layer": null, "memorial": null, "name": null, "name:en": null, "name:ru": null, "office": null, "opening_hours": null, "operator": null, "phone": null, "power": null, "ref:sobory.ru": null, "ref:temples.ru": null, "religion": null, "roof:shape": null, "shop": null, "source:addr": null, "source:housenumber": null, "start_date": null, "tomb": null, "tourism": null, "type": null, "was:amenity": null, "website": null, "wikidata": null, "wikipedia": null, "is_living": false}, "geometry": {"type": "Polygon", "coordinates": [[[35.6571766, 56.2177396], [35.6567906, 56.2177051], [35.6568222, 56.2175956], [35.6572083, 56.2176301], [35.6571766, 56.2177396]]]}}, {"type": "Feature", "properties": {"id": "way/624666936", "@id": "way/624666936", "abandoned": null, "addr:city": null, "addr:housenumber": null, "addr:place": null, "addr:postcode": null, "addr:street": null, "alt_name": null, "amenity": null, "building": "yes", "building:levels": null, "cuisine": null, "denomination": null, "government": null, "historic": null, "inscription": null, "layer": null, "memorial": null, "name": null, "name:en": null, "name:ru": null, "office": null, "opening_hours": null, "operator": null, "phone": null, "power": null, "ref:sobory.ru": null, "ref:temples.ru": null, "religion": null, "roof:shape": null, "shop": null, "source:addr": null, "source:housenumber": null, "start_date": null, "tomb": null, "tourism": null, "type": null, "was:amenity": null, "website": null, "wikidata": null, "wikipedia": null, "is_living": false}, "geometry": {"type": "Polygon", "coordinates": [[[35.6576412, 56.2192214], [35.6576371, 56.2192211], [35.6562731, 56.2191259], [35.656289, 56.2190554], [35.6576571, 56.2191509], [35.6576412, 56.2192214]]]}}, {"type": "Feature", "properties": {"id": "way/624666938", "@id": "way/624666938", "abandoned": null, "addr:city": null, "addr:housenumber": "5А", "addr:place": null, "addr:postcode": null, "addr:street": "улица Рогова", "alt_name": null, "amenity": null, "building": "yes", "building:levels": null, "cuisine": null, "denomination": null, "government": null, "historic": null, "inscription": null, "layer": null, "memorial": null, "name": null, "name:en": null, "name:ru": null, "office": null, "opening_hours": null, "operator": null, "phone": null, "power": null, "ref:sobory.ru": null, "ref:temples.ru": null, "religion": null, "roof:shape": null, "shop": null, "source:addr": "ЕГРН", "source:housenumber": null, "start_date": null, "tomb": null, "tourism": null, "type": null, "was:amenity": null, "website": null, "wikidata": null, "wikipedia": null, "is_living": false}, "geometry": {"type": "Polygon", "coordinates": [[[35.6578724, 56.2183149], [35.6569191, 56.2182438], [35.6569696, 56.2180349], [35.6579228, 56.218106], [35.6578724, 56.2183149]]]}}, {"type": "Feature", "properties": {"id": "way/624666941", "@id": "way/624666941", "abandoned": null, "addr:city": null, "addr:housenumber": null, "addr:place": null, "addr:postcode": null, "addr:street": null, "alt_name": null, "amenity": null, "building": "yes", "building:levels": null, "cuisine": null, "denomination": null, "government": null, "historic": null, "inscription": null, "layer": null, "memorial": null, "name": null, "name:en": null, "name:ru": null, "office": null, "opening_hours": null, "operator": null, "phone": null, "power": null, "ref:sobory.ru": null, "ref:temples.ru": null, "religion": null, "roof:shape": null, "shop": null, "source:addr": null, "source:housenumber": null, "start_date": null, "tomb": null, "tourism": null, "type": null, "was:amenity": null, "website": null, "wikidata": null, "wikipedia": null, "is_living": false}, "geometry": {"type": "Polygon", "coordinates": [[[35.6585439, 56.2174891], [35.6578747, 56.2174431], [35.6578988, 56.2173348], [35.6582121, 56.2173564], [35.658203, 56.217397], [35.6585589, 56.2174215], [35.6585439, 56.2174891]]]}}, {"type": "Feature", "properties": {"id": "way/624666942", "@id": "way/624666942", "abandoned": null, "addr:city": null, "addr:housenumber": null, "addr:place": null, "addr:postcode": null, "addr:street": null, "alt_name": null, "amenity": null, "building": "yes", "building:levels": null, "cuisine": null, "denomination": null, "government": null, "historic": null, "inscription": null, "layer": null, "memorial": null, "name": null, "name:en": null, "name:ru": null, "office": null, "opening_hours": null, "operator": null, "phone": null, "power": null, "ref:sobory.ru": null, "ref:temples.ru": null, "religion": null, "roof:shape": null, "shop": null, "source:addr": null, "source:housenumber": null, "start_date": null, "tomb": null, "tourism": null, "type": null, "was:amenity": null, "website": null, "wikidata": null, "wikipedia": null, "is_living": false}, "geometry": {"type": "Polygon", "coordinates": [[[35.6575746, 56.2188678], [35.6556359, 56.218733], [35.6554889, 56.2187236], [35.6552469, 56.2187078], [35.6554372, 56.2178518], [35.6557805, 56.2178754], [35.6556182, 56.2186054], [35.6576026, 56.2187417], [35.6575746, 56.2188678]]]}}, {"type": "Feature", "properties": {"id": "way/624670506", "@id": "way/624670506", "abandoned": null, "addr:city": null, "addr:housenumber": null, "addr:place": null, "addr:postcode": null, "addr:street": null, "alt_name": null, "amenity": null, "building": "yes", "building:levels": null, "cuisine": null, "denomination": null, "government": null, "historic": null, "inscription": null, "layer": null, "memorial": null, "name": null, "name:en": null, "name:ru": null, "office": null, "opening_hours": null, "operator": null, "phone": null, "power": null, "ref:sobory.ru": null, "ref:temples.ru": null, "religion": null, "roof:shape": null, "shop": null, "source:addr": null, "source:housenumber": null, "start_date": null, "tomb": null, "tourism": null, "type": null, "was:amenity": null, "website": null, "wikidata": null, "wikipedia": null, "is_living": false}, "geometry": {"type": "Polygon", "coordinates": [[[35.6578116, 56.2188678], [35.6578309, 56.2187764], [35.6582713, 56.2188052], [35.658252, 56.2188966], [35.6578116, 56.2188678]]]}}, {"type": "Feature", "properties": {"id": "way/624672284", "@id": "way/624672284", "abandoned": null, "addr:city": null, "addr:housenumber": null, "addr:place": null, "addr:postcode": null, "addr:street": null, "alt_name": null, "amenity": null, "building": "garages", "building:levels": null, "cuisine": null, "denomination": null, "government": null, "historic": null, "inscription": null, "layer": null, "memorial": null, "name": null, "name:en": null, "name:ru": null, "office": null, "opening_hours": null, "operator": null, "phone": null, "power": null, "ref:sobory.ru": null, "ref:temples.ru": null, "religion": null, "roof:shape": null, "shop": null, "source:addr": null, "source:housenumber": null, "start_date": null, "tomb": null, "tourism": null, "type": null, "was:amenity": null, "website": null, "wikidata": null, "wikipedia": null, "is_living": false}, "geometry": {"type": "Polygon", "coordinates": [[[35.6521949, 56.2183299], [35.65207, 56.218307], [35.6524123, 56.2177293], [35.6525373, 56.2177522], [35.6521949, 56.2183299]]]}}, {"type": "Feature", "properties": {"id": "way/624672288", "@id": "way/624672288", "abandoned": null, "addr:city": null, "addr:housenumber": null, "addr:place": null, "addr:postcode": null, "addr:street": null, "alt_name": null, "amenity": null, "building": "garages", "building:levels": null, "cuisine": null, "denomination": null, "government": null, "historic": null, "inscription": null, "layer": null, "memorial": null, "name": null, "name:en": null, "name:ru": null, "office": null, "opening_hours": null, "operator": null, "phone": null, "power": null, "ref:sobory.ru": null, "ref:temples.ru": null, "religion": null, "roof:shape": null, "shop": null, "source:addr": null, "source:housenumber": null, "start_date": null, "tomb": null, "tourism": null, "type": null, "was:amenity": null, "website": null, "wikidata": null, "wikipedia": null, "is_living": false}, "geometry": {"type": "Polygon", "coordinates": [[[35.6529678, 56.2177458], [35.6528507, 56.2177239], [35.6530836, 56.2173393], [35.6532006, 56.2173613], [35.6529678, 56.2177458]]]}}, {"type": "Feature", "properties": {"id": "way/624672290", "@id": "way/624672290", "abandoned": null, "addr:city": null, "addr:housenumber": null, "addr:place": null, "addr:postcode": null, "addr:street": null, "alt_name": null, "amenity": null, "building": "garages", "building:levels": null, "cuisine": null, "denomination": null, "government": null, "historic": null, "inscription": null, "layer": null, "memorial": null, "name": null, "name:en": null, "name:ru": null, "office": null, "opening_hours": null, "operator": null, "phone": null, "power": null, "ref:sobory.ru": null, "ref:temples.ru": null, "religion": null, "roof:shape": null, "shop": null, "source:addr": null, "source:housenumber": null, "start_date": null, "tomb": null, "tourism": null, "type": null, "was:amenity": null, "website": null, "wikidata": null, "wikipedia": null, "is_living": false}, "geometry": {"type": "Polygon", "coordinates": [[[35.6523939, 56.218366], [35.6522674, 56.218343], [35.6526082, 56.2177626], [35.6527348, 56.2177855], [35.6523939, 56.218366]]]}}, {"type": "Feature", "properties": {"id": "way/624672312", "@id": "way/624672312", "abandoned": null, "addr:city": null, "addr:housenumber": null, "addr:place": null, "addr:postcode": null, "addr:street": null, "alt_name": null, "amenity": null, "building": "garages", "building:levels": null, "cuisine": null, "denomination": null, "government": null, "historic": null, "inscription": null, "layer": null, "memorial": null, "name": null, "name:en": null, "name:ru": null, "office": null, "opening_hours": null, "operator": null, "phone": null, "power": null, "ref:sobory.ru": null, "ref:temples.ru": null, "religion": null, "roof:shape": null, "shop": null, "source:addr": null, "source:housenumber": null, "start_date": null, "tomb": null, "tourism": null, "type": null, "was:amenity": null, "website": null, "wikidata": null, "wikipedia": null, "is_living": false}, "geometry": {"type": "Polygon", "coordinates": [[[35.6507619, 56.2176126], [35.6510731, 56.2171173], [35.6512914, 56.2171597], [35.6509801, 56.217655], [35.6507619, 56.2176126]]]}}, {"type": "Feature", "properties": {"id": "way/624672318", "@id": "way/624672318", "abandoned": null, "addr:city": null, "addr:housenumber": null, "addr:place": null, "addr:postcode": null, "addr:street": null, "alt_name": null, "amenity": null, "building": "garages", "building:levels": null, "cuisine": null, "denomination": null, "government": null, "historic": null, "inscription": null, "layer": null, "memorial": null, "name": null, "name:en": null, "name:ru": null, "office": null, "opening_hours": null, "operator": null, "phone": null, "power": null, "ref:sobory.ru": null, "ref:temples.ru": null, "religion": null, "roof:shape": null, "shop": null, "source:addr": null, "source:housenumber": null, "start_date": null, "tomb": null, "tourism": null, "type": null, "was:amenity": null, "website": null, "wikidata": null, "wikipedia": null, "is_living": false}, "geometry": {"type": "Polygon", "coordinates": [[[35.650373, 56.2175314], [35.6507803, 56.2169029], [35.6509972, 56.2169463], [35.650565, 56.2176131], [35.6504712, 56.2175943], [35.650496, 56.217556], [35.650373, 56.2175314]]]}}, {"type": "Feature", "properties": {"id": "way/624672326", "@id": "way/624672326", "abandoned": null, "addr:city": null, "addr:housenumber": null, "addr:place": null, "addr:postcode": null, "addr:street": null, "alt_name": null, "amenity": null, "building": "garages", "building:levels": null, "cuisine": null, "denomination": null, "government": null, "historic": null, "inscription": null, "layer": null, "memorial": null, "name": null, "name:en": null, "name:ru": null, "office": null, "opening_hours": null, "operator": null, "phone": null, "power": null, "ref:sobory.ru": null, "ref:temples.ru": null, "religion": null, "roof:shape": null, "shop": null, "source:addr": null, "source:housenumber": null, "start_date": null, "tomb": null, "tourism": null, "type": null, "was:amenity": null, "website": null, "wikidata": null, "wikipedia": null, "is_living": false}, "geometry": {"type": "Polygon", "coordinates": [[[35.6503563, 56.2173993], [35.6501609, 56.2173607], [35.6504789, 56.2168632], [35.6506744, 56.2169018], [35.6503563, 56.2173993]]]}}, {"type": "Feature", "properties": {"id": "way/624672330", "@id": "way/624672330", "abandoned": null, "addr:city": null, "addr:housenumber": null, "addr:place": null, "addr:postcode": null, "addr:street": null, "alt_name": null, "amenity": null, "building": "garages", "building:levels": null, "cuisine": null, "denomination": null, "government": null, "historic": null, "inscription": null, "layer": null, "memorial": null, "name": null, "name:en": null, "name:ru": null, "office": null, "opening_hours": null, "operator": null, "phone": null, "power": null, "ref:sobory.ru": null, "ref:temples.ru": null, "religion": null, "roof:shape": null, "shop": null, "source:addr": null, "source:housenumber": null, "start_date": null, "tomb": null, "tourism": null, "type": null, "was:amenity": null, "website": null, "wikidata": null, "wikipedia": null, "is_living": false}, "geometry": {"type": "Polygon", "coordinates": [[[35.6523811, 56.2176438], [35.6522573, 56.2176244], [35.6524545, 56.2172347], [35.6525782, 56.217254], [35.6523811, 56.2176438]]]}}, {"type": "Feature", "properties": {"id": "way/624672332", "@id": "way/624672332", "abandoned": null, "addr:city": null, "addr:housenumber": null, "addr:place": null, "addr:postcode": null, "addr:street": null, "alt_name": null, "amenity": null, "building": "garages", "building:levels": null, "cuisine": null, "denomination": null, "government": null, "historic": null, "inscription": null, "layer": null, "memorial": null, "name": null, "name:en": null, "name:ru": null, "office": null, "opening_hours": null, "operator": null, "phone": null, "power": null, "ref:sobory.ru": null, "ref:temples.ru": null, "religion": null, "roof:shape": null, "shop": null, "source:addr": null, "source:housenumber": null, "start_date": null, "tomb": null, "tourism": null, "type": null, "was:amenity": null, "website": null, "wikidata": null, "wikipedia": null, "is_living": false}, "geometry": {"type": "Polygon", "coordinates": [[[35.6521303, 56.2180554], [35.6520052, 56.2180306], [35.6522221, 56.2176923], [35.6523472, 56.2177171], [35.6521303, 56.2180554]]]}}, {"type": "Feature", "properties": {"id": "way/624672334", "@id": "way/624672334", "abandoned": null, "addr:city": null, "addr:housenumber": null, "addr:place": null, "addr:postcode": null, "addr:street": null, "alt_name": null, "amenity": null, "building": "garages", "building:levels": null, "cuisine": null, "denomination": null, "government": null, "historic": null, "inscription": null, "layer": null, "memorial": null, "name": null, "name:en": null, "name:ru": null, "office": null, "opening_hours": null, "operator": null, "phone": null, "power": null, "ref:sobory.ru": null, "ref:temples.ru": null, "religion": null, "roof:shape": null, "shop": null, "source:addr": null, "source:housenumber": null, "start_date": null, "tomb": null, "tourism": null, "type": null, "was:amenity": null, "website": null, "wikidata": null, "wikipedia": null, "is_living": false}, "geometry": {"type": "Polygon", "coordinates": [[[35.652485, 56.2183834], [35.6528051, 56.2178039], [35.6529276, 56.2178248], [35.6526075, 56.2184043], [35.652485, 56.2183834]]]}}, {"type": "Feature", "properties": {"id": "way/624672336", "@id": "way/624672336", "abandoned": null, "addr:city": null, "addr:housenumber": null, "addr:place": null, "addr:postcode": null, "addr:street": null, "alt_name": null, "amenity": null, "building": "garages", "building:levels": null, "cuisine": null, "denomination": null, "government": null, "historic": null, "inscription": null, "layer": null, "memorial": null, "name": null, "name:en": null, "name:ru": null, "office": null, "opening_hours": null, "operator": null, "phone": null, "power": null, "ref:sobory.ru": null, "ref:temples.ru": null, "religion": null, "roof:shape": null, "shop": null, "source:addr": null, "source:housenumber": null, "start_date": null, "tomb": null, "tourism": null, "type": null, "was:amenity": null, "website": null, "wikidata": null, "wikipedia": null, "is_living": false}, "geometry": {"type": "Polygon", "coordinates": [[[35.6525858, 56.2176747], [35.6524604, 56.2176535], [35.6526702, 56.2172707], [35.6527957, 56.2172919], [35.6525858, 56.2176747]]]}}, {"type": "Feature", "properties": {"id": "way/624672338", "@id": "way/624672338", "abandoned": null, "addr:city": null, "addr:housenumber": null, "addr:place": null, "addr:postcode": null, "addr:street": null, "alt_name": null, "amenity": null, "building": "garages", "building:levels": null, "cuisine": null, "denomination": null, "government": null, "historic": null, "inscription": null, "layer": null, "memorial": null, "name": null, "name:en": null, "name:ru": null, "office": null, "opening_hours": null, "operator": null, "phone": null, "power": null, "ref:sobory.ru": null, "ref:temples.ru": null, "religion": null, "roof:shape": null, "shop": null, "source:addr": null, "source:housenumber": null, "start_date": null, "tomb": null, "tourism": null, "type": null, "was:amenity": null, "website": null, "wikidata": null, "wikipedia": null, "is_living": false}, "geometry": {"type": "Polygon", "coordinates": [[[35.6527816, 56.217712], [35.6526667, 56.2176931], [35.6528741, 56.2173037], [35.652989, 56.2173226], [35.6527816, 56.217712]]]}}, {"type": "Feature", "properties": {"id": "way/624672340", "@id": "way/624672340", "abandoned": null, "addr:city": null, "addr:housenumber": "9", "addr:place": "Кировский", "addr:postcode": null, "addr:street": null, "alt_name": null, "amenity": null, "building": "garages", "building:levels": null, "cuisine": null, "denomination": null, "government": null, "historic": null, "inscription": null, "layer": null, "memorial": null, "name": null, "name:en": null, "name:ru": null, "office": null, "opening_hours": null, "operator": null, "phone": null, "power": null, "ref:sobory.ru": null, "ref:temples.ru": null, "religion": null, "roof:shape": null, "shop": null, "source:addr": "ЕГРН", "source:housenumber": null, "start_date": null, "tomb": null, "tourism": null, "type": null, "was:amenity": null, "website": null, "wikidata": null, "wikipedia": null, "is_living": false}, "geometry": {"type": "Polygon", "coordinates": [[[35.6514893, 56.2172203], [35.651647, 56.2169848], [35.6503547, 56.2167639], [35.649542, 56.2179406], [35.6494511, 56.2179168], [35.6502833, 56.2166786], [35.6522399, 56.2170098], [35.6521865, 56.2170959], [35.6518594, 56.2176229], [35.6517414, 56.2176006], [35.6520847, 56.2170562], [35.651897, 56.2170189], [35.6517253, 56.2172799], [35.6514893, 56.2172203]]]}}, {"type": "Feature", "properties": {"id": "way/624673024", "@id": "way/624673024", "abandoned": null, "addr:city": null, "addr:housenumber": null, "addr:place": null, "addr:postcode": null, "addr:street": null, "alt_name": null, "amenity": null, "building": "garages", "building:levels": null, "cuisine": null, "denomination": null, "government": null, "historic": null, "inscription": null, "layer": null, "memorial": null, "name": null, "name:en": null, "name:ru": null, "office": null, "opening_hours": null, "operator": null, "phone": null, "power": null, "ref:sobory.ru": null, "ref:temples.ru": null, "religion": null, "roof:shape": null, "shop": null, "source:addr": null, "source:housenumber": null, "start_date": null, "tomb": null, "tourism": null, "type": null, "was:amenity": null, "website": null, "wikidata": null, "wikipedia": null, "is_living": false}, "geometry": {"type": "Polygon", "coordinates": [[[35.6496301, 56.2187769], [35.6495606, 56.2187603], [35.6498097, 56.2184381], [35.6498792, 56.2184547], [35.6496301, 56.2187769]]]}}, {"type": "Feature", "properties": {"id": "way/624673025", "@id": "way/624673025", "abandoned": null, "addr:city": null, "addr:housenumber": null, "addr:place": null, "addr:postcode": null, "addr:street": null, "alt_name": null, "amenity": null, "building": "garages", "building:levels": null, "cuisine": null, "denomination": null, "government": null, "historic": null, "inscription": null, "layer": null, "memorial": null, "name": null, "name:en": null, "name:ru": null, "office": null, "opening_hours": null, "operator": null, "phone": null, "power": null, "ref:sobory.ru": null, "ref:temples.ru": null, "religion": null, "roof:shape": null, "shop": null, "source:addr": null, "source:housenumber": null, "start_date": null, "tomb": null, "tourism": null, "type": null, "was:amenity": null, "website": null, "wikidata": null, "wikipedia": null, "is_living": false}, "geometry": {"type": "Polygon", "coordinates": [[[35.6496089, 56.2184683], [35.6490533, 56.2183192], [35.6491153, 56.2182478], [35.6496709, 56.218397], [35.6496089, 56.2184683]]]}}, {"type": "Feature", "properties": {"id": "way/624673026", "@id": "way/624673026", "abandoned": null, "addr:city": null, "addr:housenumber": null, "addr:place": null, "addr:postcode": null, "addr:street": null, "alt_name": null, "amenity": null, "building": "garages", "building:levels": null, "cuisine": null, "denomination": null, "government": null, "historic": null, "inscription": null, "layer": null, "memorial": null, "name": null, "name:en": null, "name:ru": null, "office": null, "opening_hours": null, "operator": null, "phone": null, "power": null, "ref:sobory.ru": null, "ref:temples.ru": null, "religion": null, "roof:shape": null, "shop": null, "source:addr": null, "source:housenumber": null, "start_date": null, "tomb": null, "tourism": null, "type": null, "was:amenity": null, "website": null, "wikidata": null, "wikipedia": null, "is_living": false}, "geometry": {"type": "Polygon", "coordinates": [[[35.6480952, 56.2180529], [35.6475344, 56.2178807], [35.6476083, 56.2178063], [35.6481691, 56.2179785], [35.6480952, 56.2180529]]]}}, {"type": "Feature", "properties": {"id": "way/624673027", "@id": "way/624673027", "abandoned": null, "addr:city": null, "addr:housenumber": null, "addr:place": null, "addr:postcode": null, "addr:street": null, "alt_name": null, "amenity": null, "building": "garages", "building:levels": null, "cuisine": null, "denomination": null, "government": null, "historic": null, "inscription": null, "layer": null, "memorial": null, "name": null, "name:en": null, "name:ru": null, "office": null, "opening_hours": null, "operator": null, "phone": null, "power": null, "ref:sobory.ru": null, "ref:temples.ru": null, "religion": null, "roof:shape": null, "shop": null, "source:addr": null, "source:housenumber": null, "start_date": null, "tomb": null, "tourism": null, "type": null, "was:amenity": null, "website": null, "wikidata": null, "wikipedia": null, "is_living": false}, "geometry": {"type": "Polygon", "coordinates": [[[35.6487607, 56.2181574], [35.6486983, 56.2182227], [35.64822, 56.2180813], [35.6482824, 56.218016], [35.6487607, 56.2181574]]]}}, {"type": "Feature", "properties": {"id": "way/624673028", "@id": "way/624673028", "abandoned": null, "addr:city": null, "addr:housenumber": null, "addr:place": null, "addr:postcode": null, "addr:street": null, "alt_name": null, "amenity": null, "building": "garages", "building:levels": null, "cuisine": null, "denomination": null, "government": null, "historic": null, "inscription": null, "layer": null, "memorial": null, "name": null, "name:en": null, "name:ru": null, "office": null, "opening_hours": null, "operator": null, "phone": null, "power": null, "ref:sobory.ru": null, "ref:temples.ru": null, "religion": null, "roof:shape": null, "shop": null, "source:addr": null, "source:housenumber": null, "start_date": null, "tomb": null, "tourism": null, "type": null, "was:amenity": null, "website": null, "wikidata": null, "wikipedia": null, "is_living": false}, "geometry": {"type": "Polygon", "coordinates": [[[35.6487082, 56.2185189], [35.6486389, 56.2185003], [35.648907, 56.2181921], [35.6489764, 56.2182108], [35.6487082, 56.2185189]]]}}, {"type": "Feature", "properties": {"id": "way/624673029", "@id": "way/624673029", "abandoned": null, "addr:city": null, "addr:housenumber": null, "addr:place": null, "addr:postcode": null, "addr:street": null, "alt_name": null, "amenity": null, "building": "garages", "building:levels": null, "cuisine": null, "denomination": null, "government": null, "historic": null, "inscription": null, "layer": null, "memorial": null, "name": null, "name:en": null, "name:ru": null, "office": null, "opening_hours": null, "operator": null, "phone": null, "power": null, "ref:sobory.ru": null, "ref:temples.ru": null, "religion": null, "roof:shape": null, "shop": null, "source:addr": null, "source:housenumber": null, "start_date": null, "tomb": null, "tourism": null, "type": null, "was:amenity": null, "website": null, "wikidata": null, "wikipedia": null, "is_living": false}, "geometry": {"type": "Polygon", "coordinates": [[[35.6474133, 56.2178476], [35.6469467, 56.2177148], [35.6470166, 56.2176389], [35.6474832, 56.2177717], [35.6474133, 56.2178476]]]}}, {"type": "Feature", "properties": {"id": "way/624673030", "@id": "way/624673030", "abandoned": null, "addr:city": null, "addr:housenumber": null, "addr:place": null, "addr:postcode": null, "addr:street": null, "alt_name": null, "amenity": null, "building": "garages", "building:levels": null, "cuisine": null, "denomination": null, "government": null, "historic": null, "inscription": null, "layer": null, "memorial": null, "name": null, "name:en": null, "name:ru": null, "office": null, "opening_hours": null, "operator": null, "phone": null, "power": null, "ref:sobory.ru": null, "ref:temples.ru": null, "religion": null, "roof:shape": null, "shop": null, "source:addr": null, "source:housenumber": null, "start_date": null, "tomb": null, "tourism": null, "type": null, "was:amenity": null, "website": null, "wikidata": null, "wikipedia": null, "is_living": false}, "geometry": {"type": "Polygon", "coordinates": [[[35.6494684, 56.2186418], [35.648916, 56.2184885], [35.6489777, 56.2184198], [35.6495301, 56.2185731], [35.6494684, 56.2186418]]]}}, {"type": "Feature", "properties": {"id": "way/624723821", "@id": "way/624723821", "abandoned": null, "addr:city": null, "addr:housenumber": null, "addr:place": null, "addr:postcode": null, "addr:street": null, "alt_name": null, "amenity": null, "building": "yes", "building:levels": null, "cuisine": null, "denomination": null, "government": null, "historic": null, "inscription": null, "layer": null, "memorial": null, "name": null, "name:en": null, "name:ru": null, "office": null, "opening_hours": null, "operator": null, "phone": null, "power": null, "ref:sobory.ru": null, "ref:temples.ru": null, "religion": null, "roof:shape": null, "shop": null, "source:addr": null, "source:housenumber": null, "start_date": null, "tomb": null, "tourism": null, "type": null, "was:amenity": null, "website": null, "wikidata": null, "wikipedia": null, "is_living": false}, "geometry": {"type": "Polygon", "coordinates": [[[35.6446833, 56.2039034], [35.6444961, 56.2038826], [35.6445846, 56.2036364], [35.6444071, 56.2036167], [35.6444497, 56.2034981], [35.6446304, 56.2035182], [35.6447323, 56.2032349], [35.6449164, 56.2032554], [35.6446833, 56.2039034]]]}}, {"type": "Feature", "properties": {"id": "way/624723824", "@id": "way/624723824", "abandoned": null, "addr:city": null, "addr:housenumber": null, "addr:place": null, "addr:postcode": null, "addr:street": null, "alt_name": null, "amenity": null, "building": "yes", "building:levels": null, "cuisine": null, "denomination": null, "government": null, "historic": null, "inscription": null, "layer": null, "memorial": null, "name": null, "name:en": null, "name:ru": null, "office": null, "opening_hours": null, "operator": null, "phone": null, "power": null, "ref:sobory.ru": null, "ref:temples.ru": null, "religion": null, "roof:shape": null, "shop": null, "source:addr": null, "source:housenumber": null, "start_date": null, "tomb": null, "tourism": null, "type": null, "was:amenity": null, "website": null, "wikidata": null, "wikipedia": null, "is_living": false}, "geometry": {"type": "Polygon", "coordinates": [[[35.6447227, 56.2004886], [35.6446744, 56.2004533], [35.6445566, 56.2005031], [35.6444151, 56.2003996], [35.6450165, 56.200145], [35.6450825, 56.2001933], [35.6451912, 56.2001473], [35.645266, 56.200202], [35.6451592, 56.2002472], [35.6452082, 56.2002831], [35.6447227, 56.2004886]]]}}, {"type": "Feature", "properties": {"id": "way/624723826", "@id": "way/624723826", "abandoned": null, "addr:city": null, "addr:housenumber": null, "addr:place": null, "addr:postcode": null, "addr:street": null, "alt_name": null, "amenity": null, "building": "yes", "building:levels": null, "cuisine": null, "denomination": null, "government": null, "historic": null, "inscription": null, "layer": null, "memorial": null, "name": null, "name:en": null, "name:ru": null, "office": null, "opening_hours": null, "operator": null, "phone": null, "power": null, "ref:sobory.ru": null, "ref:temples.ru": null, "religion": null, "roof:shape": null, "shop": null, "source:addr": null, "source:housenumber": null, "start_date": null, "tomb": null, "tourism": null, "type": null, "was:amenity": null, "website": null, "wikidata": null, "wikipedia": null, "is_living": false}, "geometry": {"type": "Polygon", "coordinates": [[[35.6499228, 56.2066438], [35.6498682, 56.206564], [35.6500491, 56.2065257], [35.6501037, 56.2066056], [35.6499228, 56.2066438]]]}}, {"type": "Feature", "properties": {"id": "way/624723827", "@id": "way/624723827", "abandoned": null, "addr:city": null, "addr:housenumber": null, "addr:place": null, "addr:postcode": null, "addr:street": null, "alt_name": null, "amenity": null, "building": "yes", "building:levels": null, "cuisine": null, "denomination": null, "government": null, "historic": null, "inscription": null, "layer": null, "memorial": null, "name": null, "name:en": null, "name:ru": null, "office": null, "opening_hours": null, "operator": null, "phone": null, "power": null, "ref:sobory.ru": null, "ref:temples.ru": null, "religion": null, "roof:shape": null, "shop": null, "source:addr": null, "source:housenumber": null, "start_date": null, "tomb": null, "tourism": null, "type": null, "was:amenity": null, "website": null, "wikidata": null, "wikipedia": null, "is_living": false}, "geometry": {"type": "Polygon", "coordinates": [[[35.6449941, 56.2014115], [35.645008, 56.2013538], [35.6453559, 56.2013796], [35.6453421, 56.2014373], [35.6449941, 56.2014115]]]}}, {"type": "Feature", "properties": {"id": "way/624723842", "@id": "way/624723842", "abandoned": null, "addr:city": null, "addr:housenumber": null, "addr:place": null, "addr:postcode": null, "addr:street": null, "alt_name": null, "amenity": null, "building": "yes", "building:levels": null, "cuisine": null, "denomination": null, "government": null, "historic": null, "inscription": null, "layer": null, "memorial": null, "name": null, "name:en": null, "name:ru": null, "office": null, "opening_hours": null, "operator": null, "phone": null, "power": null, "ref:sobory.ru": null, "ref:temples.ru": null, "religion": null, "roof:shape": null, "shop": null, "source:addr": null, "source:housenumber": null, "start_date": null, "tomb": null, "tourism": null, "type": null, "was:amenity": null, "website": null, "wikidata": null, "wikipedia": null, "is_living": false}, "geometry": {"type": "Polygon", "coordinates": [[[35.6428852, 56.2011519], [35.6427672, 56.2011366], [35.6427902, 56.201082], [35.6429082, 56.2010974], [35.6428852, 56.2011519]]]}}, {"type": "Feature", "properties": {"id": "way/624723844", "@id": "way/624723844", "abandoned": null, "addr:city": null, "addr:housenumber": null, "addr:place": null, "addr:postcode": null, "addr:street": null, "alt_name": null, "amenity": null, "building": "yes", "building:levels": null, "cuisine": null, "denomination": null, "government": null, "historic": null, "inscription": null, "layer": null, "memorial": null, "name": null, "name:en": null, "name:ru": null, "office": null, "opening_hours": null, "operator": null, "phone": null, "power": null, "ref:sobory.ru": null, "ref:temples.ru": null, "religion": null, "roof:shape": null, "shop": null, "source:addr": null, "source:housenumber": null, "start_date": null, "tomb": null, "tourism": null, "type": null, "was:amenity": null, "website": null, "wikidata": null, "wikipedia": null, "is_living": false}, "geometry": {"type": "Polygon", "coordinates": [[[35.6446602, 56.2013841], [35.6446734, 56.201326], [35.6449209, 56.2013432], [35.6449078, 56.2014014], [35.6446602, 56.2013841]]]}}, {"type": "Feature", "properties": {"id": "way/624723846", "@id": "way/624723846", "abandoned": null, "addr:city": null, "addr:housenumber": null, "addr:place": null, "addr:postcode": null, "addr:street": null, "alt_name": null, "amenity": null, "building": "yes", "building:levels": null, "cuisine": null, "denomination": null, "government": null, "historic": null, "inscription": null, "layer": null, "memorial": null, "name": null, "name:en": null, "name:ru": null, "office": null, "opening_hours": null, "operator": null, "phone": null, "power": null, "ref:sobory.ru": null, "ref:temples.ru": null, "religion": null, "roof:shape": null, "shop": null, "source:addr": null, "source:housenumber": null, "start_date": null, "tomb": null, "tourism": null, "type": null, "was:amenity": null, "website": null, "wikidata": null, "wikipedia": null, "is_living": false}, "geometry": {"type": "Polygon", "coordinates": [[[35.6444415, 56.2010451], [35.6443573, 56.2010838], [35.6444069, 56.2011172], [35.6443169, 56.2011586], [35.6442612, 56.2011211], [35.6441895, 56.201154], [35.6433954, 56.2006192], [35.6434728, 56.2005837], [35.6434189, 56.2005474], [35.6435065, 56.2005071], [35.6435475, 56.2005348], [35.6436286, 56.2004976], [35.6444415, 56.2010451]]]}}, {"type": "Feature", "properties": {"id": "way/624723854", "@id": "way/624723854", "abandoned": null, "addr:city": null, "addr:housenumber": null, "addr:place": null, "addr:postcode": null, "addr:street": null, "alt_name": null, "amenity": null, "building": "yes", "building:levels": null, "cuisine": null, "denomination": null, "government": null, "historic": null, "inscription": null, "layer": null, "memorial": null, "name": null, "name:en": null, "name:ru": null, "office": null, "opening_hours": null, "operator": null, "phone": null, "power": null, "ref:sobory.ru": null, "ref:temples.ru": null, "religion": null, "roof:shape": null, "shop": null, "source:addr": null, "source:housenumber": null, "start_date": null, "tomb": null, "tourism": null, "type": null, "was:amenity": null, "website": null, "wikidata": null, "wikipedia": null, "is_living": false}, "geometry": {"type": "Polygon", "coordinates": [[[35.6446385, 56.2009237], [35.6452642, 56.2006573], [35.6453004, 56.2006836], [35.6455893, 56.2005606], [35.6457081, 56.200647], [35.6451744, 56.2008742], [35.6452396, 56.2009216], [35.6448587, 56.2010838], [35.6446385, 56.2009237]]]}}, {"type": "Feature", "properties": {"id": "way/624723863", "@id": "way/624723863", "abandoned": null, "addr:city": null, "addr:housenumber": null, "addr:place": null, "addr:postcode": null, "addr:street": null, "alt_name": null, "amenity": null, "building": "yes", "building:levels": null, "cuisine": null, "denomination": null, "government": null, "historic": null, "inscription": null, "layer": null, "memorial": null, "name": null, "name:en": null, "name:ru": null, "office": null, "opening_hours": null, "operator": null, "phone": null, "power": null, "ref:sobory.ru": null, "ref:temples.ru": null, "religion": null, "roof:shape": null, "shop": null, "source:addr": null, "source:housenumber": null, "start_date": null, "tomb": null, "tourism": null, "type": null, "was:amenity": null, "website": null, "wikidata": null, "wikipedia": null, "is_living": false}, "geometry": {"type": "Polygon", "coordinates": [[[35.6440967, 56.2003507], [35.6440262, 56.2003004], [35.6441317, 56.2002546], [35.6442022, 56.2003049], [35.6440967, 56.2003507]]]}}, {"type": "Feature", "properties": {"id": "way/624723866", "@id": "way/624723866", "abandoned": null, "addr:city": null, "addr:housenumber": null, "addr:place": null, "addr:postcode": null, "addr:street": null, "alt_name": null, "amenity": null, "building": "yes", "building:levels": null, "cuisine": null, "denomination": null, "government": null, "historic": null, "inscription": null, "layer": null, "memorial": null, "name": null, "name:en": null, "name:ru": null, "office": null, "opening_hours": null, "operator": null, "phone": null, "power": null, "ref:sobory.ru": null, "ref:temples.ru": null, "religion": null, "roof:shape": null, "shop": null, "source:addr": null, "source:housenumber": null, "start_date": null, "tomb": null, "tourism": null, "type": null, "was:amenity": null, "website": null, "wikidata": null, "wikipedia": null, "is_living": false}, "geometry": {"type": "Polygon", "coordinates": [[[35.6455585, 56.2005271], [35.6454079, 56.2004098], [35.6454975, 56.2003743], [35.645648, 56.2004915], [35.6455585, 56.2005271]]]}}, {"type": "Feature", "properties": {"id": "way/624735930", "@id": "way/624735930", "abandoned": null, "addr:city": null, "addr:housenumber": null, "addr:place": null, "addr:postcode": null, "addr:street": null, "alt_name": null, "amenity": null, "building": "yes", "building:levels": null, "cuisine": null, "denomination": null, "government": null, "historic": null, "inscription": null, "layer": null, "memorial": null, "name": null, "name:en": null, "name:ru": null, "office": null, "opening_hours": null, "operator": null, "phone": null, "power": null, "ref:sobory.ru": null, "ref:temples.ru": null, "religion": null, "roof:shape": null, "shop": null, "source:addr": null, "source:housenumber": null, "start_date": null, "tomb": null, "tourism": null, "type": null, "was:amenity": null, "website": null, "wikidata": null, "wikipedia": null, "is_living": false}, "geometry": {"type": "Polygon", "coordinates": [[[35.5999213, 56.2090413], [35.5996926, 56.2090481], [35.599664, 56.208751], [35.5994651, 56.2087569], [35.5994537, 56.2086393], [35.5996466, 56.2086335], [35.5996182, 56.2083392], [35.5998529, 56.2083322], [35.5998607, 56.2084132], [35.5999213, 56.2090413]]]}}, {"type": "Feature", "properties": {"id": "way/625052652", "@id": "way/625052652", "abandoned": null, "addr:city": null, "addr:housenumber": null, "addr:place": null, "addr:postcode": null, "addr:street": null, "alt_name": null, "amenity": null, "building": "yes", "building:levels": null, "cuisine": null, "denomination": null, "government": null, "historic": null, "inscription": null, "layer": null, "memorial": null, "name": null, "name:en": null, "name:ru": null, "office": null, "opening_hours": null, "operator": null, "phone": null, "power": null, "ref:sobory.ru": null, "ref:temples.ru": null, "religion": null, "roof:shape": null, "shop": null, "source:addr": null, "source:housenumber": null, "start_date": null, "tomb": null, "tourism": null, "type": null, "was:amenity": null, "website": null, "wikidata": null, "wikipedia": null, "is_living": false}, "geometry": {"type": "Polygon", "coordinates": [[[35.5284621, 56.2089943], [35.5281717, 56.2088478], [35.5283012, 56.2087684], [35.5285916, 56.2089149], [35.5284621, 56.2089943]]]}}, {"type": "Feature", "properties": {"id": "way/625052654", "@id": "way/625052654", "abandoned": null, "addr:city": null, "addr:housenumber": null, "addr:place": null, "addr:postcode": null, "addr:street": null, "alt_name": null, "amenity": null, "building": "yes", "building:levels": null, "cuisine": null, "denomination": null, "government": null, "historic": null, "inscription": null, "layer": null, "memorial": null, "name": null, "name:en": null, "name:ru": null, "office": null, "opening_hours": null, "operator": null, "phone": null, "power": null, "ref:sobory.ru": null, "ref:temples.ru": null, "religion": null, "roof:shape": null, "shop": null, "source:addr": null, "source:housenumber": null, "start_date": null, "tomb": null, "tourism": null, "type": null, "was:amenity": null, "website": null, "wikidata": null, "wikipedia": null, "is_living": false}, "geometry": {"type": "Polygon", "coordinates": [[[35.5242724, 56.2075679], [35.5242229, 56.2075425], [35.524302, 56.2074948], [35.5243515, 56.2075201], [35.5242724, 56.2075679]]]}}, {"type": "Feature", "properties": {"id": "way/625052656", "@id": "way/625052656", "abandoned": null, "addr:city": null, "addr:housenumber": null, "addr:place": null, "addr:postcode": null, "addr:street": null, "alt_name": null, "amenity": null, "building": "yes", "building:levels": null, "cuisine": null, "denomination": null, "government": null, "historic": null, "inscription": null, "layer": null, "memorial": null, "name": null, "name:en": null, "name:ru": null, "office": null, "opening_hours": null, "operator": null, "phone": null, "power": null, "ref:sobory.ru": null, "ref:temples.ru": null, "religion": null, "roof:shape": null, "shop": null, "source:addr": null, "source:housenumber": null, "start_date": null, "tomb": null, "tourism": null, "type": null, "was:amenity": null, "website": null, "wikidata": null, "wikipedia": null, "is_living": false}, "geometry": {"type": "Polygon", "coordinates": [[[35.5265142, 56.2096006], [35.5265857, 56.2095545], [35.5268542, 56.2096832], [35.5267827, 56.2097293], [35.5265142, 56.2096006]]]}}, {"type": "Feature", "properties": {"id": "way/625052664", "@id": "way/625052664", "abandoned": null, "addr:city": null, "addr:housenumber": null, "addr:place": null, "addr:postcode": null, "addr:street": null, "alt_name": null, "amenity": null, "building": "yes", "building:levels": null, "cuisine": null, "denomination": null, "government": null, "historic": null, "inscription": null, "layer": null, "memorial": null, "name": null, "name:en": null, "name:ru": null, "office": null, "opening_hours": null, "operator": null, "phone": null, "power": null, "ref:sobory.ru": null, "ref:temples.ru": null, "religion": null, "roof:shape": null, "shop": null, "source:addr": null, "source:housenumber": null, "start_date": null, "tomb": null, "tourism": null, "type": null, "was:amenity": null, "website": null, "wikidata": null, "wikipedia": null, "is_living": false}, "geometry": {"type": "Polygon", "coordinates": [[[35.5292002, 56.2099815], [35.5283764, 56.2095842], [35.5286394, 56.2094155], [35.5290227, 56.2096004], [35.5292036, 56.2094844], [35.5288478, 56.2093128], [35.5290526, 56.2091815], [35.5299342, 56.2096068], [35.5297082, 56.2097516], [35.5294865, 56.2096447], [35.5293175, 56.209753], [35.5294539, 56.2098189], [35.5292002, 56.2099815]]]}}, {"type": "Feature", "properties": {"id": "way/625052665", "@id": "way/625052665", "abandoned": null, "addr:city": null, "addr:housenumber": null, "addr:place": null, "addr:postcode": null, "addr:street": null, "alt_name": null, "amenity": null, "building": "yes", "building:levels": null, "cuisine": null, "denomination": null, "government": null, "historic": null, "inscription": null, "layer": null, "memorial": null, "name": null, "name:en": null, "name:ru": null, "office": null, "opening_hours": null, "operator": null, "phone": null, "power": null, "ref:sobory.ru": null, "ref:temples.ru": null, "religion": null, "roof:shape": null, "shop": null, "source:addr": null, "source:housenumber": null, "start_date": null, "tomb": null, "tourism": null, "type": null, "was:amenity": null, "website": null, "wikidata": null, "wikipedia": null, "is_living": false}, "geometry": {"type": "Polygon", "coordinates": [[[35.5293096, 56.2102431], [35.5291786, 56.2101755], [35.5295474, 56.2099547], [35.5296784, 56.2100223], [35.5293096, 56.2102431]]]}}, {"type": "Feature", "properties": {"id": "way/625052667", "@id": "way/625052667", "abandoned": null, "addr:city": null, "addr:housenumber": null, "addr:place": null, "addr:postcode": null, "addr:street": null, "alt_name": null, "amenity": null, "building": "yes", "building:levels": null, "cuisine": null, "denomination": null, "government": null, "historic": null, "inscription": null, "layer": null, "memorial": null, "name": null, "name:en": null, "name:ru": null, "office": null, "opening_hours": null, "operator": null, "phone": null, "power": null, "ref:sobory.ru": null, "ref:temples.ru": null, "religion": null, "roof:shape": null, "shop": null, "source:addr": null, "source:housenumber": null, "start_date": null, "tomb": null, "tourism": null, "type": null, "was:amenity": null, "website": null, "wikidata": null, "wikipedia": null, "is_living": false}, "geometry": {"type": "Polygon", "coordinates": [[[35.5260328, 56.2093648], [35.5255269, 56.209118], [35.5256003, 56.2090715], [35.5261062, 56.2093182], [35.5260328, 56.2093648]]]}}, {"type": "Feature", "properties": {"id": "way/625052669", "@id": "way/625052669", "abandoned": null, "addr:city": null, "addr:housenumber": null, "addr:place": null, "addr:postcode": null, "addr:street": null, "alt_name": null, "amenity": null, "building": "yes", "building:levels": null, "cuisine": null, "denomination": null, "government": null, "historic": null, "inscription": null, "layer": null, "memorial": null, "name": null, "name:en": null, "name:ru": null, "office": null, "opening_hours": null, "operator": null, "phone": null, "power": null, "ref:sobory.ru": null, "ref:temples.ru": null, "religion": null, "roof:shape": null, "shop": null, "source:addr": null, "source:housenumber": null, "start_date": null, "tomb": null, "tourism": null, "type": null, "was:amenity": null, "website": null, "wikidata": null, "wikipedia": null, "is_living": false}, "geometry": {"type": "Polygon", "coordinates": [[[35.5264059, 56.2096714], [35.5259211, 56.209438], [35.5260328, 56.2093648], [35.5261062, 56.2093182], [35.5262277, 56.209241], [35.5263028, 56.2092772], [35.526359, 56.209241], [35.526475, 56.2092969], [35.5264151, 56.2093354], [35.5267088, 56.2094768], [35.5265857, 56.2095545], [35.5265142, 56.2096006], [35.5264059, 56.2096714]]]}}, {"type": "Feature", "properties": {"id": "way/625052672", "@id": "way/625052672", "abandoned": null, "addr:city": null, "addr:housenumber": null, "addr:place": null, "addr:postcode": null, "addr:street": null, "alt_name": null, "amenity": null, "building": "yes", "building:levels": null, "cuisine": null, "denomination": null, "government": null, "historic": null, "inscription": null, "layer": null, "memorial": null, "name": null, "name:en": null, "name:ru": null, "office": null, "opening_hours": null, "operator": null, "phone": null, "power": null, "ref:sobory.ru": null, "ref:temples.ru": null, "religion": null, "roof:shape": null, "shop": null, "source:addr": null, "source:housenumber": null, "start_date": null, "tomb": null, "tourism": null, "type": null, "was:amenity": null, "website": null, "wikidata": null, "wikipedia": null, "is_living": false}, "geometry": {"type": "Polygon", "coordinates": [[[35.5294166, 56.2090003], [35.5293361, 56.2089644], [35.5294137, 56.2089106], [35.5294942, 56.2089465], [35.5294166, 56.2090003]]]}}, {"type": "Feature", "properties": {"id": "way/625052673", "@id": "way/625052673", "abandoned": null, "addr:city": null, "addr:housenumber": null, "addr:place": null, "addr:postcode": null, "addr:street": null, "alt_name": null, "amenity": null, "building": "yes", "building:levels": null, "cuisine": null, "denomination": null, "government": null, "historic": null, "inscription": null, "layer": null, "memorial": null, "name": null, "name:en": null, "name:ru": null, "office": null, "opening_hours": null, "operator": null, "phone": null, "power": null, "ref:sobory.ru": null, "ref:temples.ru": null, "religion": null, "roof:shape": null, "shop": null, "source:addr": null, "source:housenumber": null, "start_date": null, "tomb": null, "tourism": null, "type": null, "was:amenity": null, "website": null, "wikidata": null, "wikipedia": null, "is_living": false}, "geometry": {"type": "Polygon", "coordinates": [[[35.5255695, 56.20758], [35.5249357, 56.2072723], [35.5251199, 56.207155], [35.5257536, 56.2074627], [35.5255695, 56.20758]]]}}, {"type": "Feature", "properties": {"id": "way/625052674", "@id": "way/625052674", "abandoned": null, "addr:city": null, "addr:housenumber": null, "addr:place": null, "addr:postcode": null, "addr:street": null, "alt_name": null, "amenity": null, "building": "yes", "building:levels": null, "cuisine": null, "denomination": null, "government": null, "historic": null, "inscription": null, "layer": null, "memorial": null, "name": null, "name:en": null, "name:ru": null, "office": null, "opening_hours": null, "operator": null, "phone": null, "power": null, "ref:sobory.ru": null, "ref:temples.ru": null, "religion": null, "roof:shape": null, "shop": null, "source:addr": null, "source:housenumber": null, "start_date": null, "tomb": null, "tourism": null, "type": null, "was:amenity": null, "website": null, "wikidata": null, "wikipedia": null, "is_living": false}, "geometry": {"type": "Polygon", "coordinates": [[[35.528846, 56.210664], [35.5285597, 56.2105565], [35.5286615, 56.2104726], [35.5289478, 56.2105801], [35.528846, 56.210664]]]}}, {"type": "Feature", "properties": {"id": "way/625052675", "@id": "way/625052675", "abandoned": null, "addr:city": null, "addr:housenumber": null, "addr:place": null, "addr:postcode": null, "addr:street": null, "alt_name": null, "amenity": null, "building": "yes", "building:levels": null, "cuisine": null, "denomination": null, "government": null, "historic": null, "inscription": null, "layer": null, "memorial": null, "name": null, "name:en": null, "name:ru": null, "office": null, "opening_hours": null, "operator": null, "phone": null, "power": null, "ref:sobory.ru": null, "ref:temples.ru": null, "religion": null, "roof:shape": null, "shop": null, "source:addr": null, "source:housenumber": null, "start_date": null, "tomb": null, "tourism": null, "type": null, "was:amenity": null, "website": null, "wikidata": null, "wikipedia": null, "is_living": false}, "geometry": {"type": "Polygon", "coordinates": [[[35.5234925, 56.207834], [35.5234166, 56.2077961], [35.5236797, 56.2076331], [35.5237556, 56.207671], [35.5234925, 56.207834]]]}}, {"type": "Feature", "properties": {"id": "way/625052678", "@id": "way/625052678", "abandoned": null, "addr:city": null, "addr:housenumber": null, "addr:place": null, "addr:postcode": null, "addr:street": null, "alt_name": null, "amenity": null, "building": "yes", "building:levels": null, "cuisine": null, "denomination": null, "government": null, "historic": null, "inscription": null, "layer": null, "memorial": null, "name": null, "name:en": null, "name:ru": null, "office": null, "opening_hours": null, "operator": null, "phone": null, "power": null, "ref:sobory.ru": null, "ref:temples.ru": null, "religion": null, "roof:shape": null, "shop": null, "source:addr": null, "source:housenumber": null, "start_date": null, "tomb": null, "tourism": null, "type": null, "was:amenity": null, "website": null, "wikidata": null, "wikipedia": null, "is_living": false}, "geometry": {"type": "Polygon", "coordinates": [[[35.5269215, 56.2084709], [35.5259674, 56.2080058], [35.5261574, 56.2078852], [35.5260802, 56.2078476], [35.5262745, 56.2077243], [35.5265877, 56.207877], [35.5263394, 56.2080346], [35.526463, 56.2080949], [35.5265298, 56.2080525], [35.5271516, 56.2083555], [35.5270924, 56.2083931], [35.5272209, 56.2084557], [35.5271426, 56.2085054], [35.5269868, 56.2084295], [35.5269215, 56.2084709]]]}}, {"type": "Feature", "properties": {"id": "way/625053783", "@id": "way/625053783", "abandoned": null, "addr:city": null, "addr:housenumber": null, "addr:place": null, "addr:postcode": null, "addr:street": null, "alt_name": null, "amenity": null, "building": "yes", "building:levels": null, "cuisine": null, "denomination": null, "government": null, "historic": null, "inscription": null, "layer": null, "memorial": null, "name": null, "name:en": null, "name:ru": null, "office": null, "opening_hours": null, "operator": null, "phone": null, "power": null, "ref:sobory.ru": null, "ref:temples.ru": null, "religion": null, "roof:shape": null, "shop": null, "source:addr": null, "source:housenumber": null, "start_date": null, "tomb": null, "tourism": null, "type": null, "was:amenity": null, "website": null, "wikidata": null, "wikipedia": null, "is_living": false}, "geometry": {"type": "Polygon", "coordinates": [[[35.5160728, 56.2104125], [35.5158548, 56.2103041], [35.5159546, 56.210242], [35.5161726, 56.2103504], [35.5160728, 56.2104125]]]}}, {"type": "Feature", "properties": {"id": "way/625073462", "@id": "way/625073462", "abandoned": null, "addr:city": null, "addr:housenumber": null, "addr:place": null, "addr:postcode": null, "addr:street": null, "alt_name": null, "amenity": null, "building": "greenhouse", "building:levels": null, "cuisine": null, "denomination": null, "government": null, "historic": null, "inscription": null, "layer": null, "memorial": null, "name": null, "name:en": null, "name:ru": null, "office": null, "opening_hours": null, "operator": null, "phone": null, "power": null, "ref:sobory.ru": null, "ref:temples.ru": null, "religion": null, "roof:shape": null, "shop": null, "source:addr": null, "source:housenumber": null, "start_date": null, "tomb": null, "tourism": null, "type": null, "was:amenity": null, "website": null, "wikidata": null, "wikipedia": null, "is_living": false}, "geometry": {"type": "Polygon", "coordinates": [[[35.5588708, 56.2148496], [35.5588091, 56.2148172], [35.5584499, 56.2150284], [35.5584, 56.2150022], [35.559155, 56.2145582], [35.5592666, 56.2146168], [35.5588708, 56.2148496]]]}}, {"type": "Feature", "properties": {"id": "way/625073464", "@id": "way/625073464", "abandoned": null, "addr:city": null, "addr:housenumber": null, "addr:place": null, "addr:postcode": null, "addr:street": null, "alt_name": null, "amenity": null, "building": "yes", "building:levels": null, "cuisine": null, "denomination": null, "government": null, "historic": null, "inscription": null, "layer": null, "memorial": null, "name": null, "name:en": null, "name:ru": null, "office": null, "opening_hours": null, "operator": null, "phone": null, "power": null, "ref:sobory.ru": null, "ref:temples.ru": null, "religion": null, "roof:shape": null, "shop": null, "source:addr": null, "source:housenumber": null, "start_date": null, "tomb": null, "tourism": null, "type": null, "was:amenity": null, "website": null, "wikidata": null, "wikipedia": null, "is_living": false}, "geometry": {"type": "Polygon", "coordinates": [[[35.5579559, 56.2188634], [35.5578068, 56.2189534], [35.557704, 56.2189008], [35.5576475, 56.2189349], [35.5572307, 56.2187216], [35.5574362, 56.2185974], [35.5579559, 56.2188634]]]}}, {"type": "Feature", "properties": {"id": "way/625073465", "@id": "way/625073465", "abandoned": null, "addr:city": null, "addr:housenumber": null, "addr:place": null, "addr:postcode": null, "addr:street": null, "alt_name": null, "amenity": null, "building": "greenhouse", "building:levels": null, "cuisine": null, "denomination": null, "government": null, "historic": null, "inscription": null, "layer": null, "memorial": null, "name": null, "name:en": null, "name:ru": null, "office": null, "opening_hours": null, "operator": null, "phone": null, "power": null, "ref:sobory.ru": null, "ref:temples.ru": null, "religion": null, "roof:shape": null, "shop": null, "source:addr": null, "source:housenumber": null, "start_date": null, "tomb": null, "tourism": null, "type": null, "was:amenity": null, "website": null, "wikidata": null, "wikipedia": null, "is_living": false}, "geometry": {"type": "Polygon", "coordinates": [[[35.5594527, 56.2145843], [35.5593934, 56.2145532], [35.5595201, 56.2144787], [35.559461, 56.2144476], [35.5593003, 56.2145421], [35.559242, 56.2145115], [35.55993, 56.2141069], [35.5601066, 56.2141997], [35.5594527, 56.2145843]]]}}, {"type": "Feature", "properties": {"id": "way/625073469", "@id": "way/625073469", "abandoned": null, "addr:city": null, "addr:housenumber": null, "addr:place": null, "addr:postcode": null, "addr:street": null, "alt_name": null, "amenity": null, "building": "yes", "building:levels": null, "cuisine": null, "denomination": null, "government": null, "historic": null, "inscription": null, "layer": null, "memorial": null, "name": null, "name:en": null, "name:ru": null, "office": null, "opening_hours": null, "operator": null, "phone": null, "power": null, "ref:sobory.ru": null, "ref:temples.ru": null, "religion": null, "roof:shape": null, "shop": null, "source:addr": null, "source:housenumber": null, "start_date": null, "tomb": null, "tourism": null, "type": null, "was:amenity": null, "website": null, "wikidata": null, "wikipedia": null, "is_living": false}, "geometry": {"type": "Polygon", "coordinates": [[[35.5586377, 56.2188295], [35.5585483, 56.2187842], [35.5587501, 56.2186612], [35.5588394, 56.2187064], [35.5586377, 56.2188295]]]}}, {"type": "Feature", "properties": {"id": "way/625073471", "@id": "way/625073471", "abandoned": null, "addr:city": null, "addr:housenumber": null, "addr:place": null, "addr:postcode": null, "addr:street": null, "alt_name": null, "amenity": null, "building": "yes", "building:levels": null, "cuisine": null, "denomination": null, "government": null, "historic": null, "inscription": null, "layer": null, "memorial": null, "name": null, "name:en": null, "name:ru": null, "office": null, "opening_hours": null, "operator": null, "phone": null, "power": null, "ref:sobory.ru": null, "ref:temples.ru": null, "religion": null, "roof:shape": null, "shop": null, "source:addr": null, "source:housenumber": null, "start_date": null, "tomb": null, "tourism": null, "type": null, "was:amenity": null, "website": null, "wikidata": null, "wikipedia": null, "is_living": false}, "geometry": {"type": "Polygon", "coordinates": [[[35.5574714, 56.219022], [35.5571776, 56.2188798], [35.5572461, 56.218836], [35.55754, 56.2189782], [35.5574714, 56.219022]]]}}, {"type": "Feature", "properties": {"id": "way/625073477", "@id": "way/625073477", "abandoned": null, "addr:city": null, "addr:housenumber": null, "addr:place": null, "addr:postcode": null, "addr:street": null, "alt_name": null, "amenity": null, "building": "yes", "building:levels": null, "cuisine": null, "denomination": null, "government": null, "historic": null, "inscription": null, "layer": null, "memorial": null, "name": null, "name:en": null, "name:ru": null, "office": null, "opening_hours": null, "operator": null, "phone": null, "power": null, "ref:sobory.ru": null, "ref:temples.ru": null, "religion": null, "roof:shape": null, "shop": null, "source:addr": null, "source:housenumber": null, "start_date": null, "tomb": null, "tourism": null, "type": null, "was:amenity": null, "website": null, "wikidata": null, "wikipedia": null, "is_living": false}, "geometry": {"type": "Polygon", "coordinates": [[[35.5590079, 56.2177871], [35.5588784, 56.2177211], [35.5590266, 56.2176313], [35.559156, 56.2176973], [35.5590079, 56.2177871]]]}}, {"type": "Feature", "properties": {"id": "way/625073478", "@id": "way/625073478", "abandoned": null, "addr:city": null, "addr:housenumber": null, "addr:place": null, "addr:postcode": null, "addr:street": null, "alt_name": null, "amenity": null, "building": "yes", "building:levels": null, "cuisine": null, "denomination": null, "government": null, "historic": null, "inscription": null, "layer": null, "memorial": null, "name": null, "name:en": null, "name:ru": null, "office": null, "opening_hours": null, "operator": null, "phone": null, "power": null, "ref:sobory.ru": null, "ref:temples.ru": null, "religion": null, "roof:shape": null, "shop": null, "source:addr": null, "source:housenumber": null, "start_date": null, "tomb": null, "tourism": null, "type": null, "was:amenity": null, "website": null, "wikidata": null, "wikipedia": null, "is_living": false}, "geometry": {"type": "Polygon", "coordinates": [[[35.5602281, 56.2178731], [35.5600829, 56.2177852], [35.5601582, 56.2177467], [35.5603035, 56.2178346], [35.5602281, 56.2178731]]]}}, {"type": "Feature", "properties": {"id": "way/625073480", "@id": "way/625073480", "abandoned": null, "addr:city": null, "addr:housenumber": null, "addr:place": null, "addr:postcode": null, "addr:street": null, "alt_name": null, "amenity": null, "building": "yes", "building:levels": null, "cuisine": null, "denomination": null, "government": null, "historic": null, "inscription": null, "layer": null, "memorial": null, "name": null, "name:en": null, "name:ru": null, "office": null, "opening_hours": null, "operator": null, "phone": null, "power": null, "ref:sobory.ru": null, "ref:temples.ru": null, "religion": null, "roof:shape": null, "shop": null, "source:addr": null, "source:housenumber": null, "start_date": null, "tomb": null, "tourism": null, "type": null, "was:amenity": null, "website": null, "wikidata": null, "wikipedia": null, "is_living": false}, "geometry": {"type": "Polygon", "coordinates": [[[35.5575433, 56.2183804], [35.5574038, 56.2183119], [35.5575461, 56.2182224], [35.5576855, 56.2182909], [35.5575433, 56.2183804]]]}}, {"type": "Feature", "properties": {"id": "way/625073484", "@id": "way/625073484", "abandoned": null, "addr:city": null, "addr:housenumber": null, "addr:place": null, "addr:postcode": null, "addr:street": null, "alt_name": null, "amenity": null, "building": "yes", "building:levels": null, "cuisine": null, "denomination": null, "government": null, "historic": null, "inscription": null, "layer": null, "memorial": null, "name": null, "name:en": null, "name:ru": null, "office": null, "opening_hours": null, "operator": null, "phone": null, "power": "substation", "ref:sobory.ru": null, "ref:temples.ru": null, "religion": null, "roof:shape": null, "shop": null, "source:addr": null, "source:housenumber": null, "start_date": null, "tomb": null, "tourism": null, "type": null, "was:amenity": null, "website": null, "wikidata": null, "wikipedia": null, "is_living": false}, "geometry": {"type": "Polygon", "coordinates": [[[35.5582106, 56.218741], [35.5581524, 56.2187125], [35.5582132, 56.2186741], [35.5582714, 56.2187026], [35.5582106, 56.218741]]]}}, {"type": "Feature", "properties": {"id": "way/625073490", "@id": "way/625073490", "abandoned": null, "addr:city": null, "addr:housenumber": null, "addr:place": null, "addr:postcode": null, "addr:street": null, "alt_name": null, "amenity": null, "building": "yes", "building:levels": null, "cuisine": null, "denomination": null, "government": null, "historic": null, "inscription": null, "layer": null, "memorial": null, "name": null, "name:en": null, "name:ru": null, "office": null, "opening_hours": null, "operator": null, "phone": null, "power": null, "ref:sobory.ru": null, "ref:temples.ru": null, "religion": null, "roof:shape": null, "shop": null, "source:addr": null, "source:housenumber": null, "start_date": null, "tomb": null, "tourism": null, "type": null, "was:amenity": null, "website": null, "wikidata": null, "wikipedia": null, "is_living": false}, "geometry": {"type": "Polygon", "coordinates": [[[35.5594717, 56.2175463], [35.5593372, 56.2174721], [35.5595174, 56.217371], [35.5596519, 56.2174452], [35.5594717, 56.2175463]]]}}, {"type": "Feature", "properties": {"id": "way/625073491", "@id": "way/625073491", "abandoned": null, "addr:city": null, "addr:housenumber": null, "addr:place": null, "addr:postcode": null, "addr:street": null, "alt_name": null, "amenity": null, "building": "yes", "building:levels": null, "cuisine": null, "denomination": null, "government": null, "historic": null, "inscription": null, "layer": null, "memorial": null, "name": null, "name:en": null, "name:ru": null, "office": null, "opening_hours": null, "operator": null, "phone": null, "power": null, "ref:sobory.ru": null, "ref:temples.ru": null, "religion": null, "roof:shape": null, "shop": null, "source:addr": null, "source:housenumber": null, "start_date": null, "tomb": null, "tourism": null, "type": null, "was:amenity": null, "website": null, "wikidata": null, "wikipedia": null, "is_living": false}, "geometry": {"type": "Polygon", "coordinates": [[[35.5586318, 56.2175798], [35.5583041, 56.2174109], [35.5591202, 56.2169213], [35.5594479, 56.2170901], [35.5586318, 56.2175798]]]}}, {"type": "Feature", "properties": {"id": "way/625073493", "@id": "way/625073493", "abandoned": null, "addr:city": null, "addr:housenumber": null, "addr:place": null, "addr:postcode": null, "addr:street": null, "alt_name": null, "amenity": null, "building": "yes", "building:levels": null, "cuisine": null, "denomination": null, "government": null, "historic": null, "inscription": null, "layer": null, "memorial": null, "name": null, "name:en": null, "name:ru": null, "office": null, "opening_hours": null, "operator": null, "phone": null, "power": null, "ref:sobory.ru": null, "ref:temples.ru": null, "religion": null, "roof:shape": null, "shop": null, "source:addr": null, "source:housenumber": null, "start_date": null, "tomb": null, "tourism": null, "type": null, "was:amenity": null, "website": null, "wikidata": null, "wikipedia": null, "is_living": false}, "geometry": {"type": "Polygon", "coordinates": [[[35.558573, 56.2185445], [35.5580051, 56.2182522], [35.5582587, 56.2180999], [35.5588266, 56.2183923], [35.558573, 56.2185445]]]}}, {"type": "Feature", "properties": {"id": "way/625274464", "@id": "way/625274464", "abandoned": null, "addr:city": null, "addr:housenumber": null, "addr:place": null, "addr:postcode": null, "addr:street": null, "alt_name": null, "amenity": null, "building": "garage", "building:levels": null, "cuisine": null, "denomination": null, "government": null, "historic": null, "inscription": null, "layer": null, "memorial": null, "name": null, "name:en": null, "name:ru": null, "office": null, "opening_hours": null, "operator": null, "phone": null, "power": null, "ref:sobory.ru": null, "ref:temples.ru": null, "religion": null, "roof:shape": null, "shop": null, "source:addr": null, "source:housenumber": null, "start_date": null, "tomb": null, "tourism": null, "type": null, "was:amenity": null, "website": null, "wikidata": null, "wikipedia": null, "is_living": false}, "geometry": {"type": "Polygon", "coordinates": [[[35.5529165, 56.184421], [35.5529047, 56.1843635], [35.5531621, 56.1843472], [35.5531739, 56.1844047], [35.5529165, 56.184421]]]}}, {"type": "Feature", "properties": {"id": "way/625276156", "@id": "way/625276156", "abandoned": null, "addr:city": null, "addr:housenumber": null, "addr:place": null, "addr:postcode": null, "addr:street": null, "alt_name": null, "amenity": null, "building": "yes", "building:levels": null, "cuisine": null, "denomination": null, "government": null, "historic": null, "inscription": null, "layer": null, "memorial": null, "name": null, "name:en": null, "name:ru": null, "office": null, "opening_hours": null, "operator": null, "phone": null, "power": null, "ref:sobory.ru": null, "ref:temples.ru": null, "religion": null, "roof:shape": null, "shop": null, "source:addr": null, "source:housenumber": null, "start_date": null, "tomb": null, "tourism": null, "type": null, "was:amenity": null, "website": null, "wikidata": null, "wikipedia": null, "is_living": false}, "geometry": {"type": "Polygon", "coordinates": [[[35.5583042, 56.1864619], [35.5582065, 56.1864435], [35.5581762, 56.1864933], [35.5580905, 56.1864771], [35.558116, 56.1864353], [35.5580223, 56.1864176], [35.5584172, 56.1857693], [35.5586943, 56.1858216], [35.5583042, 56.1864619]]]}}, {"type": "Feature", "properties": {"id": "way/625276158", "@id": "way/625276158", "abandoned": null, "addr:city": null, "addr:housenumber": null, "addr:place": null, "addr:postcode": null, "addr:street": null, "alt_name": null, "amenity": null, "building": "yes", "building:levels": null, "cuisine": null, "denomination": null, "government": null, "historic": null, "inscription": null, "layer": null, "memorial": null, "name": null, "name:en": null, "name:ru": null, "office": null, "opening_hours": null, "operator": null, "phone": null, "power": null, "ref:sobory.ru": null, "ref:temples.ru": null, "religion": null, "roof:shape": null, "shop": null, "source:addr": null, "source:housenumber": null, "start_date": null, "tomb": null, "tourism": null, "type": null, "was:amenity": null, "website": null, "wikidata": null, "wikipedia": null, "is_living": false}, "geometry": {"type": "Polygon", "coordinates": [[[35.5616426, 56.1881259], [35.561357, 56.188082], [35.5616608, 56.1874698], [35.5619417, 56.187513], [35.5618258, 56.1877465], [35.5622117, 56.1878059], [35.5621496, 56.187931], [35.5617684, 56.1878724], [35.5616426, 56.1881259]]]}}, {"type": "Feature", "properties": {"id": "way/625276161", "@id": "way/625276161", "abandoned": null, "addr:city": null, "addr:housenumber": null, "addr:place": null, "addr:postcode": null, "addr:street": null, "alt_name": null, "amenity": null, "building": "yes", "building:levels": null, "cuisine": null, "denomination": null, "government": null, "historic": null, "inscription": null, "layer": null, "memorial": null, "name": null, "name:en": null, "name:ru": null, "office": null, "opening_hours": null, "operator": null, "phone": null, "power": null, "ref:sobory.ru": null, "ref:temples.ru": null, "religion": null, "roof:shape": null, "shop": null, "source:addr": null, "source:housenumber": null, "start_date": null, "tomb": null, "tourism": null, "type": null, "was:amenity": null, "website": null, "wikidata": null, "wikipedia": null, "is_living": false}, "geometry": {"type": "Polygon", "coordinates": [[[35.5599229, 56.1865326], [35.5600096, 56.1865486], [35.5599796, 56.1865988], [35.5598929, 56.1865827], [35.5599229, 56.1865326]]]}}, {"type": "Feature", "properties": {"id": "way/625276162", "@id": "way/625276162", "abandoned": null, "addr:city": null, "addr:housenumber": null, "addr:place": null, "addr:postcode": null, "addr:street": null, "alt_name": null, "amenity": null, "building": "yes", "building:levels": null, "cuisine": null, "denomination": null, "government": null, "historic": null, "inscription": null, "layer": null, "memorial": null, "name": null, "name:en": null, "name:ru": null, "office": null, "opening_hours": null, "operator": null, "phone": null, "power": null, "ref:sobory.ru": null, "ref:temples.ru": null, "religion": null, "roof:shape": null, "shop": null, "source:addr": null, "source:housenumber": null, "start_date": null, "tomb": null, "tourism": null, "type": null, "was:amenity": null, "website": null, "wikidata": null, "wikipedia": null, "is_living": false}, "geometry": {"type": "Polygon", "coordinates": [[[35.5583136, 56.1876509], [35.5580226, 56.1875998], [35.5582008, 56.1872859], [35.5579413, 56.1872403], [35.5580055, 56.1871272], [35.558246, 56.1871695], [35.5584105, 56.1868798], [35.5587205, 56.1869343], [35.5583136, 56.1876509]]]}}, {"type": "Feature", "properties": {"id": "way/625276163", "@id": "way/625276163", "abandoned": null, "addr:city": null, "addr:housenumber": null, "addr:place": null, "addr:postcode": null, "addr:street": null, "alt_name": null, "amenity": null, "building": "yes", "building:levels": null, "cuisine": null, "denomination": null, "government": null, "historic": null, "inscription": null, "layer": null, "memorial": null, "name": null, "name:en": null, "name:ru": null, "office": null, "opening_hours": null, "operator": null, "phone": null, "power": null, "ref:sobory.ru": null, "ref:temples.ru": null, "religion": null, "roof:shape": null, "shop": null, "source:addr": null, "source:housenumber": null, "start_date": null, "tomb": null, "tourism": null, "type": null, "was:amenity": null, "website": null, "wikidata": null, "wikipedia": null, "is_living": false}, "geometry": {"type": "Polygon", "coordinates": [[[35.560566, 56.1879081], [35.5602649, 56.1878573], [35.5605746, 56.1872883], [35.5608757, 56.1873391], [35.560566, 56.1879081]]]}}, {"type": "Feature", "properties": {"id": "way/625276165", "@id": "way/625276165", "abandoned": null, "addr:city": null, "addr:housenumber": null, "addr:place": null, "addr:postcode": null, "addr:street": null, "alt_name": null, "amenity": null, "building": "yes", "building:levels": null, "cuisine": null, "denomination": null, "government": null, "historic": null, "inscription": null, "layer": null, "memorial": null, "name": null, "name:en": null, "name:ru": null, "office": null, "opening_hours": null, "operator": null, "phone": null, "power": null, "ref:sobory.ru": null, "ref:temples.ru": null, "religion": null, "roof:shape": null, "shop": null, "source:addr": null, "source:housenumber": null, "start_date": null, "tomb": null, "tourism": null, "type": null, "was:amenity": null, "website": null, "wikidata": null, "wikipedia": null, "is_living": false}, "geometry": {"type": "Polygon", "coordinates": [[[35.5592091, 56.1868654], [35.5586417, 56.1867679], [35.5587266, 56.186615], [35.559294, 56.1867125], [35.5592091, 56.1868654]]]}}, {"type": "Feature", "properties": {"id": "way/625276166", "@id": "way/625276166", "abandoned": null, "addr:city": null, "addr:housenumber": null, "addr:place": null, "addr:postcode": null, "addr:street": null, "alt_name": null, "amenity": null, "building": "yes", "building:levels": null, "cuisine": null, "denomination": null, "government": null, "historic": null, "inscription": null, "layer": null, "memorial": null, "name": null, "name:en": null, "name:ru": null, "office": null, "opening_hours": null, "operator": null, "phone": null, "power": null, "ref:sobory.ru": null, "ref:temples.ru": null, "religion": null, "roof:shape": null, "shop": null, "source:addr": null, "source:housenumber": null, "start_date": null, "tomb": null, "tourism": null, "type": null, "was:amenity": null, "website": null, "wikidata": null, "wikipedia": null, "is_living": false}, "geometry": {"type": "Polygon", "coordinates": [[[35.5590448, 56.1877141], [35.5589454, 56.187697], [35.5589279, 56.1877285], [35.5588003, 56.1877066], [35.558814, 56.187682], [35.5587064, 56.1876635], [35.559021, 56.1870959], [35.5590813, 56.1871063], [35.5591017, 56.1870694], [35.5593296, 56.1871086], [35.5593082, 56.1871473], [35.5593546, 56.1871553], [35.5592467, 56.1873534], [35.559182, 56.1874712], [35.5590448, 56.1877141]]]}}, {"type": "Feature", "properties": {"id": "way/625276168", "@id": "way/625276168", "abandoned": null, "addr:city": null, "addr:housenumber": null, "addr:place": null, "addr:postcode": null, "addr:street": null, "alt_name": null, "amenity": null, "building": "yes", "building:levels": null, "cuisine": null, "denomination": null, "government": null, "historic": null, "inscription": null, "layer": null, "memorial": null, "name": null, "name:en": null, "name:ru": null, "office": null, "opening_hours": null, "operator": null, "phone": null, "power": null, "ref:sobory.ru": null, "ref:temples.ru": null, "religion": null, "roof:shape": null, "shop": null, "source:addr": null, "source:housenumber": null, "start_date": null, "tomb": null, "tourism": null, "type": null, "was:amenity": null, "website": null, "wikidata": null, "wikipedia": null, "is_living": false}, "geometry": {"type": "Polygon", "coordinates": [[[35.5597542, 56.1878404], [35.5596841, 56.1878284], [35.5596577, 56.1878764], [35.5594528, 56.1878415], [35.5594762, 56.1877989], [35.5594128, 56.1877882], [35.5595545, 56.1875346], [35.5596192, 56.1874167], [35.5597323, 56.1872069], [35.5598002, 56.1872185], [35.5598245, 56.1871742], [35.5600435, 56.1872115], [35.5600154, 56.1872626], [35.5600669, 56.1872714], [35.5597542, 56.1878404]]]}}, {"type": "Feature", "properties": {"id": "way/625276169", "@id": "way/625276169", "abandoned": null, "addr:city": null, "addr:housenumber": null, "addr:place": null, "addr:postcode": null, "addr:street": null, "alt_name": null, "amenity": null, "building": "yes", "building:levels": null, "cuisine": null, "denomination": null, "government": null, "historic": null, "inscription": null, "layer": null, "memorial": null, "name": null, "name:en": null, "name:ru": null, "office": null, "opening_hours": null, "operator": null, "phone": null, "power": null, "ref:sobory.ru": null, "ref:temples.ru": null, "religion": null, "roof:shape": null, "shop": null, "source:addr": null, "source:housenumber": null, "start_date": null, "tomb": null, "tourism": null, "type": null, "was:amenity": null, "website": null, "wikidata": null, "wikipedia": null, "is_living": false}, "geometry": {"type": "Polygon", "coordinates": [[[35.559182, 56.1874712], [35.5592467, 56.1873534], [35.5596192, 56.1874167], [35.5595545, 56.1875346], [35.559182, 56.1874712]]]}}, {"type": "Feature", "properties": {"id": "way/625278248", "@id": "way/625278248", "abandoned": null, "addr:city": null, "addr:housenumber": null, "addr:place": null, "addr:postcode": null, "addr:street": null, "alt_name": null, "amenity": null, "building": "yes", "building:levels": null, "cuisine": null, "denomination": null, "government": null, "historic": null, "inscription": null, "layer": null, "memorial": null, "name": null, "name:en": null, "name:ru": null, "office": null, "opening_hours": null, "operator": null, "phone": null, "power": null, "ref:sobory.ru": null, "ref:temples.ru": null, "religion": null, "roof:shape": null, "shop": null, "source:addr": null, "source:housenumber": null, "start_date": null, "tomb": null, "tourism": null, "type": null, "was:amenity": null, "website": null, "wikidata": null, "wikipedia": null, "is_living": false}, "geometry": {"type": "Polygon", "coordinates": [[[35.5508713, 56.1785419], [35.5508737, 56.1784658], [35.5510427, 56.1784674], [35.5510403, 56.1785435], [35.5508713, 56.1785419]]]}}, {"type": "Feature", "properties": {"id": "way/625278250", "@id": "way/625278250", "abandoned": null, "addr:city": null, "addr:housenumber": null, "addr:place": null, "addr:postcode": null, "addr:street": null, "alt_name": null, "amenity": null, "building": "yes", "building:levels": null, "cuisine": null, "denomination": null, "government": null, "historic": null, "inscription": null, "layer": null, "memorial": null, "name": null, "name:en": null, "name:ru": null, "office": null, "opening_hours": null, "operator": null, "phone": null, "power": null, "ref:sobory.ru": null, "ref:temples.ru": null, "religion": null, "roof:shape": null, "shop": null, "source:addr": null, "source:housenumber": null, "start_date": null, "tomb": null, "tourism": null, "type": null, "was:amenity": null, "website": null, "wikidata": null, "wikipedia": null, "is_living": false}, "geometry": {"type": "Polygon", "coordinates": [[[35.5516526, 56.1782339], [35.5513423, 56.1782118], [35.5515049, 56.1775043], [35.5518152, 56.1775264], [35.5516526, 56.1782339]]]}}, {"type": "Feature", "properties": {"id": "way/625278251", "@id": "way/625278251", "abandoned": null, "addr:city": null, "addr:housenumber": null, "addr:place": null, "addr:postcode": null, "addr:street": null, "alt_name": null, "amenity": null, "building": "yes", "building:levels": null, "cuisine": null, "denomination": null, "government": null, "historic": null, "inscription": null, "layer": null, "memorial": null, "name": null, "name:en": null, "name:ru": null, "office": null, "opening_hours": null, "operator": null, "phone": null, "power": null, "ref:sobory.ru": null, "ref:temples.ru": null, "religion": null, "roof:shape": null, "shop": null, "source:addr": null, "source:housenumber": null, "start_date": null, "tomb": null, "tourism": null, "type": null, "was:amenity": null, "website": null, "wikidata": null, "wikipedia": null, "is_living": false}, "geometry": {"type": "Polygon", "coordinates": [[[35.5523922, 56.1788345], [35.5523835, 56.1787355], [35.5528499, 56.1787228], [35.5528586, 56.1788218], [35.5523922, 56.1788345]]]}}, {"type": "Feature", "properties": {"id": "way/625278253", "@id": "way/625278253", "abandoned": null, "addr:city": null, "addr:housenumber": null, "addr:place": null, "addr:postcode": null, "addr:street": null, "alt_name": null, "amenity": null, "building": "yes", "building:levels": null, "cuisine": null, "denomination": null, "government": null, "historic": null, "inscription": null, "layer": null, "memorial": null, "name": null, "name:en": null, "name:ru": null, "office": null, "opening_hours": null, "operator": null, "phone": null, "power": null, "ref:sobory.ru": null, "ref:temples.ru": null, "religion": null, "roof:shape": null, "shop": null, "source:addr": null, "source:housenumber": null, "start_date": null, "tomb": null, "tourism": null, "type": null, "was:amenity": null, "website": null, "wikidata": null, "wikipedia": null, "is_living": false}, "geometry": {"type": "Polygon", "coordinates": [[[35.5570369, 56.178132], [35.5567576, 56.1780722], [35.556811, 56.177995], [35.5570903, 56.1780548], [35.5570369, 56.178132]]]}}, {"type": "Feature", "properties": {"id": "way/625278256", "@id": "way/625278256", "abandoned": null, "addr:city": null, "addr:housenumber": null, "addr:place": null, "addr:postcode": null, "addr:street": null, "alt_name": null, "amenity": null, "building": "yes", "building:levels": null, "cuisine": null, "denomination": null, "government": null, "historic": null, "inscription": null, "layer": null, "memorial": null, "name": null, "name:en": null, "name:ru": null, "office": null, "opening_hours": null, "operator": null, "phone": null, "power": null, "ref:sobory.ru": null, "ref:temples.ru": null, "religion": null, "roof:shape": null, "shop": null, "source:addr": null, "source:housenumber": null, "start_date": null, "tomb": null, "tourism": null, "type": null, "was:amenity": null, "website": null, "wikidata": null, "wikipedia": null, "is_living": false}, "geometry": {"type": "Polygon", "coordinates": [[[35.5538103, 56.1774992], [35.5538385, 56.1773493], [35.5548498, 56.1774082], [35.5548217, 56.177558], [35.5538103, 56.1774992]]]}}, {"type": "Feature", "properties": {"id": "way/625278258", "@id": "way/625278258", "abandoned": null, "addr:city": null, "addr:housenumber": null, "addr:place": null, "addr:postcode": null, "addr:street": null, "alt_name": null, "amenity": null, "building": "yes", "building:levels": null, "cuisine": null, "denomination": null, "government": null, "historic": null, "inscription": null, "layer": null, "memorial": null, "name": null, "name:en": null, "name:ru": null, "office": null, "opening_hours": null, "operator": null, "phone": null, "power": null, "ref:sobory.ru": null, "ref:temples.ru": null, "religion": null, "roof:shape": null, "shop": null, "source:addr": null, "source:housenumber": null, "start_date": null, "tomb": null, "tourism": null, "type": null, "was:amenity": null, "website": null, "wikidata": null, "wikipedia": null, "is_living": false}, "geometry": {"type": "Polygon", "coordinates": [[[35.5521396, 56.1791975], [35.5521301, 56.1790595], [35.5520459, 56.1790613], [35.5520309, 56.1788407], [35.5523922, 56.1788345], [35.5528586, 56.1788218], [35.5530178, 56.1788198], [35.5530255, 56.1789314], [35.5530423, 56.1791784], [35.5521396, 56.1791975]]]}}, {"type": "Feature", "properties": {"id": "way/625278260", "@id": "way/625278260", "abandoned": null, "addr:city": null, "addr:housenumber": null, "addr:place": null, "addr:postcode": null, "addr:street": null, "alt_name": null, "amenity": null, "building": "yes", "building:levels": null, "cuisine": null, "denomination": null, "government": null, "historic": null, "inscription": null, "layer": null, "memorial": null, "name": null, "name:en": null, "name:ru": null, "office": null, "opening_hours": null, "operator": null, "phone": null, "power": "substation", "ref:sobory.ru": null, "ref:temples.ru": null, "religion": null, "roof:shape": null, "shop": null, "source:addr": null, "source:housenumber": null, "start_date": null, "tomb": null, "tourism": null, "type": null, "was:amenity": null, "website": null, "wikidata": null, "wikipedia": null, "is_living": false}, "geometry": {"type": "Polygon", "coordinates": [[[35.5558191, 56.1790147], [35.5558068, 56.1790562], [35.5557183, 56.1790481], [35.5557306, 56.1790066], [35.5558191, 56.1790147]]]}}, {"type": "Feature", "properties": {"id": "way/625278265", "@id": "way/625278265", "abandoned": null, "addr:city": null, "addr:housenumber": null, "addr:place": null, "addr:postcode": null, "addr:street": null, "alt_name": null, "amenity": null, "building": "yes", "building:levels": null, "cuisine": null, "denomination": null, "government": null, "historic": null, "inscription": null, "layer": null, "memorial": null, "name": null, "name:en": null, "name:ru": null, "office": null, "opening_hours": null, "operator": null, "phone": null, "power": null, "ref:sobory.ru": null, "ref:temples.ru": null, "religion": null, "roof:shape": null, "shop": null, "source:addr": null, "source:housenumber": null, "start_date": null, "tomb": null, "tourism": null, "type": null, "was:amenity": null, "website": null, "wikidata": null, "wikipedia": null, "is_living": false}, "geometry": {"type": "Polygon", "coordinates": [[[35.552672, 56.1781239], [35.5527633, 56.1778049], [35.5530324, 56.1778288], [35.5529411, 56.1781478], [35.552672, 56.1781239]]]}}, {"type": "Feature", "properties": {"id": "way/625278269", "@id": "way/625278269", "abandoned": null, "addr:city": null, "addr:housenumber": null, "addr:place": null, "addr:postcode": null, "addr:street": null, "alt_name": null, "amenity": null, "building": "yes", "building:levels": null, "cuisine": null, "denomination": null, "government": null, "historic": null, "inscription": null, "layer": null, "memorial": null, "name": null, "name:en": null, "name:ru": null, "office": null, "opening_hours": null, "operator": null, "phone": null, "power": null, "ref:sobory.ru": null, "ref:temples.ru": null, "religion": null, "roof:shape": null, "shop": null, "source:addr": null, "source:housenumber": null, "start_date": null, "tomb": null, "tourism": null, "type": null, "was:amenity": null, "website": null, "wikidata": null, "wikipedia": null, "is_living": false}, "geometry": {"type": "Polygon", "coordinates": [[[35.5549209, 56.1789853], [35.5533444, 56.1788683], [35.5533513, 56.1788392], [35.5533853, 56.1786973], [35.5546617, 56.178792], [35.5546494, 56.1788437], [35.5549495, 56.1788659], [35.5549384, 56.1789123], [35.5549209, 56.1789853]]]}}, {"type": "Feature", "properties": {"id": "way/625278271", "@id": "way/625278271", "abandoned": null, "addr:city": null, "addr:housenumber": null, "addr:place": null, "addr:postcode": null, "addr:street": null, "alt_name": null, "amenity": null, "building": "yes", "building:levels": null, "cuisine": null, "denomination": null, "government": null, "historic": null, "inscription": null, "layer": null, "memorial": null, "name": null, "name:en": null, "name:ru": null, "office": null, "opening_hours": null, "operator": null, "phone": null, "power": null, "ref:sobory.ru": null, "ref:temples.ru": null, "religion": null, "roof:shape": null, "shop": null, "source:addr": null, "source:housenumber": null, "start_date": null, "tomb": null, "tourism": null, "type": null, "was:amenity": null, "website": null, "wikidata": null, "wikipedia": null, "is_living": false}, "geometry": {"type": "Polygon", "coordinates": [[[35.555151, 56.1775945], [35.5551897, 56.1774347], [35.5559582, 56.1774923], [35.5559195, 56.1776521], [35.555151, 56.1775945]]]}}, {"type": "Feature", "properties": {"id": "way/625278272", "@id": "way/625278272", "abandoned": null, "addr:city": null, "addr:housenumber": null, "addr:place": null, "addr:postcode": null, "addr:street": null, "alt_name": null, "amenity": null, "building": "yes", "building:levels": null, "cuisine": null, "denomination": null, "government": null, "historic": null, "inscription": null, "layer": null, "memorial": null, "name": null, "name:en": null, "name:ru": null, "office": null, "opening_hours": null, "operator": null, "phone": null, "power": null, "ref:sobory.ru": null, "ref:temples.ru": null, "religion": null, "roof:shape": null, "shop": null, "source:addr": null, "source:housenumber": null, "start_date": null, "tomb": null, "tourism": null, "type": null, "was:amenity": null, "website": null, "wikidata": null, "wikipedia": null, "is_living": false}, "geometry": {"type": "Polygon", "coordinates": [[[35.5512519, 56.1790376], [35.5512448, 56.1788961], [35.5517539, 56.1788882], [35.551761, 56.1790297], [35.5512519, 56.1790376]]]}}, {"type": "Feature", "properties": {"id": "way/625278278", "@id": "way/625278278", "abandoned": null, "addr:city": null, "addr:housenumber": null, "addr:place": null, "addr:postcode": null, "addr:street": null, "alt_name": null, "amenity": null, "building": "yes", "building:levels": null, "cuisine": null, "denomination": null, "government": null, "historic": null, "inscription": null, "layer": null, "memorial": null, "name": null, "name:en": null, "name:ru": null, "office": null, "opening_hours": null, "operator": null, "phone": null, "power": null, "ref:sobory.ru": null, "ref:temples.ru": null, "religion": null, "roof:shape": null, "shop": null, "source:addr": null, "source:housenumber": null, "start_date": null, "tomb": null, "tourism": null, "type": null, "was:amenity": null, "website": null, "wikidata": null, "wikipedia": null, "is_living": false}, "geometry": {"type": "Polygon", "coordinates": [[[35.5523631, 56.1780829], [35.5520748, 56.178064], [35.5521791, 56.1775735], [35.5524673, 56.1775925], [35.5523631, 56.1780829]]]}}, {"type": "Feature", "properties": {"id": "way/625278282", "@id": "way/625278282", "abandoned": null, "addr:city": null, "addr:housenumber": null, "addr:place": null, "addr:postcode": null, "addr:street": null, "alt_name": null, "amenity": null, "building": "yes", "building:levels": null, "cuisine": null, "denomination": null, "government": null, "historic": null, "inscription": null, "layer": null, "memorial": null, "name": null, "name:en": null, "name:ru": null, "office": null, "opening_hours": null, "operator": null, "phone": null, "power": null, "ref:sobory.ru": null, "ref:temples.ru": null, "religion": null, "roof:shape": null, "shop": null, "source:addr": null, "source:housenumber": null, "start_date": null, "tomb": null, "tourism": null, "type": null, "was:amenity": null, "website": null, "wikidata": null, "wikipedia": null, "is_living": false}, "geometry": {"type": "Polygon", "coordinates": [[[35.5568704, 56.178476], [35.5564778, 56.1783946], [35.5565464, 56.1782921], [35.556939, 56.1783735], [35.5568704, 56.178476]]]}}, {"type": "Feature", "properties": {"id": "way/625278283", "@id": "way/625278283", "abandoned": null, "addr:city": null, "addr:housenumber": null, "addr:place": null, "addr:postcode": null, "addr:street": null, "alt_name": null, "amenity": null, "building": "yes", "building:levels": null, "cuisine": null, "denomination": null, "government": null, "historic": null, "inscription": null, "layer": null, "memorial": null, "name": null, "name:en": null, "name:ru": null, "office": null, "opening_hours": null, "operator": null, "phone": null, "power": null, "ref:sobory.ru": null, "ref:temples.ru": null, "religion": null, "roof:shape": null, "shop": null, "source:addr": null, "source:housenumber": null, "start_date": null, "tomb": null, "tourism": null, "type": null, "was:amenity": null, "website": null, "wikidata": null, "wikipedia": null, "is_living": false}, "geometry": {"type": "Polygon", "coordinates": [[[35.5530435, 56.1771071], [35.552963, 56.1771074], [35.5529622, 56.1770501], [35.5530428, 56.1770497], [35.5530435, 56.1771071]]]}}, {"type": "Feature", "properties": {"id": "way/625278286", "@id": "way/625278286", "abandoned": null, "addr:city": null, "addr:housenumber": null, "addr:place": null, "addr:postcode": null, "addr:street": null, "alt_name": null, "amenity": null, "building": "yes", "building:levels": null, "cuisine": null, "denomination": null, "government": null, "historic": null, "inscription": null, "layer": null, "memorial": null, "name": null, "name:en": null, "name:ru": null, "office": null, "opening_hours": null, "operator": null, "phone": null, "power": null, "ref:sobory.ru": null, "ref:temples.ru": null, "religion": null, "roof:shape": null, "shop": null, "source:addr": null, "source:housenumber": null, "start_date": null, "tomb": null, "tourism": null, "type": null, "was:amenity": null, "website": null, "wikidata": null, "wikipedia": null, "is_living": false}, "geometry": {"type": "Polygon", "coordinates": [[[35.5525033, 56.1774128], [35.5525333, 56.1772605], [35.553421, 56.1773146], [35.553391, 56.177467], [35.5525033, 56.1774128]]]}}, {"type": "Feature", "properties": {"id": "way/625278289", "@id": "way/625278289", "abandoned": null, "addr:city": null, "addr:housenumber": null, "addr:place": null, "addr:postcode": null, "addr:street": null, "alt_name": null, "amenity": null, "building": "yes", "building:levels": null, "cuisine": null, "denomination": null, "government": null, "historic": null, "inscription": null, "layer": null, "memorial": null, "name": null, "name:en": null, "name:ru": null, "office": null, "opening_hours": null, "operator": null, "phone": null, "power": null, "ref:sobory.ru": null, "ref:temples.ru": null, "religion": null, "roof:shape": null, "shop": null, "source:addr": null, "source:housenumber": null, "start_date": null, "tomb": null, "tourism": null, "type": null, "was:amenity": null, "website": null, "wikidata": null, "wikipedia": null, "is_living": false}, "geometry": {"type": "Polygon", "coordinates": [[[35.5552659, 56.1788142], [35.5551578, 56.1787907], [35.5553128, 56.1785695], [35.5554209, 56.178593], [35.5553186, 56.1787389], [35.5552659, 56.1788142]]]}}, {"type": "Feature", "properties": {"id": "way/625278290", "@id": "way/625278290", "abandoned": null, "addr:city": null, "addr:housenumber": null, "addr:place": null, "addr:postcode": null, "addr:street": null, "alt_name": null, "amenity": null, "building": "yes", "building:levels": null, "cuisine": null, "denomination": null, "government": null, "historic": null, "inscription": null, "layer": null, "memorial": null, "name": null, "name:en": null, "name:ru": null, "office": null, "opening_hours": null, "operator": null, "phone": null, "power": null, "ref:sobory.ru": null, "ref:temples.ru": null, "religion": null, "roof:shape": null, "shop": null, "source:addr": null, "source:housenumber": null, "start_date": null, "tomb": null, "tourism": null, "type": null, "was:amenity": null, "website": null, "wikidata": null, "wikipedia": null, "is_living": false}, "geometry": {"type": "Polygon", "coordinates": [[[35.5510445, 56.1789847], [35.5507374, 56.1789867], [35.5507355, 56.1788964], [35.5510426, 56.1788944], [35.5510445, 56.1789847]]]}}, {"type": "Feature", "properties": {"id": "way/625278292", "@id": "way/625278292", "abandoned": null, "addr:city": null, "addr:housenumber": null, "addr:place": null, "addr:postcode": null, "addr:street": null, "alt_name": null, "amenity": null, "building": "yes", "building:levels": null, "cuisine": null, "denomination": null, "government": null, "historic": null, "inscription": null, "layer": null, "memorial": null, "name": null, "name:en": null, "name:ru": null, "office": null, "opening_hours": null, "operator": null, "phone": null, "power": null, "ref:sobory.ru": null, "ref:temples.ru": null, "religion": null, "roof:shape": null, "shop": null, "source:addr": null, "source:housenumber": null, "start_date": null, "tomb": null, "tourism": null, "type": null, "was:amenity": null, "website": null, "wikidata": null, "wikipedia": null, "is_living": false}, "geometry": {"type": "Polygon", "coordinates": [[[35.5557358, 56.1784319], [35.5554348, 56.1784095], [35.5555769, 56.1778171], [35.5558779, 56.1778394], [35.5557358, 56.1784319]]]}}, {"type": "Feature", "properties": {"id": "way/625278294", "@id": "way/625278294", "abandoned": null, "addr:city": null, "addr:housenumber": null, "addr:place": null, "addr:postcode": null, "addr:street": null, "alt_name": null, "amenity": null, "building": "yes", "building:levels": null, "cuisine": null, "denomination": null, "government": null, "historic": null, "inscription": null, "layer": null, "memorial": null, "name": null, "name:en": null, "name:ru": null, "office": null, "opening_hours": null, "operator": null, "phone": null, "power": null, "ref:sobory.ru": null, "ref:temples.ru": null, "religion": null, "roof:shape": null, "shop": null, "source:addr": null, "source:housenumber": null, "start_date": null, "tomb": null, "tourism": null, "type": null, "was:amenity": null, "website": null, "wikidata": null, "wikipedia": null, "is_living": false}, "geometry": {"type": "Polygon", "coordinates": [[[35.5511555, 56.178842], [35.5511479, 56.1787483], [35.5516919, 56.1787347], [35.5516995, 56.1788283], [35.5511555, 56.178842]]]}}, {"type": "Feature", "properties": {"id": "way/625278295", "@id": "way/625278295", "abandoned": null, "addr:city": null, "addr:housenumber": null, "addr:place": null, "addr:postcode": null, "addr:street": null, "alt_name": null, "amenity": null, "building": "yes", "building:levels": null, "cuisine": null, "denomination": null, "government": null, "historic": null, "inscription": null, "layer": null, "memorial": null, "name": null, "name:en": null, "name:ru": null, "office": null, "opening_hours": null, "operator": null, "phone": null, "power": null, "ref:sobory.ru": null, "ref:temples.ru": null, "religion": null, "roof:shape": null, "shop": null, "source:addr": null, "source:housenumber": null, "start_date": null, "tomb": null, "tourism": null, "type": null, "was:amenity": null, "website": null, "wikidata": null, "wikipedia": null, "is_living": false}, "geometry": {"type": "Polygon", "coordinates": [[[35.5515416, 56.1792046], [35.5511474, 56.1792019], [35.5511504, 56.1790675], [35.5515447, 56.1790703], [35.5515416, 56.1792046]]]}}, {"type": "Feature", "properties": {"id": "way/625501411", "@id": "way/625501411", "abandoned": null, "addr:city": null, "addr:housenumber": null, "addr:place": null, "addr:postcode": null, "addr:street": null, "alt_name": null, "amenity": null, "building": "yes", "building:levels": null, "cuisine": null, "denomination": null, "government": null, "historic": null, "inscription": null, "layer": null, "memorial": null, "name": null, "name:en": null, "name:ru": null, "office": null, "opening_hours": null, "operator": null, "phone": null, "power": null, "ref:sobory.ru": null, "ref:temples.ru": null, "religion": null, "roof:shape": null, "shop": null, "source:addr": null, "source:housenumber": null, "start_date": null, "tomb": null, "tourism": null, "type": null, "was:amenity": null, "website": null, "wikidata": null, "wikipedia": null, "is_living": false}, "geometry": {"type": "Polygon", "coordinates": [[[35.5524283, 56.1756986], [35.5522887, 56.1756353], [35.5525985, 56.1754235], [35.5527381, 56.1754868], [35.5524283, 56.1756986]]]}}, {"type": "Feature", "properties": {"id": "way/625502540", "@id": "way/625502540", "abandoned": null, "addr:city": null, "addr:housenumber": null, "addr:place": null, "addr:postcode": null, "addr:street": null, "alt_name": null, "amenity": null, "building": "yes", "building:levels": null, "cuisine": null, "denomination": null, "government": null, "historic": null, "inscription": null, "layer": null, "memorial": null, "name": null, "name:en": null, "name:ru": null, "office": null, "opening_hours": null, "operator": null, "phone": null, "power": null, "ref:sobory.ru": null, "ref:temples.ru": null, "religion": null, "roof:shape": null, "shop": null, "source:addr": null, "source:housenumber": null, "start_date": null, "tomb": null, "tourism": null, "type": null, "was:amenity": null, "website": null, "wikidata": null, "wikipedia": null, "is_living": false}, "geometry": {"type": "Polygon", "coordinates": [[[35.5682608, 56.1612696], [35.5685831, 56.1605716], [35.5689362, 56.1606222], [35.5687905, 56.1609379], [35.5690578, 56.1609761], [35.5689991, 56.1611033], [35.5687296, 56.1610647], [35.5686118, 56.1613198], [35.5682608, 56.1612696]]]}}, {"type": "Feature", "properties": {"id": "way/625502577", "@id": "way/625502577", "abandoned": null, "addr:city": null, "addr:housenumber": null, "addr:place": null, "addr:postcode": null, "addr:street": null, "alt_name": null, "amenity": null, "building": "yes", "building:levels": null, "cuisine": null, "denomination": null, "government": null, "historic": null, "inscription": null, "layer": null, "memorial": null, "name": null, "name:en": null, "name:ru": null, "office": null, "opening_hours": null, "operator": null, "phone": null, "power": null, "ref:sobory.ru": null, "ref:temples.ru": null, "religion": null, "roof:shape": null, "shop": null, "source:addr": null, "source:housenumber": null, "start_date": null, "tomb": null, "tourism": null, "type": null, "was:amenity": null, "website": null, "wikidata": null, "wikipedia": null, "is_living": false}, "geometry": {"type": "Polygon", "coordinates": [[[35.5667615, 56.161633], [35.5668627, 56.1614213], [35.5666154, 56.1613846], [35.5666538, 56.1613044], [35.5668971, 56.1613404], [35.5670781, 56.1609617], [35.5672353, 56.160985], [35.5669146, 56.1616557], [35.5667615, 56.161633]]]}}, {"type": "Feature", "properties": {"id": "way/626084065", "@id": "way/626084065", "abandoned": null, "addr:city": null, "addr:housenumber": "14", "addr:place": "Тереховка", "addr:postcode": "143825", "addr:street": null, "alt_name": null, "amenity": null, "building": "yes", "building:levels": null, "cuisine": null, "denomination": null, "government": null, "historic": null, "inscription": null, "layer": null, "memorial": null, "name": null, "name:en": null, "name:ru": null, "office": null, "opening_hours": null, "operator": null, "phone": null, "power": null, "ref:sobory.ru": null, "ref:temples.ru": null, "religion": null, "roof:shape": null, "shop": null, "source:addr": "ЕГРН", "source:housenumber": null, "start_date": null, "tomb": null, "tourism": null, "type": null, "was:amenity": null, "website": null, "wikidata": null, "wikipedia": null, "is_living": false}, "geometry": {"type": "Polygon", "coordinates": [[[35.6273468, 56.163159], [35.6269821, 56.1631002], [35.6270396, 56.1629897], [35.6274043, 56.1630486], [35.6273468, 56.163159]]]}}, {"type": "Feature", "properties": {"id": "way/626085560", "@id": "way/626085560", "abandoned": null, "addr:city": null, "addr:housenumber": null, "addr:place": null, "addr:postcode": null, "addr:street": null, "alt_name": null, "amenity": null, "building": "yes", "building:levels": null, "cuisine": null, "denomination": null, "government": null, "historic": null, "inscription": null, "layer": null, "memorial": null, "name": null, "name:en": null, "name:ru": null, "office": null, "opening_hours": null, "operator": null, "phone": null, "power": null, "ref:sobory.ru": null, "ref:temples.ru": null, "religion": null, "roof:shape": null, "shop": null, "source:addr": null, "source:housenumber": null, "start_date": null, "tomb": null, "tourism": null, "type": null, "was:amenity": null, "website": null, "wikidata": null, "wikipedia": null, "is_living": false}, "geometry": {"type": "Polygon", "coordinates": [[[35.6340427, 56.1752615], [35.6339483, 56.1752243], [35.6340118, 56.1751744], [35.6341061, 56.1752116], [35.6340427, 56.1752615]]]}}, {"type": "Feature", "properties": {"id": "way/626086613", "@id": "way/626086613", "abandoned": null, "addr:city": null, "addr:housenumber": null, "addr:place": null, "addr:postcode": null, "addr:street": null, "alt_name": null, "amenity": null, "building": "yes", "building:levels": null, "cuisine": null, "denomination": null, "government": null, "historic": null, "inscription": null, "layer": null, "memorial": null, "name": null, "name:en": null, "name:ru": null, "office": null, "opening_hours": null, "operator": null, "phone": null, "power": null, "ref:sobory.ru": null, "ref:temples.ru": null, "religion": null, "roof:shape": null, "shop": null, "source:addr": null, "source:housenumber": null, "start_date": null, "tomb": null, "tourism": null, "type": null, "was:amenity": null, "website": null, "wikidata": null, "wikipedia": null, "is_living": false}, "geometry": {"type": "Polygon", "coordinates": [[[35.6408762, 56.1597175], [35.6409565, 56.1596418], [35.6411546, 56.1597053], [35.6410805, 56.1597802], [35.6408762, 56.1597175]]]}}, {"type": "Feature", "properties": {"id": "way/626086615", "@id": "way/626086615", "abandoned": null, "addr:city": null, "addr:housenumber": null, "addr:place": null, "addr:postcode": null, "addr:street": null, "alt_name": null, "amenity": null, "building": "yes", "building:levels": null, "cuisine": null, "denomination": null, "government": null, "historic": null, "inscription": null, "layer": null, "memorial": null, "name": null, "name:en": null, "name:ru": null, "office": null, "opening_hours": null, "operator": null, "phone": null, "power": null, "ref:sobory.ru": null, "ref:temples.ru": null, "religion": null, "roof:shape": null, "shop": null, "source:addr": null, "source:housenumber": null, "start_date": null, "tomb": null, "tourism": null, "type": null, "was:amenity": null, "website": null, "wikidata": null, "wikipedia": null, "is_living": false}, "geometry": {"type": "Polygon", "coordinates": [[[35.6406129, 56.1594888], [35.6402671, 56.1593785], [35.640388, 56.1592611], [35.6407338, 56.1593714], [35.6406825, 56.1594213], [35.6406129, 56.1594888]]]}}, {"type": "Feature", "properties": {"id": "way/626086616", "@id": "way/626086616", "abandoned": null, "addr:city": null, "addr:housenumber": null, "addr:place": null, "addr:postcode": null, "addr:street": null, "alt_name": null, "amenity": null, "building": "yes", "building:levels": null, "cuisine": null, "denomination": null, "government": null, "historic": null, "inscription": null, "layer": null, "memorial": null, "name": null, "name:en": null, "name:ru": null, "office": null, "opening_hours": null, "operator": null, "phone": null, "power": null, "ref:sobory.ru": null, "ref:temples.ru": null, "religion": null, "roof:shape": null, "shop": null, "source:addr": null, "source:housenumber": null, "start_date": null, "tomb": null, "tourism": null, "type": null, "was:amenity": null, "website": null, "wikidata": null, "wikipedia": null, "is_living": false}, "geometry": {"type": "Polygon", "coordinates": [[[35.640026, 56.1603334], [35.6394206, 56.1601171], [35.6395364, 56.1600166], [35.6401417, 56.1602329], [35.640026, 56.1603334]]]}}, {"type": "Feature", "properties": {"id": "way/626086617", "@id": "way/626086617", "abandoned": null, "addr:city": null, "addr:housenumber": null, "addr:place": null, "addr:postcode": null, "addr:street": null, "alt_name": null, "amenity": null, "building": "yes", "building:levels": null, "cuisine": null, "denomination": null, "government": null, "historic": null, "inscription": null, "layer": null, "memorial": null, "name": null, "name:en": null, "name:ru": null, "office": null, "opening_hours": null, "operator": null, "phone": null, "power": null, "ref:sobory.ru": null, "ref:temples.ru": null, "religion": null, "roof:shape": null, "shop": null, "source:addr": null, "source:housenumber": null, "start_date": null, "tomb": null, "tourism": null, "type": null, "was:amenity": null, "website": null, "wikidata": null, "wikipedia": null, "is_living": false}, "geometry": {"type": "Polygon", "coordinates": [[[35.64047, 56.1601008], [35.6402122, 56.1600161], [35.6406986, 56.1595571], [35.6409565, 56.1596418], [35.6408762, 56.1597175], [35.64047, 56.1601008]]]}}, {"type": "Feature", "properties": {"id": "way/626086618", "@id": "way/626086618", "abandoned": null, "addr:city": null, "addr:housenumber": null, "addr:place": null, "addr:postcode": null, "addr:street": null, "alt_name": null, "amenity": null, "building": "yes", "building:levels": null, "cuisine": null, "denomination": null, "government": null, "historic": null, "inscription": null, "layer": null, "memorial": null, "name": null, "name:en": null, "name:ru": null, "office": null, "opening_hours": null, "operator": null, "phone": null, "power": null, "ref:sobory.ru": null, "ref:temples.ru": null, "religion": null, "roof:shape": null, "shop": null, "source:addr": null, "source:housenumber": null, "start_date": null, "tomb": null, "tourism": null, "type": null, "was:amenity": null, "website": null, "wikidata": null, "wikipedia": null, "is_living": false}, "geometry": {"type": "Polygon", "coordinates": [[[35.6411633, 56.1596304], [35.6412068, 56.1595956], [35.6414079, 56.1597002], [35.6413595, 56.1597346], [35.6413264, 56.1597302], [35.6411633, 56.1596304]]]}}, {"type": "Feature", "properties": {"id": "way/626086619", "@id": "way/626086619", "abandoned": null, "addr:city": null, "addr:housenumber": null, "addr:place": null, "addr:postcode": null, "addr:street": null, "alt_name": null, "amenity": null, "building": "yes", "building:levels": null, "cuisine": null, "denomination": null, "government": null, "historic": null, "inscription": null, "layer": null, "memorial": null, "name": null, "name:en": null, "name:ru": null, "office": null, "opening_hours": null, "operator": null, "phone": null, "power": null, "ref:sobory.ru": null, "ref:temples.ru": null, "religion": null, "roof:shape": null, "shop": null, "source:addr": null, "source:housenumber": null, "start_date": null, "tomb": null, "tourism": null, "type": null, "was:amenity": null, "website": null, "wikidata": null, "wikipedia": null, "is_living": false}, "geometry": {"type": "Polygon", "coordinates": [[[35.6402188, 56.1604042], [35.6401186, 56.1603639], [35.6401784, 56.1603178], [35.6402786, 56.1603581], [35.6402188, 56.1604042]]]}}, {"type": "Feature", "properties": {"id": "way/626086620", "@id": "way/626086620", "abandoned": null, "addr:city": null, "addr:housenumber": null, "addr:place": null, "addr:postcode": null, "addr:street": null, "alt_name": null, "amenity": null, "building": "yes", "building:levels": null, "cuisine": null, "denomination": null, "government": null, "historic": null, "inscription": null, "layer": null, "memorial": null, "name": null, "name:en": null, "name:ru": null, "office": null, "opening_hours": null, "operator": null, "phone": null, "power": null, "ref:sobory.ru": null, "ref:temples.ru": null, "religion": null, "roof:shape": null, "shop": null, "source:addr": null, "source:housenumber": null, "start_date": null, "tomb": null, "tourism": null, "type": null, "was:amenity": null, "website": null, "wikidata": null, "wikipedia": null, "is_living": false}, "geometry": {"type": "Polygon", "coordinates": [[[35.6412113, 56.1602772], [35.6409255, 56.1602273], [35.6412168, 56.1597099], [35.6413264, 56.1597302], [35.6413595, 56.1597346], [35.6415026, 56.1597598], [35.6412113, 56.1602772]]]}}, {"type": "Feature", "properties": {"id": "way/626086621", "@id": "way/626086621", "abandoned": null, "addr:city": null, "addr:housenumber": null, "addr:place": null, "addr:postcode": null, "addr:street": null, "alt_name": null, "amenity": null, "building": "yes", "building:levels": null, "cuisine": null, "denomination": null, "government": null, "historic": null, "inscription": null, "layer": null, "memorial": null, "name": null, "name:en": null, "name:ru": null, "office": null, "opening_hours": null, "operator": null, "phone": null, "power": null, "ref:sobory.ru": null, "ref:temples.ru": null, "religion": null, "roof:shape": null, "shop": null, "source:addr": null, "source:housenumber": null, "start_date": null, "tomb": null, "tourism": null, "type": null, "was:amenity": null, "website": null, "wikidata": null, "wikipedia": null, "is_living": false}, "geometry": {"type": "Polygon", "coordinates": [[[35.6406825, 56.1594213], [35.6407338, 56.1593714], [35.6412068, 56.1595956], [35.6411633, 56.1596304], [35.6411293, 56.1596472], [35.6406825, 56.1594213]]]}}, {"type": "Feature", "properties": {"id": "way/626086622", "@id": "way/626086622", "abandoned": null, "addr:city": null, "addr:housenumber": null, "addr:place": null, "addr:postcode": null, "addr:street": null, "alt_name": null, "amenity": null, "building": "yes", "building:levels": null, "cuisine": null, "denomination": null, "government": null, "historic": null, "inscription": null, "layer": null, "memorial": null, "name": null, "name:en": null, "name:ru": null, "office": null, "opening_hours": null, "operator": null, "phone": null, "power": null, "ref:sobory.ru": null, "ref:temples.ru": null, "religion": null, "roof:shape": null, "shop": null, "source:addr": null, "source:housenumber": null, "start_date": null, "tomb": null, "tourism": null, "type": null, "was:amenity": null, "website": null, "wikidata": null, "wikipedia": null, "is_living": false}, "geometry": {"type": "Polygon", "coordinates": [[[35.6399376, 56.1599621], [35.6396922, 56.1598836], [35.6401671, 56.1594228], [35.6404125, 56.1595012], [35.6399376, 56.1599621]]]}}, {"type": "Feature", "properties": {"id": "way/626087518", "@id": "way/626087518", "abandoned": null, "addr:city": null, "addr:housenumber": null, "addr:place": null, "addr:postcode": null, "addr:street": null, "alt_name": null, "amenity": null, "building": "yes", "building:levels": null, "cuisine": null, "denomination": null, "government": null, "historic": null, "inscription": null, "layer": null, "memorial": null, "name": null, "name:en": null, "name:ru": null, "office": null, "opening_hours": null, "operator": null, "phone": null, "power": null, "ref:sobory.ru": null, "ref:temples.ru": null, "religion": null, "roof:shape": null, "shop": null, "source:addr": null, "source:housenumber": null, "start_date": null, "tomb": null, "tourism": null, "type": null, "was:amenity": null, "website": null, "wikidata": null, "wikipedia": null, "is_living": false}, "geometry": {"type": "Polygon", "coordinates": [[[35.6494063, 56.1656665], [35.6490478, 56.1654831], [35.6491781, 56.1654042], [35.6495365, 56.1655876], [35.6494063, 56.1656665]]]}}, {"type": "Feature", "properties": {"id": "way/626090192", "@id": "way/626090192", "abandoned": null, "addr:city": null, "addr:housenumber": null, "addr:place": null, "addr:postcode": null, "addr:street": null, "alt_name": null, "amenity": null, "building": "yes", "building:levels": null, "cuisine": null, "denomination": null, "government": null, "historic": null, "inscription": null, "layer": null, "memorial": null, "name": null, "name:en": null, "name:ru": null, "office": null, "opening_hours": null, "operator": null, "phone": null, "power": null, "ref:sobory.ru": null, "ref:temples.ru": null, "religion": null, "roof:shape": null, "shop": null, "source:addr": null, "source:housenumber": null, "start_date": null, "tomb": null, "tourism": null, "type": null, "was:amenity": null, "website": null, "wikidata": null, "wikipedia": null, "is_living": false}, "geometry": {"type": "Polygon", "coordinates": [[[35.6455008, 56.1642478], [35.6452599, 56.1641719], [35.6453609, 56.1640726], [35.6456018, 56.1641485], [35.6455008, 56.1642478]]]}}, {"type": "Feature", "properties": {"id": "way/626090194", "@id": "way/626090194", "abandoned": null, "addr:city": null, "addr:housenumber": null, "addr:place": null, "addr:postcode": null, "addr:street": null, "alt_name": null, "amenity": null, "building": "yes", "building:levels": null, "cuisine": null, "denomination": null, "government": null, "historic": null, "inscription": null, "layer": null, "memorial": null, "name": null, "name:en": null, "name:ru": null, "office": null, "opening_hours": null, "operator": null, "phone": null, "power": null, "ref:sobory.ru": null, "ref:temples.ru": null, "religion": null, "roof:shape": null, "shop": null, "source:addr": null, "source:housenumber": null, "start_date": null, "tomb": null, "tourism": null, "type": null, "was:amenity": null, "website": null, "wikidata": null, "wikipedia": null, "is_living": false}, "geometry": {"type": "Polygon", "coordinates": [[[35.6462366, 56.1640544], [35.6459779, 56.1639787], [35.6460522, 56.1639001], [35.6463109, 56.1639758], [35.6462366, 56.1640544]]]}}, {"type": "Feature", "properties": {"id": "way/626092028", "@id": "way/626092028", "abandoned": null, "addr:city": null, "addr:housenumber": null, "addr:place": null, "addr:postcode": null, "addr:street": null, "alt_name": null, "amenity": null, "building": "garage", "building:levels": null, "cuisine": null, "denomination": null, "government": null, "historic": null, "inscription": null, "layer": null, "memorial": null, "name": null, "name:en": null, "name:ru": null, "office": null, "opening_hours": null, "operator": null, "phone": null, "power": null, "ref:sobory.ru": null, "ref:temples.ru": null, "religion": null, "roof:shape": null, "shop": null, "source:addr": null, "source:housenumber": null, "start_date": null, "tomb": null, "tourism": null, "type": null, "was:amenity": null, "website": null, "wikidata": null, "wikipedia": null, "is_living": false}, "geometry": {"type": "Polygon", "coordinates": [[[35.6424409, 56.1649504], [35.6423609, 56.1648856], [35.6424509, 56.1648512], [35.6425309, 56.164916], [35.6424409, 56.1649504]]]}}, {"type": "Feature", "properties": {"id": "way/626092032", "@id": "way/626092032", "abandoned": null, "addr:city": null, "addr:housenumber": null, "addr:place": null, "addr:postcode": null, "addr:street": null, "alt_name": null, "amenity": null, "building": "garage", "building:levels": null, "cuisine": null, "denomination": null, "government": null, "historic": null, "inscription": null, "layer": null, "memorial": null, "name": null, "name:en": null, "name:ru": null, "office": null, "opening_hours": null, "operator": null, "phone": null, "power": null, "ref:sobory.ru": null, "ref:temples.ru": null, "religion": null, "roof:shape": null, "shop": null, "source:addr": null, "source:housenumber": null, "start_date": null, "tomb": null, "tourism": null, "type": null, "was:amenity": null, "website": null, "wikidata": null, "wikipedia": null, "is_living": false}, "geometry": {"type": "Polygon", "coordinates": [[[35.6430136, 56.1672495], [35.6430392, 56.1671867], [35.6431094, 56.1671956], [35.6430837, 56.1672584], [35.6430136, 56.1672495]]]}}, {"type": "Feature", "properties": {"id": "way/626092033", "@id": "way/626092033", "abandoned": null, "addr:city": null, "addr:housenumber": null, "addr:place": null, "addr:postcode": null, "addr:street": null, "alt_name": null, "amenity": null, "building": "garages", "building:levels": null, "cuisine": null, "denomination": null, "government": null, "historic": null, "inscription": null, "layer": null, "memorial": null, "name": null, "name:en": null, "name:ru": null, "office": null, "opening_hours": null, "operator": null, "phone": null, "power": null, "ref:sobory.ru": null, "ref:temples.ru": null, "religion": null, "roof:shape": null, "shop": null, "source:addr": null, "source:housenumber": null, "start_date": null, "tomb": null, "tourism": null, "type": null, "was:amenity": null, "website": null, "wikidata": null, "wikipedia": null, "is_living": false}, "geometry": {"type": "Polygon", "coordinates": [[[35.6441771, 56.1651046], [35.6442403, 56.1650553], [35.6451857, 56.1654315], [35.6451225, 56.1654808], [35.6441771, 56.1651046]]]}}, {"type": "Feature", "properties": {"id": "way/626092036", "@id": "way/626092036", "abandoned": null, "addr:city": null, "addr:housenumber": null, "addr:place": null, "addr:postcode": null, "addr:street": null, "alt_name": null, "amenity": null, "building": "garage", "building:levels": null, "cuisine": null, "denomination": null, "government": null, "historic": null, "inscription": null, "layer": null, "memorial": null, "name": null, "name:en": null, "name:ru": null, "office": null, "opening_hours": null, "operator": null, "phone": null, "power": null, "ref:sobory.ru": null, "ref:temples.ru": null, "religion": null, "roof:shape": null, "shop": null, "source:addr": null, "source:housenumber": null, "start_date": null, "tomb": null, "tourism": null, "type": null, "was:amenity": null, "website": null, "wikidata": null, "wikipedia": null, "is_living": false}, "geometry": {"type": "Polygon", "coordinates": [[[35.6432115, 56.1653995], [35.643162, 56.1654264], [35.6430911, 56.1653861], [35.6431406, 56.1653591], [35.6432115, 56.1653995]]]}}, {"type": "Feature", "properties": {"id": "way/626092038", "@id": "way/626092038", "abandoned": null, "addr:city": null, "addr:housenumber": null, "addr:place": null, "addr:postcode": null, "addr:street": null, "alt_name": null, "amenity": null, "building": "garage", "building:levels": null, "cuisine": null, "denomination": null, "government": null, "historic": null, "inscription": null, "layer": null, "memorial": null, "name": null, "name:en": null, "name:ru": null, "office": null, "opening_hours": null, "operator": null, "phone": null, "power": null, "ref:sobory.ru": null, "ref:temples.ru": null, "religion": null, "roof:shape": null, "shop": null, "source:addr": null, "source:housenumber": null, "start_date": null, "tomb": null, "tourism": null, "type": null, "was:amenity": null, "website": null, "wikidata": null, "wikipedia": null, "is_living": false}, "geometry": {"type": "Polygon", "coordinates": [[[35.6433391, 56.1652485], [35.6434328, 56.1652063], [35.6434817, 56.1652401], [35.6433881, 56.1652822], [35.6433391, 56.1652485]]]}}, {"type": "Feature", "properties": {"id": "way/626092043", "@id": "way/626092043", "abandoned": null, "addr:city": null, "addr:housenumber": null, "addr:place": null, "addr:postcode": null, "addr:street": null, "alt_name": null, "amenity": null, "building": "garages", "building:levels": null, "cuisine": null, "denomination": null, "government": null, "historic": null, "inscription": null, "layer": null, "memorial": null, "name": null, "name:en": null, "name:ru": null, "office": null, "opening_hours": null, "operator": null, "phone": null, "power": null, "ref:sobory.ru": null, "ref:temples.ru": null, "religion": null, "roof:shape": null, "shop": null, "source:addr": null, "source:housenumber": null, "start_date": null, "tomb": null, "tourism": null, "type": null, "was:amenity": null, "website": null, "wikidata": null, "wikipedia": null, "is_living": false}, "geometry": {"type": "Polygon", "coordinates": [[[35.6440648, 56.1651859], [35.6441295, 56.1651337], [35.6450828, 56.1655], [35.6450181, 56.1655522], [35.6440648, 56.1651859]]]}}, {"type": "Feature", "properties": {"id": "way/626092047", "@id": "way/626092047", "abandoned": null, "addr:city": null, "addr:housenumber": null, "addr:place": null, "addr:postcode": null, "addr:street": null, "alt_name": null, "amenity": null, "building": "garage", "building:levels": null, "cuisine": null, "denomination": null, "government": null, "historic": null, "inscription": null, "layer": null, "memorial": null, "name": null, "name:en": null, "name:ru": null, "office": null, "opening_hours": null, "operator": null, "phone": null, "power": null, "ref:sobory.ru": null, "ref:temples.ru": null, "religion": null, "roof:shape": null, "shop": null, "source:addr": null, "source:housenumber": null, "start_date": null, "tomb": null, "tourism": null, "type": null, "was:amenity": null, "website": null, "wikidata": null, "wikipedia": null, "is_living": false}, "geometry": {"type": "Polygon", "coordinates": [[[35.642824, 56.1652841], [35.6427646, 56.1652517], [35.6428403, 56.1652087], [35.6428997, 56.1652411], [35.642824, 56.1652841]]]}}, {"type": "Feature", "properties": {"id": "way/626095277", "@id": "way/626095277", "abandoned": null, "addr:city": null, "addr:housenumber": null, "addr:place": null, "addr:postcode": null, "addr:street": null, "alt_name": null, "amenity": null, "building": "yes", "building:levels": null, "cuisine": null, "denomination": null, "government": null, "historic": null, "inscription": null, "layer": null, "memorial": null, "name": null, "name:en": null, "name:ru": null, "office": null, "opening_hours": null, "operator": null, "phone": null, "power": null, "ref:sobory.ru": null, "ref:temples.ru": null, "religion": null, "roof:shape": null, "shop": null, "source:addr": null, "source:housenumber": null, "start_date": null, "tomb": null, "tourism": null, "type": null, "was:amenity": null, "website": null, "wikidata": null, "wikipedia": null, "is_living": false}, "geometry": {"type": "Polygon", "coordinates": [[[35.6439624, 56.1610696], [35.6435828, 56.1609363], [35.6437238, 56.1608118], [35.6441034, 56.1609451], [35.6439624, 56.1610696]]]}}, {"type": "Feature", "properties": {"id": "way/626098552", "@id": "way/626098552", "abandoned": null, "addr:city": null, "addr:housenumber": null, "addr:place": null, "addr:postcode": null, "addr:street": null, "alt_name": null, "amenity": null, "building": "garages", "building:levels": null, "cuisine": null, "denomination": null, "government": null, "historic": null, "inscription": null, "layer": null, "memorial": null, "name": null, "name:en": null, "name:ru": null, "office": null, "opening_hours": null, "operator": null, "phone": null, "power": null, "ref:sobory.ru": null, "ref:temples.ru": null, "religion": null, "roof:shape": null, "shop": null, "source:addr": null, "source:housenumber": null, "start_date": null, "tomb": null, "tourism": null, "type": null, "was:amenity": null, "website": null, "wikidata": null, "wikipedia": null, "is_living": false}, "geometry": {"type": "Polygon", "coordinates": [[[35.6473275, 56.1596529], [35.6468406, 56.1595183], [35.6468895, 56.1594635], [35.6473764, 56.1595982], [35.6473275, 56.1596529]]]}}, {"type": "Feature", "properties": {"id": "way/626098566", "@id": "way/626098566", "abandoned": null, "addr:city": null, "addr:housenumber": null, "addr:place": null, "addr:postcode": null, "addr:street": null, "alt_name": null, "amenity": null, "building": "garages", "building:levels": null, "cuisine": null, "denomination": null, "government": null, "historic": null, "inscription": null, "layer": null, "memorial": null, "name": null, "name:en": null, "name:ru": null, "office": null, "opening_hours": null, "operator": null, "phone": null, "power": null, "ref:sobory.ru": null, "ref:temples.ru": null, "religion": null, "roof:shape": null, "shop": null, "source:addr": null, "source:housenumber": null, "start_date": null, "tomb": null, "tourism": null, "type": null, "was:amenity": null, "website": null, "wikidata": null, "wikipedia": null, "is_living": false}, "geometry": {"type": "Polygon", "coordinates": [[[35.6472143, 56.159789], [35.6470697, 56.1597504], [35.647083, 56.159735], [35.6467364, 56.1596427], [35.6467981, 56.1595708], [35.6472893, 56.1597017], [35.6472143, 56.159789]]]}}, {"type": "Feature", "properties": {"id": "way/626117970", "@id": "way/626117970", "abandoned": null, "addr:city": null, "addr:housenumber": null, "addr:place": null, "addr:postcode": null, "addr:street": null, "alt_name": null, "amenity": null, "building": "yes", "building:levels": null, "cuisine": null, "denomination": null, "government": null, "historic": null, "inscription": null, "layer": null, "memorial": null, "name": null, "name:en": null, "name:ru": null, "office": null, "opening_hours": null, "operator": null, "phone": null, "power": null, "ref:sobory.ru": null, "ref:temples.ru": null, "religion": null, "roof:shape": null, "shop": null, "source:addr": null, "source:housenumber": null, "start_date": null, "tomb": null, "tourism": null, "type": null, "was:amenity": null, "website": null, "wikidata": null, "wikipedia": null, "is_living": false}, "geometry": {"type": "Polygon", "coordinates": [[[35.6345416, 56.1767918], [35.6334499, 56.1765795], [35.6335136, 56.1764781], [35.6346053, 56.1766905], [35.6345416, 56.1767918]]]}}, {"type": "Feature", "properties": {"id": "way/626117989", "@id": "way/626117989", "abandoned": null, "addr:city": null, "addr:housenumber": null, "addr:place": null, "addr:postcode": null, "addr:street": null, "alt_name": null, "amenity": null, "building": "yes", "building:levels": null, "cuisine": null, "denomination": null, "government": null, "historic": null, "inscription": null, "layer": null, "memorial": null, "name": null, "name:en": null, "name:ru": null, "office": null, "opening_hours": null, "operator": null, "phone": null, "power": null, "ref:sobory.ru": null, "ref:temples.ru": null, "religion": null, "roof:shape": null, "shop": null, "source:addr": null, "source:housenumber": null, "start_date": null, "tomb": null, "tourism": null, "type": null, "was:amenity": null, "website": null, "wikidata": null, "wikipedia": null, "is_living": false}, "geometry": {"type": "Polygon", "coordinates": [[[35.6362246, 56.17633], [35.635897, 56.1763027], [35.6360566, 56.1757073], [35.6356869, 56.1756766], [35.635535, 56.1762431], [35.6351938, 56.1762148], [35.6352656, 56.1759471], [35.6349464, 56.1759206], [35.6349752, 56.1758129], [35.6352976, 56.1758396], [35.6353778, 56.1755406], [35.6364132, 56.1756267], [35.6362246, 56.17633]]]}}, {"type": "Feature", "properties": {"id": "way/626163083", "@id": "way/626163083", "abandoned": null, "addr:city": null, "addr:housenumber": null, "addr:place": null, "addr:postcode": null, "addr:street": null, "alt_name": null, "amenity": null, "building": "garages", "building:levels": null, "cuisine": null, "denomination": null, "government": null, "historic": null, "inscription": null, "layer": null, "memorial": null, "name": null, "name:en": null, "name:ru": null, "office": null, "opening_hours": null, "operator": null, "phone": null, "power": null, "ref:sobory.ru": null, "ref:temples.ru": null, "religion": null, "roof:shape": null, "shop": null, "source:addr": null, "source:housenumber": null, "start_date": null, "tomb": null, "tourism": null, "type": null, "was:amenity": null, "website": null, "wikidata": null, "wikipedia": null, "is_living": false}, "geometry": {"type": "Polygon", "coordinates": [[[35.6691695, 56.1878477], [35.6693772, 56.1875209], [35.6694814, 56.1875414], [35.6692736, 56.1878682], [35.6691695, 56.1878477]]]}}, {"type": "Feature", "properties": {"id": "way/626163084", "@id": "way/626163084", "abandoned": null, "addr:city": null, "addr:housenumber": null, "addr:place": null, "addr:postcode": null, "addr:street": null, "alt_name": null, "amenity": null, "building": "hangar", "building:levels": null, "cuisine": null, "denomination": null, "government": null, "historic": null, "inscription": null, "layer": null, "memorial": null, "name": null, "name:en": null, "name:ru": null, "office": null, "opening_hours": null, "operator": null, "phone": null, "power": null, "ref:sobory.ru": null, "ref:temples.ru": null, "religion": null, "roof:shape": null, "shop": null, "source:addr": null, "source:housenumber": null, "start_date": null, "tomb": null, "tourism": null, "type": null, "was:amenity": null, "website": null, "wikidata": null, "wikipedia": null, "is_living": false}, "geometry": {"type": "Polygon", "coordinates": [[[35.668988, 56.1874688], [35.6690855, 56.1872111], [35.6692998, 56.1872362], [35.6692023, 56.1874939], [35.668988, 56.1874688]]]}}, {"type": "Feature", "properties": {"id": "way/626178090", "@id": "way/626178090", "abandoned": null, "addr:city": null, "addr:housenumber": null, "addr:place": null, "addr:postcode": null, "addr:street": null, "alt_name": null, "amenity": null, "building": "yes", "building:levels": null, "cuisine": null, "denomination": null, "government": null, "historic": null, "inscription": null, "layer": null, "memorial": null, "name": null, "name:en": null, "name:ru": null, "office": null, "opening_hours": null, "operator": null, "phone": null, "power": null, "ref:sobory.ru": null, "ref:temples.ru": null, "religion": null, "roof:shape": null, "shop": null, "source:addr": null, "source:housenumber": null, "start_date": null, "tomb": null, "tourism": null, "type": null, "was:amenity": null, "website": null, "wikidata": null, "wikipedia": null, "is_living": false}, "geometry": {"type": "Polygon", "coordinates": [[[35.6681074, 56.1910455], [35.6681053, 56.1909985], [35.6682902, 56.1909959], [35.6682923, 56.1910429], [35.6681074, 56.1910455]]]}}, {"type": "Feature", "properties": {"id": "way/626178093", "@id": "way/626178093", "abandoned": null, "addr:city": null, "addr:housenumber": null, "addr:place": null, "addr:postcode": null, "addr:street": null, "alt_name": null, "amenity": null, "building": "yes", "building:levels": null, "cuisine": null, "denomination": null, "government": null, "historic": null, "inscription": null, "layer": null, "memorial": null, "name": null, "name:en": null, "name:ru": null, "office": null, "opening_hours": null, "operator": null, "phone": null, "power": null, "ref:sobory.ru": null, "ref:temples.ru": null, "religion": null, "roof:shape": null, "shop": null, "source:addr": null, "source:housenumber": null, "start_date": null, "tomb": null, "tourism": null, "type": null, "was:amenity": null, "website": null, "wikidata": null, "wikipedia": null, "is_living": false}, "geometry": {"type": "Polygon", "coordinates": [[[35.6691355, 56.1910761], [35.6689412, 56.1910287], [35.6691764, 56.1907302], [35.6693708, 56.1907776], [35.6691355, 56.1910761]]]}}, {"type": "Feature", "properties": {"id": "way/626178097", "@id": "way/626178097", "abandoned": null, "addr:city": null, "addr:housenumber": null, "addr:place": null, "addr:postcode": null, "addr:street": null, "alt_name": null, "amenity": null, "building": "yes", "building:levels": null, "cuisine": null, "denomination": null, "government": null, "historic": null, "inscription": null, "layer": null, "memorial": null, "name": null, "name:en": null, "name:ru": null, "office": null, "opening_hours": null, "operator": null, "phone": null, "power": null, "ref:sobory.ru": null, "ref:temples.ru": null, "religion": null, "roof:shape": null, "shop": null, "source:addr": null, "source:housenumber": null, "start_date": null, "tomb": null, "tourism": null, "type": null, "was:amenity": null, "website": null, "wikidata": null, "wikipedia": null, "is_living": false}, "geometry": {"type": "Polygon", "coordinates": [[[35.6671705, 56.1907356], [35.6673379, 56.1904273], [35.6674277, 56.1904424], [35.667473, 56.19045], [35.6673056, 56.1907583], [35.6671705, 56.1907356]]]}}, {"type": "Feature", "properties": {"id": "way/626178100", "@id": "way/626178100", "abandoned": null, "addr:city": null, "addr:housenumber": null, "addr:place": null, "addr:postcode": null, "addr:street": null, "alt_name": null, "amenity": null, "building": "yes", "building:levels": null, "cuisine": null, "denomination": null, "government": null, "historic": null, "inscription": null, "layer": null, "memorial": null, "name": null, "name:en": null, "name:ru": null, "office": null, "opening_hours": null, "operator": null, "phone": null, "power": null, "ref:sobory.ru": null, "ref:temples.ru": null, "religion": null, "roof:shape": null, "shop": null, "source:addr": null, "source:housenumber": null, "start_date": null, "tomb": null, "tourism": null, "type": null, "was:amenity": null, "website": null, "wikidata": null, "wikipedia": null, "is_living": false}, "geometry": {"type": "Polygon", "coordinates": [[[35.6683122, 56.1906673], [35.6683749, 56.1905846], [35.6687002, 56.1901559], [35.6689788, 56.1902213], [35.6685908, 56.1907327], [35.6683122, 56.1906673]]]}}, {"type": "Feature", "properties": {"id": "way/626194142", "@id": "way/626194142", "abandoned": null, "addr:city": null, "addr:housenumber": null, "addr:place": null, "addr:postcode": null, "addr:street": null, "alt_name": null, "amenity": null, "building": "yes", "building:levels": null, "cuisine": null, "denomination": null, "government": null, "historic": null, "inscription": null, "layer": null, "memorial": null, "name": null, "name:en": null, "name:ru": null, "office": null, "opening_hours": null, "operator": null, "phone": null, "power": null, "ref:sobory.ru": null, "ref:temples.ru": null, "religion": null, "roof:shape": null, "shop": null, "source:addr": null, "source:housenumber": null, "start_date": null, "tomb": null, "tourism": null, "type": null, "was:amenity": null, "website": null, "wikidata": null, "wikipedia": null, "is_living": false}, "geometry": {"type": "Polygon", "coordinates": [[[35.6680074, 56.1928247], [35.6680617, 56.1928331], [35.6680279, 56.1929006], [35.6677396, 56.1928559], [35.667871, 56.1925938], [35.6681049, 56.1926301], [35.6680074, 56.1928247]]]}}, {"type": "Feature", "properties": {"id": "way/626194147", "@id": "way/626194147", "abandoned": null, "addr:city": null, "addr:housenumber": null, "addr:place": null, "addr:postcode": null, "addr:street": null, "alt_name": null, "amenity": null, "building": "yes", "building:levels": null, "cuisine": null, "denomination": null, "government": null, "historic": null, "inscription": null, "layer": null, "memorial": null, "name": null, "name:en": null, "name:ru": null, "office": null, "opening_hours": null, "operator": null, "phone": null, "power": null, "ref:sobory.ru": null, "ref:temples.ru": null, "religion": null, "roof:shape": null, "shop": null, "source:addr": null, "source:housenumber": null, "start_date": null, "tomb": null, "tourism": null, "type": null, "was:amenity": null, "website": null, "wikidata": null, "wikipedia": null, "is_living": false}, "geometry": {"type": "Polygon", "coordinates": [[[35.6683301, 56.1922851], [35.6680643, 56.1922392], [35.6683179, 56.1917852], [35.668506, 56.1918178], [35.6684866, 56.1918525], [35.6685642, 56.1918659], [35.6683301, 56.1922851]]]}}, {"type": "Feature", "properties": {"id": "way/626194149", "@id": "way/626194149", "abandoned": null, "addr:city": null, "addr:housenumber": null, "addr:place": null, "addr:postcode": null, "addr:street": null, "alt_name": null, "amenity": null, "building": "yes", "building:levels": null, "cuisine": null, "denomination": null, "government": null, "historic": null, "inscription": null, "layer": null, "memorial": null, "name": null, "name:en": null, "name:ru": null, "office": null, "opening_hours": null, "operator": null, "phone": null, "power": null, "ref:sobory.ru": null, "ref:temples.ru": null, "religion": null, "roof:shape": null, "shop": null, "source:addr": null, "source:housenumber": null, "start_date": null, "tomb": null, "tourism": null, "type": null, "was:amenity": null, "website": null, "wikidata": null, "wikipedia": null, "is_living": false}, "geometry": {"type": "Polygon", "coordinates": [[[35.6667808, 56.1924163], [35.6666174, 56.1923858], [35.6668273, 56.192038], [35.6669907, 56.1920685], [35.6667808, 56.1924163]]]}}, {"type": "Feature", "properties": {"id": "way/626194152", "@id": "way/626194152", "abandoned": null, "addr:city": null, "addr:housenumber": null, "addr:place": null, "addr:postcode": null, "addr:street": null, "alt_name": null, "amenity": null, "building": "yes", "building:levels": null, "cuisine": null, "denomination": null, "government": null, "historic": null, "inscription": null, "layer": null, "memorial": null, "name": null, "name:en": null, "name:ru": null, "office": null, "opening_hours": null, "operator": null, "phone": null, "power": null, "ref:sobory.ru": null, "ref:temples.ru": null, "religion": null, "roof:shape": null, "shop": null, "source:addr": null, "source:housenumber": null, "start_date": null, "tomb": null, "tourism": null, "type": null, "was:amenity": null, "website": null, "wikidata": null, "wikipedia": null, "is_living": false}, "geometry": {"type": "Polygon", "coordinates": [[[35.6712791, 56.1918066], [35.6710905, 56.191766], [35.6711717, 56.1916494], [35.6713603, 56.19169], [35.6712791, 56.1918066]]]}}, {"type": "Feature", "properties": {"id": "way/626194154", "@id": "way/626194154", "abandoned": null, "addr:city": null, "addr:housenumber": null, "addr:place": null, "addr:postcode": null, "addr:street": null, "alt_name": null, "amenity": null, "building": "yes", "building:levels": null, "cuisine": null, "denomination": null, "government": null, "historic": null, "inscription": null, "layer": null, "memorial": null, "name": null, "name:en": null, "name:ru": null, "office": null, "opening_hours": null, "operator": null, "phone": null, "power": null, "ref:sobory.ru": null, "ref:temples.ru": null, "religion": null, "roof:shape": null, "shop": null, "source:addr": null, "source:housenumber": null, "start_date": null, "tomb": null, "tourism": null, "type": null, "was:amenity": null, "website": null, "wikidata": null, "wikipedia": null, "is_living": false}, "geometry": {"type": "Polygon", "coordinates": [[[35.6692296, 56.1921804], [35.6691587, 56.1921661], [35.6691893, 56.1921191], [35.6692602, 56.1921334], [35.6692296, 56.1921804]]]}}, {"type": "Feature", "properties": {"id": "way/626194155", "@id": "way/626194155", "abandoned": null, "addr:city": null, "addr:housenumber": null, "addr:place": null, "addr:postcode": null, "addr:street": null, "alt_name": null, "amenity": null, "building": "yes", "building:levels": null, "cuisine": null, "denomination": null, "government": null, "historic": null, "inscription": null, "layer": null, "memorial": null, "name": null, "name:en": null, "name:ru": null, "office": null, "opening_hours": null, "operator": null, "phone": null, "power": null, "ref:sobory.ru": null, "ref:temples.ru": null, "religion": null, "roof:shape": null, "shop": null, "source:addr": null, "source:housenumber": null, "start_date": null, "tomb": null, "tourism": null, "type": null, "was:amenity": null, "website": null, "wikidata": null, "wikipedia": null, "is_living": false}, "geometry": {"type": "Polygon", "coordinates": [[[35.6693048, 56.1930911], [35.6695602, 56.1926226], [35.6696997, 56.1926462], [35.6694444, 56.1931147], [35.6693048, 56.1930911]]]}}, {"type": "Feature", "properties": {"id": "way/626194157", "@id": "way/626194157", "abandoned": null, "addr:city": null, "addr:housenumber": null, "addr:place": null, "addr:postcode": null, "addr:street": null, "alt_name": null, "amenity": null, "building": "yes", "building:levels": null, "cuisine": null, "denomination": null, "government": null, "historic": null, "inscription": null, "layer": null, "memorial": null, "name": null, "name:en": null, "name:ru": null, "office": null, "opening_hours": null, "operator": null, "phone": null, "power": null, "ref:sobory.ru": null, "ref:temples.ru": null, "religion": null, "roof:shape": null, "shop": null, "source:addr": null, "source:housenumber": null, "start_date": null, "tomb": null, "tourism": null, "type": null, "was:amenity": null, "website": null, "wikidata": null, "wikipedia": null, "is_living": false}, "geometry": {"type": "Polygon", "coordinates": [[[35.6679136, 56.1921625], [35.6678842, 56.1922114], [35.6676022, 56.1921588], [35.6675845, 56.1921883], [35.6675029, 56.192173], [35.6675501, 56.1920947], [35.6679136, 56.1921625]]]}}, {"type": "Feature", "properties": {"id": "way/626197770", "@id": "way/626197770", "abandoned": null, "addr:city": null, "addr:housenumber": null, "addr:place": null, "addr:postcode": null, "addr:street": null, "alt_name": null, "amenity": null, "building": "yes", "building:levels": null, "cuisine": null, "denomination": null, "government": null, "historic": null, "inscription": null, "layer": null, "memorial": null, "name": null, "name:en": null, "name:ru": null, "office": null, "opening_hours": null, "operator": null, "phone": null, "power": null, "ref:sobory.ru": null, "ref:temples.ru": null, "religion": null, "roof:shape": null, "shop": null, "source:addr": null, "source:housenumber": null, "start_date": null, "tomb": null, "tourism": null, "type": null, "was:amenity": null, "website": null, "wikidata": null, "wikipedia": null, "is_living": false}, "geometry": {"type": "Polygon", "coordinates": [[[35.6688393, 56.1943377], [35.6685859, 56.1942975], [35.6686302, 56.194211], [35.6688836, 56.1942512], [35.6688393, 56.1943377]]]}}, {"type": "Feature", "properties": {"id": "way/626197771", "@id": "way/626197771", "abandoned": null, "addr:city": null, "addr:housenumber": null, "addr:place": null, "addr:postcode": null, "addr:street": null, "alt_name": null, "amenity": null, "building": "yes", "building:levels": null, "cuisine": null, "denomination": null, "government": null, "historic": null, "inscription": null, "layer": null, "memorial": null, "name": null, "name:en": null, "name:ru": null, "office": null, "opening_hours": null, "operator": null, "phone": null, "power": null, "ref:sobory.ru": null, "ref:temples.ru": null, "religion": null, "roof:shape": null, "shop": null, "source:addr": null, "source:housenumber": null, "start_date": null, "tomb": null, "tourism": null, "type": null, "was:amenity": null, "website": null, "wikidata": null, "wikipedia": null, "is_living": false}, "geometry": {"type": "Polygon", "coordinates": [[[35.6684859, 56.1936008], [35.6682926, 56.1935691], [35.6684273, 56.1933149], [35.6686206, 56.1933466], [35.6684859, 56.1936008]]]}}, {"type": "Feature", "properties": {"id": "way/626197786", "@id": "way/626197786", "abandoned": null, "addr:city": null, "addr:housenumber": null, "addr:place": null, "addr:postcode": null, "addr:street": null, "alt_name": null, "amenity": null, "building": "yes", "building:levels": null, "cuisine": null, "denomination": null, "government": null, "historic": null, "inscription": null, "layer": null, "memorial": null, "name": null, "name:en": null, "name:ru": null, "office": null, "opening_hours": null, "operator": null, "phone": null, "power": null, "ref:sobory.ru": null, "ref:temples.ru": null, "religion": null, "roof:shape": null, "shop": null, "source:addr": null, "source:housenumber": null, "start_date": null, "tomb": null, "tourism": null, "type": null, "was:amenity": null, "website": null, "wikidata": null, "wikipedia": null, "is_living": false}, "geometry": {"type": "Polygon", "coordinates": [[[35.6688817, 56.1936791], [35.6687881, 56.1936649], [35.6688268, 56.1935858], [35.6689205, 56.1936], [35.6688817, 56.1936791]]]}}, {"type": "Feature", "properties": {"id": "way/626203532", "@id": "way/626203532", "abandoned": null, "addr:city": null, "addr:housenumber": null, "addr:place": null, "addr:postcode": null, "addr:street": null, "alt_name": null, "amenity": null, "building": "garages", "building:levels": null, "cuisine": null, "denomination": null, "government": null, "historic": null, "inscription": null, "layer": null, "memorial": null, "name": null, "name:en": null, "name:ru": null, "office": null, "opening_hours": null, "operator": null, "phone": null, "power": null, "ref:sobory.ru": null, "ref:temples.ru": null, "religion": null, "roof:shape": null, "shop": null, "source:addr": null, "source:housenumber": null, "start_date": null, "tomb": null, "tourism": null, "type": null, "was:amenity": null, "website": null, "wikidata": null, "wikipedia": null, "is_living": false}, "geometry": {"type": "Polygon", "coordinates": [[[35.6574389, 56.1973306], [35.6574115, 56.1972532], [35.6579371, 56.1971958], [35.6579644, 56.1972732], [35.6574389, 56.1973306]]]}}, {"type": "Feature", "properties": {"id": "way/626203536", "@id": "way/626203536", "abandoned": null, "addr:city": null, "addr:housenumber": null, "addr:place": null, "addr:postcode": null, "addr:street": null, "alt_name": null, "amenity": null, "building": "garages", "building:levels": null, "cuisine": null, "denomination": null, "government": null, "historic": null, "inscription": null, "layer": null, "memorial": null, "name": null, "name:en": null, "name:ru": null, "office": null, "opening_hours": null, "operator": null, "phone": null, "power": null, "ref:sobory.ru": null, "ref:temples.ru": null, "religion": null, "roof:shape": null, "shop": null, "source:addr": null, "source:housenumber": null, "start_date": null, "tomb": null, "tourism": null, "type": null, "was:amenity": null, "website": null, "wikidata": null, "wikipedia": null, "is_living": false}, "geometry": {"type": "Polygon", "coordinates": [[[35.658157, 56.1974816], [35.6581267, 56.19739], [35.6593909, 56.1972603], [35.6594049, 56.1973026], [35.6594721, 56.1972957], [35.6594885, 56.1973449], [35.658157, 56.1974816]]]}}, {"type": "Feature", "properties": {"id": "way/626203540", "@id": "way/626203540", "abandoned": null, "addr:city": null, "addr:housenumber": null, "addr:place": null, "addr:postcode": null, "addr:street": null, "alt_name": null, "amenity": null, "building": "garages", "building:levels": null, "cuisine": null, "denomination": null, "government": null, "historic": null, "inscription": null, "layer": null, "memorial": null, "name": null, "name:en": null, "name:ru": null, "office": null, "opening_hours": null, "operator": null, "phone": null, "power": null, "ref:sobory.ru": null, "ref:temples.ru": null, "religion": null, "roof:shape": null, "shop": null, "source:addr": null, "source:housenumber": null, "start_date": null, "tomb": null, "tourism": null, "type": null, "was:amenity": null, "website": null, "wikidata": null, "wikipedia": null, "is_living": false}, "geometry": {"type": "Polygon", "coordinates": [[[35.6574357, 56.1975343], [35.6574086, 56.1974564], [35.6579902, 56.1973939], [35.6580172, 56.1974717], [35.6574357, 56.1975343]]]}}, {"type": "Feature", "properties": {"id": "way/626203549", "@id": "way/626203549", "abandoned": null, "addr:city": null, "addr:housenumber": null, "addr:place": null, "addr:postcode": null, "addr:street": null, "alt_name": null, "amenity": null, "building": "garages", "building:levels": null, "cuisine": null, "denomination": null, "government": null, "historic": null, "inscription": null, "layer": null, "memorial": null, "name": null, "name:en": null, "name:ru": null, "office": null, "opening_hours": null, "operator": null, "phone": null, "power": null, "ref:sobory.ru": null, "ref:temples.ru": null, "religion": null, "roof:shape": null, "shop": null, "source:addr": null, "source:housenumber": null, "start_date": null, "tomb": null, "tourism": null, "type": null, "was:amenity": null, "website": null, "wikidata": null, "wikipedia": null, "is_living": false}, "geometry": {"type": "Polygon", "coordinates": [[[35.6580356, 56.1979684], [35.6579973, 56.1978548], [35.6592495, 56.197724], [35.6592878, 56.1978376], [35.6580356, 56.1979684]]]}}, {"type": "Feature", "properties": {"id": "way/626203552", "@id": "way/626203552", "abandoned": null, "addr:city": null, "addr:housenumber": null, "addr:place": null, "addr:postcode": null, "addr:street": null, "alt_name": null, "amenity": null, "building": "garages", "building:levels": null, "cuisine": null, "denomination": null, "government": null, "historic": null, "inscription": null, "layer": null, "memorial": null, "name": null, "name:en": null, "name:ru": null, "office": null, "opening_hours": null, "operator": null, "phone": null, "power": null, "ref:sobory.ru": null, "ref:temples.ru": null, "religion": null, "roof:shape": null, "shop": null, "source:addr": null, "source:housenumber": null, "start_date": null, "tomb": null, "tourism": null, "type": null, "was:amenity": null, "website": null, "wikidata": null, "wikipedia": null, "is_living": false}, "geometry": {"type": "Polygon", "coordinates": [[[35.6581191, 56.1972512], [35.6580837, 56.1971496], [35.6592101, 56.1970279], [35.6592456, 56.1971295], [35.6581191, 56.1972512]]]}}, {"type": "Feature", "properties": {"id": "way/630462101", "@id": "way/630462101", "abandoned": null, "addr:city": null, "addr:housenumber": null, "addr:place": null, "addr:postcode": null, "addr:street": null, "alt_name": null, "amenity": null, "building": "yes", "building:levels": null, "cuisine": null, "denomination": null, "government": null, "historic": null, "inscription": null, "layer": null, "memorial": null, "name": null, "name:en": null, "name:ru": null, "office": null, "opening_hours": null, "operator": null, "phone": null, "power": null, "ref:sobory.ru": null, "ref:temples.ru": null, "religion": null, "roof:shape": null, "shop": null, "source:addr": null, "source:housenumber": null, "start_date": null, "tomb": null, "tourism": null, "type": null, "was:amenity": null, "website": null, "wikidata": null, "wikipedia": null, "is_living": false}, "geometry": {"type": "Polygon", "coordinates": [[[35.6868715, 56.1408151], [35.6867767, 56.140751], [35.6868894, 56.1406992], [35.6869843, 56.1407634], [35.6868715, 56.1408151]]]}}, {"type": "Feature", "properties": {"id": "way/630462122", "@id": "way/630462122", "abandoned": null, "addr:city": null, "addr:housenumber": null, "addr:place": null, "addr:postcode": null, "addr:street": null, "alt_name": null, "amenity": null, "building": "yes", "building:levels": null, "cuisine": null, "denomination": null, "government": null, "historic": null, "inscription": null, "layer": null, "memorial": null, "name": null, "name:en": null, "name:ru": null, "office": null, "opening_hours": null, "operator": null, "phone": null, "power": null, "ref:sobory.ru": null, "ref:temples.ru": null, "religion": null, "roof:shape": null, "shop": null, "source:addr": null, "source:housenumber": null, "start_date": null, "tomb": null, "tourism": null, "type": null, "was:amenity": null, "website": null, "wikidata": null, "wikipedia": null, "is_living": false}, "geometry": {"type": "Polygon", "coordinates": [[[35.686235, 56.1403247], [35.6868161, 56.1401068], [35.6868883, 56.1400798], [35.6870711, 56.1402312], [35.686834, 56.14032], [35.6868927, 56.1403687], [35.686795, 56.1404053], [35.6867395, 56.1403594], [35.686421, 56.1404787], [35.686235, 56.1403247]]]}}, {"type": "Feature", "properties": {"id": "way/630641755", "@id": "way/630641755", "abandoned": null, "addr:city": null, "addr:housenumber": null, "addr:place": null, "addr:postcode": null, "addr:street": null, "alt_name": null, "amenity": null, "building": "yes", "building:levels": null, "cuisine": null, "denomination": null, "government": null, "historic": null, "inscription": null, "layer": null, "memorial": null, "name": null, "name:en": null, "name:ru": null, "office": null, "opening_hours": null, "operator": null, "phone": null, "power": null, "ref:sobory.ru": null, "ref:temples.ru": null, "religion": null, "roof:shape": null, "shop": null, "source:addr": null, "source:housenumber": null, "start_date": null, "tomb": null, "tourism": null, "type": null, "was:amenity": null, "website": null, "wikidata": null, "wikipedia": null, "is_living": false}, "geometry": {"type": "Polygon", "coordinates": [[[35.8214612, 56.2003725], [35.8204122, 56.1999827], [35.8206046, 56.1998224], [35.8210445, 56.1999858], [35.8212613, 56.1998053], [35.8208318, 56.1996457], [35.8210132, 56.1994946], [35.8220359, 56.1998745], [35.8218571, 56.2000234], [35.821422, 56.1998617], [35.8212011, 56.2000457], [35.8216524, 56.2002133], [35.8214612, 56.2003725]]]}}, {"type": "Feature", "properties": {"id": "way/630641756", "@id": "way/630641756", "abandoned": null, "addr:city": null, "addr:housenumber": null, "addr:place": null, "addr:postcode": null, "addr:street": null, "alt_name": null, "amenity": null, "building": "yes", "building:levels": null, "cuisine": null, "denomination": null, "government": null, "historic": null, "inscription": null, "layer": null, "memorial": null, "name": null, "name:en": null, "name:ru": null, "office": null, "opening_hours": null, "operator": null, "phone": null, "power": null, "ref:sobory.ru": null, "ref:temples.ru": null, "religion": null, "roof:shape": null, "shop": null, "source:addr": null, "source:housenumber": null, "start_date": null, "tomb": null, "tourism": null, "type": null, "was:amenity": null, "website": null, "wikidata": null, "wikipedia": null, "is_living": false}, "geometry": {"type": "Polygon", "coordinates": [[[35.8238885, 56.2003212], [35.8238401, 56.2003584], [35.8237703, 56.2003302], [35.8238188, 56.200293], [35.8238885, 56.2003212]]]}}, {"type": "Feature", "properties": {"id": "way/630641759", "@id": "way/630641759", "abandoned": null, "addr:city": null, "addr:housenumber": null, "addr:place": null, "addr:postcode": null, "addr:street": null, "alt_name": null, "amenity": null, "building": "yes", "building:levels": null, "cuisine": null, "denomination": null, "government": null, "historic": null, "inscription": null, "layer": null, "memorial": null, "name": null, "name:en": null, "name:ru": null, "office": null, "opening_hours": null, "operator": null, "phone": null, "power": null, "ref:sobory.ru": null, "ref:temples.ru": null, "religion": null, "roof:shape": null, "shop": null, "source:addr": null, "source:housenumber": null, "start_date": null, "tomb": null, "tourism": null, "type": null, "was:amenity": null, "website": null, "wikidata": null, "wikipedia": null, "is_living": false}, "geometry": {"type": "Polygon", "coordinates": [[[35.825088, 56.2012129], [35.8248835, 56.2013813], [35.8239151, 56.2010173], [35.824095, 56.2008691], [35.8244854, 56.2010159], [35.8246645, 56.2008685], [35.8248602, 56.2009421], [35.8247058, 56.2010692], [35.825088, 56.2012129]]]}}, {"type": "Feature", "properties": {"id": "way/630641763", "@id": "way/630641763", "abandoned": null, "addr:city": null, "addr:housenumber": null, "addr:place": null, "addr:postcode": null, "addr:street": null, "alt_name": null, "amenity": null, "building": "yes", "building:levels": null, "cuisine": null, "denomination": null, "government": null, "historic": null, "inscription": null, "layer": null, "memorial": null, "name": null, "name:en": null, "name:ru": null, "office": null, "opening_hours": null, "operator": null, "phone": null, "power": null, "ref:sobory.ru": null, "ref:temples.ru": null, "religion": null, "roof:shape": null, "shop": null, "source:addr": null, "source:housenumber": null, "start_date": null, "tomb": null, "tourism": null, "type": null, "was:amenity": null, "website": null, "wikidata": null, "wikipedia": null, "is_living": false}, "geometry": {"type": "Polygon", "coordinates": [[[35.8264184, 56.201927], [35.8255901, 56.201626], [35.8257463, 56.2014929], [35.8265746, 56.2017939], [35.8264184, 56.201927]]]}}, {"type": "Feature", "properties": {"id": "way/630641765", "@id": "way/630641765", "abandoned": null, "addr:city": null, "addr:housenumber": null, "addr:place": null, "addr:postcode": null, "addr:street": null, "alt_name": null, "amenity": null, "building": "yes", "building:levels": null, "cuisine": null, "denomination": null, "government": null, "historic": null, "inscription": null, "layer": null, "memorial": null, "name": null, "name:en": null, "name:ru": null, "office": null, "opening_hours": null, "operator": null, "phone": null, "power": null, "ref:sobory.ru": null, "ref:temples.ru": null, "religion": null, "roof:shape": null, "shop": null, "source:addr": null, "source:housenumber": null, "start_date": null, "tomb": null, "tourism": null, "type": null, "was:amenity": null, "website": null, "wikidata": null, "wikipedia": null, "is_living": false}, "geometry": {"type": "Polygon", "coordinates": [[[35.8257297, 56.2011271], [35.8256509, 56.2010942], [35.8257363, 56.2010308], [35.8258151, 56.2010637], [35.8257297, 56.2011271]]]}}, {"type": "Feature", "properties": {"id": "way/630843280", "@id": "way/630843280", "abandoned": null, "addr:city": null, "addr:housenumber": null, "addr:place": null, "addr:postcode": null, "addr:street": null, "alt_name": null, "amenity": null, "building": "yes", "building:levels": null, "cuisine": null, "denomination": null, "government": null, "historic": null, "inscription": null, "layer": null, "memorial": null, "name": null, "name:en": null, "name:ru": null, "office": null, "opening_hours": null, "operator": null, "phone": null, "power": null, "ref:sobory.ru": null, "ref:temples.ru": null, "religion": null, "roof:shape": null, "shop": null, "source:addr": null, "source:housenumber": null, "start_date": null, "tomb": null, "tourism": null, "type": null, "was:amenity": null, "website": null, "wikidata": null, "wikipedia": null, "is_living": false}, "geometry": {"type": "Polygon", "coordinates": [[[35.8079151, 56.1971758], [35.8077577, 56.1971103], [35.8078317, 56.1970553], [35.8079891, 56.1971209], [35.8079151, 56.1971758]]]}}, {"type": "Feature", "properties": {"id": "way/630843299", "@id": "way/630843299", "abandoned": null, "addr:city": null, "addr:housenumber": null, "addr:place": null, "addr:postcode": null, "addr:street": null, "alt_name": null, "amenity": null, "building": "yes", "building:levels": null, "cuisine": null, "denomination": null, "government": null, "historic": null, "inscription": null, "layer": null, "memorial": null, "name": null, "name:en": null, "name:ru": null, "office": null, "opening_hours": null, "operator": null, "phone": null, "power": null, "ref:sobory.ru": null, "ref:temples.ru": null, "religion": null, "roof:shape": null, "shop": null, "source:addr": null, "source:housenumber": null, "start_date": null, "tomb": null, "tourism": null, "type": null, "was:amenity": null, "website": null, "wikidata": null, "wikipedia": null, "is_living": false}, "geometry": {"type": "Polygon", "coordinates": [[[35.807342, 56.1974244], [35.8072761, 56.1973959], [35.807319, 56.1973652], [35.8072106, 56.1973183], [35.8073181, 56.1972415], [35.8074924, 56.197317], [35.807342, 56.1974244]]]}}, {"type": "Feature", "properties": {"id": "way/630843303", "@id": "way/630843303", "abandoned": null, "addr:city": null, "addr:housenumber": null, "addr:place": null, "addr:postcode": null, "addr:street": null, "alt_name": null, "amenity": null, "building": "yes", "building:levels": null, "cuisine": null, "denomination": null, "government": null, "historic": null, "inscription": null, "layer": null, "memorial": null, "name": null, "name:en": null, "name:ru": null, "office": null, "opening_hours": null, "operator": null, "phone": null, "power": null, "ref:sobory.ru": null, "ref:temples.ru": null, "religion": null, "roof:shape": null, "shop": null, "source:addr": null, "source:housenumber": null, "start_date": null, "tomb": null, "tourism": null, "type": null, "was:amenity": null, "website": null, "wikidata": null, "wikipedia": null, "is_living": false}, "geometry": {"type": "Polygon", "coordinates": [[[35.8075129, 56.1970957], [35.8073715, 56.1970384], [35.8074483, 56.1969798], [35.8075896, 56.1970371], [35.8075129, 56.1970957]]]}}, {"type": "Feature", "properties": {"id": "way/630843307", "@id": "way/630843307", "abandoned": null, "addr:city": null, "addr:housenumber": "56", "addr:place": "Сологино", "addr:postcode": null, "addr:street": null, "alt_name": null, "amenity": null, "building": "yes", "building:levels": null, "cuisine": null, "denomination": null, "government": null, "historic": null, "inscription": null, "layer": null, "memorial": null, "name": null, "name:en": null, "name:ru": null, "office": null, "opening_hours": null, "operator": null, "phone": null, "power": null, "ref:sobory.ru": null, "ref:temples.ru": null, "religion": null, "roof:shape": null, "shop": null, "source:addr": "ЕГРН", "source:housenumber": null, "start_date": null, "tomb": null, "tourism": null, "type": null, "was:amenity": null, "website": null, "wikidata": null, "wikipedia": null, "is_living": false}, "geometry": {"type": "Polygon", "coordinates": [[[35.8080306, 56.1968835], [35.8079588, 56.1969406], [35.8079177, 56.1969246], [35.807881, 56.1969538], [35.8077955, 56.1969205], [35.8078306, 56.1968926], [35.8077961, 56.1968792], [35.8078695, 56.1968208], [35.8080306, 56.1968835]]]}}, {"type": "Feature", "properties": {"id": "way/634192399", "@id": "way/634192399", "abandoned": null, "addr:city": "Ошейкино", "addr:housenumber": "35", "addr:place": "Ошейкино", "addr:postcode": "143817", "addr:street": null, "alt_name": null, "amenity": null, "building": "retail", "building:levels": "1", "cuisine": null, "denomination": null, "government": null, "historic": null, "inscription": null, "layer": null, "memorial": null, "name": null, "name:en": null, "name:ru": null, "office": null, "opening_hours": null, "operator": null, "phone": null, "power": null, "ref:sobory.ru": null, "ref:temples.ru": null, "religion": null, "roof:shape": null, "shop": null, "source:addr": null, "source:housenumber": null, "start_date": null, "tomb": null, "tourism": null, "type": null, "was:amenity": null, "website": null, "wikidata": null, "wikipedia": null, "is_living": false}, "geometry": {"type": "Polygon", "coordinates": [[[35.9004819, 56.2540075], [35.9003233, 56.2539983], [35.9003369, 56.2539257], [35.9004956, 56.2539349], [35.9004819, 56.2540075]]]}}, {"type": "Feature", "properties": {"id": "way/634307045", "@id": "way/634307045", "abandoned": null, "addr:city": null, "addr:housenumber": null, "addr:place": null, "addr:postcode": null, "addr:street": null, "alt_name": null, "amenity": null, "building": "garage", "building:levels": null, "cuisine": null, "denomination": null, "government": null, "historic": null, "inscription": null, "layer": null, "memorial": null, "name": null, "name:en": null, "name:ru": null, "office": null, "opening_hours": null, "operator": null, "phone": null, "power": null, "ref:sobory.ru": null, "ref:temples.ru": null, "religion": null, "roof:shape": null, "shop": null, "source:addr": null, "source:housenumber": null, "start_date": null, "tomb": null, "tourism": null, "type": null, "was:amenity": null, "website": null, "wikidata": null, "wikipedia": null, "is_living": false}, "geometry": {"type": "Polygon", "coordinates": [[[35.841076, 56.2044939], [35.8411458, 56.2044264], [35.8413148, 56.2044804], [35.841245, 56.204548], [35.841076, 56.2044939]]]}}, {"type": "Feature", "properties": {"id": "way/634307047", "@id": "way/634307047", "abandoned": null, "addr:city": null, "addr:housenumber": null, "addr:place": null, "addr:postcode": null, "addr:street": null, "alt_name": null, "amenity": null, "building": "garage", "building:levels": null, "cuisine": null, "denomination": null, "government": null, "historic": null, "inscription": null, "layer": null, "memorial": null, "name": null, "name:en": null, "name:ru": null, "office": null, "opening_hours": null, "operator": null, "phone": null, "power": null, "ref:sobory.ru": null, "ref:temples.ru": null, "religion": null, "roof:shape": null, "shop": null, "source:addr": null, "source:housenumber": null, "start_date": null, "tomb": null, "tourism": null, "type": null, "was:amenity": null, "website": null, "wikidata": null, "wikipedia": null, "is_living": false}, "geometry": {"type": "Polygon", "coordinates": [[[35.8404729, 56.2042847], [35.8402931, 56.2042268], [35.8403621, 56.2041605], [35.8404377, 56.2041848], [35.8405418, 56.2042183], [35.8404729, 56.2042847]]]}}, {"type": "Feature", "properties": {"id": "way/634307053", "@id": "way/634307053", "abandoned": null, "addr:city": null, "addr:housenumber": null, "addr:place": null, "addr:postcode": null, "addr:street": null, "alt_name": null, "amenity": null, "building": "garage", "building:levels": null, "cuisine": null, "denomination": null, "government": null, "historic": null, "inscription": null, "layer": null, "memorial": null, "name": null, "name:en": null, "name:ru": null, "office": null, "opening_hours": null, "operator": null, "phone": null, "power": null, "ref:sobory.ru": null, "ref:temples.ru": null, "religion": null, "roof:shape": null, "shop": null, "source:addr": null, "source:housenumber": null, "start_date": null, "tomb": null, "tourism": null, "type": null, "was:amenity": null, "website": null, "wikidata": null, "wikipedia": null, "is_living": false}, "geometry": {"type": "Polygon", "coordinates": [[[35.8408639, 56.2044177], [35.8406779, 56.2043542], [35.8407448, 56.2042936], [35.8409308, 56.2043571], [35.8408639, 56.2044177]]]}}, {"type": "Feature", "properties": {"id": "way/634307054", "@id": "way/634307054", "abandoned": null, "addr:city": null, "addr:housenumber": null, "addr:place": null, "addr:postcode": null, "addr:street": null, "alt_name": null, "amenity": null, "building": "garage", "building:levels": null, "cuisine": null, "denomination": null, "government": null, "historic": null, "inscription": null, "layer": null, "memorial": null, "name": null, "name:en": null, "name:ru": null, "office": null, "opening_hours": null, "operator": null, "phone": null, "power": null, "ref:sobory.ru": null, "ref:temples.ru": null, "religion": null, "roof:shape": null, "shop": null, "source:addr": null, "source:housenumber": null, "start_date": null, "tomb": null, "tourism": null, "type": null, "was:amenity": null, "website": null, "wikidata": null, "wikipedia": null, "is_living": false}, "geometry": {"type": "Polygon", "coordinates": [[[35.839643, 56.2040596], [35.8394645, 56.2040032], [35.8395161, 56.2039527], [35.8395921, 56.2039766], [35.8396946, 56.204009], [35.839643, 56.2040596]]]}}, {"type": "Feature", "properties": {"id": "way/634307056", "@id": "way/634307056", "abandoned": null, "addr:city": null, "addr:housenumber": null, "addr:place": null, "addr:postcode": null, "addr:street": null, "alt_name": null, "amenity": null, "building": "garage", "building:levels": null, "cuisine": null, "denomination": null, "government": null, "historic": null, "inscription": null, "layer": null, "memorial": null, "name": null, "name:en": null, "name:ru": null, "office": null, "opening_hours": null, "operator": null, "phone": null, "power": null, "ref:sobory.ru": null, "ref:temples.ru": null, "religion": null, "roof:shape": null, "shop": null, "source:addr": null, "source:housenumber": null, "start_date": null, "tomb": null, "tourism": null, "type": null, "was:amenity": null, "website": null, "wikidata": null, "wikipedia": null, "is_living": false}, "geometry": {"type": "Polygon", "coordinates": [[[35.8400489, 56.2041724], [35.839868, 56.2041181], [35.8399279, 56.2040564], [35.8401088, 56.2041107], [35.8400489, 56.2041724]]]}}, {"type": "Feature", "properties": {"id": "way/634307057", "@id": "way/634307057", "abandoned": null, "addr:city": null, "addr:housenumber": null, "addr:place": null, "addr:postcode": null, "addr:street": null, "alt_name": null, "amenity": null, "building": "garage", "building:levels": null, "cuisine": null, "denomination": null, "government": null, "historic": null, "inscription": null, "layer": null, "memorial": null, "name": null, "name:en": null, "name:ru": null, "office": null, "opening_hours": null, "operator": null, "phone": null, "power": null, "ref:sobory.ru": null, "ref:temples.ru": null, "religion": null, "roof:shape": null, "shop": null, "source:addr": null, "source:housenumber": null, "start_date": null, "tomb": null, "tourism": null, "type": null, "was:amenity": null, "website": null, "wikidata": null, "wikipedia": null, "is_living": false}, "geometry": {"type": "Polygon", "coordinates": [[[35.8392431, 56.2039308], [35.8390831, 56.2038816], [35.8391324, 56.2038321], [35.8392924, 56.2038813], [35.8392431, 56.2039308]]]}}, {"type": "Feature", "properties": {"id": "way/634310321", "@id": "way/634310321", "abandoned": null, "addr:city": null, "addr:housenumber": null, "addr:place": null, "addr:postcode": null, "addr:street": null, "alt_name": null, "amenity": null, "building": "yes", "building:levels": null, "cuisine": null, "denomination": null, "government": null, "historic": null, "inscription": null, "layer": null, "memorial": null, "name": null, "name:en": null, "name:ru": null, "office": null, "opening_hours": null, "operator": null, "phone": null, "power": null, "ref:sobory.ru": null, "ref:temples.ru": null, "religion": null, "roof:shape": null, "shop": null, "source:addr": null, "source:housenumber": null, "start_date": null, "tomb": null, "tourism": null, "type": null, "was:amenity": null, "website": null, "wikidata": null, "wikipedia": null, "is_living": false}, "geometry": {"type": "Polygon", "coordinates": [[[35.8403136, 56.196114], [35.8402414, 56.1959448], [35.8404576, 56.1959163], [35.8405297, 56.1960855], [35.8403136, 56.196114]]]}}, {"type": "Feature", "properties": {"id": "way/634310324", "@id": "way/634310324", "abandoned": null, "addr:city": null, "addr:housenumber": null, "addr:place": null, "addr:postcode": null, "addr:street": null, "alt_name": null, "amenity": null, "building": "yes", "building:levels": null, "cuisine": null, "denomination": null, "government": null, "historic": null, "inscription": null, "layer": null, "memorial": null, "name": null, "name:en": null, "name:ru": null, "office": null, "opening_hours": null, "operator": null, "phone": null, "power": null, "ref:sobory.ru": null, "ref:temples.ru": null, "religion": null, "roof:shape": null, "shop": null, "source:addr": null, "source:housenumber": null, "start_date": null, "tomb": null, "tourism": null, "type": null, "was:amenity": null, "website": null, "wikidata": null, "wikipedia": null, "is_living": false}, "geometry": {"type": "Polygon", "coordinates": [[[35.8407984, 56.19629], [35.840975, 56.1960809], [35.8413411, 56.1961767], [35.8412664, 56.1962651], [35.8411516, 56.1962351], [35.8411004, 56.1962957], [35.8409887, 56.1962665], [35.840938, 56.1963265], [35.8407984, 56.19629]]]}}, {"type": "Feature", "properties": {"id": "way/634310326", "@id": "way/634310326", "abandoned": null, "addr:city": null, "addr:housenumber": null, "addr:place": null, "addr:postcode": null, "addr:street": null, "alt_name": null, "amenity": null, "building": "yes", "building:levels": null, "cuisine": null, "denomination": null, "government": null, "historic": null, "inscription": null, "layer": null, "memorial": null, "name": null, "name:en": null, "name:ru": null, "office": null, "opening_hours": null, "operator": null, "phone": null, "power": null, "ref:sobory.ru": null, "ref:temples.ru": null, "religion": null, "roof:shape": null, "shop": null, "source:addr": null, "source:housenumber": null, "start_date": null, "tomb": null, "tourism": null, "type": null, "was:amenity": null, "website": null, "wikidata": null, "wikipedia": null, "is_living": false}, "geometry": {"type": "Polygon", "coordinates": [[[35.8402991, 56.1957285], [35.8401542, 56.195639], [35.8403098, 56.195576], [35.8403071, 56.1955387], [35.84046, 56.1954882], [35.8406585, 56.1954703], [35.8406907, 56.1954987], [35.8407309, 56.1954987], [35.8407443, 56.1956285], [35.8404466, 56.1956614], [35.8402991, 56.1957285]]]}}, {"type": "Feature", "properties": {"id": "way/634318446", "@id": "way/634318446", "abandoned": null, "addr:city": null, "addr:housenumber": null, "addr:place": null, "addr:postcode": null, "addr:street": null, "alt_name": null, "amenity": null, "building": "yes", "building:levels": null, "cuisine": null, "denomination": null, "government": null, "historic": null, "inscription": null, "layer": null, "memorial": null, "name": null, "name:en": null, "name:ru": null, "office": null, "opening_hours": null, "operator": null, "phone": null, "power": null, "ref:sobory.ru": null, "ref:temples.ru": null, "religion": null, "roof:shape": null, "shop": null, "source:addr": null, "source:housenumber": null, "start_date": null, "tomb": null, "tourism": null, "type": null, "was:amenity": null, "website": null, "wikidata": null, "wikipedia": null, "is_living": false}, "geometry": {"type": "Polygon", "coordinates": [[[35.8755513, 56.21176], [35.8753316, 56.2119987], [35.8749093, 56.2118785], [35.875129, 56.2116398], [35.8755513, 56.21176]]]}}, {"type": "Feature", "properties": {"id": "way/634318462", "@id": "way/634318462", "abandoned": null, "addr:city": null, "addr:housenumber": "51", "addr:place": "Шубино", "addr:postcode": null, "addr:street": null, "alt_name": null, "amenity": null, "building": "yes", "building:levels": null, "cuisine": null, "denomination": null, "government": null, "historic": null, "inscription": null, "layer": null, "memorial": null, "name": null, "name:en": null, "name:ru": null, "office": null, "opening_hours": null, "operator": null, "phone": null, "power": null, "ref:sobory.ru": null, "ref:temples.ru": null, "religion": null, "roof:shape": null, "shop": null, "source:addr": "ЕГРН", "source:housenumber": null, "start_date": null, "tomb": null, "tourism": null, "type": null, "was:amenity": null, "website": null, "wikidata": null, "wikipedia": null, "is_living": false}, "geometry": {"type": "Polygon", "coordinates": [[[35.8770762, 56.2128615], [35.8768177, 56.2127899], [35.8768824, 56.2127177], [35.8761586, 56.2125171], [35.8763035, 56.2123554], [35.8770348, 56.2125581], [35.8769919, 56.212606], [35.8772429, 56.2126755], [35.8770762, 56.2128615]]]}}, {"type": "Feature", "properties": {"id": "way/634346383", "@id": "way/634346383", "abandoned": null, "addr:city": null, "addr:housenumber": "30", "addr:place": "Большая Сестра", "addr:postcode": null, "addr:street": null, "alt_name": null, "amenity": null, "building": "yes", "building:levels": null, "cuisine": null, "denomination": null, "government": null, "historic": null, "inscription": null, "layer": null, "memorial": null, "name": null, "name:en": null, "name:ru": null, "office": null, "opening_hours": null, "operator": null, "phone": null, "power": null, "ref:sobory.ru": null, "ref:temples.ru": null, "religion": null, "roof:shape": null, "shop": null, "source:addr": "ЕГРН", "source:housenumber": null, "start_date": null, "tomb": null, "tourism": null, "type": null, "was:amenity": null, "website": null, "wikidata": null, "wikipedia": null, "is_living": false}, "geometry": {"type": "Polygon", "coordinates": [[[35.9325369, 56.217344], [35.9329698, 56.2171263], [35.9331156, 56.2172159], [35.9326826, 56.2174336], [35.9325369, 56.217344]]]}}, {"type": "Feature", "properties": {"id": "way/634347472", "@id": "way/634347472", "abandoned": null, "addr:city": null, "addr:housenumber": null, "addr:place": null, "addr:postcode": null, "addr:street": null, "alt_name": null, "amenity": null, "building": "garages", "building:levels": null, "cuisine": null, "denomination": null, "government": null, "historic": null, "inscription": null, "layer": null, "memorial": null, "name": null, "name:en": null, "name:ru": null, "office": null, "opening_hours": null, "operator": null, "phone": null, "power": null, "ref:sobory.ru": null, "ref:temples.ru": null, "religion": null, "roof:shape": null, "shop": null, "source:addr": null, "source:housenumber": null, "start_date": null, "tomb": null, "tourism": null, "type": null, "was:amenity": null, "website": null, "wikidata": null, "wikipedia": null, "is_living": false}, "geometry": {"type": "Polygon", "coordinates": [[[35.9301725, 56.2202569], [35.9301453, 56.2201518], [35.9306144, 56.2201143], [35.9306415, 56.2202194], [35.9301725, 56.2202569]]]}}, {"type": "Feature", "properties": {"id": "way/634347487", "@id": "way/634347487", "abandoned": null, "addr:city": null, "addr:housenumber": null, "addr:place": null, "addr:postcode": null, "addr:street": null, "alt_name": null, "amenity": null, "building": "garages", "building:levels": null, "cuisine": null, "denomination": null, "government": null, "historic": null, "inscription": null, "layer": null, "memorial": null, "name": null, "name:en": null, "name:ru": null, "office": null, "opening_hours": null, "operator": null, "phone": null, "power": null, "ref:sobory.ru": null, "ref:temples.ru": null, "religion": null, "roof:shape": null, "shop": null, "source:addr": null, "source:housenumber": null, "start_date": null, "tomb": null, "tourism": null, "type": null, "was:amenity": null, "website": null, "wikidata": null, "wikipedia": null, "is_living": false}, "geometry": {"type": "Polygon", "coordinates": [[[35.9270416, 56.2182677], [35.9265629, 56.2179643], [35.9266287, 56.2179322], [35.9271074, 56.2182356], [35.9270416, 56.2182677]]]}}, {"type": "Feature", "properties": {"id": "way/634347492", "@id": "way/634347492", "abandoned": null, "addr:city": null, "addr:housenumber": null, "addr:place": null, "addr:postcode": null, "addr:street": null, "alt_name": null, "amenity": null, "building": "garages", "building:levels": null, "cuisine": null, "denomination": null, "government": null, "historic": null, "inscription": null, "layer": null, "memorial": null, "name": null, "name:en": null, "name:ru": null, "office": null, "opening_hours": null, "operator": null, "phone": null, "power": null, "ref:sobory.ru": null, "ref:temples.ru": null, "religion": null, "roof:shape": null, "shop": null, "source:addr": null, "source:housenumber": null, "start_date": null, "tomb": null, "tourism": null, "type": null, "was:amenity": null, "website": null, "wikidata": null, "wikipedia": null, "is_living": false}, "geometry": {"type": "Polygon", "coordinates": [[[35.930125, 56.2199994], [35.930092, 56.2198934], [35.9305752, 56.219847], [35.9306082, 56.219953], [35.930125, 56.2199994]]]}}, {"type": "Feature", "properties": {"id": "way/634347504", "@id": "way/634347504", "abandoned": null, "addr:city": null, "addr:housenumber": null, "addr:place": null, "addr:postcode": null, "addr:street": null, "alt_name": null, "amenity": null, "building": "yes", "building:levels": null, "cuisine": null, "denomination": null, "government": null, "historic": null, "inscription": null, "layer": null, "memorial": null, "name": null, "name:en": null, "name:ru": null, "office": null, "opening_hours": null, "operator": null, "phone": null, "power": null, "ref:sobory.ru": null, "ref:temples.ru": null, "religion": null, "roof:shape": null, "shop": null, "source:addr": null, "source:housenumber": null, "start_date": null, "tomb": null, "tourism": null, "type": null, "was:amenity": null, "website": null, "wikidata": null, "wikipedia": null, "is_living": false}, "geometry": {"type": "Polygon", "coordinates": [[[35.9315944, 56.2178908], [35.9322636, 56.2175672], [35.9324513, 56.2176872], [35.9317821, 56.2180109], [35.9315944, 56.2178908]]]}}, {"type": "Feature", "properties": {"id": "way/634347507", "@id": "way/634347507", "abandoned": null, "addr:city": null, "addr:housenumber": null, "addr:place": null, "addr:postcode": null, "addr:street": null, "alt_name": null, "amenity": null, "building": "yes", "building:levels": null, "cuisine": null, "denomination": null, "government": null, "historic": null, "inscription": null, "layer": null, "memorial": null, "name": null, "name:en": null, "name:ru": null, "office": null, "opening_hours": null, "operator": null, "phone": null, "power": null, "ref:sobory.ru": null, "ref:temples.ru": null, "religion": null, "roof:shape": null, "shop": null, "source:addr": null, "source:housenumber": null, "start_date": null, "tomb": null, "tourism": null, "type": null, "was:amenity": null, "website": null, "wikidata": null, "wikipedia": null, "is_living": false}, "geometry": {"type": "Polygon", "coordinates": [[[35.9309797, 56.2161862], [35.9305762, 56.2159358], [35.9307408, 56.2158538], [35.9311443, 56.2161042], [35.9309797, 56.2161862]]]}}, {"type": "Feature", "properties": {"id": "way/634347513", "@id": "way/634347513", "abandoned": null, "addr:city": null, "addr:housenumber": null, "addr:place": null, "addr:postcode": null, "addr:street": null, "alt_name": null, "amenity": null, "building": "yes", "building:levels": null, "cuisine": null, "denomination": null, "government": null, "historic": null, "inscription": null, "layer": null, "memorial": null, "name": null, "name:en": null, "name:ru": null, "office": null, "opening_hours": null, "operator": null, "phone": null, "power": null, "ref:sobory.ru": null, "ref:temples.ru": null, "religion": null, "roof:shape": null, "shop": null, "source:addr": null, "source:housenumber": null, "start_date": null, "tomb": null, "tourism": null, "type": null, "was:amenity": null, "website": null, "wikidata": null, "wikipedia": null, "is_living": false}, "geometry": {"type": "Polygon", "coordinates": [[[35.9320321, 56.2166189], [35.9319101, 56.2166832], [35.9317439, 56.2165857], [35.9316769, 56.216621], [35.9315296, 56.2165346], [35.9316205, 56.2164867], [35.931545, 56.2164424], [35.9314779, 56.2164779], [35.9313903, 56.2164265], [35.9316369, 56.2162965], [35.9317844, 56.216383], [35.9318159, 56.2163664], [35.9319264, 56.2164312], [35.9318135, 56.2164908], [35.9320321, 56.2166189]]]}}, {"type": "Feature", "properties": {"id": "way/634347515", "@id": "way/634347515", "abandoned": null, "addr:city": null, "addr:housenumber": null, "addr:place": null, "addr:postcode": null, "addr:street": null, "alt_name": null, "amenity": null, "building": "yes", "building:levels": null, "cuisine": null, "denomination": null, "government": null, "historic": null, "inscription": null, "layer": null, "memorial": null, "name": null, "name:en": null, "name:ru": null, "office": null, "opening_hours": null, "operator": null, "phone": null, "power": null, "ref:sobory.ru": null, "ref:temples.ru": null, "religion": null, "roof:shape": null, "shop": null, "source:addr": null, "source:housenumber": null, "start_date": null, "tomb": null, "tourism": null, "type": null, "was:amenity": null, "website": null, "wikidata": null, "wikipedia": null, "is_living": false}, "geometry": {"type": "Polygon", "coordinates": [[[35.9316035, 56.216839], [35.9314835, 56.2168991], [35.9310073, 56.216605], [35.9311273, 56.2165449], [35.9316035, 56.216839]]]}}, {"type": "Feature", "properties": {"id": "way/634347517", "@id": "way/634347517", "abandoned": null, "addr:city": null, "addr:housenumber": null, "addr:place": null, "addr:postcode": null, "addr:street": null, "alt_name": null, "amenity": null, "building": "garages", "building:levels": null, "cuisine": null, "denomination": null, "government": null, "historic": null, "inscription": null, "layer": null, "memorial": null, "name": null, "name:en": null, "name:ru": null, "office": null, "opening_hours": null, "operator": null, "phone": null, "power": null, "ref:sobory.ru": null, "ref:temples.ru": null, "religion": null, "roof:shape": null, "shop": null, "source:addr": null, "source:housenumber": null, "start_date": null, "tomb": null, "tourism": null, "type": null, "was:amenity": null, "website": null, "wikidata": null, "wikipedia": null, "is_living": false}, "geometry": {"type": "Polygon", "coordinates": [[[35.926979, 56.2182953], [35.9268938, 56.21834], [35.9263934, 56.2180449], [35.9264787, 56.2180002], [35.926979, 56.2182953]]]}}, {"type": "Feature", "properties": {"id": "way/634347525", "@id": "way/634347525", "abandoned": null, "addr:city": null, "addr:housenumber": null, "addr:place": null, "addr:postcode": null, "addr:street": null, "alt_name": null, "amenity": null, "building": "yes", "building:levels": null, "cuisine": null, "denomination": null, "government": null, "historic": null, "inscription": null, "layer": null, "memorial": null, "name": null, "name:en": null, "name:ru": null, "office": null, "opening_hours": null, "operator": null, "phone": null, "power": null, "ref:sobory.ru": null, "ref:temples.ru": null, "religion": null, "roof:shape": null, "shop": null, "source:addr": null, "source:housenumber": null, "start_date": null, "tomb": null, "tourism": null, "type": null, "was:amenity": null, "website": null, "wikidata": null, "wikipedia": null, "is_living": false}, "geometry": {"type": "Polygon", "coordinates": [[[35.9307614, 56.2163058], [35.9306306, 56.216374], [35.9301511, 56.2160896], [35.930282, 56.2160214], [35.9307614, 56.2163058]]]}}, {"type": "Feature", "properties": {"id": "way/634347535", "@id": "way/634347535", "abandoned": null, "addr:city": null, "addr:housenumber": "25", "addr:place": "Большая Сестра", "addr:postcode": null, "addr:street": null, "alt_name": null, "amenity": null, "building": "yes", "building:levels": null, "cuisine": null, "denomination": null, "government": null, "historic": null, "inscription": null, "layer": null, "memorial": null, "name": null, "name:en": null, "name:ru": null, "office": null, "opening_hours": null, "operator": null, "phone": null, "power": null, "ref:sobory.ru": null, "ref:temples.ru": null, "religion": null, "roof:shape": null, "shop": null, "source:addr": "ЕГРН", "source:housenumber": null, "start_date": null, "tomb": null, "tourism": null, "type": null, "was:amenity": null, "website": null, "wikidata": null, "wikipedia": null, "is_living": false}, "geometry": {"type": "Polygon", "coordinates": [[[35.9301042, 56.2165102], [35.9299921, 56.2165742], [35.929917, 56.2165335], [35.9298821, 56.2165535], [35.9297638, 56.2164894], [35.9297877, 56.2164757], [35.9297028, 56.2164297], [35.929826, 56.2163594], [35.9301042, 56.2165102]]]}}, {"type": "Feature", "properties": {"id": "way/634347539", "@id": "way/634347539", "abandoned": null, "addr:city": null, "addr:housenumber": null, "addr:place": null, "addr:postcode": null, "addr:street": null, "alt_name": null, "amenity": null, "building": "yes", "building:levels": null, "cuisine": null, "denomination": null, "government": null, "historic": null, "inscription": null, "layer": null, "memorial": null, "name": null, "name:en": null, "name:ru": null, "office": null, "opening_hours": null, "operator": null, "phone": null, "power": null, "ref:sobory.ru": null, "ref:temples.ru": null, "religion": null, "roof:shape": null, "shop": null, "source:addr": null, "source:housenumber": null, "start_date": null, "tomb": null, "tourism": null, "type": null, "was:amenity": null, "website": null, "wikidata": null, "wikipedia": null, "is_living": false}, "geometry": {"type": "Polygon", "coordinates": [[[35.9311854, 56.2176309], [35.9310454, 56.2175455], [35.9317004, 56.2172139], [35.9318404, 56.2172993], [35.9311854, 56.2176309]]]}}, {"type": "Feature", "properties": {"id": "way/634347543", "@id": "way/634347543", "abandoned": null, "addr:city": null, "addr:housenumber": null, "addr:place": null, "addr:postcode": null, "addr:street": null, "alt_name": null, "amenity": null, "building": "yes", "building:levels": null, "cuisine": null, "denomination": null, "government": null, "historic": null, "inscription": null, "layer": null, "memorial": null, "name": null, "name:en": null, "name:ru": null, "office": null, "opening_hours": null, "operator": null, "phone": null, "power": null, "ref:sobory.ru": null, "ref:temples.ru": null, "religion": null, "roof:shape": null, "shop": null, "source:addr": null, "source:housenumber": null, "start_date": null, "tomb": null, "tourism": null, "type": null, "was:amenity": null, "website": null, "wikidata": null, "wikipedia": null, "is_living": false}, "geometry": {"type": "Polygon", "coordinates": [[[35.9313562, 56.2171265], [35.9307026, 56.2174421], [35.9305982, 56.2173752], [35.9312519, 56.2170597], [35.9313562, 56.2171265]]]}}, {"type": "Feature", "properties": {"id": "way/634364745", "@id": "way/634364745", "abandoned": null, "addr:city": null, "addr:housenumber": null, "addr:place": null, "addr:postcode": null, "addr:street": null, "alt_name": null, "amenity": null, "building": "garage", "building:levels": null, "cuisine": null, "denomination": null, "government": null, "historic": null, "inscription": null, "layer": null, "memorial": null, "name": null, "name:en": null, "name:ru": null, "office": null, "opening_hours": null, "operator": null, "phone": null, "power": null, "ref:sobory.ru": null, "ref:temples.ru": null, "religion": null, "roof:shape": null, "shop": null, "source:addr": null, "source:housenumber": null, "start_date": null, "tomb": null, "tourism": null, "type": null, "was:amenity": null, "website": null, "wikidata": null, "wikipedia": null, "is_living": false}, "geometry": {"type": "Polygon", "coordinates": [[[35.8385849, 56.2041545], [35.8384702, 56.204129], [35.8385276, 56.204049], [35.8386424, 56.2040744], [35.8385849, 56.2041545]]]}}, {"type": "Feature", "properties": {"id": "way/635911093", "@id": "way/635911093", "abandoned": null, "addr:city": null, "addr:housenumber": null, "addr:place": null, "addr:postcode": null, "addr:street": null, "alt_name": null, "amenity": null, "building": "yes", "building:levels": null, "cuisine": null, "denomination": null, "government": null, "historic": null, "inscription": null, "layer": null, "memorial": null, "name": null, "name:en": null, "name:ru": null, "office": null, "opening_hours": null, "operator": null, "phone": null, "power": null, "ref:sobory.ru": null, "ref:temples.ru": null, "religion": null, "roof:shape": null, "shop": null, "source:addr": null, "source:housenumber": null, "start_date": null, "tomb": null, "tourism": null, "type": null, "was:amenity": null, "website": null, "wikidata": null, "wikipedia": null, "is_living": false}, "geometry": {"type": "Polygon", "coordinates": [[[35.8775372, 56.2128894], [35.8772578, 56.2128191], [35.8775049, 56.2125156], [35.8777842, 56.2125859], [35.8775372, 56.2128894]]]}}, {"type": "Feature", "properties": {"id": "way/635991086", "@id": "way/635991086", "abandoned": null, "addr:city": null, "addr:housenumber": null, "addr:place": null, "addr:postcode": null, "addr:street": null, "alt_name": null, "amenity": null, "building": "yes", "building:levels": null, "cuisine": null, "denomination": null, "government": null, "historic": null, "inscription": null, "layer": null, "memorial": null, "name": null, "name:en": null, "name:ru": null, "office": null, "opening_hours": null, "operator": null, "phone": null, "power": null, "ref:sobory.ru": null, "ref:temples.ru": null, "religion": null, "roof:shape": null, "shop": null, "source:addr": null, "source:housenumber": null, "start_date": null, "tomb": null, "tourism": null, "type": null, "was:amenity": null, "website": null, "wikidata": null, "wikipedia": null, "is_living": false}, "geometry": {"type": "Polygon", "coordinates": [[[35.9059195, 56.2491726], [35.9058144, 56.2491747], [35.9058062, 56.249051], [35.9059114, 56.2490489], [35.9059195, 56.2491726]]]}}, {"type": "Feature", "properties": {"id": "way/635991087", "@id": "way/635991087", "abandoned": null, "addr:city": null, "addr:housenumber": null, "addr:place": null, "addr:postcode": null, "addr:street": null, "alt_name": null, "amenity": null, "building": "yes", "building:levels": null, "cuisine": null, "denomination": null, "government": null, "historic": null, "inscription": null, "layer": null, "memorial": null, "name": null, "name:en": null, "name:ru": null, "office": null, "opening_hours": null, "operator": null, "phone": null, "power": null, "ref:sobory.ru": null, "ref:temples.ru": null, "religion": null, "roof:shape": null, "shop": null, "source:addr": null, "source:housenumber": null, "start_date": null, "tomb": null, "tourism": null, "type": null, "was:amenity": null, "website": null, "wikidata": null, "wikipedia": null, "is_living": false}, "geometry": {"type": "Polygon", "coordinates": [[[35.907052, 56.2490664], [35.9070458, 56.2490072], [35.9071433, 56.249004], [35.9071495, 56.2490632], [35.907052, 56.2490664]]]}}, {"type": "Feature", "properties": {"id": "way/635991097", "@id": "way/635991097", "abandoned": null, "addr:city": null, "addr:housenumber": null, "addr:place": null, "addr:postcode": null, "addr:street": null, "alt_name": null, "amenity": null, "building": "yes", "building:levels": null, "cuisine": null, "denomination": null, "government": null, "historic": null, "inscription": null, "layer": null, "memorial": null, "name": null, "name:en": null, "name:ru": null, "office": null, "opening_hours": null, "operator": null, "phone": null, "power": null, "ref:sobory.ru": null, "ref:temples.ru": null, "religion": null, "roof:shape": null, "shop": null, "source:addr": null, "source:housenumber": null, "start_date": null, "tomb": null, "tourism": null, "type": null, "was:amenity": null, "website": null, "wikidata": null, "wikipedia": null, "is_living": false}, "geometry": {"type": "Polygon", "coordinates": [[[35.9063057, 56.2488698], [35.9059993, 56.2488862], [35.9059705, 56.24872], [35.9058677, 56.2487255], [35.9058563, 56.2486597], [35.9062654, 56.2486378], [35.9063057, 56.2488698]]]}}, {"type": "Feature", "properties": {"id": "way/635991103", "@id": "way/635991103", "abandoned": null, "addr:city": null, "addr:housenumber": null, "addr:place": null, "addr:postcode": null, "addr:street": null, "alt_name": null, "amenity": null, "building": "yes", "building:levels": null, "cuisine": null, "denomination": null, "government": null, "historic": null, "inscription": null, "layer": null, "memorial": null, "name": null, "name:en": null, "name:ru": null, "office": null, "opening_hours": null, "operator": null, "phone": null, "power": null, "ref:sobory.ru": null, "ref:temples.ru": null, "religion": null, "roof:shape": null, "shop": null, "source:addr": null, "source:housenumber": null, "start_date": null, "tomb": null, "tourism": null, "type": null, "was:amenity": null, "website": null, "wikidata": null, "wikipedia": null, "is_living": false}, "geometry": {"type": "Polygon", "coordinates": [[[35.9061644, 56.2485777], [35.9059738, 56.2485884], [35.9059154, 56.2482672], [35.906106, 56.2482565], [35.9061644, 56.2485777]]]}}, {"type": "Feature", "properties": {"id": "way/636620139", "@id": "way/636620139", "abandoned": null, "addr:city": null, "addr:housenumber": null, "addr:place": null, "addr:postcode": null, "addr:street": null, "alt_name": null, "amenity": null, "building": "yes", "building:levels": null, "cuisine": null, "denomination": null, "government": null, "historic": null, "inscription": null, "layer": null, "memorial": null, "name": null, "name:en": null, "name:ru": null, "office": null, "opening_hours": null, "operator": null, "phone": null, "power": null, "ref:sobory.ru": null, "ref:temples.ru": null, "religion": null, "roof:shape": null, "shop": null, "source:addr": null, "source:housenumber": null, "start_date": null, "tomb": null, "tourism": null, "type": null, "was:amenity": null, "website": null, "wikidata": null, "wikipedia": null, "is_living": false}, "geometry": {"type": "Polygon", "coordinates": [[[35.8995217, 56.2295878], [35.89943, 56.2295434], [35.8995508, 56.2294664], [35.8996425, 56.2295108], [35.8995217, 56.2295878]]]}}, {"type": "Feature", "properties": {"id": "way/636620141", "@id": "way/636620141", "abandoned": null, "addr:city": null, "addr:housenumber": null, "addr:place": null, "addr:postcode": null, "addr:street": null, "alt_name": null, "amenity": null, "building": "yes", "building:levels": null, "cuisine": null, "denomination": null, "government": null, "historic": null, "inscription": null, "layer": null, "memorial": null, "name": null, "name:en": null, "name:ru": null, "office": null, "opening_hours": null, "operator": null, "phone": null, "power": null, "ref:sobory.ru": null, "ref:temples.ru": null, "religion": null, "roof:shape": null, "shop": null, "source:addr": null, "source:housenumber": null, "start_date": null, "tomb": null, "tourism": null, "type": null, "was:amenity": null, "website": null, "wikidata": null, "wikipedia": null, "is_living": false}, "geometry": {"type": "Polygon", "coordinates": [[[35.8999084, 56.2302526], [35.8998348, 56.230149], [35.9000057, 56.2301115], [35.9000792, 56.2302152], [35.8999084, 56.2302526]]]}}, {"type": "Feature", "properties": {"id": "way/636620145", "@id": "way/636620145", "abandoned": null, "addr:city": null, "addr:housenumber": null, "addr:place": null, "addr:postcode": null, "addr:street": null, "alt_name": null, "amenity": null, "building": "yes", "building:levels": null, "cuisine": null, "denomination": null, "government": null, "historic": null, "inscription": null, "layer": null, "memorial": null, "name": null, "name:en": null, "name:ru": null, "office": null, "opening_hours": null, "operator": null, "phone": null, "power": null, "ref:sobory.ru": null, "ref:temples.ru": null, "religion": null, "roof:shape": null, "shop": null, "source:addr": null, "source:housenumber": null, "start_date": null, "tomb": null, "tourism": null, "type": null, "was:amenity": null, "website": null, "wikidata": null, "wikipedia": null, "is_living": false}, "geometry": {"type": "Polygon", "coordinates": [[[35.899157, 56.2299048], [35.8990294, 56.2299884], [35.8989265, 56.2299398], [35.8988673, 56.2299786], [35.8987555, 56.2299258], [35.8989423, 56.2298035], [35.899157, 56.2299048]]]}}, {"type": "Feature", "properties": {"id": "way/636620146", "@id": "way/636620146", "abandoned": null, "addr:city": null, "addr:housenumber": null, "addr:place": null, "addr:postcode": null, "addr:street": null, "alt_name": null, "amenity": null, "building": "yes", "building:levels": null, "cuisine": null, "denomination": null, "government": null, "historic": null, "inscription": null, "layer": null, "memorial": null, "name": null, "name:en": null, "name:ru": null, "office": null, "opening_hours": null, "operator": null, "phone": null, "power": null, "ref:sobory.ru": null, "ref:temples.ru": null, "religion": null, "roof:shape": null, "shop": null, "source:addr": null, "source:housenumber": null, "start_date": null, "tomb": null, "tourism": null, "type": null, "was:amenity": null, "website": null, "wikidata": null, "wikipedia": null, "is_living": false}, "geometry": {"type": "Polygon", "coordinates": [[[35.89867, 56.2301818], [35.8983739, 56.2300867], [35.8984609, 56.230003], [35.898757, 56.2300982], [35.89867, 56.2301818]]]}}, {"type": "Feature", "properties": {"id": "way/636620148", "@id": "way/636620148", "abandoned": null, "addr:city": null, "addr:housenumber": null, "addr:place": null, "addr:postcode": null, "addr:street": null, "alt_name": null, "amenity": null, "building": "yes", "building:levels": null, "cuisine": null, "denomination": null, "government": null, "historic": null, "inscription": null, "layer": null, "memorial": null, "name": null, "name:en": null, "name:ru": null, "office": null, "opening_hours": null, "operator": null, "phone": null, "power": null, "ref:sobory.ru": null, "ref:temples.ru": null, "religion": null, "roof:shape": null, "shop": null, "source:addr": null, "source:housenumber": null, "start_date": null, "tomb": null, "tourism": null, "type": null, "was:amenity": null, "website": null, "wikidata": null, "wikipedia": null, "is_living": false}, "geometry": {"type": "Polygon", "coordinates": [[[35.8999348, 56.2297047], [35.8998652, 56.2296487], [35.8999896, 56.2296009], [35.9000592, 56.2296569], [35.8999348, 56.2297047]]]}}, {"type": "Feature", "properties": {"id": "way/636620151", "@id": "way/636620151", "abandoned": null, "addr:city": null, "addr:housenumber": null, "addr:place": null, "addr:postcode": null, "addr:street": null, "alt_name": null, "amenity": null, "building": "yes", "building:levels": null, "cuisine": null, "denomination": null, "government": null, "historic": null, "inscription": null, "layer": null, "memorial": null, "name": null, "name:en": null, "name:ru": null, "office": null, "opening_hours": null, "operator": null, "phone": null, "power": null, "ref:sobory.ru": null, "ref:temples.ru": null, "religion": null, "roof:shape": null, "shop": null, "source:addr": null, "source:housenumber": null, "start_date": null, "tomb": null, "tourism": null, "type": null, "was:amenity": null, "website": null, "wikidata": null, "wikipedia": null, "is_living": false}, "geometry": {"type": "Polygon", "coordinates": [[[35.9001472, 56.2298317], [35.8999879, 56.2297331], [35.9000912, 56.2296815], [35.9002504, 56.2297801], [35.9001472, 56.2298317]]]}}, {"type": "Feature", "properties": {"id": "way/636620153", "@id": "way/636620153", "abandoned": null, "addr:city": null, "addr:housenumber": null, "addr:place": null, "addr:postcode": null, "addr:street": null, "alt_name": null, "amenity": null, "building": "yes", "building:levels": null, "cuisine": null, "denomination": null, "government": null, "historic": null, "inscription": null, "layer": null, "memorial": null, "name": null, "name:en": null, "name:ru": null, "office": null, "opening_hours": null, "operator": null, "phone": null, "power": null, "ref:sobory.ru": null, "ref:temples.ru": null, "religion": null, "roof:shape": null, "shop": null, "source:addr": null, "source:housenumber": null, "start_date": null, "tomb": null, "tourism": null, "type": null, "was:amenity": null, "website": null, "wikidata": null, "wikipedia": null, "is_living": false}, "geometry": {"type": "Polygon", "coordinates": [[[35.898655, 56.2305824], [35.8985741, 56.2304356], [35.898854, 56.2303879], [35.8988718, 56.2304203], [35.8990156, 56.2303958], [35.8990819, 56.2305161], [35.8989189, 56.2305439], [35.8989042, 56.2305171], [35.8987259, 56.2305475], [35.8987374, 56.2305684], [35.898655, 56.2305824]]]}}, {"type": "Feature", "properties": {"id": "way/636780323", "@id": "way/636780323", "abandoned": null, "addr:city": null, "addr:housenumber": "111", "addr:place": "Ошейкино", "addr:postcode": null, "addr:street": null, "alt_name": null, "amenity": null, "building": "yes", "building:levels": null, "cuisine": null, "denomination": null, "government": null, "historic": null, "inscription": null, "layer": null, "memorial": null, "name": null, "name:en": null, "name:ru": null, "office": null, "opening_hours": null, "operator": null, "phone": null, "power": null, "ref:sobory.ru": null, "ref:temples.ru": null, "religion": null, "roof:shape": null, "shop": null, "source:addr": "ЕГРН", "source:housenumber": null, "start_date": null, "tomb": null, "tourism": null, "type": null, "was:amenity": null, "website": null, "wikidata": null, "wikipedia": null, "is_living": false}, "geometry": {"type": "Polygon", "coordinates": [[[35.9033212, 56.2614742], [35.9032895, 56.2613624], [35.9037788, 56.2613197], [35.9038104, 56.2614314], [35.9033212, 56.2614742]]]}}, {"type": "Feature", "properties": {"id": "way/636837844", "@id": "way/636837844", "abandoned": null, "addr:city": null, "addr:housenumber": null, "addr:place": null, "addr:postcode": null, "addr:street": null, "alt_name": null, "amenity": null, "building": "yes", "building:levels": null, "cuisine": null, "denomination": null, "government": null, "historic": null, "inscription": null, "layer": null, "memorial": null, "name": null, "name:en": null, "name:ru": null, "office": null, "opening_hours": null, "operator": null, "phone": null, "power": null, "ref:sobory.ru": null, "ref:temples.ru": null, "religion": null, "roof:shape": null, "shop": null, "source:addr": null, "source:housenumber": null, "start_date": null, "tomb": null, "tourism": null, "type": null, "was:amenity": null, "website": null, "wikidata": null, "wikipedia": null, "is_living": false}, "geometry": {"type": "Polygon", "coordinates": [[[35.9212614, 56.2647155], [35.9209314, 56.2646195], [35.9210226, 56.2645228], [35.9213526, 56.2646188], [35.9212614, 56.2647155]]]}}, {"type": "Feature", "properties": {"id": "way/636837851", "@id": "way/636837851", "abandoned": null, "addr:city": null, "addr:housenumber": null, "addr:place": null, "addr:postcode": null, "addr:street": null, "alt_name": null, "amenity": null, "building": "yes", "building:levels": null, "cuisine": null, "denomination": null, "government": null, "historic": null, "inscription": null, "layer": null, "memorial": null, "name": null, "name:en": null, "name:ru": null, "office": null, "opening_hours": null, "operator": null, "phone": null, "power": null, "ref:sobory.ru": null, "ref:temples.ru": null, "religion": null, "roof:shape": null, "shop": null, "source:addr": null, "source:housenumber": null, "start_date": null, "tomb": null, "tourism": null, "type": null, "was:amenity": null, "website": null, "wikidata": null, "wikipedia": null, "is_living": false}, "geometry": {"type": "Polygon", "coordinates": [[[35.9194319, 56.2643059], [35.9189207, 56.2641099], [35.9190919, 56.2639721], [35.9196032, 56.2641682], [35.9194319, 56.2643059]]]}}, {"type": "Feature", "properties": {"id": "way/636843098", "@id": "way/636843098", "abandoned": null, "addr:city": null, "addr:housenumber": null, "addr:place": null, "addr:postcode": null, "addr:street": null, "alt_name": null, "amenity": null, "building": "garages", "building:levels": null, "cuisine": null, "denomination": null, "government": null, "historic": null, "inscription": null, "layer": null, "memorial": null, "name": null, "name:en": null, "name:ru": null, "office": null, "opening_hours": null, "operator": null, "phone": null, "power": null, "ref:sobory.ru": null, "ref:temples.ru": null, "religion": null, "roof:shape": null, "shop": null, "source:addr": null, "source:housenumber": null, "start_date": null, "tomb": null, "tourism": null, "type": null, "was:amenity": null, "website": null, "wikidata": null, "wikipedia": null, "is_living": false}, "geometry": {"type": "Polygon", "coordinates": [[[35.9069568, 56.2671729], [35.9064022, 56.2670555], [35.9064686, 56.2669587], [35.9070233, 56.2670761], [35.9069568, 56.2671729]]]}}, {"type": "Feature", "properties": {"id": "way/636843099", "@id": "way/636843099", "abandoned": null, "addr:city": null, "addr:housenumber": null, "addr:place": null, "addr:postcode": null, "addr:street": null, "alt_name": null, "amenity": null, "building": "garages", "building:levels": null, "cuisine": null, "denomination": null, "government": null, "historic": null, "inscription": null, "layer": null, "memorial": null, "name": null, "name:en": null, "name:ru": null, "office": null, "opening_hours": null, "operator": null, "phone": null, "power": null, "ref:sobory.ru": null, "ref:temples.ru": null, "religion": null, "roof:shape": null, "shop": null, "source:addr": null, "source:housenumber": null, "start_date": null, "tomb": null, "tourism": null, "type": null, "was:amenity": null, "website": null, "wikidata": null, "wikipedia": null, "is_living": false}, "geometry": {"type": "Polygon", "coordinates": [[[35.9062759, 56.2672073], [35.9063139, 56.267146], [35.9064252, 56.2671672], [35.9064419, 56.2671402], [35.9068915, 56.2672259], [35.9068369, 56.2673143], [35.9062759, 56.2672073]]]}}, {"type": "Feature", "properties": {"id": "way/636843100", "@id": "way/636843100", "abandoned": null, "addr:city": null, "addr:housenumber": null, "addr:place": null, "addr:postcode": null, "addr:street": null, "alt_name": null, "amenity": null, "building": "garages", "building:levels": null, "cuisine": null, "denomination": null, "government": null, "historic": null, "inscription": null, "layer": null, "memorial": null, "name": null, "name:en": null, "name:ru": null, "office": null, "opening_hours": null, "operator": null, "phone": null, "power": null, "ref:sobory.ru": null, "ref:temples.ru": null, "religion": null, "roof:shape": null, "shop": null, "source:addr": null, "source:housenumber": null, "start_date": null, "tomb": null, "tourism": null, "type": null, "was:amenity": null, "website": null, "wikidata": null, "wikipedia": null, "is_living": false}, "geometry": {"type": "Polygon", "coordinates": [[[35.9076299, 56.2675115], [35.9070355, 56.2673697], [35.9071033, 56.267282], [35.9076978, 56.2674238], [35.9076299, 56.2675115]]]}}, {"type": "Feature", "properties": {"id": "way/636843101", "@id": "way/636843101", "abandoned": null, "addr:city": null, "addr:housenumber": null, "addr:place": null, "addr:postcode": null, "addr:street": null, "alt_name": null, "amenity": null, "building": "garages", "building:levels": null, "cuisine": null, "denomination": null, "government": null, "historic": null, "inscription": null, "layer": null, "memorial": null, "name": null, "name:en": null, "name:ru": null, "office": null, "opening_hours": null, "operator": null, "phone": null, "power": null, "ref:sobory.ru": null, "ref:temples.ru": null, "religion": null, "roof:shape": null, "shop": null, "source:addr": null, "source:housenumber": null, "start_date": null, "tomb": null, "tourism": null, "type": null, "was:amenity": null, "website": null, "wikidata": null, "wikipedia": null, "is_living": false}, "geometry": {"type": "Polygon", "coordinates": [[[35.9067594, 56.267516], [35.9064295, 56.267446], [35.9064485, 56.2674183], [35.906302, 56.2673872], [35.9062793, 56.2674202], [35.9061031, 56.2673828], [35.9061681, 56.2672883], [35.9068208, 56.2674268], [35.9067594, 56.267516]]]}}, {"type": "Feature", "properties": {"id": "way/636843104", "@id": "way/636843104", "abandoned": null, "addr:city": null, "addr:housenumber": null, "addr:place": null, "addr:postcode": null, "addr:street": null, "alt_name": null, "amenity": null, "building": "garages", "building:levels": null, "cuisine": null, "denomination": null, "government": null, "historic": null, "inscription": null, "layer": null, "memorial": null, "name": null, "name:en": null, "name:ru": null, "office": null, "opening_hours": null, "operator": null, "phone": null, "power": null, "ref:sobory.ru": null, "ref:temples.ru": null, "religion": null, "roof:shape": null, "shop": null, "source:addr": null, "source:housenumber": null, "start_date": null, "tomb": null, "tourism": null, "type": null, "was:amenity": null, "website": null, "wikidata": null, "wikipedia": null, "is_living": false}, "geometry": {"type": "Polygon", "coordinates": [[[35.9056379, 56.2665564], [35.904905, 56.2663917], [35.9049584, 56.2663184], [35.9056914, 56.2664831], [35.9056379, 56.2665564]]]}}, {"type": "Feature", "properties": {"id": "way/636843106", "@id": "way/636843106", "abandoned": null, "addr:city": null, "addr:housenumber": null, "addr:place": null, "addr:postcode": null, "addr:street": null, "alt_name": null, "amenity": null, "building": "garages", "building:levels": null, "cuisine": null, "denomination": null, "government": null, "historic": null, "inscription": null, "layer": null, "memorial": null, "name": null, "name:en": null, "name:ru": null, "office": null, "opening_hours": null, "operator": null, "phone": null, "power": null, "ref:sobory.ru": null, "ref:temples.ru": null, "religion": null, "roof:shape": null, "shop": null, "source:addr": null, "source:housenumber": null, "start_date": null, "tomb": null, "tourism": null, "type": null, "was:amenity": null, "website": null, "wikidata": null, "wikipedia": null, "is_living": false}, "geometry": {"type": "Polygon", "coordinates": [[[35.9075952, 56.2675839], [35.9075258, 56.2676867], [35.90696, 56.2675689], [35.9070295, 56.2674661], [35.9075952, 56.2675839]]]}}, {"type": "Feature", "properties": {"id": "way/636843107", "@id": "way/636843107", "abandoned": null, "addr:city": null, "addr:housenumber": null, "addr:place": null, "addr:postcode": null, "addr:street": null, "alt_name": null, "amenity": null, "building": "garages", "building:levels": null, "cuisine": null, "denomination": null, "government": null, "historic": null, "inscription": null, "layer": null, "memorial": null, "name": null, "name:en": null, "name:ru": null, "office": null, "opening_hours": null, "operator": null, "phone": null, "power": null, "ref:sobory.ru": null, "ref:temples.ru": null, "religion": null, "roof:shape": null, "shop": null, "source:addr": null, "source:housenumber": null, "start_date": null, "tomb": null, "tourism": null, "type": null, "was:amenity": null, "website": null, "wikidata": null, "wikipedia": null, "is_living": false}, "geometry": {"type": "Polygon", "coordinates": [[[35.9077383, 56.2673566], [35.9071893, 56.2672248], [35.9072725, 56.2671179], [35.9078215, 56.2672497], [35.9077383, 56.2673566]]]}}, {"type": "Feature", "properties": {"id": "way/636843108", "@id": "way/636843108", "abandoned": null, "addr:city": null, "addr:housenumber": null, "addr:place": null, "addr:postcode": null, "addr:street": null, "alt_name": null, "amenity": null, "building": "garages", "building:levels": null, "cuisine": null, "denomination": null, "government": null, "historic": null, "inscription": null, "layer": null, "memorial": null, "name": null, "name:en": null, "name:ru": null, "office": null, "opening_hours": null, "operator": null, "phone": null, "power": null, "ref:sobory.ru": null, "ref:temples.ru": null, "religion": null, "roof:shape": null, "shop": null, "source:addr": null, "source:housenumber": null, "start_date": null, "tomb": null, "tourism": null, "type": null, "was:amenity": null, "website": null, "wikidata": null, "wikipedia": null, "is_living": false}, "geometry": {"type": "Polygon", "coordinates": [[[35.9062387, 56.2670121], [35.9057235, 56.2668631], [35.9057973, 56.2667844], [35.9063125, 56.2669335], [35.9062387, 56.2670121]]]}}, {"type": "Feature", "properties": {"id": "way/636933469", "@id": "way/636933469", "abandoned": null, "addr:city": null, "addr:housenumber": null, "addr:place": null, "addr:postcode": null, "addr:street": null, "alt_name": null, "amenity": null, "building": "yes", "building:levels": null, "cuisine": null, "denomination": null, "government": null, "historic": null, "inscription": null, "layer": null, "memorial": null, "name": null, "name:en": null, "name:ru": null, "office": null, "opening_hours": null, "operator": null, "phone": null, "power": null, "ref:sobory.ru": null, "ref:temples.ru": null, "religion": null, "roof:shape": null, "shop": null, "source:addr": null, "source:housenumber": null, "start_date": null, "tomb": null, "tourism": null, "type": null, "was:amenity": null, "website": null, "wikidata": null, "wikipedia": null, "is_living": false}, "geometry": {"type": "Polygon", "coordinates": [[[35.9107641, 56.2691581], [35.9103393, 56.2688496], [35.9105224, 56.2687718], [35.9108988, 56.2690451], [35.910837, 56.2690713], [35.9108855, 56.2691065], [35.9107641, 56.2691581]]]}}, {"type": "Feature", "properties": {"id": "way/636933480", "@id": "way/636933480", "abandoned": null, "addr:city": null, "addr:housenumber": null, "addr:place": null, "addr:postcode": null, "addr:street": null, "alt_name": null, "amenity": null, "building": "garages", "building:levels": null, "cuisine": null, "denomination": null, "government": null, "historic": null, "inscription": null, "layer": null, "memorial": null, "name": null, "name:en": null, "name:ru": null, "office": null, "opening_hours": null, "operator": null, "phone": null, "power": null, "ref:sobory.ru": null, "ref:temples.ru": null, "religion": null, "roof:shape": null, "shop": null, "source:addr": null, "source:housenumber": null, "start_date": null, "tomb": null, "tourism": null, "type": null, "was:amenity": null, "website": null, "wikidata": null, "wikipedia": null, "is_living": false}, "geometry": {"type": "Polygon", "coordinates": [[[35.9123852, 56.2681504], [35.9122932, 56.2681109], [35.9127717, 56.2677674], [35.9128637, 56.2678069], [35.9123852, 56.2681504]]]}}, {"type": "Feature", "properties": {"id": "way/637128986", "@id": "way/637128986", "abandoned": null, "addr:city": null, "addr:housenumber": null, "addr:place": null, "addr:postcode": null, "addr:street": null, "alt_name": null, "amenity": null, "building": "yes", "building:levels": null, "cuisine": null, "denomination": null, "government": null, "historic": null, "inscription": null, "layer": null, "memorial": null, "name": null, "name:en": null, "name:ru": null, "office": null, "opening_hours": null, "operator": null, "phone": null, "power": null, "ref:sobory.ru": null, "ref:temples.ru": null, "religion": null, "roof:shape": null, "shop": null, "source:addr": null, "source:housenumber": null, "start_date": null, "tomb": null, "tourism": null, "type": null, "was:amenity": null, "website": null, "wikidata": null, "wikipedia": null, "is_living": false}, "geometry": {"type": "Polygon", "coordinates": [[[35.9237584, 56.2634968], [35.9237441, 56.2633843], [35.9243381, 56.2633609], [35.9243524, 56.2634734], [35.9237584, 56.2634968]]]}}, {"type": "Feature", "properties": {"id": "way/637128988", "@id": "way/637128988", "abandoned": null, "addr:city": null, "addr:housenumber": "70", "addr:place": "Бородино", "addr:postcode": null, "addr:street": null, "alt_name": null, "amenity": null, "building": "yes", "building:levels": "1", "cuisine": null, "denomination": null, "government": null, "historic": null, "inscription": null, "layer": null, "memorial": null, "name": null, "name:en": null, "name:ru": null, "office": null, "opening_hours": null, "operator": null, "phone": null, "power": null, "ref:sobory.ru": null, "ref:temples.ru": null, "religion": null, "roof:shape": null, "shop": null, "source:addr": "ЕГРН", "source:housenumber": null, "start_date": "1987", "tomb": null, "tourism": null, "type": null, "was:amenity": null, "website": null, "wikidata": null, "wikipedia": null, "is_living": false}, "geometry": {"type": "Polygon", "coordinates": [[[35.9240003, 56.263214], [35.9238868, 56.2627278], [35.92417, 56.2627075], [35.9242835, 56.2631936], [35.9240003, 56.263214]]]}}, {"type": "Feature", "properties": {"id": "way/637128991", "@id": "way/637128991", "abandoned": null, "addr:city": null, "addr:housenumber": null, "addr:place": null, "addr:postcode": null, "addr:street": null, "alt_name": null, "amenity": null, "building": "yes", "building:levels": null, "cuisine": null, "denomination": null, "government": null, "historic": null, "inscription": null, "layer": null, "memorial": null, "name": null, "name:en": null, "name:ru": null, "office": null, "opening_hours": null, "operator": null, "phone": null, "power": null, "ref:sobory.ru": null, "ref:temples.ru": null, "religion": null, "roof:shape": null, "shop": null, "source:addr": null, "source:housenumber": null, "start_date": null, "tomb": null, "tourism": null, "type": null, "was:amenity": null, "website": null, "wikidata": null, "wikipedia": null, "is_living": false}, "geometry": {"type": "Polygon", "coordinates": [[[35.9249227, 56.2626461], [35.9249162, 56.2625539], [35.9252327, 56.262547], [35.9252391, 56.2626392], [35.9249227, 56.2626461]]]}}, {"type": "Feature", "properties": {"id": "way/637128992", "@id": "way/637128992", "abandoned": null, "addr:city": null, "addr:housenumber": null, "addr:place": null, "addr:postcode": null, "addr:street": null, "alt_name": null, "amenity": null, "building": "yes", "building:levels": null, "cuisine": null, "denomination": null, "government": null, "historic": null, "inscription": null, "layer": null, "memorial": null, "name": null, "name:en": null, "name:ru": null, "office": null, "opening_hours": null, "operator": null, "phone": null, "power": null, "ref:sobory.ru": null, "ref:temples.ru": null, "religion": null, "roof:shape": null, "shop": null, "source:addr": null, "source:housenumber": null, "start_date": null, "tomb": null, "tourism": null, "type": null, "was:amenity": null, "website": null, "wikidata": null, "wikipedia": null, "is_living": false}, "geometry": {"type": "Polygon", "coordinates": [[[35.9235154, 56.2626442], [35.923502, 56.2625361], [35.9238891, 56.2625212], [35.9239026, 56.2626294], [35.9235154, 56.2626442]]]}}, {"type": "Feature", "properties": {"id": "way/637128993", "@id": "way/637128993", "abandoned": null, "addr:city": null, "addr:housenumber": null, "addr:place": null, "addr:postcode": null, "addr:street": null, "alt_name": null, "amenity": null, "building": "yes", "building:levels": null, "cuisine": null, "denomination": null, "government": null, "historic": null, "inscription": null, "layer": null, "memorial": null, "name": null, "name:en": null, "name:ru": null, "office": null, "opening_hours": null, "operator": null, "phone": null, "power": null, "ref:sobory.ru": null, "ref:temples.ru": null, "religion": null, "roof:shape": null, "shop": null, "source:addr": null, "source:housenumber": null, "start_date": null, "tomb": null, "tourism": null, "type": null, "was:amenity": null, "website": null, "wikidata": null, "wikipedia": null, "is_living": false}, "geometry": {"type": "Polygon", "coordinates": [[[35.9248804, 56.2640459], [35.9248686, 56.2639373], [35.9250632, 56.2639307], [35.925075, 56.2640393], [35.9248804, 56.2640459]]]}}, {"type": "Feature", "properties": {"id": "way/637128996", "@id": "way/637128996", "abandoned": null, "addr:city": null, "addr:housenumber": null, "addr:place": null, "addr:postcode": null, "addr:street": null, "alt_name": null, "amenity": null, "building": "yes", "building:levels": null, "cuisine": null, "denomination": null, "government": null, "historic": null, "inscription": null, "layer": null, "memorial": null, "name": null, "name:en": null, "name:ru": null, "office": null, "opening_hours": null, "operator": null, "phone": null, "power": null, "ref:sobory.ru": null, "ref:temples.ru": null, "religion": null, "roof:shape": null, "shop": null, "source:addr": null, "source:housenumber": null, "start_date": null, "tomb": null, "tourism": null, "type": null, "was:amenity": null, "website": null, "wikidata": null, "wikipedia": null, "is_living": false}, "geometry": {"type": "Polygon", "coordinates": [[[35.9233599, 56.2634727], [35.9232637, 56.2634742], [35.9232667, 56.2635351], [35.9230333, 56.2635386], [35.9230038, 56.2629347], [35.9233334, 56.2629298], [35.9233599, 56.2634727]]]}}, {"type": "Feature", "properties": {"id": "way/637130182", "@id": "way/637130182", "abandoned": null, "addr:city": null, "addr:housenumber": null, "addr:place": null, "addr:postcode": null, "addr:street": null, "alt_name": null, "amenity": null, "building": "yes", "building:levels": null, "cuisine": null, "denomination": null, "government": null, "historic": null, "inscription": null, "layer": null, "memorial": null, "name": null, "name:en": null, "name:ru": null, "office": null, "opening_hours": null, "operator": null, "phone": null, "power": null, "ref:sobory.ru": null, "ref:temples.ru": null, "religion": null, "roof:shape": null, "shop": null, "source:addr": null, "source:housenumber": null, "start_date": null, "tomb": null, "tourism": null, "type": null, "was:amenity": null, "website": null, "wikidata": null, "wikipedia": null, "is_living": false}, "geometry": {"type": "Polygon", "coordinates": [[[35.9276898, 56.2639137], [35.9277087, 56.2634163], [35.92789, 56.2634185], [35.927871, 56.2639158], [35.9276898, 56.2639137]]]}}, {"type": "Feature", "properties": {"id": "way/637130183", "@id": "way/637130183", "abandoned": null, "addr:city": null, "addr:housenumber": null, "addr:place": null, "addr:postcode": null, "addr:street": null, "alt_name": null, "amenity": null, "building": "yes", "building:levels": null, "cuisine": null, "denomination": null, "government": null, "historic": null, "inscription": null, "layer": null, "memorial": null, "name": null, "name:en": null, "name:ru": null, "office": null, "opening_hours": null, "operator": null, "phone": null, "power": null, "ref:sobory.ru": null, "ref:temples.ru": null, "religion": null, "roof:shape": null, "shop": null, "source:addr": null, "source:housenumber": null, "start_date": null, "tomb": null, "tourism": null, "type": null, "was:amenity": null, "website": null, "wikidata": null, "wikipedia": null, "is_living": false}, "geometry": {"type": "Polygon", "coordinates": [[[35.9239336, 56.2610947], [35.9237593, 56.2603833], [35.9241144, 56.2603565], [35.9242887, 56.2610679], [35.9239336, 56.2610947]]]}}, {"type": "Feature", "properties": {"id": "way/637130184", "@id": "way/637130184", "abandoned": null, "addr:city": null, "addr:housenumber": null, "addr:place": null, "addr:postcode": null, "addr:street": null, "alt_name": null, "amenity": null, "building": "yes", "building:levels": null, "cuisine": null, "denomination": null, "government": null, "historic": null, "inscription": null, "layer": null, "memorial": null, "name": null, "name:en": null, "name:ru": null, "office": null, "opening_hours": null, "operator": null, "phone": null, "power": null, "ref:sobory.ru": null, "ref:temples.ru": null, "religion": null, "roof:shape": null, "shop": null, "source:addr": null, "source:housenumber": null, "start_date": null, "tomb": null, "tourism": null, "type": null, "was:amenity": null, "website": null, "wikidata": null, "wikipedia": null, "is_living": false}, "geometry": {"type": "Polygon", "coordinates": [[[35.9252408, 56.2601778], [35.9243881, 56.2601974], [35.9243764, 56.2600386], [35.925229, 56.2600191], [35.9252408, 56.2601778]]]}}, {"type": "Feature", "properties": {"id": "way/637130185", "@id": "way/637130185", "abandoned": null, "addr:city": null, "addr:housenumber": null, "addr:place": null, "addr:postcode": null, "addr:street": null, "alt_name": null, "amenity": null, "building": "yes", "building:levels": null, "cuisine": null, "denomination": null, "government": null, "historic": null, "inscription": null, "layer": null, "memorial": null, "name": null, "name:en": null, "name:ru": null, "office": null, "opening_hours": null, "operator": null, "phone": null, "power": null, "ref:sobory.ru": null, "ref:temples.ru": null, "religion": null, "roof:shape": null, "shop": null, "source:addr": null, "source:housenumber": null, "start_date": null, "tomb": null, "tourism": null, "type": null, "was:amenity": null, "website": null, "wikidata": null, "wikipedia": null, "is_living": false}, "geometry": {"type": "Polygon", "coordinates": [[[35.9267422, 56.2620974], [35.9266776, 56.2614017], [35.9270114, 56.2613921], [35.927076, 56.2620879], [35.9267422, 56.2620974]]]}}, {"type": "Feature", "properties": {"id": "way/637130187", "@id": "way/637130187", "abandoned": null, "addr:city": null, "addr:housenumber": null, "addr:place": null, "addr:postcode": null, "addr:street": null, "alt_name": null, "amenity": null, "building": "yes", "building:levels": null, "cuisine": null, "denomination": null, "government": null, "historic": null, "inscription": null, "layer": null, "memorial": null, "name": null, "name:en": null, "name:ru": null, "office": null, "opening_hours": null, "operator": null, "phone": null, "power": null, "ref:sobory.ru": null, "ref:temples.ru": null, "religion": null, "roof:shape": null, "shop": null, "source:addr": null, "source:housenumber": null, "start_date": null, "tomb": null, "tourism": null, "type": null, "was:amenity": null, "website": null, "wikidata": null, "wikipedia": null, "is_living": false}, "geometry": {"type": "Polygon", "coordinates": [[[35.9263569, 56.2621023], [35.9260135, 56.2621101], [35.9259631, 56.2614219], [35.9263065, 56.2614141], [35.9263569, 56.2621023]]]}}, {"type": "Feature", "properties": {"id": "way/637130188", "@id": "way/637130188", "abandoned": null, "addr:city": null, "addr:housenumber": null, "addr:place": null, "addr:postcode": null, "addr:street": null, "alt_name": null, "amenity": null, "building": "yes", "building:levels": null, "cuisine": null, "denomination": null, "government": null, "historic": null, "inscription": null, "layer": null, "memorial": null, "name": null, "name:en": null, "name:ru": null, "office": null, "opening_hours": null, "operator": null, "phone": null, "power": null, "ref:sobory.ru": null, "ref:temples.ru": null, "religion": null, "roof:shape": null, "shop": null, "source:addr": null, "source:housenumber": null, "start_date": null, "tomb": null, "tourism": null, "type": null, "was:amenity": null, "website": null, "wikidata": null, "wikipedia": null, "is_living": false}, "geometry": {"type": "Polygon", "coordinates": [[[35.9278458, 56.2631405], [35.927492, 56.2631452], [35.9274616, 56.2624502], [35.9277806, 56.2624459], [35.927791, 56.2626826], [35.9280192, 56.2626796], [35.9280252, 56.2628173], [35.9278318, 56.2628199], [35.9278458, 56.2631405]]]}}, {"type": "Feature", "properties": {"id": "way/637130189", "@id": "way/637130189", "abandoned": null, "addr:city": null, "addr:housenumber": null, "addr:place": null, "addr:postcode": null, "addr:street": null, "alt_name": null, "amenity": null, "building": "yes", "building:levels": null, "cuisine": null, "denomination": null, "government": null, "historic": null, "inscription": null, "layer": null, "memorial": null, "name": null, "name:en": null, "name:ru": null, "office": null, "opening_hours": null, "operator": null, "phone": null, "power": null, "ref:sobory.ru": null, "ref:temples.ru": null, "religion": null, "roof:shape": null, "shop": null, "source:addr": null, "source:housenumber": null, "start_date": null, "tomb": null, "tourism": null, "type": null, "was:amenity": null, "website": null, "wikidata": null, "wikipedia": null, "is_living": false}, "geometry": {"type": "Polygon", "coordinates": [[[35.9289478, 56.2624469], [35.9289484, 56.262394], [35.929053, 56.2623944], [35.9290523, 56.2624473], [35.9289478, 56.2624469]]]}}, {"type": "Feature", "properties": {"id": "way/637130190", "@id": "way/637130190", "abandoned": null, "addr:city": null, "addr:housenumber": null, "addr:place": null, "addr:postcode": null, "addr:street": null, "alt_name": null, "amenity": null, "building": "yes", "building:levels": null, "cuisine": null, "denomination": null, "government": null, "historic": null, "inscription": null, "layer": null, "memorial": null, "name": null, "name:en": null, "name:ru": null, "office": null, "opening_hours": null, "operator": null, "phone": null, "power": null, "ref:sobory.ru": null, "ref:temples.ru": null, "religion": null, "roof:shape": null, "shop": null, "source:addr": null, "source:housenumber": null, "start_date": null, "tomb": null, "tourism": null, "type": null, "was:amenity": null, "website": null, "wikidata": null, "wikipedia": null, "is_living": false}, "geometry": {"type": "Polygon", "coordinates": [[[35.9264489, 56.2631529], [35.9260935, 56.2631619], [35.9260373, 56.2624744], [35.9263926, 56.2624654], [35.9264489, 56.2631529]]]}}, {"type": "Feature", "properties": {"id": "way/637130191", "@id": "way/637130191", "abandoned": null, "addr:city": null, "addr:housenumber": null, "addr:place": null, "addr:postcode": null, "addr:street": null, "alt_name": null, "amenity": null, "building": "yes", "building:levels": null, "cuisine": null, "denomination": null, "government": null, "historic": null, "inscription": null, "layer": null, "memorial": null, "name": null, "name:en": null, "name:ru": null, "office": null, "opening_hours": null, "operator": null, "phone": null, "power": null, "ref:sobory.ru": null, "ref:temples.ru": null, "religion": null, "roof:shape": null, "shop": null, "source:addr": null, "source:housenumber": null, "start_date": null, "tomb": null, "tourism": null, "type": null, "was:amenity": null, "website": null, "wikidata": null, "wikipedia": null, "is_living": false}, "geometry": {"type": "Polygon", "coordinates": [[[35.9262271, 56.2640087], [35.9262049, 56.2635044], [35.9263939, 56.2635018], [35.9264161, 56.2640061], [35.9262271, 56.2640087]]]}}, {"type": "Feature", "properties": {"id": "way/637130192", "@id": "way/637130192", "abandoned": null, "addr:city": null, "addr:housenumber": null, "addr:place": null, "addr:postcode": null, "addr:street": null, "alt_name": null, "amenity": null, "building": "yes", "building:levels": null, "cuisine": null, "denomination": null, "government": null, "historic": null, "inscription": null, "layer": null, "memorial": null, "name": null, "name:en": null, "name:ru": null, "office": null, "opening_hours": null, "operator": null, "phone": null, "power": null, "ref:sobory.ru": null, "ref:temples.ru": null, "religion": null, "roof:shape": null, "shop": null, "source:addr": null, "source:housenumber": null, "start_date": null, "tomb": null, "tourism": null, "type": null, "was:amenity": null, "website": null, "wikidata": null, "wikipedia": null, "is_living": false}, "geometry": {"type": "Polygon", "coordinates": [[[35.9231992, 56.2602351], [35.9231835, 56.2600651], [35.9240482, 56.2600404], [35.9240639, 56.2602104], [35.9231992, 56.2602351]]]}}, {"type": "Feature", "properties": {"id": "way/637130193", "@id": "way/637130193", "abandoned": null, "addr:city": null, "addr:housenumber": null, "addr:place": null, "addr:postcode": null, "addr:street": null, "alt_name": null, "amenity": null, "building": "yes", "building:levels": null, "cuisine": null, "denomination": null, "government": null, "historic": null, "inscription": null, "layer": null, "memorial": null, "name": null, "name:en": null, "name:ru": null, "office": null, "opening_hours": null, "operator": null, "phone": null, "power": null, "ref:sobory.ru": null, "ref:temples.ru": null, "religion": null, "roof:shape": null, "shop": null, "source:addr": null, "source:housenumber": null, "start_date": null, "tomb": null, "tourism": null, "type": null, "was:amenity": null, "website": null, "wikidata": null, "wikipedia": null, "is_living": false}, "geometry": {"type": "Polygon", "coordinates": [[[35.9271841, 56.263141], [35.9268272, 56.2631475], [35.9267867, 56.2624616], [35.9271435, 56.2624551], [35.9271841, 56.263141]]]}}, {"type": "Feature", "properties": {"id": "way/637130194", "@id": "way/637130194", "abandoned": null, "addr:city": null, "addr:housenumber": "56", "addr:place": "Бородино", "addr:postcode": null, "addr:street": null, "alt_name": null, "amenity": null, "building": "yes", "building:levels": "1", "cuisine": null, "denomination": null, "government": null, "historic": null, "inscription": null, "layer": null, "memorial": null, "name": null, "name:en": null, "name:ru": null, "office": null, "opening_hours": null, "operator": null, "phone": null, "power": null, "ref:sobory.ru": null, "ref:temples.ru": null, "religion": null, "roof:shape": null, "shop": null, "source:addr": "ЕГРН", "source:housenumber": null, "start_date": "1974", "tomb": null, "tourism": null, "type": null, "was:amenity": null, "website": null, "wikidata": null, "wikipedia": null, "is_living": false}, "geometry": {"type": "Polygon", "coordinates": [[[35.9274962, 56.2620684], [35.9274641, 56.2613691], [35.9277963, 56.2613644], [35.9278109, 56.2616824], [35.9278879, 56.2616813], [35.9278909, 56.2617461], [35.9278017, 56.2617473], [35.9278162, 56.2620638], [35.9274962, 56.2620684]]]}}, {"type": "Feature", "properties": {"id": "way/637130195", "@id": "way/637130195", "abandoned": null, "addr:city": null, "addr:housenumber": null, "addr:place": null, "addr:postcode": null, "addr:street": null, "alt_name": null, "amenity": null, "building": "yes", "building:levels": null, "cuisine": null, "denomination": null, "government": null, "historic": null, "inscription": null, "layer": null, "memorial": null, "name": null, "name:en": null, "name:ru": null, "office": null, "opening_hours": null, "operator": null, "phone": null, "power": null, "ref:sobory.ru": null, "ref:temples.ru": null, "religion": null, "roof:shape": null, "shop": null, "source:addr": null, "source:housenumber": null, "start_date": null, "tomb": null, "tourism": null, "type": null, "was:amenity": null, "website": null, "wikidata": null, "wikipedia": null, "is_living": false}, "geometry": {"type": "Polygon", "coordinates": [[[35.9268912, 56.2639867], [35.9268636, 56.2635055], [35.9270527, 56.2635022], [35.9270802, 56.2639834], [35.9268912, 56.2639867]]]}}, {"type": "Feature", "properties": {"id": "way/637130196", "@id": "way/637130196", "abandoned": null, "addr:city": null, "addr:housenumber": null, "addr:place": null, "addr:postcode": null, "addr:street": null, "alt_name": null, "amenity": null, "building": "yes", "building:levels": null, "cuisine": null, "denomination": null, "government": null, "historic": null, "inscription": null, "layer": null, "memorial": null, "name": null, "name:en": null, "name:ru": null, "office": null, "opening_hours": null, "operator": null, "phone": null, "power": null, "ref:sobory.ru": null, "ref:temples.ru": null, "religion": null, "roof:shape": null, "shop": null, "source:addr": null, "source:housenumber": null, "start_date": null, "tomb": null, "tourism": null, "type": null, "was:amenity": null, "website": null, "wikidata": null, "wikipedia": null, "is_living": false}, "geometry": {"type": "Polygon", "coordinates": [[[35.9274057, 56.2602424], [35.9273898, 56.2600121], [35.9279479, 56.2600003], [35.9279608, 56.2601879], [35.9276904, 56.2601936], [35.9276934, 56.2602363], [35.9274057, 56.2602424]]]}}, {"type": "Feature", "properties": {"id": "way/637130197", "@id": "way/637130197", "abandoned": null, "addr:city": null, "addr:housenumber": null, "addr:place": null, "addr:postcode": null, "addr:street": null, "alt_name": null, "amenity": null, "building": "yes", "building:levels": null, "cuisine": null, "denomination": null, "government": null, "historic": null, "inscription": null, "layer": null, "memorial": null, "name": null, "name:en": null, "name:ru": null, "office": null, "opening_hours": null, "operator": null, "phone": null, "power": null, "ref:sobory.ru": null, "ref:temples.ru": null, "religion": null, "roof:shape": null, "shop": null, "source:addr": null, "source:housenumber": null, "start_date": null, "tomb": null, "tourism": null, "type": null, "was:amenity": null, "website": null, "wikidata": null, "wikipedia": null, "is_living": false}, "geometry": {"type": "Polygon", "coordinates": [[[35.9260605, 56.2611246], [35.9259913, 56.2600389], [35.926579, 56.2600274], [35.9266431, 56.2610343], [35.926385, 56.2610394], [35.92639, 56.2611181], [35.9260605, 56.2611246]]]}}, {"type": "Feature", "properties": {"id": "way/637720702", "@id": "way/637720702", "abandoned": null, "addr:city": null, "addr:housenumber": null, "addr:place": null, "addr:postcode": null, "addr:street": null, "alt_name": null, "amenity": null, "building": "yes", "building:levels": null, "cuisine": null, "denomination": null, "government": null, "historic": null, "inscription": null, "layer": null, "memorial": null, "name": null, "name:en": null, "name:ru": null, "office": null, "opening_hours": null, "operator": null, "phone": null, "power": null, "ref:sobory.ru": null, "ref:temples.ru": null, "religion": null, "roof:shape": null, "shop": null, "source:addr": null, "source:housenumber": null, "start_date": null, "tomb": null, "tourism": null, "type": null, "was:amenity": null, "website": null, "wikidata": null, "wikipedia": null, "is_living": false}, "geometry": {"type": "Polygon", "coordinates": [[[35.7780356, 56.2721443], [35.7777469, 56.2721195], [35.7778793, 56.2716439], [35.778168, 56.2716687], [35.7780356, 56.2721443]]]}}, {"type": "Feature", "properties": {"id": "way/637720711", "@id": "way/637720711", "abandoned": null, "addr:city": null, "addr:housenumber": null, "addr:place": null, "addr:postcode": null, "addr:street": null, "alt_name": null, "amenity": null, "building": "yes", "building:levels": null, "cuisine": null, "denomination": null, "government": null, "historic": null, "inscription": null, "layer": null, "memorial": null, "name": null, "name:en": null, "name:ru": null, "office": null, "opening_hours": null, "operator": null, "phone": null, "power": null, "ref:sobory.ru": null, "ref:temples.ru": null, "religion": null, "roof:shape": null, "shop": null, "source:addr": null, "source:housenumber": null, "start_date": null, "tomb": null, "tourism": null, "type": null, "was:amenity": null, "website": null, "wikidata": null, "wikipedia": null, "is_living": false}, "geometry": {"type": "Polygon", "coordinates": [[[35.7744162, 56.273272], [35.7741294, 56.2732495], [35.7742497, 56.2727774], [35.7745365, 56.2727999], [35.7744162, 56.273272]]]}}, {"type": "Feature", "properties": {"id": "way/637720721", "@id": "way/637720721", "abandoned": null, "addr:city": null, "addr:housenumber": null, "addr:place": null, "addr:postcode": null, "addr:street": null, "alt_name": null, "amenity": null, "building": "yes", "building:levels": null, "cuisine": null, "denomination": null, "government": null, "historic": null, "inscription": null, "layer": null, "memorial": null, "name": null, "name:en": null, "name:ru": null, "office": null, "opening_hours": null, "operator": null, "phone": null, "power": null, "ref:sobory.ru": null, "ref:temples.ru": null, "religion": null, "roof:shape": null, "shop": null, "source:addr": null, "source:housenumber": null, "start_date": null, "tomb": null, "tourism": null, "type": null, "was:amenity": null, "website": null, "wikidata": null, "wikipedia": null, "is_living": false}, "geometry": {"type": "Polygon", "coordinates": [[[35.7750208, 56.2733287], [35.7747403, 56.2733062], [35.7748659, 56.2728248], [35.7751464, 56.2728473], [35.7750208, 56.2733287]]]}}, {"type": "Feature", "properties": {"id": "way/637720731", "@id": "way/637720731", "abandoned": null, "addr:city": null, "addr:housenumber": null, "addr:place": null, "addr:postcode": null, "addr:street": null, "alt_name": null, "amenity": null, "building": "yes", "building:levels": null, "cuisine": null, "denomination": null, "government": null, "historic": null, "inscription": null, "layer": null, "memorial": null, "name": null, "name:en": null, "name:ru": null, "office": null, "opening_hours": null, "operator": null, "phone": null, "power": null, "ref:sobory.ru": null, "ref:temples.ru": null, "religion": null, "roof:shape": null, "shop": null, "source:addr": null, "source:housenumber": null, "start_date": null, "tomb": null, "tourism": null, "type": null, "was:amenity": null, "website": null, "wikidata": null, "wikipedia": null, "is_living": false}, "geometry": {"type": "Polygon", "coordinates": [[[35.7762042, 56.2744048], [35.7758525, 56.2743728], [35.7760098, 56.2738403], [35.7756452, 56.2738071], [35.7754888, 56.2743369], [35.7751222, 56.2743035], [35.7753269, 56.2736106], [35.7764096, 56.2737092], [35.7762042, 56.2744048]]]}}, {"type": "Feature", "properties": {"id": "way/638573933", "@id": "way/638573933", "abandoned": null, "addr:city": null, "addr:housenumber": null, "addr:place": null, "addr:postcode": null, "addr:street": null, "alt_name": null, "amenity": null, "building": "yes", "building:levels": null, "cuisine": null, "denomination": null, "government": null, "historic": null, "inscription": null, "layer": null, "memorial": null, "name": null, "name:en": null, "name:ru": null, "office": null, "opening_hours": null, "operator": null, "phone": null, "power": null, "ref:sobory.ru": null, "ref:temples.ru": null, "religion": null, "roof:shape": null, "shop": null, "source:addr": null, "source:housenumber": null, "start_date": null, "tomb": null, "tourism": null, "type": null, "was:amenity": null, "website": null, "wikidata": null, "wikipedia": null, "is_living": false}, "geometry": {"type": "Polygon", "coordinates": [[[35.9176616, 56.1917939], [35.9175414, 56.1917576], [35.917521, 56.1917515], [35.9176685, 56.1916], [35.9178462, 56.1916535], [35.9178125, 56.1916881], [35.9177755, 56.1916769], [35.9176616, 56.1917939]]]}}, {"type": "Feature", "properties": {"id": "way/638573935", "@id": "way/638573935", "abandoned": null, "addr:city": null, "addr:housenumber": "44", "addr:place": "Торфяной", "addr:postcode": null, "addr:street": null, "alt_name": null, "amenity": null, "building": "yes", "building:levels": null, "cuisine": null, "denomination": null, "government": null, "historic": null, "inscription": null, "layer": null, "memorial": null, "name": null, "name:en": null, "name:ru": null, "office": null, "opening_hours": null, "operator": null, "phone": null, "power": null, "ref:sobory.ru": null, "ref:temples.ru": null, "religion": null, "roof:shape": null, "shop": null, "source:addr": "ЕГРН", "source:housenumber": null, "start_date": null, "tomb": null, "tourism": null, "type": null, "was:amenity": null, "website": null, "wikidata": null, "wikipedia": null, "is_living": false}, "geometry": {"type": "Polygon", "coordinates": [[[35.9194077, 56.1922639], [35.9192999, 56.192381], [35.9190339, 56.1923052], [35.9191418, 56.1921881], [35.9194077, 56.1922639]]]}}, {"type": "Feature", "properties": {"id": "way/638573945", "@id": "way/638573945", "abandoned": null, "addr:city": null, "addr:housenumber": null, "addr:place": null, "addr:postcode": null, "addr:street": null, "alt_name": null, "amenity": null, "building": "yes", "building:levels": null, "cuisine": null, "denomination": null, "government": null, "historic": null, "inscription": null, "layer": null, "memorial": null, "name": null, "name:en": null, "name:ru": null, "office": null, "opening_hours": null, "operator": null, "phone": null, "power": null, "ref:sobory.ru": null, "ref:temples.ru": null, "religion": null, "roof:shape": null, "shop": null, "source:addr": null, "source:housenumber": null, "start_date": null, "tomb": null, "tourism": null, "type": null, "was:amenity": null, "website": null, "wikidata": null, "wikipedia": null, "is_living": false}, "geometry": {"type": "Polygon", "coordinates": [[[35.9175633, 56.1918929], [35.917441, 56.191853], [35.9175414, 56.1917576], [35.9176616, 56.1917939], [35.9175633, 56.1918929]]]}}, {"type": "Feature", "properties": {"id": "way/638573946", "@id": "way/638573946", "abandoned": null, "addr:city": null, "addr:housenumber": null, "addr:place": null, "addr:postcode": null, "addr:street": null, "alt_name": null, "amenity": null, "building": "yes", "building:levels": null, "cuisine": null, "denomination": null, "government": null, "historic": null, "inscription": null, "layer": null, "memorial": null, "name": null, "name:en": null, "name:ru": null, "office": null, "opening_hours": null, "operator": null, "phone": null, "power": null, "ref:sobory.ru": null, "ref:temples.ru": null, "religion": null, "roof:shape": null, "shop": null, "source:addr": null, "source:housenumber": null, "start_date": null, "tomb": null, "tourism": null, "type": null, "was:amenity": null, "website": null, "wikidata": null, "wikipedia": null, "is_living": false}, "geometry": {"type": "Polygon", "coordinates": [[[35.9197401, 56.1919263], [35.9195889, 56.191885], [35.9196339, 56.1918341], [35.9197851, 56.1918755], [35.9197401, 56.1919263]]]}}, {"type": "Feature", "properties": {"id": "way/638573956", "@id": "way/638573956", "abandoned": null, "addr:city": null, "addr:housenumber": null, "addr:place": null, "addr:postcode": null, "addr:street": null, "alt_name": null, "amenity": null, "building": "yes", "building:levels": null, "cuisine": null, "denomination": null, "government": null, "historic": null, "inscription": null, "layer": null, "memorial": null, "name": null, "name:en": null, "name:ru": null, "office": null, "opening_hours": null, "operator": null, "phone": null, "power": null, "ref:sobory.ru": null, "ref:temples.ru": null, "religion": null, "roof:shape": null, "shop": null, "source:addr": null, "source:housenumber": null, "start_date": null, "tomb": null, "tourism": null, "type": null, "was:amenity": null, "website": null, "wikidata": null, "wikipedia": null, "is_living": false}, "geometry": {"type": "Polygon", "coordinates": [[[35.9177727, 56.1916154], [35.9176718, 56.1915838], [35.9177692, 56.1914875], [35.9178701, 56.1915191], [35.9177727, 56.1916154]]]}}, {"type": "Feature", "properties": {"id": "way/638577102", "@id": "way/638577102", "abandoned": null, "addr:city": null, "addr:housenumber": null, "addr:place": null, "addr:postcode": null, "addr:street": null, "alt_name": null, "amenity": null, "building": "yes", "building:levels": null, "cuisine": null, "denomination": null, "government": null, "historic": null, "inscription": null, "layer": null, "memorial": null, "name": null, "name:en": null, "name:ru": null, "office": null, "opening_hours": null, "operator": null, "phone": null, "power": null, "ref:sobory.ru": null, "ref:temples.ru": null, "religion": null, "roof:shape": null, "shop": null, "source:addr": null, "source:housenumber": null, "start_date": null, "tomb": null, "tourism": null, "type": null, "was:amenity": null, "website": null, "wikidata": null, "wikipedia": null, "is_living": false}, "geometry": {"type": "Polygon", "coordinates": [[[35.9265786, 56.1916415], [35.9259752, 56.191605], [35.9259971, 56.1914935], [35.9266004, 56.1915301], [35.9265786, 56.1916415]]]}}, {"type": "Feature", "properties": {"id": "way/638577103", "@id": "way/638577103", "abandoned": null, "addr:city": null, "addr:housenumber": null, "addr:place": null, "addr:postcode": null, "addr:street": null, "alt_name": null, "amenity": null, "building": "yes", "building:levels": null, "cuisine": null, "denomination": null, "government": null, "historic": null, "inscription": null, "layer": null, "memorial": null, "name": null, "name:en": null, "name:ru": null, "office": null, "opening_hours": null, "operator": null, "phone": null, "power": null, "ref:sobory.ru": null, "ref:temples.ru": null, "religion": null, "roof:shape": null, "shop": null, "source:addr": null, "source:housenumber": null, "start_date": null, "tomb": null, "tourism": null, "type": null, "was:amenity": null, "website": null, "wikidata": null, "wikipedia": null, "is_living": false}, "geometry": {"type": "Polygon", "coordinates": [[[35.9258024, 56.1922544], [35.9258, 56.1923544], [35.9256726, 56.1923535], [35.9256749, 56.1922535], [35.9258024, 56.1922544]]]}}, {"type": "Feature", "properties": {"id": "way/638577106", "@id": "way/638577106", "abandoned": null, "addr:city": null, "addr:housenumber": null, "addr:place": null, "addr:postcode": null, "addr:street": null, "alt_name": null, "amenity": null, "building": "yes", "building:levels": null, "cuisine": null, "denomination": null, "government": null, "historic": null, "inscription": null, "layer": null, "memorial": null, "name": null, "name:en": null, "name:ru": null, "office": null, "opening_hours": null, "operator": null, "phone": null, "power": null, "ref:sobory.ru": null, "ref:temples.ru": null, "religion": null, "roof:shape": null, "shop": null, "source:addr": null, "source:housenumber": null, "start_date": null, "tomb": null, "tourism": null, "type": null, "was:amenity": null, "website": null, "wikidata": null, "wikipedia": null, "is_living": false}, "geometry": {"type": "Polygon", "coordinates": [[[35.9257595, 56.1930106], [35.9255561, 56.1930165], [35.9255494, 56.1929445], [35.9257528, 56.1929386], [35.9257595, 56.1930106]]]}}, {"type": "Feature", "properties": {"id": "way/638577115", "@id": "way/638577115", "abandoned": null, "addr:city": null, "addr:housenumber": null, "addr:place": null, "addr:postcode": null, "addr:street": null, "alt_name": null, "amenity": null, "building": "yes", "building:levels": null, "cuisine": null, "denomination": null, "government": null, "historic": null, "inscription": null, "layer": null, "memorial": null, "name": null, "name:en": null, "name:ru": null, "office": null, "opening_hours": null, "operator": null, "phone": null, "power": null, "ref:sobory.ru": null, "ref:temples.ru": null, "religion": null, "roof:shape": null, "shop": null, "source:addr": null, "source:housenumber": null, "start_date": null, "tomb": null, "tourism": null, "type": null, "was:amenity": null, "website": null, "wikidata": null, "wikipedia": null, "is_living": false}, "geometry": {"type": "Polygon", "coordinates": [[[35.9280162, 56.1936807], [35.9278528, 56.1936634], [35.9279504, 56.1933783], [35.9281137, 56.1933956], [35.9280162, 56.1936807]]]}}, {"type": "Feature", "properties": {"id": "way/638577116", "@id": "way/638577116", "abandoned": null, "addr:city": null, "addr:housenumber": null, "addr:place": null, "addr:postcode": null, "addr:street": null, "alt_name": null, "amenity": null, "building": "yes", "building:levels": null, "cuisine": null, "denomination": null, "government": null, "historic": null, "inscription": null, "layer": null, "memorial": null, "name": null, "name:en": null, "name:ru": null, "office": null, "opening_hours": null, "operator": null, "phone": null, "power": null, "ref:sobory.ru": null, "ref:temples.ru": null, "religion": null, "roof:shape": null, "shop": null, "source:addr": null, "source:housenumber": null, "start_date": null, "tomb": null, "tourism": null, "type": null, "was:amenity": null, "website": null, "wikidata": null, "wikipedia": null, "is_living": false}, "geometry": {"type": "Polygon", "coordinates": [[[35.9276041, 56.1917104], [35.9273114, 56.1916896], [35.9273373, 56.191577], [35.92763, 56.1915978], [35.9276041, 56.1917104]]]}}, {"type": "Feature", "properties": {"id": "way/638577125", "@id": "way/638577125", "abandoned": null, "addr:city": null, "addr:housenumber": "38А", "addr:place": "Торфяной", "addr:postcode": null, "addr:street": null, "alt_name": null, "amenity": null, "building": "yes", "building:levels": null, "cuisine": null, "denomination": null, "government": null, "historic": null, "inscription": null, "layer": null, "memorial": null, "name": null, "name:en": null, "name:ru": null, "office": null, "opening_hours": null, "operator": null, "phone": null, "power": null, "ref:sobory.ru": null, "ref:temples.ru": null, "religion": null, "roof:shape": null, "shop": null, "source:addr": "ЕГРН", "source:housenumber": null, "start_date": null, "tomb": null, "tourism": null, "type": null, "was:amenity": null, "website": null, "wikidata": null, "wikipedia": null, "is_living": false}, "geometry": {"type": "Polygon", "coordinates": [[[35.9273458, 56.1930714], [35.9265615, 56.1930858], [35.9265551, 56.1929774], [35.9273394, 56.1929631], [35.9273458, 56.1930714]]]}}, {"type": "Feature", "properties": {"id": "way/638577134", "@id": "way/638577134", "abandoned": null, "addr:city": null, "addr:housenumber": null, "addr:place": null, "addr:postcode": null, "addr:street": null, "alt_name": null, "amenity": null, "building": "yes", "building:levels": null, "cuisine": null, "denomination": null, "government": null, "historic": null, "inscription": null, "layer": null, "memorial": null, "name": null, "name:en": null, "name:ru": null, "office": null, "opening_hours": null, "operator": null, "phone": null, "power": null, "ref:sobory.ru": null, "ref:temples.ru": null, "religion": null, "roof:shape": null, "shop": null, "source:addr": null, "source:housenumber": null, "start_date": null, "tomb": null, "tourism": null, "type": null, "was:amenity": null, "website": null, "wikidata": null, "wikipedia": null, "is_living": false}, "geometry": {"type": "Polygon", "coordinates": [[[35.9246616, 56.1902012], [35.9245436, 56.1901957], [35.924577, 56.1899725], [35.924695, 56.1899779], [35.9246616, 56.1902012]]]}}, {"type": "Feature", "properties": {"id": "way/638577135", "@id": "way/638577135", "abandoned": null, "addr:city": null, "addr:housenumber": null, "addr:place": null, "addr:postcode": null, "addr:street": null, "alt_name": null, "amenity": null, "building": "yes", "building:levels": null, "cuisine": null, "denomination": null, "government": null, "historic": null, "inscription": null, "layer": null, "memorial": null, "name": null, "name:en": null, "name:ru": null, "office": null, "opening_hours": null, "operator": null, "phone": null, "power": null, "ref:sobory.ru": null, "ref:temples.ru": null, "religion": null, "roof:shape": null, "shop": null, "source:addr": null, "source:housenumber": null, "start_date": null, "tomb": null, "tourism": null, "type": null, "was:amenity": null, "website": null, "wikidata": null, "wikipedia": null, "is_living": false}, "geometry": {"type": "Polygon", "coordinates": [[[35.9218821, 56.1921637], [35.9216435, 56.1920997], [35.9216931, 56.1920425], [35.9219317, 56.1921065], [35.9218821, 56.1921637]]]}}, {"type": "Feature", "properties": {"id": "way/639297644", "@id": "way/639297644", "abandoned": null, "addr:city": null, "addr:housenumber": null, "addr:place": null, "addr:postcode": null, "addr:street": null, "alt_name": null, "amenity": null, "building": "yes", "building:levels": null, "cuisine": null, "denomination": null, "government": null, "historic": null, "inscription": null, "layer": null, "memorial": null, "name": null, "name:en": null, "name:ru": null, "office": null, "opening_hours": null, "operator": null, "phone": null, "power": null, "ref:sobory.ru": null, "ref:temples.ru": null, "religion": null, "roof:shape": null, "shop": null, "source:addr": null, "source:housenumber": null, "start_date": null, "tomb": null, "tourism": null, "type": null, "was:amenity": null, "website": null, "wikidata": null, "wikipedia": null, "is_living": false}, "geometry": {"type": "Polygon", "coordinates": [[[35.9717316, 56.3341815], [35.9717163, 56.3341259], [35.9705492, 56.3342248], [35.9705026, 56.3340559], [35.9717812, 56.3339475], [35.9718431, 56.334172], [35.9717316, 56.3341815]]]}}, {"type": "Feature", "properties": {"id": "way/639297653", "@id": "way/639297653", "abandoned": null, "addr:city": null, "addr:housenumber": null, "addr:place": null, "addr:postcode": null, "addr:street": null, "alt_name": null, "amenity": null, "building": "yes", "building:levels": null, "cuisine": null, "denomination": null, "government": null, "historic": null, "inscription": null, "layer": null, "memorial": null, "name": null, "name:en": null, "name:ru": null, "office": null, "opening_hours": null, "operator": null, "phone": null, "power": null, "ref:sobory.ru": null, "ref:temples.ru": null, "religion": null, "roof:shape": null, "shop": null, "source:addr": null, "source:housenumber": null, "start_date": null, "tomb": null, "tourism": null, "type": null, "was:amenity": null, "website": null, "wikidata": null, "wikipedia": null, "is_living": false}, "geometry": {"type": "Polygon", "coordinates": [[[35.970392, 56.3324701], [35.9702377, 56.3325065], [35.9701364, 56.3323745], [35.9702907, 56.3323381], [35.970392, 56.3324701]]]}}, {"type": "Feature", "properties": {"id": "way/639298817", "@id": "way/639298817", "abandoned": null, "addr:city": null, "addr:housenumber": null, "addr:place": null, "addr:postcode": null, "addr:street": null, "alt_name": null, "amenity": null, "building": "yes", "building:levels": null, "cuisine": null, "denomination": null, "government": null, "historic": null, "inscription": null, "layer": null, "memorial": null, "name": null, "name:en": null, "name:ru": null, "office": null, "opening_hours": null, "operator": null, "phone": null, "power": null, "ref:sobory.ru": null, "ref:temples.ru": null, "religion": null, "roof:shape": null, "shop": null, "source:addr": null, "source:housenumber": null, "start_date": null, "tomb": null, "tourism": null, "type": null, "was:amenity": null, "website": null, "wikidata": null, "wikipedia": null, "is_living": false}, "geometry": {"type": "Polygon", "coordinates": [[[35.9676238, 56.3334263], [35.9674337, 56.3334535], [35.9673774, 56.333333], [35.9674605, 56.3333211], [35.9674367, 56.3332701], [35.9675438, 56.3332547], [35.9676238, 56.3334263]]]}}, {"type": "Feature", "properties": {"id": "way/639389086", "@id": "way/639389086", "abandoned": null, "addr:city": null, "addr:housenumber": null, "addr:place": null, "addr:postcode": null, "addr:street": null, "alt_name": null, "amenity": null, "building": "yes", "building:levels": null, "cuisine": null, "denomination": null, "government": null, "historic": null, "inscription": null, "layer": null, "memorial": null, "name": null, "name:en": null, "name:ru": null, "office": null, "opening_hours": null, "operator": null, "phone": null, "power": null, "ref:sobory.ru": null, "ref:temples.ru": null, "religion": null, "roof:shape": null, "shop": null, "source:addr": null, "source:housenumber": null, "start_date": null, "tomb": null, "tourism": null, "type": null, "was:amenity": null, "website": null, "wikidata": null, "wikipedia": null, "is_living": false}, "geometry": {"type": "Polygon", "coordinates": [[[35.9843349, 56.3163708], [35.9842947, 56.3162526], [35.9844152, 56.31624], [35.9844554, 56.3163581], [35.9843349, 56.3163708]]]}}, {"type": "Feature", "properties": {"id": "way/639448561", "@id": "way/639448561", "abandoned": null, "addr:city": null, "addr:housenumber": "27", "addr:place": "Степаньково", "addr:postcode": null, "addr:street": null, "alt_name": null, "amenity": null, "building": "yes", "building:levels": null, "cuisine": null, "denomination": null, "government": null, "historic": null, "inscription": null, "layer": null, "memorial": null, "name": null, "name:en": null, "name:ru": null, "office": null, "opening_hours": null, "operator": null, "phone": null, "power": null, "ref:sobory.ru": null, "ref:temples.ru": null, "religion": null, "roof:shape": null, "shop": null, "source:addr": "ЕГРН", "source:housenumber": null, "start_date": null, "tomb": null, "tourism": null, "type": null, "was:amenity": null, "website": null, "wikidata": null, "wikipedia": null, "is_living": false}, "geometry": {"type": "Polygon", "coordinates": [[[35.960993, 56.2803404], [35.9610739, 56.2796388], [35.9614193, 56.2796511], [35.9613544, 56.2802138], [35.9617293, 56.2802271], [35.9617164, 56.2803395], [35.9613456, 56.2803263], [35.9613426, 56.2803528], [35.960993, 56.2803404]]]}}, {"type": "Feature", "properties": {"id": "way/639448562", "@id": "way/639448562", "abandoned": null, "addr:city": null, "addr:housenumber": "30", "addr:place": "Степаньково", "addr:postcode": null, "addr:street": null, "alt_name": null, "amenity": null, "building": "yes", "building:levels": null, "cuisine": null, "denomination": null, "government": null, "historic": null, "inscription": null, "layer": null, "memorial": null, "name": null, "name:en": null, "name:ru": null, "office": null, "opening_hours": null, "operator": null, "phone": null, "power": null, "ref:sobory.ru": null, "ref:temples.ru": null, "religion": null, "roof:shape": null, "shop": null, "source:addr": "ЕГРН", "source:housenumber": null, "start_date": null, "tomb": null, "tourism": null, "type": null, "was:amenity": null, "website": null, "wikidata": null, "wikipedia": null, "is_living": false}, "geometry": {"type": "Polygon", "coordinates": [[[35.9603922, 56.2788892], [35.9604642, 56.2782004], [35.9608027, 56.2782113], [35.9607388, 56.2788218], [35.9608262, 56.2788247], [35.9608181, 56.278903], [35.9603922, 56.2788892]]]}}, {"type": "Feature", "properties": {"id": "way/639448563", "@id": "way/639448563", "abandoned": null, "addr:city": null, "addr:housenumber": "31", "addr:place": "Степаньково", "addr:postcode": null, "addr:street": null, "alt_name": null, "amenity": null, "building": "yes", "building:levels": null, "cuisine": null, "denomination": null, "government": null, "historic": null, "inscription": null, "layer": null, "memorial": null, "name": null, "name:en": null, "name:ru": null, "office": null, "opening_hours": null, "operator": null, "phone": null, "power": null, "ref:sobory.ru": null, "ref:temples.ru": null, "religion": null, "roof:shape": null, "shop": null, "source:addr": "ЕГРН", "source:housenumber": null, "start_date": null, "tomb": null, "tourism": null, "type": null, "was:amenity": null, "website": null, "wikidata": null, "wikipedia": null, "is_living": false}, "geometry": {"type": "Polygon", "coordinates": [[[35.9606694, 56.2778116], [35.9603532, 56.2778031], [35.9603969, 56.2772999], [35.9607131, 56.2773084], [35.9606694, 56.2778116]]]}}, {"type": "Feature", "properties": {"id": "way/639448564", "@id": "way/639448564", "abandoned": null, "addr:city": null, "addr:housenumber": null, "addr:place": null, "addr:postcode": null, "addr:street": null, "alt_name": null, "amenity": null, "building": "yes", "building:levels": null, "cuisine": null, "denomination": null, "government": null, "historic": null, "inscription": null, "layer": null, "memorial": null, "name": null, "name:en": null, "name:ru": null, "office": null, "opening_hours": null, "operator": null, "phone": null, "power": null, "ref:sobory.ru": null, "ref:temples.ru": null, "religion": null, "roof:shape": null, "shop": null, "source:addr": null, "source:housenumber": null, "start_date": null, "tomb": null, "tourism": null, "type": null, "was:amenity": null, "website": null, "wikidata": null, "wikipedia": null, "is_living": false}, "geometry": {"type": "Polygon", "coordinates": [[[35.9598488, 56.2805], [35.959854, 56.2804063], [35.959948, 56.2804079], [35.9599428, 56.2805016], [35.9598488, 56.2805]]]}}, {"type": "Feature", "properties": {"id": "way/639587401", "@id": "way/639587401", "abandoned": null, "addr:city": null, "addr:housenumber": "64", "addr:place": null, "addr:postcode": null, "addr:street": "Большая улица", "alt_name": null, "amenity": null, "building": "yes", "building:levels": null, "cuisine": null, "denomination": null, "government": null, "historic": null, "inscription": null, "layer": null, "memorial": null, "name": null, "name:en": null, "name:ru": null, "office": null, "opening_hours": null, "operator": null, "phone": null, "power": null, "ref:sobory.ru": null, "ref:temples.ru": null, "religion": null, "roof:shape": null, "shop": null, "source:addr": null, "source:housenumber": null, "start_date": null, "tomb": null, "tourism": null, "type": null, "was:amenity": null, "website": null, "wikidata": null, "wikipedia": null, "is_living": false}, "geometry": {"type": "Polygon", "coordinates": [[[35.9438462, 56.2345175], [35.9438408, 56.2345033], [35.9438446, 56.2344889], [35.9438561, 56.2344767], [35.9438753, 56.2344668], [35.9439084, 56.2344604], [35.9439345, 56.2344614], [35.9439653, 56.2344703], [35.9439818, 56.2344815], [35.9439905, 56.2344952], [35.9439912, 56.2345056], [35.9439844, 56.2345197], [35.9439694, 56.2345316], [35.9439588, 56.2345365], [35.943935, 56.2345425], [35.9439134, 56.2345439], [35.9438878, 56.2345408], [35.9438656, 56.2345331], [35.9438462, 56.2345175]]]}}, {"type": "Feature", "properties": {"id": "way/639587412", "@id": "way/639587412", "abandoned": null, "addr:city": null, "addr:housenumber": null, "addr:place": null, "addr:postcode": null, "addr:street": null, "alt_name": null, "amenity": null, "building": "yes", "building:levels": null, "cuisine": null, "denomination": null, "government": null, "historic": null, "inscription": null, "layer": null, "memorial": null, "name": null, "name:en": null, "name:ru": null, "office": null, "opening_hours": null, "operator": null, "phone": null, "power": null, "ref:sobory.ru": null, "ref:temples.ru": null, "religion": null, "roof:shape": null, "shop": null, "source:addr": null, "source:housenumber": null, "start_date": null, "tomb": null, "tourism": null, "type": null, "was:amenity": null, "website": null, "wikidata": null, "wikipedia": null, "is_living": false}, "geometry": {"type": "Polygon", "coordinates": [[[35.9432351, 56.2344689], [35.9431406, 56.2344318], [35.9432334, 56.2343589], [35.9433278, 56.234396], [35.9432351, 56.2344689]]]}}, {"type": "Feature", "properties": {"id": "way/639603073", "@id": "way/639603073", "abandoned": null, "addr:city": null, "addr:housenumber": null, "addr:place": null, "addr:postcode": null, "addr:street": null, "alt_name": null, "amenity": null, "building": "hangar", "building:levels": null, "cuisine": null, "denomination": null, "government": null, "historic": null, "inscription": null, "layer": null, "memorial": null, "name": null, "name:en": null, "name:ru": null, "office": null, "opening_hours": null, "operator": null, "phone": null, "power": null, "ref:sobory.ru": null, "ref:temples.ru": null, "religion": null, "roof:shape": null, "shop": null, "source:addr": null, "source:housenumber": null, "start_date": null, "tomb": null, "tourism": null, "type": null, "was:amenity": null, "website": null, "wikidata": null, "wikipedia": null, "is_living": false}, "geometry": {"type": "Polygon", "coordinates": [[[35.94699, 56.240505], [35.9472455, 56.2402867], [35.9474265, 56.2403521], [35.947171, 56.2405704], [35.94699, 56.240505]]]}}, {"type": "Feature", "properties": {"id": "way/639610424", "@id": "way/639610424", "abandoned": null, "addr:city": null, "addr:housenumber": null, "addr:place": null, "addr:postcode": null, "addr:street": null, "alt_name": null, "amenity": null, "building": "yes", "building:levels": null, "cuisine": null, "denomination": null, "government": null, "historic": null, "inscription": null, "layer": null, "memorial": null, "name": null, "name:en": null, "name:ru": null, "office": null, "opening_hours": null, "operator": null, "phone": null, "power": null, "ref:sobory.ru": null, "ref:temples.ru": null, "religion": null, "roof:shape": null, "shop": null, "source:addr": null, "source:housenumber": null, "start_date": null, "tomb": null, "tourism": null, "type": null, "was:amenity": null, "website": null, "wikidata": null, "wikipedia": null, "is_living": false}, "geometry": {"type": "Polygon", "coordinates": [[[35.952022, 56.2403295], [35.9519148, 56.2402361], [35.9519932, 56.2402083], [35.9521004, 56.2403017], [35.952022, 56.2403295]]]}}, {"type": "Feature", "properties": {"id": "way/639610431", "@id": "way/639610431", "abandoned": null, "addr:city": null, "addr:housenumber": null, "addr:place": null, "addr:postcode": null, "addr:street": null, "alt_name": null, "amenity": null, "building": "yes", "building:levels": null, "cuisine": null, "denomination": null, "government": null, "historic": null, "inscription": null, "layer": null, "memorial": null, "name": null, "name:en": null, "name:ru": null, "office": null, "opening_hours": null, "operator": null, "phone": null, "power": null, "ref:sobory.ru": null, "ref:temples.ru": null, "religion": null, "roof:shape": null, "shop": null, "source:addr": null, "source:housenumber": null, "start_date": null, "tomb": null, "tourism": null, "type": null, "was:amenity": null, "website": null, "wikidata": null, "wikipedia": null, "is_living": false}, "geometry": {"type": "Polygon", "coordinates": [[[35.9514637, 56.2409275], [35.9513099, 56.2408354], [35.9514367, 56.24077], [35.9515905, 56.2408621], [35.9514637, 56.2409275]]]}}, {"type": "Feature", "properties": {"id": "way/639610433", "@id": "way/639610433", "abandoned": null, "addr:city": null, "addr:housenumber": null, "addr:place": null, "addr:postcode": null, "addr:street": null, "alt_name": null, "amenity": null, "building": "yes", "building:levels": null, "cuisine": null, "denomination": null, "government": null, "historic": null, "inscription": null, "layer": null, "memorial": null, "name": null, "name:en": null, "name:ru": null, "office": null, "opening_hours": null, "operator": null, "phone": null, "power": null, "ref:sobory.ru": null, "ref:temples.ru": null, "religion": null, "roof:shape": null, "shop": null, "source:addr": null, "source:housenumber": null, "start_date": null, "tomb": null, "tourism": null, "type": null, "was:amenity": null, "website": null, "wikidata": null, "wikipedia": null, "is_living": false}, "geometry": {"type": "Polygon", "coordinates": [[[35.9508895, 56.2426734], [35.9506283, 56.2425742], [35.9507182, 56.2425011], [35.9507442, 56.242511], [35.9508093, 56.242458], [35.9509006, 56.2424927], [35.9509343, 56.2424653], [35.9510214, 56.2424984], [35.9509769, 56.2425346], [35.9510337, 56.2425561], [35.9508895, 56.2426734]]]}}, {"type": "Feature", "properties": {"id": "way/639610434", "@id": "way/639610434", "abandoned": null, "addr:city": null, "addr:housenumber": null, "addr:place": null, "addr:postcode": null, "addr:street": null, "alt_name": null, "amenity": null, "building": "yes", "building:levels": null, "cuisine": null, "denomination": null, "government": null, "historic": null, "inscription": null, "layer": null, "memorial": null, "name": null, "name:en": null, "name:ru": null, "office": null, "opening_hours": null, "operator": null, "phone": null, "power": null, "ref:sobory.ru": null, "ref:temples.ru": null, "religion": null, "roof:shape": null, "shop": null, "source:addr": null, "source:housenumber": null, "start_date": null, "tomb": null, "tourism": null, "type": null, "was:amenity": null, "website": null, "wikidata": null, "wikipedia": null, "is_living": false}, "geometry": {"type": "Polygon", "coordinates": [[[35.953278, 56.2402877], [35.9531461, 56.2402608], [35.9531721, 56.2402215], [35.953304, 56.2402484], [35.953278, 56.2402877]]]}}, {"type": "Feature", "properties": {"id": "way/639610435", "@id": "way/639610435", "abandoned": null, "addr:city": null, "addr:housenumber": null, "addr:place": null, "addr:postcode": null, "addr:street": null, "alt_name": null, "amenity": null, "building": "yes", "building:levels": null, "cuisine": null, "denomination": null, "government": null, "historic": null, "inscription": null, "layer": null, "memorial": null, "name": null, "name:en": null, "name:ru": null, "office": null, "opening_hours": null, "operator": null, "phone": null, "power": null, "ref:sobory.ru": null, "ref:temples.ru": null, "religion": null, "roof:shape": null, "shop": null, "source:addr": null, "source:housenumber": null, "start_date": null, "tomb": null, "tourism": null, "type": null, "was:amenity": null, "website": null, "wikidata": null, "wikipedia": null, "is_living": false}, "geometry": {"type": "Polygon", "coordinates": [[[35.9515264, 56.2412893], [35.9514229, 56.2412946], [35.951411, 56.2412224], [35.9515145, 56.2412171], [35.9515264, 56.2412893]]]}}, {"type": "Feature", "properties": {"id": "way/639610436", "@id": "way/639610436", "abandoned": null, "addr:city": null, "addr:housenumber": null, "addr:place": null, "addr:postcode": null, "addr:street": null, "alt_name": null, "amenity": null, "building": "yes", "building:levels": null, "cuisine": null, "denomination": null, "government": null, "historic": null, "inscription": null, "layer": null, "memorial": null, "name": null, "name:en": null, "name:ru": null, "office": null, "opening_hours": null, "operator": null, "phone": null, "power": null, "ref:sobory.ru": null, "ref:temples.ru": null, "religion": null, "roof:shape": null, "shop": null, "source:addr": null, "source:housenumber": null, "start_date": null, "tomb": null, "tourism": null, "type": null, "was:amenity": null, "website": null, "wikidata": null, "wikipedia": null, "is_living": false}, "geometry": {"type": "Polygon", "coordinates": [[[35.9512935, 56.2400052], [35.9512734, 56.2399998], [35.9512578, 56.2399909], [35.9512486, 56.2399796], [35.9512468, 56.2399678], [35.9512525, 56.2399558], [35.9512637, 56.2399465], [35.9512815, 56.239939], [35.9513064, 56.2399351], [35.9513286, 56.2399364], [35.9513509, 56.2399428], [35.9513656, 56.2399521], [35.9513738, 56.2399637], [35.951375, 56.2399725], [35.9513701, 56.2399846], [35.9513515, 56.2399984], [35.951332, 56.2400045], [35.95131, 56.2400065], [35.9512935, 56.2400052]]]}}, {"type": "Feature", "properties": {"id": "way/686020296", "@id": "way/686020296", "abandoned": null, "addr:city": null, "addr:housenumber": null, "addr:place": null, "addr:postcode": null, "addr:street": null, "alt_name": null, "amenity": null, "building": "shed", "building:levels": null, "cuisine": null, "denomination": null, "government": null, "historic": null, "inscription": null, "layer": null, "memorial": null, "name": null, "name:en": null, "name:ru": null, "office": null, "opening_hours": null, "operator": null, "phone": null, "power": null, "ref:sobory.ru": null, "ref:temples.ru": null, "religion": null, "roof:shape": null, "shop": null, "source:addr": null, "source:housenumber": null, "start_date": null, "tomb": null, "tourism": null, "type": null, "was:amenity": null, "website": null, "wikidata": null, "wikipedia": null, "is_living": false}, "geometry": {"type": "Polygon", "coordinates": [[[35.631938, 56.233265], [35.6318726, 56.2332126], [35.6320334, 56.2331506], [35.6320988, 56.233203], [35.631938, 56.233265]]]}}, {"type": "Feature", "properties": {"id": "way/686020297", "@id": "way/686020297", "abandoned": null, "addr:city": null, "addr:housenumber": null, "addr:place": null, "addr:postcode": null, "addr:street": null, "alt_name": null, "amenity": null, "building": "shed", "building:levels": null, "cuisine": null, "denomination": null, "government": null, "historic": null, "inscription": null, "layer": null, "memorial": null, "name": null, "name:en": null, "name:ru": null, "office": null, "opening_hours": null, "operator": null, "phone": null, "power": null, "ref:sobory.ru": null, "ref:temples.ru": null, "religion": null, "roof:shape": null, "shop": null, "source:addr": null, "source:housenumber": null, "start_date": null, "tomb": null, "tourism": null, "type": null, "was:amenity": null, "website": null, "wikidata": null, "wikipedia": null, "is_living": false}, "geometry": {"type": "Polygon", "coordinates": [[[35.6314012, 56.2332417], [35.6314782, 56.2332126], [35.6315334, 56.2332577], [35.6314564, 56.2332868], [35.6314012, 56.2332417]]]}}, {"type": "Feature", "properties": {"id": "way/686020298", "@id": "way/686020298", "abandoned": null, "addr:city": null, "addr:housenumber": null, "addr:place": null, "addr:postcode": null, "addr:street": null, "alt_name": null, "amenity": null, "building": "shed", "building:levels": null, "cuisine": null, "denomination": null, "government": null, "historic": null, "inscription": null, "layer": null, "memorial": null, "name": null, "name:en": null, "name:ru": null, "office": null, "opening_hours": null, "operator": null, "phone": null, "power": null, "ref:sobory.ru": null, "ref:temples.ru": null, "religion": null, "roof:shape": null, "shop": null, "source:addr": null, "source:housenumber": null, "start_date": null, "tomb": null, "tourism": null, "type": null, "was:amenity": null, "website": null, "wikidata": null, "wikipedia": null, "is_living": false}, "geometry": {"type": "Polygon", "coordinates": [[[35.6315007, 56.2333197], [35.6314683, 56.2332936], [35.6315596, 56.2332585], [35.631592, 56.2332846], [35.6315007, 56.2333197]]]}}, {"type": "Feature", "properties": {"id": "way/686020299", "@id": "way/686020299", "abandoned": null, "addr:city": null, "addr:housenumber": null, "addr:place": null, "addr:postcode": null, "addr:street": null, "alt_name": null, "amenity": null, "building": "shed", "building:levels": null, "cuisine": null, "denomination": null, "government": null, "historic": null, "inscription": null, "layer": null, "memorial": null, "name": null, "name:en": null, "name:ru": null, "office": null, "opening_hours": null, "operator": null, "phone": null, "power": null, "ref:sobory.ru": null, "ref:temples.ru": null, "religion": null, "roof:shape": null, "shop": null, "source:addr": null, "source:housenumber": null, "start_date": null, "tomb": null, "tourism": null, "type": null, "was:amenity": null, "website": null, "wikidata": null, "wikipedia": null, "is_living": false}, "geometry": {"type": "Polygon", "coordinates": [[[35.6312869, 56.2333338], [35.6312445, 56.2333015], [35.6313476, 56.2332596], [35.6313901, 56.2332919], [35.6312869, 56.2333338]]]}}, {"type": "Feature", "properties": {"id": "way/686020300", "@id": "way/686020300", "abandoned": null, "addr:city": null, "addr:housenumber": null, "addr:place": null, "addr:postcode": null, "addr:street": null, "alt_name": null, "amenity": null, "building": "shed", "building:levels": null, "cuisine": null, "denomination": null, "government": null, "historic": null, "inscription": null, "layer": null, "memorial": null, "name": null, "name:en": null, "name:ru": null, "office": null, "opening_hours": null, "operator": null, "phone": null, "power": null, "ref:sobory.ru": null, "ref:temples.ru": null, "religion": null, "roof:shape": null, "shop": null, "source:addr": null, "source:housenumber": null, "start_date": null, "tomb": null, "tourism": null, "type": null, "was:amenity": null, "website": null, "wikidata": null, "wikipedia": null, "is_living": false}, "geometry": {"type": "Polygon", "coordinates": [[[35.6312148, 56.2332146], [35.631266, 56.2331935], [35.6313244, 56.2332373], [35.6312733, 56.2332584], [35.6312148, 56.2332146]]]}}, {"type": "Feature", "properties": {"id": "way/686020301", "@id": "way/686020301", "abandoned": null, "addr:city": null, "addr:housenumber": null, "addr:place": null, "addr:postcode": null, "addr:street": null, "alt_name": null, "amenity": null, "building": "shed", "building:levels": null, "cuisine": null, "denomination": null, "government": null, "historic": null, "inscription": null, "layer": null, "memorial": null, "name": null, "name:en": null, "name:ru": null, "office": null, "opening_hours": null, "operator": null, "phone": null, "power": null, "ref:sobory.ru": null, "ref:temples.ru": null, "religion": null, "roof:shape": null, "shop": null, "source:addr": null, "source:housenumber": null, "start_date": null, "tomb": null, "tourism": null, "type": null, "was:amenity": null, "website": null, "wikidata": null, "wikipedia": null, "is_living": false}, "geometry": {"type": "Polygon", "coordinates": [[[35.6324992, 56.2347888], [35.6326138, 56.2347449], [35.6326387, 56.2347649], [35.6325241, 56.2348089], [35.6324992, 56.2347888]]]}}, {"type": "Feature", "properties": {"id": "way/686020302", "@id": "way/686020302", "abandoned": null, "addr:city": null, "addr:housenumber": null, "addr:place": null, "addr:postcode": null, "addr:street": null, "alt_name": null, "amenity": null, "building": "shed", "building:levels": null, "cuisine": null, "denomination": null, "government": null, "historic": null, "inscription": null, "layer": null, "memorial": null, "name": null, "name:en": null, "name:ru": null, "office": null, "opening_hours": null, "operator": null, "phone": null, "power": null, "ref:sobory.ru": null, "ref:temples.ru": null, "religion": null, "roof:shape": null, "shop": null, "source:addr": null, "source:housenumber": null, "start_date": null, "tomb": null, "tourism": null, "type": null, "was:amenity": null, "website": null, "wikidata": null, "wikipedia": null, "is_living": false}, "geometry": {"type": "Polygon", "coordinates": [[[35.6341316, 56.2356627], [35.6340725, 56.2356163], [35.6341151, 56.2355995], [35.6341035, 56.2355904], [35.6342119, 56.2355477], [35.6342826, 56.2356032], [35.6341316, 56.2356627]]]}}, {"type": "Feature", "properties": {"id": "way/686020303", "@id": "way/686020303", "abandoned": null, "addr:city": null, "addr:housenumber": null, "addr:place": null, "addr:postcode": null, "addr:street": null, "alt_name": null, "amenity": null, "building": "greenhouse", "building:levels": null, "cuisine": null, "denomination": null, "government": null, "historic": null, "inscription": null, "layer": null, "memorial": null, "name": null, "name:en": null, "name:ru": null, "office": null, "opening_hours": null, "operator": null, "phone": null, "power": null, "ref:sobory.ru": null, "ref:temples.ru": null, "religion": null, "roof:shape": null, "shop": null, "source:addr": null, "source:housenumber": null, "start_date": null, "tomb": null, "tourism": null, "type": null, "was:amenity": null, "website": null, "wikidata": null, "wikipedia": null, "is_living": false}, "geometry": {"type": "Polygon", "coordinates": [[[35.6340247, 56.2354764], [35.6340834, 56.2354542], [35.6341807, 56.2355337], [35.634122, 56.2355559], [35.6340247, 56.2354764]]]}}, {"type": "Feature", "properties": {"id": "way/686020304", "@id": "way/686020304", "abandoned": null, "addr:city": null, "addr:housenumber": null, "addr:place": null, "addr:postcode": null, "addr:street": null, "alt_name": null, "amenity": null, "building": "shed", "building:levels": null, "cuisine": null, "denomination": null, "government": null, "historic": null, "inscription": null, "layer": null, "memorial": null, "name": null, "name:en": null, "name:ru": null, "office": null, "opening_hours": null, "operator": null, "phone": null, "power": null, "ref:sobory.ru": null, "ref:temples.ru": null, "religion": null, "roof:shape": null, "shop": null, "source:addr": null, "source:housenumber": null, "start_date": null, "tomb": null, "tourism": null, "type": null, "was:amenity": null, "website": null, "wikidata": null, "wikipedia": null, "is_living": false}, "geometry": {"type": "Polygon", "coordinates": [[[35.6343329, 56.2357185], [35.6344125, 56.2356881], [35.6345179, 56.2357735], [35.6344545, 56.2357977], [35.6343687, 56.2357283], [35.6343526, 56.2357344], [35.6343329, 56.2357185]]]}}, {"type": "Feature", "properties": {"id": "way/686020305", "@id": "way/686020305", "abandoned": null, "addr:city": null, "addr:housenumber": null, "addr:place": null, "addr:postcode": null, "addr:street": null, "alt_name": null, "amenity": null, "building": "shed", "building:levels": null, "cuisine": null, "denomination": null, "government": null, "historic": null, "inscription": null, "layer": null, "memorial": null, "name": null, "name:en": null, "name:ru": null, "office": null, "opening_hours": null, "operator": null, "phone": null, "power": null, "ref:sobory.ru": null, "ref:temples.ru": null, "religion": null, "roof:shape": null, "shop": null, "source:addr": null, "source:housenumber": null, "start_date": null, "tomb": null, "tourism": null, "type": null, "was:amenity": null, "website": null, "wikidata": null, "wikipedia": null, "is_living": false}, "geometry": {"type": "Polygon", "coordinates": [[[35.6344972, 56.2364453], [35.6344579, 56.2364144], [35.6346511, 56.2363388], [35.6346903, 56.2363697], [35.6344972, 56.2364453]]]}}, {"type": "Feature", "properties": {"id": "way/970604456", "@id": "way/970604456", "abandoned": null, "addr:city": null, "addr:housenumber": null, "addr:place": null, "addr:postcode": null, "addr:street": null, "alt_name": null, "amenity": null, "building": "retail", "building:levels": null, "cuisine": null, "denomination": null, "government": null, "historic": null, "inscription": null, "layer": null, "memorial": null, "name": "Хозтовары", "name:en": null, "name:ru": null, "office": null, "opening_hours": null, "operator": null, "phone": null, "power": null, "ref:sobory.ru": null, "ref:temples.ru": null, "religion": null, "roof:shape": null, "shop": null, "source:addr": null, "source:housenumber": null, "start_date": null, "tomb": null, "tourism": null, "type": null, "was:amenity": null, "website": null, "wikidata": null, "wikipedia": null, "is_living": false}, "geometry": {"type": "Polygon", "coordinates": [[[35.6462419, 56.285893], [35.6462165, 56.2858191], [35.6464108, 56.2858055], [35.6464346, 56.2858776], [35.6462419, 56.285893]]]}}, {"type": "Feature", "properties": {"id": "way/1297732025", "@id": "way/1297732025", "abandoned": null, "addr:city": null, "addr:housenumber": null, "addr:place": null, "addr:postcode": null, "addr:street": null, "alt_name": null, "amenity": null, "building": "yes", "building:levels": null, "cuisine": null, "denomination": null, "government": null, "historic": null, "inscription": null, "layer": null, "memorial": null, "name": null, "name:en": null, "name:ru": null, "office": null, "opening_hours": null, "operator": null, "phone": null, "power": null, "ref:sobory.ru": null, "ref:temples.ru": null, "religion": null, "roof:shape": null, "shop": null, "source:addr": null, "source:housenumber": null, "start_date": null, "tomb": null, "tourism": null, "type": null, "was:amenity": null, "website": null, "wikidata": null, "wikipedia": null, "is_living": false}, "geometry": {"type": "Polygon", "coordinates": [[[35.9447278, 56.2332145], [35.9445873, 56.2331106], [35.9447463, 56.2330442], [35.9448868, 56.2331482], [35.9447278, 56.2332145]]]}}, {"type": "Feature", "properties": {"id": "way/1366160245", "@id": "way/1366160245", "abandoned": null, "addr:city": null, "addr:housenumber": null, "addr:place": null, "addr:postcode": null, "addr:street": null, "alt_name": null, "amenity": null, "building": "greenhouse", "building:levels": null, "cuisine": null, "denomination": null, "government": null, "historic": null, "inscription": null, "layer": null, "memorial": null, "name": null, "name:en": null, "name:ru": null, "office": null, "opening_hours": null, "operator": null, "phone": null, "power": null, "ref:sobory.ru": null, "ref:temples.ru": null, "religion": null, "roof:shape": null, "shop": null, "source:addr": null, "source:housenumber": null, "start_date": null, "tomb": null, "tourism": null, "type": null, "was:amenity": null, "website": null, "wikidata": null, "wikipedia": null, "is_living": false}, "geometry": {"type": "Polygon", "coordinates": [[[35.9136922, 56.202392], [35.9136868, 56.2023459], [35.9137312, 56.2023443], [35.9137366, 56.2023904], [35.9136922, 56.202392]]]}}, {"type": "Feature", "properties": {"id": "way/1366160247", "@id": "way/1366160247", "abandoned": null, "addr:city": null, "addr:housenumber": null, "addr:place": null, "addr:postcode": null, "addr:street": null, "alt_name": null, "amenity": null, "building": "greenhouse", "building:levels": null, "cuisine": null, "denomination": null, "government": null, "historic": null, "inscription": null, "layer": null, "memorial": null, "name": null, "name:en": null, "name:ru": null, "office": null, "opening_hours": null, "operator": null, "phone": null, "power": null, "ref:sobory.ru": null, "ref:temples.ru": null, "religion": null, "roof:shape": null, "shop": null, "source:addr": null, "source:housenumber": null, "start_date": null, "tomb": null, "tourism": null, "type": null, "was:amenity": null, "website": null, "wikidata": null, "wikipedia": null, "is_living": false}, "geometry": {"type": "Polygon", "coordinates": [[[35.9141506, 56.2023835], [35.9141291, 56.2023503], [35.9141554, 56.202345], [35.9141769, 56.2023783], [35.9141506, 56.2023835]]]}}, {"type": "Feature", "properties": {"id": "way/1366160249", "@id": "way/1366160249", "abandoned": null, "addr:city": null, "addr:housenumber": null, "addr:place": null, "addr:postcode": null, "addr:street": null, "alt_name": null, "amenity": null, "building": "greenhouse", "building:levels": null, "cuisine": null, "denomination": null, "government": null, "historic": null, "inscription": null, "layer": null, "memorial": null, "name": null, "name:en": null, "name:ru": null, "office": null, "opening_hours": null, "operator": null, "phone": null, "power": null, "ref:sobory.ru": null, "ref:temples.ru": null, "religion": null, "roof:shape": null, "shop": null, "source:addr": null, "source:housenumber": null, "start_date": null, "tomb": null, "tourism": null, "type": null, "was:amenity": null, "website": null, "wikidata": null, "wikipedia": null, "is_living": false}, "geometry": {"type": "Polygon", "coordinates": [[[35.9145924, 56.2024062], [35.9145743, 56.202367], [35.9146114, 56.2023617], [35.9146295, 56.202401], [35.9145924, 56.2024062]]]}}, {"type": "Feature", "properties": {"id": "way/1366160250", "@id": "way/1366160250", "abandoned": null, "addr:city": null, "addr:housenumber": null, "addr:place": null, "addr:postcode": null, "addr:street": null, "alt_name": null, "amenity": null, "building": "greenhouse", "building:levels": null, "cuisine": null, "denomination": null, "government": null, "historic": null, "inscription": null, "layer": null, "memorial": null, "name": null, "name:en": null, "name:ru": null, "office": null, "opening_hours": null, "operator": null, "phone": null, "power": null, "ref:sobory.ru": null, "ref:temples.ru": null, "religion": null, "roof:shape": null, "shop": null, "source:addr": null, "source:housenumber": null, "start_date": null, "tomb": null, "tourism": null, "type": null, "was:amenity": null, "website": null, "wikidata": null, "wikipedia": null, "is_living": false}, "geometry": {"type": "Polygon", "coordinates": [[[35.9147352, 56.2024754], [35.9147315, 56.2024598], [35.9147917, 56.2024554], [35.9147954, 56.2024709], [35.9147352, 56.2024754]]]}}, {"type": "Feature", "properties": {"id": "way/1366160251", "@id": "way/1366160251", "abandoned": null, "addr:city": null, "addr:housenumber": null, "addr:place": null, "addr:postcode": null, "addr:street": null, "alt_name": null, "amenity": null, "building": "greenhouse", "building:levels": null, "cuisine": null, "denomination": null, "government": null, "historic": null, "inscription": null, "layer": null, "memorial": null, "name": null, "name:en": null, "name:ru": null, "office": null, "opening_hours": null, "operator": null, "phone": null, "power": null, "ref:sobory.ru": null, "ref:temples.ru": null, "religion": null, "roof:shape": null, "shop": null, "source:addr": null, "source:housenumber": null, "start_date": null, "tomb": null, "tourism": null, "type": null, "was:amenity": null, "website": null, "wikidata": null, "wikipedia": null, "is_living": false}, "geometry": {"type": "Polygon", "coordinates": [[[35.914781, 56.2024129], [35.9147579, 56.202368], [35.914785, 56.2023637], [35.9148082, 56.2024085], [35.914781, 56.2024129]]]}}, {"type": "Feature", "properties": {"id": "way/1366160252", "@id": "way/1366160252", "abandoned": null, "addr:city": null, "addr:housenumber": null, "addr:place": null, "addr:postcode": null, "addr:street": null, "alt_name": null, "amenity": null, "building": "greenhouse", "building:levels": null, "cuisine": null, "denomination": null, "government": null, "historic": null, "inscription": null, "layer": null, "memorial": null, "name": null, "name:en": null, "name:ru": null, "office": null, "opening_hours": null, "operator": null, "phone": null, "power": null, "ref:sobory.ru": null, "ref:temples.ru": null, "religion": null, "roof:shape": null, "shop": null, "source:addr": null, "source:housenumber": null, "start_date": null, "tomb": null, "tourism": null, "type": null, "was:amenity": null, "website": null, "wikidata": null, "wikipedia": null, "is_living": false}, "geometry": {"type": "Polygon", "coordinates": [[[35.9149186, 56.2023808], [35.9149066, 56.2023312], [35.9149449, 56.2023283], [35.9149569, 56.2023779], [35.9149186, 56.2023808]]]}}, {"type": "Feature", "properties": {"id": "way/1366160253", "@id": "way/1366160253", "abandoned": null, "addr:city": null, "addr:housenumber": null, "addr:place": null, "addr:postcode": null, "addr:street": null, "alt_name": null, "amenity": null, "building": "greenhouse", "building:levels": null, "cuisine": null, "denomination": null, "government": null, "historic": null, "inscription": null, "layer": null, "memorial": null, "name": null, "name:en": null, "name:ru": null, "office": null, "opening_hours": null, "operator": null, "phone": null, "power": null, "ref:sobory.ru": null, "ref:temples.ru": null, "religion": null, "roof:shape": null, "shop": null, "source:addr": null, "source:housenumber": null, "start_date": null, "tomb": null, "tourism": null, "type": null, "was:amenity": null, "website": null, "wikidata": null, "wikipedia": null, "is_living": false}, "geometry": {"type": "Polygon", "coordinates": [[[35.915126, 56.2021829], [35.9151241, 56.2021597], [35.9152152, 56.2021575], [35.915217, 56.2021806], [35.915126, 56.2021829]]]}}, {"type": "Feature", "properties": {"id": "way/1366160260", "@id": "way/1366160260", "abandoned": null, "addr:city": null, "addr:housenumber": null, "addr:place": null, "addr:postcode": null, "addr:street": null, "alt_name": null, "amenity": null, "building": "greenhouse", "building:levels": null, "cuisine": null, "denomination": null, "government": null, "historic": null, "inscription": null, "layer": null, "memorial": null, "name": null, "name:en": null, "name:ru": null, "office": null, "opening_hours": null, "operator": null, "phone": null, "power": null, "ref:sobory.ru": null, "ref:temples.ru": null, "religion": null, "roof:shape": null, "shop": null, "source:addr": null, "source:housenumber": null, "start_date": null, "tomb": null, "tourism": null, "type": null, "was:amenity": null, "website": null, "wikidata": null, "wikipedia": null, "is_living": false}, "geometry": {"type": "Polygon", "coordinates": [[[35.9156084, 56.2020703], [35.9156044, 56.2020324], [35.9156373, 56.2020313], [35.9156412, 56.2020693], [35.9156084, 56.2020703]]]}}, {"type": "Feature", "properties": {"id": "way/1366160261", "@id": "way/1366160261", "abandoned": null, "addr:city": null, "addr:housenumber": null, "addr:place": null, "addr:postcode": null, "addr:street": null, "alt_name": null, "amenity": null, "building": "greenhouse", "building:levels": null, "cuisine": null, "denomination": null, "government": null, "historic": null, "inscription": null, "layer": null, "memorial": null, "name": null, "name:en": null, "name:ru": null, "office": null, "opening_hours": null, "operator": null, "phone": null, "power": null, "ref:sobory.ru": null, "ref:temples.ru": null, "religion": null, "roof:shape": null, "shop": null, "source:addr": null, "source:housenumber": null, "start_date": null, "tomb": null, "tourism": null, "type": null, "was:amenity": null, "website": null, "wikidata": null, "wikipedia": null, "is_living": false}, "geometry": {"type": "Polygon", "coordinates": [[[35.9160061, 56.2023488], [35.9159823, 56.2022798], [35.9160351, 56.2022742], [35.9160589, 56.2023431], [35.9160061, 56.2023488]]]}}, {"type": "Feature", "properties": {"id": "way/1366160262", "@id": "way/1366160262", "abandoned": null, "addr:city": null, "addr:housenumber": null, "addr:place": null, "addr:postcode": null, "addr:street": null, "alt_name": null, "amenity": null, "building": "greenhouse", "building:levels": null, "cuisine": null, "denomination": null, "government": null, "historic": null, "inscription": null, "layer": null, "memorial": null, "name": null, "name:en": null, "name:ru": null, "office": null, "opening_hours": null, "operator": null, "phone": null, "power": null, "ref:sobory.ru": null, "ref:temples.ru": null, "religion": null, "roof:shape": null, "shop": null, "source:addr": null, "source:housenumber": null, "start_date": null, "tomb": null, "tourism": null, "type": null, "was:amenity": null, "website": null, "wikidata": null, "wikipedia": null, "is_living": false}, "geometry": {"type": "Polygon", "coordinates": [[[35.9159831, 56.2022573], [35.9159614, 56.2022003], [35.916012, 56.2021943], [35.9160337, 56.2022513], [35.9159831, 56.2022573]]]}}, {"type": "Feature", "properties": {"id": "way/1366160263", "@id": "way/1366160263", "abandoned": null, "addr:city": null, "addr:housenumber": null, "addr:place": null, "addr:postcode": null, "addr:street": null, "alt_name": null, "amenity": null, "building": "greenhouse", "building:levels": null, "cuisine": null, "denomination": null, "government": null, "historic": null, "inscription": null, "layer": null, "memorial": null, "name": null, "name:en": null, "name:ru": null, "office": null, "opening_hours": null, "operator": null, "phone": null, "power": null, "ref:sobory.ru": null, "ref:temples.ru": null, "religion": null, "roof:shape": null, "shop": null, "source:addr": null, "source:housenumber": null, "start_date": null, "tomb": null, "tourism": null, "type": null, "was:amenity": null, "website": null, "wikidata": null, "wikipedia": null, "is_living": false}, "geometry": {"type": "Polygon", "coordinates": [[[35.9160252, 56.2021632], [35.9159985, 56.2020815], [35.9160457, 56.2020768], [35.9160724, 56.2021584], [35.9160252, 56.2021632]]]}}, {"type": "Feature", "properties": {"id": "way/1366160264", "@id": "way/1366160264", "abandoned": null, "addr:city": null, "addr:housenumber": null, "addr:place": null, "addr:postcode": null, "addr:street": null, "alt_name": null, "amenity": null, "building": "greenhouse", "building:levels": null, "cuisine": null, "denomination": null, "government": null, "historic": null, "inscription": null, "layer": null, "memorial": null, "name": null, "name:en": null, "name:ru": null, "office": null, "opening_hours": null, "operator": null, "phone": null, "power": null, "ref:sobory.ru": null, "ref:temples.ru": null, "religion": null, "roof:shape": null, "shop": null, "source:addr": null, "source:housenumber": null, "start_date": null, "tomb": null, "tourism": null, "type": null, "was:amenity": null, "website": null, "wikidata": null, "wikipedia": null, "is_living": false}, "geometry": {"type": "Polygon", "coordinates": [[[35.9160604, 56.2020504], [35.91603, 56.2019732], [35.916057, 56.2019699], [35.9160387, 56.2019235], [35.9160805, 56.2019184], [35.9160978, 56.2019623], [35.9161155, 56.2019601], [35.9161469, 56.2020399], [35.9160604, 56.2020504]]]}}, {"type": "Feature", "properties": {"id": "way/1366160265", "@id": "way/1366160265", "abandoned": null, "addr:city": null, "addr:housenumber": null, "addr:place": null, "addr:postcode": null, "addr:street": null, "alt_name": null, "amenity": null, "building": "greenhouse", "building:levels": null, "cuisine": null, "denomination": null, "government": null, "historic": null, "inscription": null, "layer": null, "memorial": null, "name": null, "name:en": null, "name:ru": null, "office": null, "opening_hours": null, "operator": null, "phone": null, "power": null, "ref:sobory.ru": null, "ref:temples.ru": null, "religion": null, "roof:shape": null, "shop": null, "source:addr": null, "source:housenumber": null, "start_date": null, "tomb": null, "tourism": null, "type": null, "was:amenity": null, "website": null, "wikidata": null, "wikipedia": null, "is_living": false}, "geometry": {"type": "Polygon", "coordinates": [[[35.9157843, 56.2019896], [35.9157598, 56.2018829], [35.9158908, 56.2018736], [35.9159058, 56.2019392], [35.9158505, 56.2019431], [35.9158599, 56.2019842], [35.9157843, 56.2019896]]]}}, {"type": "Feature", "properties": {"id": "way/1366160272", "@id": "way/1366160272", "abandoned": null, "addr:city": null, "addr:housenumber": null, "addr:place": null, "addr:postcode": null, "addr:street": null, "alt_name": null, "amenity": null, "building": "greenhouse", "building:levels": null, "cuisine": null, "denomination": null, "government": null, "historic": null, "inscription": null, "layer": null, "memorial": null, "name": null, "name:en": null, "name:ru": null, "office": null, "opening_hours": null, "operator": null, "phone": null, "power": null, "ref:sobory.ru": null, "ref:temples.ru": null, "religion": null, "roof:shape": null, "shop": null, "source:addr": null, "source:housenumber": null, "start_date": null, "tomb": null, "tourism": null, "type": null, "was:amenity": null, "website": null, "wikidata": null, "wikipedia": null, "is_living": false}, "geometry": {"type": "Polygon", "coordinates": [[[35.9186516, 56.2021337], [35.9186518, 56.2021096], [35.9187374, 56.2021098], [35.9187372, 56.202134], [35.9186516, 56.2021337]]]}}, {"type": "Feature", "properties": {"id": "way/1366160273", "@id": "way/1366160273", "abandoned": null, "addr:city": null, "addr:housenumber": null, "addr:place": null, "addr:postcode": null, "addr:street": null, "alt_name": null, "amenity": null, "building": "greenhouse", "building:levels": null, "cuisine": null, "denomination": null, "government": null, "historic": null, "inscription": null, "layer": null, "memorial": null, "name": null, "name:en": null, "name:ru": null, "office": null, "opening_hours": null, "operator": null, "phone": null, "power": null, "ref:sobory.ru": null, "ref:temples.ru": null, "religion": null, "roof:shape": null, "shop": null, "source:addr": null, "source:housenumber": null, "start_date": null, "tomb": null, "tourism": null, "type": null, "was:amenity": null, "website": null, "wikidata": null, "wikipedia": null, "is_living": false}, "geometry": {"type": "Polygon", "coordinates": [[[35.9186073, 56.2019368], [35.9186083, 56.2019097], [35.9187159, 56.2019109], [35.9187149, 56.201938], [35.9186073, 56.2019368]]]}}, {"type": "Feature", "properties": {"id": "way/1366160274", "@id": "way/1366160274", "abandoned": null, "addr:city": null, "addr:housenumber": null, "addr:place": null, "addr:postcode": null, "addr:street": null, "alt_name": null, "amenity": null, "building": "greenhouse", "building:levels": null, "cuisine": null, "denomination": null, "government": null, "historic": null, "inscription": null, "layer": null, "memorial": null, "name": null, "name:en": null, "name:ru": null, "office": null, "opening_hours": null, "operator": null, "phone": null, "power": null, "ref:sobory.ru": null, "ref:temples.ru": null, "religion": null, "roof:shape": null, "shop": null, "source:addr": null, "source:housenumber": null, "start_date": null, "tomb": null, "tourism": null, "type": null, "was:amenity": null, "website": null, "wikidata": null, "wikipedia": null, "is_living": false}, "geometry": {"type": "Polygon", "coordinates": [[[35.9186708, 56.2020971], [35.9186633, 56.2020443], [35.9186995, 56.2020427], [35.918707, 56.2020955], [35.9186708, 56.2020971]]]}}, {"type": "Feature", "properties": {"id": "way/1366160292", "@id": "way/1366160292", "abandoned": null, "addr:city": null, "addr:housenumber": null, "addr:place": null, "addr:postcode": null, "addr:street": null, "alt_name": null, "amenity": null, "building": "greenhouse", "building:levels": null, "cuisine": null, "denomination": null, "government": null, "historic": null, "inscription": null, "layer": null, "memorial": null, "name": null, "name:en": null, "name:ru": null, "office": null, "opening_hours": null, "operator": null, "phone": null, "power": null, "ref:sobory.ru": null, "ref:temples.ru": null, "religion": null, "roof:shape": null, "shop": null, "source:addr": null, "source:housenumber": null, "start_date": null, "tomb": null, "tourism": null, "type": null, "was:amenity": null, "website": null, "wikidata": null, "wikipedia": null, "is_living": false}, "geometry": {"type": "Polygon", "coordinates": [[[35.9179354, 56.2010044], [35.917926, 56.2009463], [35.9179812, 56.2009435], [35.9179905, 56.2010017], [35.9179354, 56.2010044]]]}}, {"type": "Feature", "properties": {"id": "way/1366160297", "@id": "way/1366160297", "abandoned": null, "addr:city": null, "addr:housenumber": null, "addr:place": null, "addr:postcode": null, "addr:street": null, "alt_name": null, "amenity": null, "building": "greenhouse", "building:levels": null, "cuisine": null, "denomination": null, "government": null, "historic": null, "inscription": null, "layer": null, "memorial": null, "name": null, "name:en": null, "name:ru": null, "office": null, "opening_hours": null, "operator": null, "phone": null, "power": null, "ref:sobory.ru": null, "ref:temples.ru": null, "religion": null, "roof:shape": null, "shop": null, "source:addr": null, "source:housenumber": null, "start_date": null, "tomb": null, "tourism": null, "type": null, "was:amenity": null, "website": null, "wikidata": null, "wikipedia": null, "is_living": false}, "geometry": {"type": "Polygon", "coordinates": [[[35.9159758, 56.2012749], [35.9159749, 56.2012545], [35.9160366, 56.2012537], [35.9160375, 56.2012741], [35.9159758, 56.2012749]]]}}, {"type": "Feature", "properties": {"id": "way/1366165469", "@id": "way/1366165469", "abandoned": null, "addr:city": null, "addr:housenumber": null, "addr:place": null, "addr:postcode": null, "addr:street": null, "alt_name": null, "amenity": null, "building": "greenhouse", "building:levels": null, "cuisine": null, "denomination": null, "government": null, "historic": null, "inscription": null, "layer": null, "memorial": null, "name": null, "name:en": null, "name:ru": null, "office": null, "opening_hours": null, "operator": null, "phone": null, "power": null, "ref:sobory.ru": null, "ref:temples.ru": null, "religion": null, "roof:shape": null, "shop": null, "source:addr": null, "source:housenumber": null, "start_date": null, "tomb": null, "tourism": null, "type": null, "was:amenity": null, "website": null, "wikidata": null, "wikipedia": null, "is_living": false}, "geometry": {"type": "Polygon", "coordinates": [[[35.914185, 56.2013784], [35.914175, 56.2013125], [35.9142496, 56.201309], [35.9142596, 56.2013749], [35.914185, 56.2013784]]]}}, {"type": "Feature", "properties": {"id": "way/1366165470", "@id": "way/1366165470", "abandoned": null, "addr:city": null, "addr:housenumber": null, "addr:place": null, "addr:postcode": null, "addr:street": null, "alt_name": null, "amenity": null, "building": "greenhouse", "building:levels": null, "cuisine": null, "denomination": null, "government": null, "historic": null, "inscription": null, "layer": null, "memorial": null, "name": null, "name:en": null, "name:ru": null, "office": null, "opening_hours": null, "operator": null, "phone": null, "power": null, "ref:sobory.ru": null, "ref:temples.ru": null, "religion": null, "roof:shape": null, "shop": null, "source:addr": null, "source:housenumber": null, "start_date": null, "tomb": null, "tourism": null, "type": null, "was:amenity": null, "website": null, "wikidata": null, "wikipedia": null, "is_living": false}, "geometry": {"type": "Polygon", "coordinates": [[[35.9141132, 56.201383], [35.9141036, 56.2013146], [35.9141637, 56.201312], [35.9141733, 56.2013804], [35.9141132, 56.201383]]]}}, {"type": "Feature", "properties": {"id": "way/1366165471", "@id": "way/1366165471", "abandoned": null, "addr:city": null, "addr:housenumber": null, "addr:place": null, "addr:postcode": null, "addr:street": null, "alt_name": null, "amenity": null, "building": "greenhouse", "building:levels": null, "cuisine": null, "denomination": null, "government": null, "historic": null, "inscription": null, "layer": null, "memorial": null, "name": null, "name:en": null, "name:ru": null, "office": null, "opening_hours": null, "operator": null, "phone": null, "power": null, "ref:sobory.ru": null, "ref:temples.ru": null, "religion": null, "roof:shape": null, "shop": null, "source:addr": null, "source:housenumber": null, "start_date": null, "tomb": null, "tourism": null, "type": null, "was:amenity": null, "website": null, "wikidata": null, "wikipedia": null, "is_living": false}, "geometry": {"type": "Polygon", "coordinates": [[[35.9140586, 56.201388], [35.9140508, 56.201334], [35.9140909, 56.2013322], [35.9140988, 56.2013861], [35.9140586, 56.201388]]]}}, {"type": "Feature", "properties": {"id": "way/1371043034", "@id": "way/1371043034", "abandoned": null, "addr:city": null, "addr:housenumber": null, "addr:place": null, "addr:postcode": null, "addr:street": null, "alt_name": null, "amenity": null, "building": "greenhouse", "building:levels": null, "cuisine": null, "denomination": null, "government": null, "historic": null, "inscription": null, "layer": null, "memorial": null, "name": null, "name:en": null, "name:ru": null, "office": null, "opening_hours": null, "operator": null, "phone": null, "power": null, "ref:sobory.ru": null, "ref:temples.ru": null, "religion": null, "roof:shape": null, "shop": null, "source:addr": null, "source:housenumber": null, "start_date": null, "tomb": null, "tourism": null, "type": null, "was:amenity": null, "website": null, "wikidata": null, "wikipedia": null, "is_living": false}, "geometry": {"type": "Polygon", "coordinates": [[[35.6669948, 56.302547], [35.6670283, 56.3025182], [35.6671848, 56.30258], [35.6671513, 56.3026088], [35.6669948, 56.302547]]]}}, {"type": "Feature", "properties": {"id": "way/1371043042", "@id": "way/1371043042", "abandoned": null, "addr:city": null, "addr:housenumber": null, "addr:place": null, "addr:postcode": null, "addr:street": null, "alt_name": null, "amenity": null, "building": "greenhouse", "building:levels": null, "cuisine": null, "denomination": null, "government": null, "historic": null, "inscription": null, "layer": null, "memorial": null, "name": null, "name:en": null, "name:ru": null, "office": null, "opening_hours": null, "operator": null, "phone": null, "power": null, "ref:sobory.ru": null, "ref:temples.ru": null, "religion": null, "roof:shape": null, "shop": null, "source:addr": null, "source:housenumber": null, "start_date": null, "tomb": null, "tourism": null, "type": null, "was:amenity": null, "website": null, "wikidata": null, "wikipedia": null, "is_living": false}, "geometry": {"type": "Polygon", "coordinates": [[[35.6676991, 56.3030732], [35.6677331, 56.3030495], [35.6678292, 56.303092], [35.6677952, 56.3031157], [35.6676991, 56.3030732]]]}}, {"type": "Feature", "properties": {"id": "way/1371043050", "@id": "way/1371043050", "abandoned": null, "addr:city": null, "addr:housenumber": null, "addr:place": null, "addr:postcode": null, "addr:street": null, "alt_name": null, "amenity": null, "building": "greenhouse", "building:levels": null, "cuisine": null, "denomination": null, "government": null, "historic": null, "inscription": null, "layer": null, "memorial": null, "name": null, "name:en": null, "name:ru": null, "office": null, "opening_hours": null, "operator": null, "phone": null, "power": null, "ref:sobory.ru": null, "ref:temples.ru": null, "religion": null, "roof:shape": null, "shop": null, "source:addr": null, "source:housenumber": null, "start_date": null, "tomb": null, "tourism": null, "type": null, "was:amenity": null, "website": null, "wikidata": null, "wikipedia": null, "is_living": false}, "geometry": {"type": "Polygon", "coordinates": [[[35.6664776, 56.3029889], [35.6665443, 56.3029492], [35.6665723, 56.3029637], [35.6665057, 56.3030034], [35.6664776, 56.3029889]]]}}, {"type": "Feature", "properties": {"id": "way/1371046693", "@id": "way/1371046693", "abandoned": null, "addr:city": null, "addr:housenumber": null, "addr:place": null, "addr:postcode": null, "addr:street": null, "alt_name": null, "amenity": null, "building": "greenhouse", "building:levels": null, "cuisine": null, "denomination": null, "government": null, "historic": null, "inscription": null, "layer": null, "memorial": null, "name": null, "name:en": null, "name:ru": null, "office": null, "opening_hours": null, "operator": null, "phone": null, "power": null, "ref:sobory.ru": null, "ref:temples.ru": null, "religion": null, "roof:shape": null, "shop": null, "source:addr": null, "source:housenumber": null, "start_date": null, "tomb": null, "tourism": null, "type": null, "was:amenity": null, "website": null, "wikidata": null, "wikipedia": null, "is_living": false}, "geometry": {"type": "Polygon", "coordinates": [[[35.6653068, 56.302379], [35.6653297, 56.302363], [35.6654047, 56.302396], [35.6653818, 56.302412], [35.6653068, 56.302379]]]}}, {"type": "Feature", "properties": {"id": "way/1371046698", "@id": "way/1371046698", "abandoned": null, "addr:city": null, "addr:housenumber": null, "addr:place": null, "addr:postcode": null, "addr:street": null, "alt_name": null, "amenity": null, "building": "greenhouse", "building:levels": null, "cuisine": null, "denomination": null, "government": null, "historic": null, "inscription": null, "layer": null, "memorial": null, "name": null, "name:en": null, "name:ru": null, "office": null, "opening_hours": null, "operator": null, "phone": null, "power": null, "ref:sobory.ru": null, "ref:temples.ru": null, "religion": null, "roof:shape": null, "shop": null, "source:addr": null, "source:housenumber": null, "start_date": null, "tomb": null, "tourism": null, "type": null, "was:amenity": null, "website": null, "wikidata": null, "wikipedia": null, "is_living": false}, "geometry": {"type": "Polygon", "coordinates": [[[35.6646974, 56.3029216], [35.6647571, 56.3028784], [35.6647924, 56.3028933], [35.6647326, 56.3029366], [35.6646974, 56.3029216]]]}}, {"type": "Feature", "properties": {"id": "way/1371046699", "@id": "way/1371046699", "abandoned": null, "addr:city": null, "addr:housenumber": null, "addr:place": null, "addr:postcode": null, "addr:street": null, "alt_name": null, "amenity": null, "building": "greenhouse", "building:levels": null, "cuisine": null, "denomination": null, "government": null, "historic": null, "inscription": null, "layer": null, "memorial": null, "name": null, "name:en": null, "name:ru": null, "office": null, "opening_hours": null, "operator": null, "phone": null, "power": null, "ref:sobory.ru": null, "ref:temples.ru": null, "religion": null, "roof:shape": null, "shop": null, "source:addr": null, "source:housenumber": null, "start_date": null, "tomb": null, "tourism": null, "type": null, "was:amenity": null, "website": null, "wikidata": null, "wikipedia": null, "is_living": false}, "geometry": {"type": "Polygon", "coordinates": [[[35.6646244, 56.3027432], [35.6646654, 56.3027174], [35.66474, 56.302754], [35.664699, 56.3027797], [35.6646244, 56.3027432]]]}}, {"type": "Feature", "properties": {"id": "way/1371046704", "@id": "way/1371046704", "abandoned": null, "addr:city": null, "addr:housenumber": null, "addr:place": null, "addr:postcode": null, "addr:street": null, "alt_name": null, "amenity": null, "building": "greenhouse", "building:levels": null, "cuisine": null, "denomination": null, "government": null, "historic": null, "inscription": null, "layer": null, "memorial": null, "name": null, "name:en": null, "name:ru": null, "office": null, "opening_hours": null, "operator": null, "phone": null, "power": null, "ref:sobory.ru": null, "ref:temples.ru": null, "religion": null, "roof:shape": null, "shop": null, "source:addr": null, "source:housenumber": null, "start_date": null, "tomb": null, "tourism": null, "type": null, "was:amenity": null, "website": null, "wikidata": null, "wikipedia": null, "is_living": false}, "geometry": {"type": "Polygon", "coordinates": [[[35.6647093, 56.3031835], [35.6647741, 56.3031342], [35.6648215, 56.3031534], [35.6647567, 56.3032027], [35.6647093, 56.3031835]]]}}, {"type": "Feature", "properties": {"id": "way/1529669021", "@id": "way/1529669021", "abandoned": null, "addr:city": "д. Кушелово", "addr:housenumber": "64", "addr:place": null, "addr:postcode": null, "addr:street": "Большая", "alt_name": null, "amenity": "restaurant", "building": "yes", "building:levels": null, "cuisine": "seafood", "denomination": null, "government": null, "historic": null, "inscription": null, "layer": null, "memorial": null, "name": "Лов", "name:en": null, "name:ru": null, "office": null, "opening_hours": "Mo-Su 11:00-22:00", "operator": null, "phone": "+7 (495) 790-88-90", "power": null, "ref:sobory.ru": null, "ref:temples.ru": null, "religion": null, "roof:shape": null, "shop": null, "source:addr": null, "source:housenumber": null, "start_date": null, "tomb": null, "tourism": null, "type": null, "was:amenity": null, "website": "https://lov.fish/", "wikidata": null, "wikipedia": null, "is_living": false}, "geometry": {"type": "Polygon", "coordinates": [[[35.9465089, 56.2354712], [35.9466337, 56.2353557], [35.9470764, 56.2355036], [35.9469515, 56.2356191], [35.9465089, 56.2354712]]]}}, {"type": "Feature", "properties": {"id": "way/1529669022", "@id": "way/1529669022", "abandoned": null, "addr:city": "д. Кушелово", "addr:housenumber": "10", "addr:place": null, "addr:postcode": null, "addr:street": "Большая", "alt_name": null, "amenity": "restaurant", "building": "yes", "building:levels": null, "cuisine": "seafood", "denomination": null, "government": null, "historic": null, "inscription": null, "layer": null, "memorial": null, "name": "Островок", "name:en": null, "name:ru": null, "office": null, "opening_hours": "Mo-Su 11:00-22:00", "operator": null, "phone": "+7 (495) 790-88-90", "power": null, "ref:sobory.ru": null, "ref:temples.ru": null, "religion": null, "roof:shape": null, "shop": null, "source:addr": null, "source:housenumber": null, "start_date": null, "tomb": null, "tourism": null, "type": null, "was:amenity": null, "website": "https://club-ihtiolog.ru/restoran-ostrovok/", "wikidata": null, "wikipedia": null, "is_living": false}, "geometry": {"type": "Polygon", "coordinates": [[[35.9473766, 56.2356301], [35.9473352, 56.2355716], [35.9474029, 56.2355193], [35.9474744, 56.2355131], [35.9475383, 56.235534], [35.9476598, 56.2355221], [35.9476853, 56.2356031], [35.9475796, 56.2356134], [35.9475458, 56.2356364], [35.9474292, 56.2356468], [35.9473766, 56.2356301]]]}}, {"type": "Feature", "properties": {"id": "way/1546707485", "@id": "way/1546707485", "abandoned": null, "addr:city": null, "addr:housenumber": "1 к1", "addr:place": "Загородный клуб Ихтиолог", "addr:postcode": null, "addr:street": null, "alt_name": null, "amenity": null, "building": "yes", "building:levels": null, "cuisine": null, "denomination": null, "government": null, "historic": null, "inscription": null, "layer": null, "memorial": null, "name": null, "name:en": null, "name:ru": null, "office": null, "opening_hours": null, "operator": null, "phone": null, "power": null, "ref:sobory.ru": null, "ref:temples.ru": null, "religion": null, "roof:shape": null, "shop": null, "source:addr": null, "source:housenumber": null, "start_date": null, "tomb": null, "tourism": null, "type": null, "was:amenity": null, "website": null, "wikidata": null, "wikipedia": null, "is_living": false}, "geometry": {"type": "Polygon", "coordinates": [[[35.9446551, 56.2335505], [35.9445071, 56.2334186], [35.9446072, 56.2333839], [35.9446307, 56.2334048], [35.9448505, 56.2333285], [35.9449407, 56.2334089], [35.944718, 56.2334861], [35.9447524, 56.2335167], [35.9446551, 56.2335505]]]}}]}