{"type": "FeatureCollection", "features": [{"type": "Feature", "id": "way/712417509", "properties": {"@id": "way/712417509", "building": "commercial", "building:levels": "1", "is_living": false}, "geometry": {"type": "Polygon", "coordinates": [[[37.1823584, 55.6613081], [37.1824011, 55.6612692], [37.1825816, 55.6613305], [37.1825375, 55.6613707], [37.1823584, 55.6613081]]]}}, {"type": "Feature", "id": "way/713588607", "properties": {"@id": "way/713588607", "building": "industrial", "is_living": false}, "geometry": {"type": "Polygon", "coordinates": [[[36.8851718, 55.62149], [36.8851267, 55.6213853], [36.8856425, 55.6213146], [36.8856876, 55.6214193], [36.8851718, 55.62149]]]}}, {"type": "Feature", "id": "way/713588610", "properties": {"@id": "way/713588610", "building": "industrial", "is_living": false}, "geometry": {"type": "Polygon", "coordinates": [[[36.8851545, 55.6186674], [36.8848949, 55.6184622], [36.884953, 55.6184387], [36.8849915, 55.6184232], [36.885251, 55.6186284], [36.8851545, 55.6186674]]]}}, {"type": "Feature", "id": "way/713588611", "properties": {"@id": "way/713588611", "building": "industrial", "is_living": false}, "geometry": {"type": "Polygon", "coordinates": [[[36.8853569, 55.6189624], [36.8852465, 55.618846], [36.8857738, 55.6186864], [36.8858843, 55.6188029], [36.8853569, 55.6189624]]]}}, {"type": "Feature", "id": "way/713588612", "properties": {"@id": "way/713588612", "building": "industrial", "is_living": false}, "geometry": {"type": "Polygon", "coordinates": [[[36.8868476, 55.6193022], [36.8867858, 55.6192402], [36.8871292, 55.6191312], [36.8871909, 55.6191932], [36.8868476, 55.6193022]]]}}, {"type": "Feature", "id": "way/713588613", "properties": {"@id": "way/713588613", "building": "industrial", "is_living": false}, "geometry": {"type": "Polygon", "coordinates": [[[36.8867707, 55.6195419], [36.8866, 55.6193749], [36.8866849, 55.6193472], [36.8868557, 55.6195141], [36.8867707, 55.6195419]]]}}, {"type": "Feature", "id": "way/713642285", "properties": {"@id": "way/713642285", "abandoned": "yes", "building": "industrial", "is_living": false}, "geometry": {"type": "Polygon", "coordinates": [[[37.2284067, 55.6413412], [37.2285264, 55.6412591], [37.22863, 55.6413073], [37.2285104, 55.6413893], [37.2284067, 55.6413412]]]}}, {"type": "Feature", "id": "way/713899867", "properties": {"@id": "way/713899867", "building": "industrial", "is_living": false}, "geometry": {"type": "Polygon", "coordinates": [[[36.8397462, 55.6104096], [36.8399806, 55.6100875], [36.8402098, 55.6101407], [36.8399753, 55.6104628], [36.8397462, 55.6104096]]]}}, {"type": "Feature", "id": "way/714140057", "properties": {"@id": "way/714140057", "building": "roof", "height": "5", "is_living": false}, "geometry": {"type": "Polygon", "coordinates": [[[37.2512434, 55.647488], [37.251348, 55.6473934], [37.2514587, 55.6472932], [37.2516038, 55.6473443], [37.2514931, 55.6474444], [37.2513885, 55.6475391], [37.2512434, 55.647488]]]}}, {"type": "Feature", "id": "way/714140066", "properties": {"@id": "way/714140066", "addr:housenumber": "с1", "addr:place": "Минское шоссе", "building": "retail", "height": "5", "is_living": false}, "geometry": {"type": "Polygon", "coordinates": [[[37.265216, 55.6499385], [37.2652039, 55.6498943], [37.2651271, 55.649901], [37.2651062, 55.6498249], [37.2652146, 55.6498154], [37.2652074, 55.6497893], [37.2655692, 55.6497577], [37.2656094, 55.6499043], [37.265216, 55.6499385]]]}}, {"type": "Feature", "id": "way/714140082", "properties": {"@id": "way/714140082", "building": "garages", "height": "2", "is_living": false}, "geometry": {"type": "Polygon", "coordinates": [[[37.2179928, 55.6327067], [37.2181119, 55.6326697], [37.2187844, 55.6334435], [37.2192304, 55.6339404], [37.2195596, 55.6342303], [37.2194592, 55.6342659], [37.219137, 55.633972], [37.2186676, 55.6334421], [37.2179928, 55.6327067]]]}}, {"type": "Feature", "id": "way/714140083", "properties": {"@id": "way/714140083", "building": "garages", "height": "2", "is_living": false}, "geometry": {"type": "Polygon", "coordinates": [[[37.2220109, 55.6355118], [37.2220778, 55.6354599], [37.2229916, 55.6358352], [37.2229248, 55.635887], [37.2220109, 55.6355118]]]}}, {"type": "Feature", "id": "way/714140084", "properties": {"@id": "way/714140084", "building": "garages", "height": "2", "is_living": false}, "geometry": {"type": "Polygon", "coordinates": [[[37.22177, 55.6356468], [37.2218879, 55.6355569], [37.2228583, 55.6359619], [37.2227406, 55.6360518], [37.2223484, 55.6358881], [37.22177, 55.6356468]]]}}, {"type": "Feature", "id": "way/714140085", "properties": {"@id": "way/714140085", "building": "garages", "height": "2", "is_living": false}, "geometry": {"type": "Polygon", "coordinates": [[[37.219152, 55.6343059], [37.2188811, 55.6340591], [37.2186532, 55.6338153], [37.2177278, 55.6327661], [37.2178324, 55.6327388], [37.2190206, 55.6340197], [37.2192888, 55.6342574], [37.219152, 55.6343059]]]}}, {"type": "Feature", "id": "way/714140086", "properties": {"@id": "way/714140086", "building": "garages", "height": "2", "is_living": false}, "geometry": {"type": "Polygon", "coordinates": [[[37.2197119, 55.6342397], [37.2191046, 55.6337143], [37.2191997, 55.6336793], [37.2195955, 55.6340219], [37.2198067, 55.6342048], [37.2197119, 55.6342397]]]}}, {"type": "Feature", "id": "way/714140092", "properties": {"@id": "way/714140092", "building": "garages", "height": "2", "is_living": false}, "geometry": {"type": "Polygon", "coordinates": [[[37.2230659, 55.6363214], [37.2229809, 55.6362819], [37.2232599, 55.6360906], [37.223345, 55.6361302], [37.2230659, 55.6363214]]]}}, {"type": "Feature", "id": "way/714140093", "properties": {"@id": "way/714140093", "building": "garages", "height": "2", "is_living": false}, "geometry": {"type": "Polygon", "coordinates": [[[37.2229776, 55.6361974], [37.2228872, 55.6361599], [37.2229247, 55.636131], [37.223059, 55.6360278], [37.2231494, 55.6360652], [37.2229776, 55.6361974]]]}}, {"type": "Feature", "id": "way/714140094", "properties": {"@id": "way/714140094", "building": "garages", "height": "2", "is_living": false}, "geometry": {"type": "Polygon", "coordinates": [[[37.2231108, 55.6359713], [37.2231817, 55.6359075], [37.2234748, 55.6360111], [37.223404, 55.636075], [37.2231108, 55.6359713]]]}}, {"type": "Feature", "id": "way/714851290", "properties": {"@id": "way/714851290", "building": "industrial", "height": "5", "is_living": false}, "geometry": {"type": "Polygon", "coordinates": [[[36.9250588, 55.5885728], [36.9251267, 55.5884633], [36.9254532, 55.588528], [36.9253853, 55.5886374], [36.9250588, 55.5885728]]]}}, {"type": "Feature", "id": "way/714851291", "properties": {"@id": "way/714851291", "building": "industrial", "height": "3", "is_living": false}, "geometry": {"type": "Polygon", "coordinates": [[[36.9260532, 55.5881371], [36.926139, 55.5879977], [36.9265896, 55.5880947], [36.9265145, 55.5882311], [36.9260532, 55.5881371]]]}}, {"type": "Feature", "id": "way/714851292", "properties": {"@id": "way/714851292", "building": "industrial", "height": "3", "is_living": false}, "geometry": {"type": "Polygon", "coordinates": [[[36.9267652, 55.5888863], [36.9268329, 55.5887875], [36.9271217, 55.5888507], [36.927054, 55.5889495], [36.9267652, 55.5888863]]]}}, {"type": "Feature", "id": "way/714887045", "properties": {"@id": "way/714887045", "building": "garage", "is_living": false}, "geometry": {"type": "Polygon", "coordinates": [[[37.2035938, 55.6564926], [37.2034892, 55.6564945], [37.2034866, 55.6564491], [37.2035912, 55.6564472], [37.2035938, 55.6564926]]]}}, {"type": "Feature", "id": "way/714887118", "properties": {"@id": "way/714887118", "addr:housenumber": "61", "addr:place": "Введенское", "addr:postcode": "143180", "building": "retail", "height": "8", "is_living": false}, "geometry": {"type": "Polygon", "coordinates": [[[36.8922711, 55.6926225], [36.8917165, 55.6924135], [36.8912446, 55.6927662], [36.8912019, 55.6927486], [36.8909577, 55.6929318], [36.8907721, 55.6928441], [36.8914731, 55.6922624], [36.8912327, 55.6923093], [36.891168, 55.6923127], [36.8909585, 55.6924586], [36.8910171, 55.6924847], [36.8906011, 55.6927903], [36.8903361, 55.6926826], [36.8907552, 55.6923944], [36.8911495, 55.6922624], [36.8916394, 55.6921512], [36.892157, 55.6919046], [36.8924651, 55.69179], [36.8925114, 55.6918074], [36.8923234, 55.6919585], [36.8917349, 55.6922137], [36.8921078, 55.6923429], [36.8921695, 55.6922894], [36.8920333, 55.6922395], [36.8922982, 55.6920099], [36.8924344, 55.6920598], [36.8925512, 55.6921021], [36.8926004, 55.6920589], [36.8929057, 55.6921694], [36.8926686, 55.6923776], [36.8924806, 55.6925426], [36.8924005, 55.6925165], [36.8922711, 55.6926225]]]}}, {"type": "Feature", "id": "way/716665338", "properties": {"@id": "way/716665338", "building": "roof", "is_living": false}, "geometry": {"type": "Polygon", "coordinates": [[[36.9585941, 55.629428], [36.9586066, 55.6293682], [36.958621, 55.629299], [36.9587321, 55.6293064], [36.9587251, 55.6293398], [36.9588524, 55.6293477], [36.9588422, 55.6293996], [36.9587796, 55.6293953], [36.9587166, 55.6293909], [36.9587073, 55.6294355], [36.9585941, 55.629428]]]}}, {"type": "Feature", "id": "way/717186813", "properties": {"@id": "way/717186813", "building": "service", "building:levels": "1", "location": "indoor", "power": "substation", "substation": "minor_distribution", "is_living": false}, "geometry": {"type": "Polygon", "coordinates": [[[37.3223162, 55.6791981], [37.3222959, 55.6791035], [37.32254, 55.6790869], [37.3225602, 55.6791814], [37.3223162, 55.6791981]]]}}, {"type": "Feature", "id": "way/723722114", "properties": {"@id": "way/723722114", "amenity": "shelter", "building": "gazebo", "shelter_type": "gazebo", "is_living": false}, "geometry": {"type": "Polygon", "coordinates": [[[37.2134671, 55.6594169], [37.2134592, 55.6594238], [37.2134476, 55.6594288], [37.2134338, 55.6594312], [37.2134193, 55.6594309], [37.2134066, 55.6594282], [37.2133961, 55.6594233], [37.2133889, 55.6594168], [37.2133857, 55.6594094], [37.2133868, 55.6594017], [37.2133921, 55.6593947], [37.2134011, 55.6593889], [37.2134129, 55.6593851], [37.2134262, 55.6593836], [37.2134397, 55.6593845], [37.213452, 55.6593877], [37.2134624, 55.6593935], [37.2134688, 55.6594008], [37.2134704, 55.659409], [37.2134671, 55.6594169]]]}}, {"type": "Feature", "id": "way/724276882", "properties": {"@id": "way/724276882", "addr:city": "ВНИИССОК", "addr:housenumber": "11", "addr:street": "улица Михаила Кутузова", "building": "kindergarten", "building:levels": "3", "roof:shape": "flat", "is_living": false}, "geometry": {"type": "Polygon", "coordinates": [[[37.2164405, 55.6599956], [37.2164481, 55.6598384], [37.2172068, 55.6598501], [37.2171991, 55.6600074], [37.2164405, 55.6599956]]]}}, {"type": "Feature", "id": "way/725029354", "properties": {"@id": "way/725029354", "building": "service", "power": "substation", "ref": "414145", "substation": "minor_distribution", "is_living": false}, "geometry": {"type": "Polygon", "coordinates": [[[37.1518659, 55.6524987], [37.1517505, 55.6524905], [37.1517647, 55.652427], [37.1518801, 55.6524352], [37.1518659, 55.6524987]]]}}, {"type": "Feature", "id": "way/725273319", "properties": {"@id": "way/725273319", "building": "service", "is_living": false}, "geometry": {"type": "Polygon", "coordinates": [[[37.2093574, 55.6593246], [37.2093574, 55.659252], [37.2094701, 55.659252], [37.2094701, 55.6593246], [37.2093574, 55.6593246]]]}}, {"type": "Feature", "id": "way/725311006", "properties": {"@id": "way/725311006", "building": "garage", "is_living": false}, "geometry": {"type": "Polygon", "coordinates": [[[37.1964205, 55.6614288], [37.1964388, 55.6613661], [37.1965871, 55.6613798], [37.1965688, 55.6614426], [37.1964205, 55.6614288]]]}}, {"type": "Feature", "id": "way/726617662", "properties": {"@id": "way/726617662", "building": "service", "power": "substation", "ref": "414164", "substation": "minor_distribution", "is_living": false}, "geometry": {"type": "Polygon", "coordinates": [[[37.1993655, 55.6606175], [37.1993456, 55.6606021], [37.1993773, 55.660589], [37.1993973, 55.6606043], [37.1993655, 55.6606175]]]}}, {"type": "Feature", "id": "way/726823460", "properties": {"@id": "way/726823460", "addr:city": "Малые Вязёмы", "addr:housenumber": "вл4 с16", "addr:street": "Можайское шоссе", "building": "retail", "is_living": false}, "geometry": {"type": "Polygon", "coordinates": [[[37.0528174, 55.6409531], [37.0529369, 55.6408636], [37.0533271, 55.6410295], [37.0532076, 55.641119], [37.0528174, 55.6409531]]]}}, {"type": "Feature", "id": "way/726823461", "properties": {"@id": "way/726823461", "addr:city": "Малые Вязёмы", "addr:housenumber": "вл4 с19", "addr:street": "Можайское шоссе", "building": "retail", "is_living": false}, "geometry": {"type": "Polygon", "coordinates": [[[37.0526035, 55.641112], [37.052723, 55.6410225], [37.0531132, 55.6411884], [37.0529938, 55.6412779], [37.0526035, 55.641112]]]}}, {"type": "Feature", "id": "way/726823462", "properties": {"@id": "way/726823462", "addr:city": "Малые Вязёмы", "addr:housenumber": "вл4 с17", "addr:street": "Можайское шоссе", "building": "retail", "is_living": false}, "geometry": {"type": "Polygon", "coordinates": [[[37.0524258, 55.6405378], [37.0525462, 55.6404487], [37.0533443, 55.6407924], [37.0532239, 55.6408815], [37.0524258, 55.6405378]]]}}, {"type": "Feature", "id": "way/726823470", "properties": {"@id": "way/726823470", "addr:city": "Малые Вязёмы", "addr:housenumber": "вл4 с14", "addr:street": "Можайское шоссе", "building": "retail", "is_living": false}, "geometry": {"type": "Polygon", "coordinates": [[[37.0516653, 55.6410828], [37.0522976, 55.6403277], [37.0524117, 55.6403581], [37.0517797, 55.6411133], [37.0516653, 55.6410828]]]}}, {"type": "Feature", "id": "way/726823490", "properties": {"@id": "way/726823490", "building": "yes", "is_living": false}, "geometry": {"type": "Polygon", "coordinates": [[[37.0236051, 55.6317877], [37.0236602, 55.6316749], [37.0238572, 55.6317055], [37.0238021, 55.6318184], [37.0236051, 55.6317877]]]}}, {"type": "Feature", "id": "way/726823491", "properties": {"@id": "way/726823491", "building": "yes", "is_living": false}, "geometry": {"type": "Polygon", "coordinates": [[[37.0202802, 55.6290254], [37.0202763, 55.628888], [37.020633, 55.6288847], [37.0206369, 55.6290222], [37.0202802, 55.6290254]]]}}, {"type": "Feature", "id": "way/726823492", "properties": {"@id": "way/726823492", "building": "yes", "is_living": false}, "geometry": {"type": "Polygon", "coordinates": [[[37.0140853, 55.6293465], [37.0140848, 55.6292509], [37.0140847, 55.6292335], [37.0142753, 55.6292332], [37.0142758, 55.6293462], [37.0140853, 55.6293465]]]}}, {"type": "Feature", "id": "way/726823493", "properties": {"@id": "way/726823493", "building": "yes", "is_living": false}, "geometry": {"type": "Polygon", "coordinates": [[[37.0159519, 55.6271067], [37.0159393, 55.6267337], [37.0162466, 55.6267304], [37.0162593, 55.6271033], [37.0159519, 55.6271067]]]}}, {"type": "Feature", "id": "way/726823494", "properties": {"@id": "way/726823494", "building": "yes", "is_living": false}, "geometry": {"type": "Polygon", "coordinates": [[[37.0167805, 55.6271143], [37.0167785, 55.6270141], [37.0169766, 55.6270129], [37.0169786, 55.6271131], [37.0167805, 55.6271143]]]}}, {"type": "Feature", "id": "way/726823495", "properties": {"@id": "way/726823495", "building": "yes", "is_living": false}, "geometry": {"type": "Polygon", "coordinates": [[[37.0179001, 55.6269647], [37.0178362, 55.626705], [37.0179562, 55.6266956], [37.01802, 55.6269553], [37.0179001, 55.6269647]]]}}, {"type": "Feature", "id": "way/726823496", "properties": {"@id": "way/726823496", "building": "yes", "is_living": false}, "geometry": {"type": "Polygon", "coordinates": [[[37.0174268, 55.6262189], [37.0174339, 55.6260858], [37.0184489, 55.6261032], [37.0184418, 55.6262362], [37.0174268, 55.6262189]]]}}, {"type": "Feature", "id": "way/726823497", "properties": {"@id": "way/726823497", "building": "yes", "is_living": false}, "geometry": {"type": "Polygon", "coordinates": [[[37.0174819, 55.6260497], [37.0174852, 55.6258666], [37.0180627, 55.6258698], [37.0180595, 55.6260529], [37.0174819, 55.6260497]]]}}, {"type": "Feature", "id": "way/726823498", "properties": {"@id": "way/726823498", "addr:housenumber": "5", "addr:street": "Петровское шоссе", "building": "yes", "source:addr": "ЕГРН", "is_living": false}, "geometry": {"type": "Polygon", "coordinates": [[[37.0181767, 55.6256272], [37.018154, 55.6251782], [37.0183648, 55.6251748], [37.0183877, 55.6256238], [37.0181767, 55.6256272]]]}}, {"type": "Feature", "id": "way/726823499", "properties": {"@id": "way/726823499", "building": "yes", "is_living": false}, "geometry": {"type": "Polygon", "coordinates": [[[37.0165001, 55.6261074], [37.0165033, 55.6257688], [37.0167388, 55.6257694], [37.0167356, 55.6261081], [37.0165001, 55.6261074]]]}}, {"type": "Feature", "id": "way/726823500", "properties": {"@id": "way/726823500", "building": "yes", "is_living": false}, "geometry": {"type": "Polygon", "coordinates": [[[37.0165475, 55.6264393], [37.0165603, 55.6261596], [37.0167491, 55.6261623], [37.0167362, 55.626442], [37.0165475, 55.6264393]]]}}, {"type": "Feature", "id": "way/726823501", "properties": {"@id": "way/726823501", "building": "yes", "is_living": false}, "geometry": {"type": "Polygon", "coordinates": [[[37.0170248, 55.6264382], [37.017027, 55.6262651], [37.0173291, 55.6262664], [37.0173268, 55.6264394], [37.0170248, 55.6264382]]]}}, {"type": "Feature", "id": "way/726823504", "properties": {"@id": "way/726823504", "building": "yes", "is_living": false}, "geometry": {"type": "Polygon", "coordinates": [[[37.0180881, 55.6275934], [37.0180916, 55.6274756], [37.0182761, 55.6274774], [37.0182726, 55.6275952], [37.0180881, 55.6275934]]]}}, {"type": "Feature", "id": "way/726823505", "properties": {"@id": "way/726823505", "building": "yes", "is_living": false}, "geometry": {"type": "Polygon", "coordinates": [[[37.0190635, 55.6275998], [37.0190691, 55.627453], [37.0192267, 55.6274549], [37.0192212, 55.6276017], [37.0190635, 55.6275998]]]}}, {"type": "Feature", "id": "way/726823507", "properties": {"@id": "way/726823507", "building": "yes", "is_living": false}, "geometry": {"type": "Polygon", "coordinates": [[[37.0163011, 55.6278852], [37.0162981, 55.6277675], [37.0165624, 55.6277654], [37.0165653, 55.6278831], [37.0163011, 55.6278852]]]}}, {"type": "Feature", "id": "way/727402980", "properties": {"@id": "way/727402980", "addr:city": "ВНИИССОК", "addr:housenumber": "11", "addr:street": "Рябиновая улица", "building": "retail", "building:levels": "2", "roof:shape": "flat", "is_living": false}, "geometry": {"type": "Polygon", "coordinates": [[[37.1949084, 55.6574006], [37.1948881, 55.6573734], [37.1947545, 55.6572288], [37.1950683, 55.6572306], [37.1951003, 55.6573627], [37.1949084, 55.6574006]]]}}, {"type": "Feature", "id": "way/727427973", "properties": {"@id": "way/727427973", "building": "yes", "is_living": false}, "geometry": {"type": "Polygon", "coordinates": [[[37.2790512, 55.6735969], [37.2791736, 55.6735013], [37.2792953, 55.6735508], [37.2791729, 55.6736464], [37.2790512, 55.6735969]]]}}, {"type": "Feature", "id": "way/727427974", "properties": {"@id": "way/727427974", "building": "yes", "is_living": false}, "geometry": {"type": "Polygon", "coordinates": [[[37.2789034, 55.6735309], [37.2790258, 55.6734353], [37.2791475, 55.6734848], [37.2790251, 55.6735804], [37.2789034, 55.6735309]]]}}, {"type": "Feature", "id": "way/727427975", "properties": {"@id": "way/727427975", "building": "yes", "is_living": false}, "geometry": {"type": "Polygon", "coordinates": [[[37.2787494, 55.6734656], [37.2788718, 55.6733699], [37.2789935, 55.6734194], [37.2788711, 55.6735151], [37.2787494, 55.6734656]]]}}, {"type": "Feature", "id": "way/727427976", "properties": {"@id": "way/727427976", "building": "yes", "is_living": false}, "geometry": {"type": "Polygon", "coordinates": [[[37.2785954, 55.6733993], [37.2787178, 55.6733036], [37.2788396, 55.6733532], [37.2787171, 55.6734488], [37.2785954, 55.6733993]]]}}, {"type": "Feature", "id": "way/727427977", "properties": {"@id": "way/727427977", "building": "yes", "is_living": false}, "geometry": {"type": "Polygon", "coordinates": [[[37.2784365, 55.6733311], [37.2785589, 55.6732355], [37.2786806, 55.673285], [37.2785582, 55.6733806], [37.2784365, 55.6733311]]]}}, {"type": "Feature", "id": "way/727427978", "properties": {"@id": "way/727427978", "building": "yes", "is_living": false}, "geometry": {"type": "Polygon", "coordinates": [[[37.2782891, 55.6732639], [37.2784115, 55.6731682], [37.2785333, 55.6732178], [37.2784108, 55.6733134], [37.2782891, 55.6732639]]]}}, {"type": "Feature", "id": "way/727427979", "properties": {"@id": "way/727427979", "building": "yes", "is_living": false}, "geometry": {"type": "Polygon", "coordinates": [[[37.2781219, 55.673192], [37.2782443, 55.6730963], [37.278366, 55.6731459], [37.2782436, 55.6732415], [37.2781219, 55.673192]]]}}, {"type": "Feature", "id": "way/727427980", "properties": {"@id": "way/727427980", "building": "yes", "is_living": false}, "geometry": {"type": "Polygon", "coordinates": [[[37.2779713, 55.6731257], [37.2780936, 55.6730301], [37.2782154, 55.6730796], [37.278093, 55.6731752], [37.2779713, 55.6731257]]]}}, {"type": "Feature", "id": "way/727427981", "properties": {"@id": "way/727427981", "building": "yes", "is_living": false}, "geometry": {"type": "Polygon", "coordinates": [[[37.2775971, 55.6734039], [37.2777195, 55.6733083], [37.2778412, 55.6733578], [37.2777188, 55.6734535], [37.2775971, 55.6734039]]]}}, {"type": "Feature", "id": "way/727427982", "properties": {"@id": "way/727427982", "building": "yes", "is_living": false}, "geometry": {"type": "Polygon", "coordinates": [[[37.2777544, 55.6734702], [37.2778767, 55.6733746], [37.2779985, 55.6734241], [37.2778761, 55.6735198], [37.2777544, 55.6734702]]]}}, {"type": "Feature", "id": "way/727427983", "properties": {"@id": "way/727427983", "building": "yes", "is_living": false}, "geometry": {"type": "Polygon", "coordinates": [[[37.2779199, 55.6735449], [37.2780423, 55.6734493], [37.278164, 55.6734988], [37.2780416, 55.6735944], [37.2779199, 55.6735449]]]}}, {"type": "Feature", "id": "way/727427984", "properties": {"@id": "way/727427984", "building": "yes", "is_living": false}, "geometry": {"type": "Polygon", "coordinates": [[[37.2780706, 55.6736093], [37.278193, 55.6735137], [37.2783147, 55.6735632], [37.2781923, 55.6736589], [37.2780706, 55.6736093]]]}}, {"type": "Feature", "id": "way/727427985", "properties": {"@id": "way/727427985", "building": "yes", "is_living": false}, "geometry": {"type": "Polygon", "coordinates": [[[37.2782329, 55.6736747], [37.2783552, 55.673579], [37.278477, 55.6736286], [37.2783545, 55.6737242], [37.2782329, 55.6736747]]]}}, {"type": "Feature", "id": "way/727427986", "properties": {"@id": "way/727427986", "building": "yes", "is_living": false}, "geometry": {"type": "Polygon", "coordinates": [[[37.2783819, 55.6737447], [37.2785042, 55.6736491], [37.278626, 55.6736986], [37.2785036, 55.6737942], [37.2783819, 55.6737447]]]}}, {"type": "Feature", "id": "way/727427987", "properties": {"@id": "way/727427987", "building": "yes", "is_living": false}, "geometry": {"type": "Polygon", "coordinates": [[[37.2785342, 55.6738063], [37.2786566, 55.6737107], [37.2787783, 55.6737602], [37.2786559, 55.6738559], [37.2785342, 55.6738063]]]}}, {"type": "Feature", "id": "way/727427988", "properties": {"@id": "way/727427988", "building": "yes", "is_living": false}, "geometry": {"type": "Polygon", "coordinates": [[[37.2786898, 55.6738717], [37.2788122, 55.673776], [37.2789339, 55.6738256], [37.2788115, 55.6739212], [37.2786898, 55.6738717]]]}}, {"type": "Feature", "id": "way/727427989", "properties": {"@id": "way/727427989", "building": "yes", "is_living": false}, "geometry": {"type": "Polygon", "coordinates": [[[37.2788656, 55.6737502], [37.2790363, 55.6736208], [37.2791562, 55.6736711], [37.2789855, 55.6738005], [37.2788656, 55.6737502]]]}}, {"type": "Feature", "id": "way/727427990", "properties": {"@id": "way/727427990", "building": "yes", "is_living": false}, "geometry": {"type": "Polygon", "coordinates": [[[37.2786997, 55.6736827], [37.2788704, 55.6735534], [37.2789903, 55.6736037], [37.2788196, 55.6737331], [37.2786997, 55.6736827]]]}}, {"type": "Feature", "id": "way/727427991", "properties": {"@id": "way/727427991", "building": "yes", "is_living": false}, "geometry": {"type": "Polygon", "coordinates": [[[37.2785408, 55.673623], [37.2787115, 55.6734937], [37.2788313, 55.673544], [37.2786607, 55.6736733], [37.2785408, 55.673623]]]}}, {"type": "Feature", "id": "way/727427992", "properties": {"@id": "way/727427992", "building": "yes", "is_living": false}, "geometry": {"type": "Polygon", "coordinates": [[[37.2783884, 55.6735586], [37.2785591, 55.6734292], [37.278679, 55.6734795], [37.2785083, 55.6736089], [37.2783884, 55.6735586]]]}}, {"type": "Feature", "id": "way/727427993", "properties": {"@id": "way/727427993", "building": "yes", "is_living": false}, "geometry": {"type": "Polygon", "coordinates": [[[37.2782295, 55.6734895], [37.2784002, 55.6733601], [37.2785201, 55.6734104], [37.2783494, 55.6735398], [37.2782295, 55.6734895]]]}}, {"type": "Feature", "id": "way/727427994", "properties": {"@id": "way/727427994", "building": "yes", "is_living": false}, "geometry": {"type": "Polygon", "coordinates": [[[37.2780788, 55.6734204], [37.2782495, 55.673291], [37.2783694, 55.6733413], [37.2781987, 55.6734707], [37.2780788, 55.6734204]]]}}, {"type": "Feature", "id": "way/727427995", "properties": {"@id": "way/727427995", "building": "yes", "is_living": false}, "geometry": {"type": "Polygon", "coordinates": [[[37.2779083, 55.6733504], [37.278079, 55.673221], [37.2781989, 55.6732713], [37.2780282, 55.6734007], [37.2779083, 55.6733504]]]}}, {"type": "Feature", "id": "way/727427996", "properties": {"@id": "way/727427996", "building": "yes", "is_living": false}, "geometry": {"type": "Polygon", "coordinates": [[[37.277746, 55.6732757], [37.2779167, 55.6731463], [37.2780366, 55.6731966], [37.2778659, 55.673326], [37.277746, 55.6732757]]]}}, {"type": "Feature", "id": "way/727428002", "properties": {"@id": "way/727428002", "building": "yes", "is_living": false}, "geometry": {"type": "Polygon", "coordinates": [[[37.278155, 55.6729779], [37.2783147, 55.6728595], [37.2783998, 55.6728959], [37.2782402, 55.6730144], [37.278155, 55.6729779]]]}}, {"type": "Feature", "id": "way/727428003", "properties": {"@id": "way/727428003", "building": "yes", "is_living": false}, "geometry": {"type": "Polygon", "coordinates": [[[37.2782729, 55.6730306], [37.2784325, 55.6729121], [37.2785177, 55.6729486], [37.2783581, 55.673067], [37.2782729, 55.6730306]]]}}, {"type": "Feature", "id": "way/727428004", "properties": {"@id": "way/727428004", "building": "yes", "is_living": false}, "geometry": {"type": "Polygon", "coordinates": [[[37.2783818, 55.673083], [37.2785415, 55.6729645], [37.2786266, 55.673001], [37.278467, 55.6731195], [37.2783818, 55.673083]]]}}, {"type": "Feature", "id": "way/727428005", "properties": {"@id": "way/727428005", "building": "yes", "is_living": false}, "geometry": {"type": "Polygon", "coordinates": [[[37.2784907, 55.6731324], [37.2786504, 55.6730139], [37.2787355, 55.6730504], [37.2785759, 55.6731689], [37.2784907, 55.6731324]]]}}, {"type": "Feature", "id": "way/727428006", "properties": {"@id": "way/727428006", "building": "yes", "is_living": false}, "geometry": {"type": "Polygon", "coordinates": [[[37.2783433, 55.672847], [37.2784894, 55.6727416], [37.2785733, 55.6727787], [37.2784273, 55.672884], [37.2783433, 55.672847]]]}}, {"type": "Feature", "id": "way/727428007", "properties": {"@id": "way/727428007", "building": "yes", "is_living": false}, "geometry": {"type": "Polygon", "coordinates": [[[37.278453, 55.6729016], [37.2785991, 55.6727963], [37.278683, 55.6728333], [37.2785369, 55.6729387], [37.278453, 55.6729016]]]}}, {"type": "Feature", "id": "way/727428008", "properties": {"@id": "way/727428008", "building": "yes", "is_living": false}, "geometry": {"type": "Polygon", "coordinates": [[[37.2785632, 55.6729488], [37.2787093, 55.6728435], [37.2787932, 55.6728805], [37.2786471, 55.6729858], [37.2785632, 55.6729488]]]}}, {"type": "Feature", "id": "way/727428009", "properties": {"@id": "way/727428009", "building": "retail", "is_living": false}, "geometry": {"type": "Polygon", "coordinates": [[[37.2785345, 55.6727203], [37.2787236, 55.672585], [37.2788054, 55.6726213], [37.2786164, 55.6727566], [37.2785345, 55.6727203]]]}}, {"type": "Feature", "id": "way/727428010", "properties": {"@id": "way/727428010", "building": "yes", "is_living": false}, "geometry": {"type": "Polygon", "coordinates": [[[37.2786397, 55.6727694], [37.2788287, 55.6726341], [37.2789106, 55.6726705], [37.2787216, 55.6728058], [37.2786397, 55.6727694]]]}}, {"type": "Feature", "id": "way/727428011", "properties": {"@id": "way/727428011", "building": "yes", "is_living": false}, "geometry": {"type": "Polygon", "coordinates": [[[37.2787526, 55.6728196], [37.2789416, 55.6726843], [37.2790235, 55.6727207], [37.2788345, 55.672856], [37.2787526, 55.6728196]]]}}, {"type": "Feature", "id": "way/727428012", "properties": {"@id": "way/727428012", "building": "retail", "is_living": false}, "geometry": {"type": "Polygon", "coordinates": [[[37.2787579, 55.6725589], [37.2789469, 55.6724236], [37.2790288, 55.67246], [37.2788398, 55.6725953], [37.2787579, 55.6725589]]]}}, {"type": "Feature", "id": "way/727428013", "properties": {"@id": "way/727428013", "building": "yes", "is_living": false}, "geometry": {"type": "Polygon", "coordinates": [[[37.2788695, 55.6726091], [37.2790585, 55.6724738], [37.2791404, 55.6725102], [37.2789514, 55.6726455], [37.2788695, 55.6726091]]]}}, {"type": "Feature", "id": "way/727428014", "properties": {"@id": "way/727428014", "building": "yes", "is_living": false}, "geometry": {"type": "Polygon", "coordinates": [[[37.2789824, 55.6726585], [37.2791714, 55.6725233], [37.2792533, 55.6725596], [37.2790643, 55.6726949], [37.2789824, 55.6726585]]]}}, {"type": "Feature", "id": "way/727428022", "properties": {"@id": "way/727428022", "building": "yes", "is_living": false}, "geometry": {"type": "Polygon", "coordinates": [[[37.2788734, 55.6728735], [37.2790644, 55.6727387], [37.2791119, 55.6727601], [37.2789209, 55.6728948], [37.2788734, 55.6728735]]]}}, {"type": "Feature", "id": "way/727428023", "properties": {"@id": "way/727428023", "building": "yes", "is_living": false}, "geometry": {"type": "Polygon", "coordinates": [[[37.2791055, 55.6727157], [37.2792965, 55.6725809], [37.279344, 55.6726023], [37.279153, 55.6727371], [37.2791055, 55.6727157]]]}}, {"type": "Feature", "id": "way/727428024", "properties": {"@id": "way/727428024", "building": "yes", "is_living": false}, "geometry": {"type": "Polygon", "coordinates": [[[37.2789139, 55.6732102], [37.2788729, 55.6732409], [37.278663, 55.6731517], [37.2788028, 55.6730471], [37.278863, 55.6730728], [37.2787643, 55.6731466], [37.2789139, 55.6732102]]]}}, {"type": "Feature", "id": "way/727428025", "properties": {"@id": "way/727428025", "building": "yes", "is_living": false}, "geometry": {"type": "Polygon", "coordinates": [[[37.2780578, 55.6715693], [37.2783408, 55.6713492], [37.2784292, 55.6713853], [37.2781462, 55.6716054], [37.2780578, 55.6715693]]]}}, {"type": "Feature", "id": "way/727428026", "properties": {"@id": "way/727428026", "building": "yes", "is_living": false}, "geometry": {"type": "Polygon", "coordinates": [[[37.2781896, 55.6716232], [37.2784726, 55.6714031], [37.278561, 55.6714393], [37.2782779, 55.6716593], [37.2781896, 55.6716232]]]}}, {"type": "Feature", "id": "way/727428027", "properties": {"@id": "way/727428027", "building": "yes", "is_living": false}, "geometry": {"type": "Polygon", "coordinates": [[[37.2783127, 55.6716751], [37.2785957, 55.671455], [37.2786841, 55.6714912], [37.278401, 55.6717112], [37.2783127, 55.6716751]]]}}, {"type": "Feature", "id": "way/727428028", "properties": {"@id": "way/727428028", "building": "yes", "is_living": false}, "geometry": {"type": "Polygon", "coordinates": [[[37.2784418, 55.6717304], [37.2787248, 55.6715103], [37.2788132, 55.6715465], [37.2785301, 55.6717665], [37.2784418, 55.6717304]]]}}, {"type": "Feature", "id": "way/727428029", "properties": {"@id": "way/727428029", "building": "yes", "is_living": false}, "geometry": {"type": "Polygon", "coordinates": [[[37.2785673, 55.6717843], [37.2788503, 55.6715642], [37.2789387, 55.6716004], [37.2786556, 55.6718204], [37.2785673, 55.6717843]]]}}, {"type": "Feature", "id": "way/727428030", "properties": {"@id": "way/727428030", "building": "yes", "is_living": false}, "geometry": {"type": "Polygon", "coordinates": [[[37.2783918, 55.6713242], [37.2784804, 55.6712593], [37.2785605, 55.6712941], [37.2784719, 55.671359], [37.2783918, 55.6713242]]]}}, {"type": "Feature", "id": "way/728325500", "properties": {"@id": "way/728325500", "building": "service", "is_living": false}, "geometry": {"type": "Polygon", "coordinates": [[[37.2238708, 55.6387845], [37.223933, 55.6387432], [37.2240177, 55.6387839], [37.2239555, 55.6388251], [37.2238708, 55.6387845]]]}}, {"type": "Feature", "id": "way/728330155", "properties": {"@id": "way/728330155", "building": "service", "is_living": false}, "geometry": {"type": "Polygon", "coordinates": [[[37.1997617, 55.6288078], [37.1998162, 55.6287514], [37.1998916, 55.6287745], [37.1998371, 55.628831], [37.1997617, 55.6288078]]]}}, {"type": "Feature", "id": "way/728335854", "properties": {"@id": "way/728335854", "building": "yes", "is_living": false}, "geometry": {"type": "Polygon", "coordinates": [[[37.1996891, 55.6265979], [37.1996059, 55.6264533], [37.1998027, 55.6264172], [37.1998858, 55.6265619], [37.1996891, 55.6265979]]]}}, {"type": "Feature", "id": "way/728335855", "properties": {"@id": "way/728335855", "addr:housenumber": "с1", "addr:street": "Минское шоссе, 31-й километр", "building": "yes", "is_living": false}, "geometry": {"type": "Polygon", "coordinates": [[[37.1992165, 55.6263296], [37.1992165, 55.6261211], [37.1998082, 55.6261211], [37.1998082, 55.6263296], [37.1992165, 55.6263296]]]}}, {"type": "Feature", "id": "way/728335856", "properties": {"@id": "way/728335856", "building": "yes", "is_living": false}, "geometry": {"type": "Polygon", "coordinates": [[[37.1975466, 55.6263068], [37.1977075, 55.6260326], [37.1980226, 55.6260915], [37.1978616, 55.6263658], [37.1975466, 55.6263068]]]}}, {"type": "Feature", "id": "way/728679380", "properties": {"@id": "way/728679380", "addr:city": "Одинцово", "addr:housenumber": "5", "addr:postcode": "143002", "addr:street": "Полевая улица", "building": "industrial", "is_living": false}, "geometry": {"type": "Polygon", "coordinates": [[[37.2517386, 55.6614242], [37.2519165, 55.6605262], [37.2525199, 55.6605642], [37.2523418, 55.6614622], [37.2517386, 55.6614242]]]}}, {"type": "Feature", "id": "way/728773124", "properties": {"@id": "way/728773124", "addr:housenumber": "19", "addr:postcode": "143002", "addr:street": "Полевая улица", "building": "industrial", "building:levels": "2", "is_living": false}, "geometry": {"type": "Polygon", "coordinates": [[[37.2525808, 55.6603657], [37.2527765, 55.6595011], [37.2536869, 55.6595667], [37.2534913, 55.6604312], [37.2525808, 55.6603657]]]}}, {"type": "Feature", "id": "way/728773151", "properties": {"@id": "way/728773151", "addr:housenumber": "25А", "addr:postcode": "143006", "addr:street": "Железнодорожная улица", "building": "warehouse", "building:levels": "3", "start_date": "2013", "is_living": false}, "geometry": {"type": "Polygon", "coordinates": [[[37.2582639, 55.6555954], [37.2589704, 55.6549532], [37.2599589, 55.6552993], [37.2592524, 55.6559415], [37.2582639, 55.6555954]]]}}, {"type": "Feature", "id": "way/729001364", "properties": {"@id": "way/729001364", "building": "industrial", "is_living": false}, "geometry": {"type": "Polygon", "coordinates": [[[37.2530908, 55.6614966], [37.2532511, 55.6606247], [37.2541512, 55.6606774], [37.2539907, 55.6615493], [37.2530908, 55.6614966]]]}}, {"type": "Feature", "id": "way/729001405", "properties": {"@id": "way/729001405", "addr:housenumber": "40", "addr:street": "27-й км, Минское шоссе", "building": "industrial", "is_living": false}, "geometry": {"type": "Polygon", "coordinates": [[[37.2603968, 55.6518209], [37.260013, 55.6521457], [37.2587298, 55.6516632], [37.2594914, 55.6510184], [37.2593601, 55.650969], [37.2594351, 55.6509056], [37.259565, 55.6509544], [37.2596938, 55.6508454], [37.2608186, 55.6512684], [37.2605997, 55.6514537], [37.2602157, 55.6513092], [37.2601786, 55.6513406], [37.2597562, 55.6511817], [37.2594305, 55.6514575], [37.2603968, 55.6518209]]]}}, {"type": "Feature", "id": "way/729012518", "properties": {"@id": "way/729012518", "addr:housenumber": "39 с1", "addr:street": "Железнодорожная улица", "building": "industrial", "building:levels": "3", "start_date": "1990", "is_living": false}, "geometry": {"type": "Polygon", "coordinates": [[[37.2621048, 55.6539745], [37.2627001, 55.6540778], [37.2621074, 55.6551642], [37.261512, 55.6550609], [37.2621048, 55.6539745]]]}}, {"type": "Feature", "id": "way/729012521", "properties": {"@id": "way/729012521", "building": "industrial", "is_living": false}, "geometry": {"type": "Polygon", "coordinates": [[[37.2624666, 55.653128], [37.2627806, 55.6528471], [37.263126, 55.6529332], [37.2628524, 55.6532445], [37.2624666, 55.653128]]]}}, {"type": "Feature", "id": "way/729012532", "properties": {"@id": "way/729012532", "building": "industrial", "is_living": false}, "geometry": {"type": "Polygon", "coordinates": [[[37.2602054, 55.6570853], [37.2610817, 55.6562696], [37.2614567, 55.6563978], [37.2605807, 55.6572136], [37.2602054, 55.6570853]]]}}, {"type": "Feature", "id": "way/729101103", "properties": {"@id": "way/729101103", "addr:housenumber": "7А", "addr:street": "Внуковская улица", "building": "industrial", "height": "11", "is_living": false}, "geometry": {"type": "Polygon", "coordinates": [[[37.2788737, 55.6574113], [37.2798724, 55.6568379], [37.2806846, 55.6570007], [37.2809953, 55.6571359], [37.2794729, 55.6579672], [37.2787804, 55.6575641], [37.2788737, 55.6574113]]]}}, {"type": "Feature", "id": "way/729485943", "properties": {"@id": "way/729485943", "building": "ruins", "description": "Недострой", "is_living": false}, "geometry": {"type": "Polygon", "coordinates": [[[36.8582833, 55.7419682], [36.8580436, 55.7419248], [36.8580637, 55.7418938], [36.8580221, 55.7418863], [36.8580436, 55.7418546], [36.8580261, 55.7418508], [36.8581227, 55.7416855], [36.8581683, 55.7416485], [36.8582394, 55.7416206], [36.8586806, 55.7415587], [36.8587329, 55.7417179], [36.8584177, 55.741767], [36.8583815, 55.7417859], [36.8582833, 55.7419682]]]}}, {"type": "Feature", "id": "way/729485944", "properties": {"@id": "way/729485944", "building": "ruins", "description": "Недострой", "is_living": false}, "geometry": {"type": "Polygon", "coordinates": [[[36.859371, 55.7416156], [36.8597654, 55.7415538], [36.8597796, 55.7415767], [36.8600357, 55.7415355], [36.8600174, 55.7415092], [36.8601679, 55.7414875], [36.8603101, 55.7417609], [36.8603772, 55.7417495], [36.8604606, 55.7419372], [36.8603549, 55.742126], [36.8600784, 55.7420802], [36.8600865, 55.7420676], [36.8600683, 55.7420642], [36.8601333, 55.7419681], [36.8601353, 55.7419005], [36.8600723, 55.741793], [36.86005, 55.7417953], [36.8600276, 55.7417278], [36.8597837, 55.7417598], [36.8597613, 55.7417186], [36.8594564, 55.7417701], [36.859371, 55.7416156]]]}}, {"type": "Feature", "id": "way/729828868", "properties": {"@id": "way/729828868", "building": "service", "power": "substation", "ref": "460434", "substation": "minor_distribution", "is_living": false}, "geometry": {"type": "Polygon", "coordinates": [[[37.1962345, 55.6286318], [37.196233, 55.6286038], [37.1962824, 55.628603], [37.1962839, 55.6286309], [37.1962345, 55.6286318]]]}}, {"type": "Feature", "id": "way/729828884", "properties": {"@id": "way/729828884", "building": "service", "power": "substation", "ref": "41006", "substation": "minor_distribution", "is_living": false}, "geometry": {"type": "Polygon", "coordinates": [[[37.2095143, 55.6299305], [37.209671, 55.6298165], [37.2097985, 55.6298723], [37.2096418, 55.6299864], [37.2095143, 55.6299305]]]}}, {"type": "Feature", "id": "way/729828910", "properties": {"@id": "way/729828910", "addr:housenumber": "23", "addr:postcode": "143080", "addr:street": "Центральная улица", "building": "retail", "is_living": false}, "geometry": {"type": "Polygon", "coordinates": [[[37.209052, 55.6325064], [37.2088899, 55.6323506], [37.2093106, 55.6322111], [37.2093455, 55.6322447], [37.2093913, 55.6322295], [37.2095105, 55.632344], [37.2094647, 55.6323592], [37.2094727, 55.6323669], [37.2093697, 55.6324011], [37.209052, 55.6325064]]]}}, {"type": "Feature", "id": "way/730142486", "properties": {"@id": "way/730142486", "addr:housenumber": "13 с131", "addr:street": "Транспортный проезд", "building": "industrial", "is_living": false}, "geometry": {"type": "Polygon", "coordinates": [[[37.2776526, 55.6640604], [37.2783043, 55.663332], [37.278725, 55.6634517], [37.278764, 55.6634628], [37.2781125, 55.6641913], [37.2776526, 55.6640604]]]}}, {"type": "Feature", "id": "way/730163314", "properties": {"@id": "way/730163314", "building": "industrial", "is_living": false}, "geometry": {"type": "Polygon", "coordinates": [[[37.2712583, 55.6628403], [37.2703846, 55.6628414], [37.2703819, 55.6628066], [37.2696698, 55.6628807], [37.2695585, 55.6628482], [37.269529, 55.6627786], [37.2703443, 55.6626689], [37.2712236, 55.66267], [37.271222, 55.6627302], [37.2712611, 55.6627301], [37.2712583, 55.6628403]]]}}, {"type": "Feature", "id": "way/730163320", "properties": {"@id": "way/730163320", "addr:housenumber": "7", "addr:street": "Транспортный проезд", "building": "industrial", "is_living": false}, "geometry": {"type": "Polygon", "coordinates": [[[37.2676448, 55.6639234], [37.2677678, 55.6637839], [37.2678355, 55.6638028], [37.2679956, 55.6636211], [37.2679279, 55.6636021], [37.2680222, 55.6634951], [37.2683411, 55.6635845], [37.2679638, 55.6640128], [37.2676448, 55.6639234]]]}}, {"type": "Feature", "id": "way/730172380", "properties": {"@id": "way/730172380", "building": "industrial", "is_living": false}, "geometry": {"type": "Polygon", "coordinates": [[[37.2840789, 55.6595649], [37.2838632, 55.6594497], [37.2841828, 55.6592592], [37.2846444, 55.6589839], [37.2850053, 55.6591765], [37.2843615, 55.6595604], [37.2842163, 55.6594829], [37.2840789, 55.6595649]]]}}, {"type": "Feature", "id": "way/730172385", "properties": {"@id": "way/730172385", "building": "industrial", "is_living": false}, "geometry": {"type": "Polygon", "coordinates": [[[37.2848084, 55.6586911], [37.2858365, 55.6580611], [37.2861267, 55.6582118], [37.2850989, 55.6588419], [37.2848084, 55.6586911]]]}}, {"type": "Feature", "id": "way/730172386", "properties": {"@id": "way/730172386", "addr:housenumber": "13", "addr:street": "улица Маковского", "building": "industrial", "is_living": false}, "geometry": {"type": "Polygon", "coordinates": [[[37.2859325, 55.6580275], [37.2869086, 55.6574293], [37.2871988, 55.65758], [37.286223, 55.6581783], [37.2859325, 55.6580275]]]}}, {"type": "Feature", "id": "way/730172387", "properties": {"@id": "way/730172387", "addr:housenumber": "7 с34", "addr:street": "улица Маковского", "building": "industrial", "is_living": false}, "geometry": {"type": "Polygon", "coordinates": [[[37.2854843, 55.6590727], [37.286475, 55.6583524], [37.2867863, 55.6584887], [37.2857954, 55.6592089], [37.2854843, 55.6590727]]]}}, {"type": "Feature", "id": "way/730172388", "properties": {"@id": "way/730172388", "building": "industrial", "is_living": false}, "geometry": {"type": "Polygon", "coordinates": [[[37.2866894, 55.6582357], [37.287144, 55.6577192], [37.2874709, 55.6578108], [37.2870164, 55.6583273], [37.2866894, 55.6582357]]]}}, {"type": "Feature", "id": "way/730980156", "properties": {"@id": "way/730980156", "building": "retail", "building:levels": "1", "name": "ТЦ \"Галерея\"", "shop": "mall", "is_living": false}, "geometry": {"type": "Polygon", "coordinates": [[[36.8949251, 55.6260909], [36.894936, 55.626028], [36.8964411, 55.6261111], [36.8964302, 55.626174], [36.8949251, 55.6260909]]]}}, {"type": "Feature", "id": "way/731136981", "properties": {"@id": "way/731136981", "addr:city": "Малые Вязёмы", "addr:housenumber": "вл4 с6", "addr:street": "Можайское шоссе", "amenity": "cafe", "building": "commercial", "is_living": false}, "geometry": {"type": "Polygon", "coordinates": [[[37.0522392, 55.6399729], [37.0523888, 55.639833], [37.0525075, 55.6398734], [37.0524282, 55.6399476], [37.052609, 55.6400091], [37.0525387, 55.6400749], [37.0522392, 55.6399729]]]}}, {"type": "Feature", "id": "way/731260108", "properties": {"@id": "way/731260108", "building": "apartments", "building:levels": "5", "is_living": false}, "geometry": {"type": "Polygon", "coordinates": [[[36.6214157, 55.5839883], [36.6217414, 55.5836829], [36.6219143, 55.5837418], [36.6215885, 55.5840472], [36.6214157, 55.5839883]]]}}, {"type": "Feature", "id": "way/731260109", "properties": {"@id": "way/731260109", "building": "apartments", "building:levels": "5", "is_living": false}, "geometry": {"type": "Polygon", "coordinates": [[[36.621555, 55.583416], [36.6216577, 55.5833216], [36.6221701, 55.5834996], [36.6220675, 55.583594], [36.621555, 55.583416]]]}}, {"type": "Feature", "id": "way/731260110", "properties": {"@id": "way/731260110", "building": "apartments", "building:levels": "5", "is_living": false}, "geometry": {"type": "Polygon", "coordinates": [[[36.6208598, 55.5834956], [36.6212811, 55.583082], [36.6214738, 55.5831447], [36.6210527, 55.5835584], [36.6208598, 55.5834956]]]}}, {"type": "Feature", "id": "way/731260111", "properties": {"@id": "way/731260111", "building": "apartments", "building:levels": "5", "is_living": false}, "geometry": {"type": "Polygon", "coordinates": [[[36.6222826, 55.5841982], [36.6225064, 55.5839746], [36.6226638, 55.5840249], [36.62244, 55.5842486], [36.6222826, 55.5841982]]]}}, {"type": "Feature", "id": "way/731260113", "properties": {"@id": "way/731260113", "building": "garages", "height": "2", "is_living": false}, "geometry": {"type": "Polygon", "coordinates": [[[36.6216622, 55.5831051], [36.6216688, 55.5830999], [36.6217556, 55.583031], [36.6226082, 55.5833742], [36.6225411, 55.5834275], [36.6218257, 55.5831393], [36.6217993, 55.5831603], [36.6216622, 55.5831051]]]}}, {"type": "Feature", "id": "way/731410807", "properties": {"@id": "way/731410807", "addr:housenumber": "10", "addr:place": "микрорайон ДРСУ-4", "building": "yes", "is_living": false}, "geometry": {"type": "Polygon", "coordinates": [[[36.9950238, 55.6049191], [36.9951945, 55.6044468], [36.9954134, 55.6044721], [36.9952426, 55.6049443], [36.9950238, 55.6049191]]]}}, {"type": "Feature", "id": "way/731410808", "properties": {"@id": "way/731410808", "addr:housenumber": "9", "addr:place": "микрорайон ДРСУ-4", "building": "yes", "is_living": false}, "geometry": {"type": "Polygon", "coordinates": [[[36.9952661, 55.6042762], [36.9954368, 55.6038039], [36.9956557, 55.6038291], [36.9954849, 55.6043014], [36.9952661, 55.6042762]]]}}, {"type": "Feature", "id": "way/731410809", "properties": {"@id": "way/731410809", "addr:housenumber": "13", "addr:place": "микрорайон ДРСУ-4", "building": "yes", "is_living": false}, "geometry": {"type": "Polygon", "coordinates": [[[36.9959266, 55.6049524], [36.9967781, 55.6049844], [36.9967632, 55.6051104], [36.9959118, 55.6050783], [36.9959266, 55.6049524]]]}}, {"type": "Feature", "id": "way/731410810", "properties": {"@id": "way/731410810", "addr:housenumber": "12", "addr:place": "микрорайон ДРСУ-4", "building": "yes", "is_living": false}, "geometry": {"type": "Polygon", "coordinates": [[[36.9970063, 55.6050101], [36.9978577, 55.6050422], [36.9978429, 55.6051681], [36.9969914, 55.605136], [36.9970063, 55.6050101]]]}}, {"type": "Feature", "id": "way/731410811", "properties": {"@id": "way/731410811", "addr:housenumber": "11", "addr:place": "микрорайон ДРСУ-4", "building": "yes", "is_living": false}, "geometry": {"type": "Polygon", "coordinates": [[[36.9990602, 55.605275], [36.9992308, 55.6048027], [36.9994497, 55.604828], [36.9992789, 55.6053003], [36.9990602, 55.605275]]]}}, {"type": "Feature", "id": "way/731410812", "properties": {"@id": "way/731410812", "addr:housenumber": "7", "addr:place": "микрорайон ДРСУ-4", "building": "yes", "is_living": false}, "geometry": {"type": "Polygon", "coordinates": [[[36.9996729, 55.6051609], [36.9997808, 55.6048634], [36.9999696, 55.6048853], [36.9998616, 55.6051827], [36.9996729, 55.6051609]]]}}, {"type": "Feature", "id": "way/731410813", "properties": {"@id": "way/731410813", "building": "yes", "is_living": false}, "geometry": {"type": "Polygon", "coordinates": [[[36.9999996, 55.6043561], [37.0001075, 55.6040586], [37.0002962, 55.6040805], [37.0001883, 55.6043779], [36.9999996, 55.6043561]]]}}, {"type": "Feature", "id": "way/731410814", "properties": {"@id": "way/731410814", "addr:housenumber": "8", "addr:place": "микрорайон ДРСУ-4", "building": "yes", "is_living": false}, "geometry": {"type": "Polygon", "coordinates": [[[36.9955381, 55.6035537], [36.9956664, 55.6032369], [36.995871, 55.6032634], [36.9957426, 55.6035802], [36.9955381, 55.6035537]]]}}, {"type": "Feature", "id": "way/731410815", "properties": {"@id": "way/731410815", "addr:housenumber": "14", "addr:place": "микрорайон ДРСУ-4", "building": "yes", "is_living": false}, "geometry": {"type": "Polygon", "coordinates": [[[36.9982859, 55.6040786], [36.998469, 55.6040994], [36.9982212, 55.6047965], [36.9979039, 55.6047605], [36.9979339, 55.6046763], [36.9980677, 55.6046915], [36.9982859, 55.6040786]]]}}, {"type": "Feature", "id": "way/731566451", "properties": {"@id": "way/731566451", "building": "carport", "is_living": false}, "geometry": {"type": "Polygon", "coordinates": [[[37.1482138, 55.7417913], [37.1482085, 55.7417383], [37.1482921, 55.7417383], [37.1482903, 55.7417863], [37.1482138, 55.7417913]]]}}, {"type": "Feature", "id": "way/731566452", "properties": {"@id": "way/731566452", "building": "carport", "is_living": false}, "geometry": {"type": "Polygon", "coordinates": [[[37.1494819, 55.741548], [37.1494854, 55.741498], [37.1496135, 55.741502], [37.1496064, 55.74155], [37.1494819, 55.741548]]]}}, {"type": "Feature", "id": "way/731566453", "properties": {"@id": "way/731566453", "building": "carport", "is_living": false}, "geometry": {"type": "Polygon", "coordinates": [[[37.1496917, 55.7416842], [37.1496953, 55.7416361], [37.1497949, 55.7416361], [37.1497913, 55.7416842], [37.1496917, 55.7416842]]]}}, {"type": "Feature", "id": "way/731566454", "properties": {"@id": "way/731566454", "building": "carport", "is_living": false}, "geometry": {"type": "Polygon", "coordinates": [[[37.1471858, 55.7418364], [37.1471663, 55.7417993], [37.1472285, 55.7417863], [37.1472552, 55.7418234], [37.1471858, 55.7418364]]]}}, {"type": "Feature", "id": "way/731566455", "properties": {"@id": "way/731566455", "building": "carport", "is_living": false}, "geometry": {"type": "Polygon", "coordinates": [[[37.1463481, 55.7420246], [37.146325, 55.7419825], [37.1463873, 55.7419715], [37.1464282, 55.7420066], [37.1463481, 55.7420246]]]}}, {"type": "Feature", "id": "way/731584091", "properties": {"@id": "way/731584091", "building": "service", "is_living": false}, "geometry": {"type": "Polygon", "coordinates": [[[36.9389826, 55.592149], [36.9388033, 55.5918691], [36.9389445, 55.5918402], [36.9390103, 55.5919428], [36.9389564, 55.5919539], [36.9390699, 55.5921311], [36.9389826, 55.592149]]]}}, {"type": "Feature", "id": "way/733299230", "properties": {"@id": "way/733299230", "building": "industrial", "is_living": false}, "geometry": {"type": "Polygon", "coordinates": [[[37.0128361, 55.635132], [37.0131103, 55.6351042], [37.0133969, 55.6350781], [37.0134154, 55.6351738], [37.0128577, 55.6352259], [37.0128361, 55.635132]]]}}, {"type": "Feature", "id": "way/734000312", "properties": {"@id": "way/734000312", "building": "garages", "building:levels": "1", "is_living": false}, "geometry": {"type": "Polygon", "coordinates": [[[36.9365099, 55.7157499], [36.937269, 55.7166549], [36.9371454, 55.7166878], [36.9363864, 55.7157828], [36.9365099, 55.7157499]]]}}, {"type": "Feature", "id": "way/734599616", "properties": {"@id": "way/734599616", "building": "garage", "is_living": false}, "geometry": {"type": "Polygon", "coordinates": [[[37.1327095, 55.6090329], [37.1327517, 55.6089754], [37.1328528, 55.608999], [37.1328106, 55.6090566], [37.1327095, 55.6090329]]]}}, {"type": "Feature", "id": "way/734599621", "properties": {"@id": "way/734599621", "building": "garage", "is_living": false}, "geometry": {"type": "Polygon", "coordinates": [[[37.133617, 55.6079052], [37.1336527, 55.6078513], [37.133751, 55.6078721], [37.1337153, 55.607926], [37.133617, 55.6079052]]]}}, {"type": "Feature", "id": "way/734599625", "properties": {"@id": "way/734599625", "building": "garage", "is_living": false}, "geometry": {"type": "Polygon", "coordinates": [[[37.1360004, 55.608205], [37.1360377, 55.608149], [37.1361215, 55.6081667], [37.1360842, 55.6082227], [37.1360004, 55.608205]]]}}, {"type": "Feature", "id": "way/734599629", "properties": {"@id": "way/734599629", "building": "garage", "height": "2", "is_living": false}, "geometry": {"type": "Polygon", "coordinates": [[[37.1353265, 55.6085871], [37.1353828, 55.6085001], [37.1354973, 55.6085237], [37.135441, 55.6086107], [37.1353265, 55.6085871]]]}}, {"type": "Feature", "id": "way/734599631", "properties": {"@id": "way/734599631", "building": "garage", "is_living": false}, "geometry": {"type": "Polygon", "coordinates": [[[37.1350036, 55.6089499], [37.1350353, 55.6089026], [37.1351951, 55.6089367], [37.1351633, 55.6089841], [37.1350036, 55.6089499]]]}}, {"type": "Feature", "id": "way/734599633", "properties": {"@id": "way/734599633", "building": "garage", "height": "2", "is_living": false}, "geometry": {"type": "Polygon", "coordinates": [[[37.1347132, 55.6091797], [37.134756, 55.6091122], [37.1348978, 55.6091408], [37.1348551, 55.6092084], [37.1347132, 55.6091797]]]}}, {"type": "Feature", "id": "way/737055093", "properties": {"@id": "way/737055093", "building": "retail", "height": "7", "is_living": false}, "geometry": {"type": "Polygon", "coordinates": [[[36.7563257, 55.5721831], [36.7563129, 55.5721213], [36.7563978, 55.5721156], [36.7563839, 55.5720488], [36.7565081, 55.5720405], [36.7565146, 55.5720715], [36.756568, 55.572068], [36.7565818, 55.5721345], [36.7565311, 55.5721379], [36.7565376, 55.572169], [36.7564463, 55.5721751], [36.7563257, 55.5721831]]]}}, {"type": "Feature", "id": "way/737055094", "properties": {"@id": "way/737055094", "amenity": "place_of_worship", "building": "church", "denomination": "russian_orthodox", "height": "14", "name": "Церковь Иконы Божией Матери Неопалимая Купина", "ref:temples.ru": "30390", "religion": "christian", "is_living": false}, "geometry": {"type": "Polygon", "coordinates": [[[36.7556619, 55.5721708], [36.7556338, 55.5720357], [36.7558316, 55.5720226], [36.7559148, 55.5720295], [36.7559641, 55.5720565], [36.7559872, 55.5720914], [36.7559841, 55.5721132], [36.7559533, 55.5721515], [36.7556619, 55.5721708]]]}}, {"type": "Feature", "id": "way/737055104", "properties": {"@id": "way/737055104", "building": "industrial", "height": "4", "name": "Водозаборный узел", "is_living": false}, "geometry": {"type": "Polygon", "coordinates": [[[36.7626184, 55.5756483], [36.7625917, 55.575529], [36.7627495, 55.5755177], [36.7627763, 55.575637], [36.7626184, 55.5756483]]]}}, {"type": "Feature", "id": "way/738148757", "properties": {"@id": "way/738148757", "building": "roof", "is_living": false}, "geometry": {"type": "Polygon", "coordinates": [[[37.3076047, 55.671808], [37.3066994, 55.6709684], [37.3068378, 55.6709209], [37.3070266, 55.6708562], [37.3071061, 55.6708289], [37.3080114, 55.6716685], [37.3079319, 55.6716958], [37.3077431, 55.6717605], [37.3076047, 55.671808]]]}}, {"type": "Feature", "id": "way/738218044", "properties": {"@id": "way/738218044", "building": "garages", "is_living": false}, "geometry": {"type": "Polygon", "coordinates": [[[36.8621151, 55.7456212], [36.8598954, 55.7446257], [36.8594807, 55.7444678], [36.8595498, 55.7444152], [36.8599767, 55.7445662], [36.8622087, 55.7455594], [36.8621151, 55.7456212]]]}}, {"type": "Feature", "id": "way/738521448", "properties": {"@id": "way/738521448", "aeroway": "hangar", "building": "hangar", "is_living": false}, "geometry": {"type": "Polygon", "coordinates": [[[36.6308912, 55.609245], [36.6312776, 55.6089779], [36.6315878, 55.6091211], [36.6312013, 55.6093881], [36.6308912, 55.609245]]]}}, {"type": "Feature", "id": "way/738521449", "properties": {"@id": "way/738521449", "aeroway": "hangar", "building": "hangar", "is_living": false}, "geometry": {"type": "Polygon", "coordinates": [[[36.6313834, 55.6094715], [36.6317698, 55.6092044], [36.63208, 55.6093477], [36.6316935, 55.6096147], [36.6313834, 55.6094715]]]}}, {"type": "Feature", "id": "way/738521450", "properties": {"@id": "way/738521450", "aeroway": "hangar", "building": "hangar", "is_living": false}, "geometry": {"type": "Polygon", "coordinates": [[[36.6318726, 55.6097065], [36.632259, 55.6094395], [36.6325692, 55.6095827], [36.6321827, 55.6098497], [36.6318726, 55.6097065]]]}}, {"type": "Feature", "id": "way/738521451", "properties": {"@id": "way/738521451", "aeroway": "hangar", "building": "hangar", "is_living": false}, "geometry": {"type": "Polygon", "coordinates": [[[36.6323681, 55.6099416], [36.6327546, 55.6096745], [36.6330647, 55.6098177], [36.6326782, 55.6100848], [36.6323681, 55.6099416]]]}}, {"type": "Feature", "id": "way/738529242", "properties": {"@id": "way/738529242", "building": "yes", "is_living": false}, "geometry": {"type": "Polygon", "coordinates": [[[36.6357177, 55.6130897], [36.6355801, 55.6130263], [36.6357072, 55.6129383], [36.6358448, 55.6130016], [36.6357177, 55.6130897]]]}}, {"type": "Feature", "id": "way/738529243", "properties": {"@id": "way/738529243", "building": "yes", "is_living": false}, "geometry": {"type": "Polygon", "coordinates": [[[36.6368032, 55.6133957], [36.636364, 55.6131824], [36.6370155, 55.6127544], [36.6374548, 55.6129678], [36.6368032, 55.6133957]]]}}, {"type": "Feature", "id": "way/738529244", "properties": {"@id": "way/738529244", "building": "yes", "is_living": false}, "geometry": {"type": "Polygon", "coordinates": [[[36.6377622, 55.6138537], [36.6374477, 55.6137039], [36.6380583, 55.6132949], [36.6383728, 55.6134447], [36.6377622, 55.6138537]]]}}, {"type": "Feature", "id": "way/738529245", "properties": {"@id": "way/738529245", "building": "yes", "is_living": false}, "geometry": {"type": "Polygon", "coordinates": [[[36.6369431, 55.6161035], [36.6357879, 55.6157858], [36.6359139, 55.6156396], [36.6370692, 55.6159572], [36.6369431, 55.6161035]]]}}, {"type": "Feature", "id": "way/738529246", "properties": {"@id": "way/738529246", "building": "yes", "is_living": false}, "geometry": {"type": "Polygon", "coordinates": [[[36.6365624, 55.615637], [36.6362091, 55.6155403], [36.6366274, 55.6150528], [36.6369809, 55.6151496], [36.6365624, 55.615637]]]}}, {"type": "Feature", "id": "way/738529247", "properties": {"@id": "way/738529247", "building": "yes", "is_living": false}, "geometry": {"type": "Polygon", "coordinates": [[[36.6369141, 55.6157208], [36.6373088, 55.6152314], [36.6376665, 55.6153234], [36.6372716, 55.6158128], [36.6369141, 55.6157208]]]}}, {"type": "Feature", "id": "way/738529248", "properties": {"@id": "way/738529248", "building": "yes", "is_living": false}, "geometry": {"type": "Polygon", "coordinates": [[[36.6367131, 55.6149486], [36.6369571, 55.6146526], [36.6372548, 55.6147308], [36.6370109, 55.6150268], [36.6367131, 55.6149486]]]}}, {"type": "Feature", "id": "way/738529249", "properties": {"@id": "way/738529249", "building": "yes", "is_living": false}, "geometry": {"type": "Polygon", "coordinates": [[[36.6375612, 55.614987], [36.6376752, 55.6148398], [36.638046, 55.6149314], [36.637932, 55.6150786], [36.6375612, 55.614987]]]}}, {"type": "Feature", "id": "way/738529250", "properties": {"@id": "way/738529250", "building": "yes", "is_living": false}, "geometry": {"type": "Polygon", "coordinates": [[[36.6360523, 55.6148467], [36.6362222, 55.6146564], [36.6364922, 55.6147332], [36.6363222, 55.6149236], [36.6360523, 55.6148467]]]}}, {"type": "Feature", "id": "way/738529251", "properties": {"@id": "way/738529251", "building": "yes", "is_living": false}, "geometry": {"type": "Polygon", "coordinates": [[[36.6358514, 55.6143732], [36.6360511, 55.6141787], [36.6363059, 55.6142622], [36.6361062, 55.6144567], [36.6358514, 55.6143732]]]}}, {"type": "Feature", "id": "way/738529252", "properties": {"@id": "way/738529252", "building": "yes", "is_living": false}, "geometry": {"type": "Polygon", "coordinates": [[[36.6344427, 55.6146303], [36.6348866, 55.6141133], [36.6350442, 55.6141565], [36.6346001, 55.6146734], [36.6344427, 55.6146303]]]}}, {"type": "Feature", "id": "way/738529253", "properties": {"@id": "way/738529253", "building": "yes", "is_living": false}, "geometry": {"type": "Polygon", "coordinates": [[[36.6352774, 55.6139351], [36.6353467, 55.6138644], [36.6355424, 55.6139256], [36.6354731, 55.6139963], [36.6352774, 55.6139351]]]}}, {"type": "Feature", "id": "way/738529254", "properties": {"@id": "way/738529254", "building": "yes", "is_living": false}, "geometry": {"type": "Polygon", "coordinates": [[[36.6368226, 55.6144549], [36.6366895, 55.6144126], [36.6367911, 55.6143105], [36.6369243, 55.6143528], [36.6368226, 55.6144549]]]}}, {"type": "Feature", "id": "way/738529255", "properties": {"@id": "way/738529255", "building": "yes", "is_living": false}, "geometry": {"type": "Polygon", "coordinates": [[[36.6375863, 55.6146175], [36.6376287, 55.6145724], [36.6378226, 55.6146306], [36.6377802, 55.6146757], [36.6375863, 55.6146175]]]}}, {"type": "Feature", "id": "way/738529256", "properties": {"@id": "way/738529256", "building": "yes", "is_living": false}, "geometry": {"type": "Polygon", "coordinates": [[[36.6329587, 55.6137543], [36.6327278, 55.6136362], [36.6332297, 55.6133234], [36.6334604, 55.6134414], [36.6329587, 55.6137543]]]}}, {"type": "Feature", "id": "way/738529257", "properties": {"@id": "way/738529257", "building": "yes", "is_living": false}, "geometry": {"type": "Polygon", "coordinates": [[[36.6323833, 55.6134758], [36.6321524, 55.6133577], [36.6326542, 55.6130448], [36.632885, 55.6131629], [36.6323833, 55.6134758]]]}}, {"type": "Feature", "id": "way/738978639", "properties": {"@id": "way/738978639", "building": "roof", "height": "5", "is_living": false}, "geometry": {"type": "Polygon", "coordinates": [[[37.0107004, 55.603621], [37.0107277, 55.6035459], [37.011416, 55.6036258], [37.0113887, 55.6037008], [37.0107004, 55.603621]]]}}, {"type": "Feature", "id": "way/739502778", "properties": {"@id": "way/739502778", "building": "yes", "is_living": false}, "geometry": {"type": "Polygon", "coordinates": [[[36.7736061, 55.5797252], [36.773581, 55.5795998], [36.7737099, 55.5795916], [36.773735, 55.5797169], [36.7736061, 55.5797252]]]}}, {"type": "Feature", "id": "way/739502779", "properties": {"@id": "way/739502779", "building": "yes", "is_living": false}, "geometry": {"type": "Polygon", "coordinates": [[[36.7736673, 55.5800811], [36.7736431, 55.5798835], [36.7738405, 55.5798732], [36.7738729, 55.5800707], [36.7736673, 55.5800811]]]}}, {"type": "Feature", "id": "way/739502780", "properties": {"@id": "way/739502780", "building": "yes", "is_living": false}, "geometry": {"type": "Polygon", "coordinates": [[[36.7736673, 55.5800811], [36.7738729, 55.5800707], [36.7739766, 55.5800654], [36.7741028, 55.5808553], [36.7737932, 55.5808711], [36.7736673, 55.5800811]]]}}, {"type": "Feature", "id": "way/739502781", "properties": {"@id": "way/739502781", "building": "yes", "is_living": false}, "geometry": {"type": "Polygon", "coordinates": [[[36.7731172, 55.5797843], [36.7733023, 55.5797844], [36.773302, 55.5798914], [36.773454, 55.5798915], [36.7734516, 55.5805685], [36.7731146, 55.5805681], [36.7731172, 55.5797843]]]}}, {"type": "Feature", "id": "way/739502782", "properties": {"@id": "way/739502782", "building": "yes", "is_living": false}, "geometry": {"type": "Polygon", "coordinates": [[[36.7731132, 55.5806036], [36.7734522, 55.5806075], [36.7734402, 55.580938], [36.7738396, 55.5809426], [36.7738334, 55.5811119], [36.773095, 55.5811033], [36.7731132, 55.5806036]]]}}, {"type": "Feature", "id": "way/739502783", "properties": {"@id": "way/739502783", "building": "yes", "is_living": false}, "geometry": {"type": "Polygon", "coordinates": [[[36.7723478, 55.5815827], [36.772283, 55.5814494], [36.7724262, 55.5814272], [36.7724911, 55.5815605], [36.7723478, 55.5815827]]]}}, {"type": "Feature", "id": "way/739502784", "properties": {"@id": "way/739502784", "building": "yes", "is_living": false}, "geometry": {"type": "Polygon", "coordinates": [[[36.772459, 55.5817865], [36.7723532, 55.5816693], [36.7731066, 55.581452], [36.7731674, 55.5815194], [36.7728939, 55.5815983], [36.7729083, 55.5816142], [36.7726226, 55.5816966], [36.7726531, 55.5817305], [36.772459, 55.5817865]]]}}, {"type": "Feature", "id": "way/739502785", "properties": {"@id": "way/739502785", "building": "yes", "is_living": false}, "geometry": {"type": "Polygon", "coordinates": [[[36.7743944, 55.5813609], [36.7743882, 55.5812159], [36.7745489, 55.5812137], [36.774555, 55.5813587], [36.7743944, 55.5813609]]]}}, {"type": "Feature", "id": "way/739502786", "properties": {"@id": "way/739502786", "building": "yes", "is_living": false}, "geometry": {"type": "Polygon", "coordinates": [[[36.7743095, 55.5818393], [36.7743107, 55.5816737], [36.7744101, 55.5816739], [36.7744089, 55.5818395], [36.7743095, 55.5818393]]]}}, {"type": "Feature", "id": "way/739502787", "properties": {"@id": "way/739502787", "building": "yes", "is_living": false}, "geometry": {"type": "Polygon", "coordinates": [[[36.7736614, 55.5821308], [36.7736508, 55.581866], [36.7737617, 55.5818645], [36.7737724, 55.5821293], [36.7736614, 55.5821308]]]}}, {"type": "Feature", "id": "way/739502788", "properties": {"@id": "way/739502788", "building": "yes", "is_living": false}, "geometry": {"type": "Polygon", "coordinates": [[[36.7739214, 55.5821691], [36.773924, 55.5816703], [36.774141, 55.5816707], [36.7741382, 55.5821695], [36.7739214, 55.5821691]]]}}, {"type": "Feature", "id": "way/739502791", "properties": {"@id": "way/739502791", "building": "yes", "is_living": false}, "geometry": {"type": "Polygon", "coordinates": [[[36.7760015, 55.5806736], [36.7760015, 55.5805432], [36.7760877, 55.5805432], [36.7760877, 55.5806736], [36.7760015, 55.5806736]]]}}, {"type": "Feature", "id": "way/739502792", "properties": {"@id": "way/739502792", "building": "yes", "is_living": false}, "geometry": {"type": "Polygon", "coordinates": [[[36.7756209, 55.5799143], [36.775623, 55.5798084], [36.7760804, 55.5798113], [36.7760783, 55.5799171], [36.7756209, 55.5799143]]]}}, {"type": "Feature", "id": "way/739502793", "properties": {"@id": "way/739502793", "building": "yes", "is_living": false}, "geometry": {"type": "Polygon", "coordinates": [[[36.7745904, 55.5799053], [36.7745964, 55.5798067], [36.7750853, 55.5798163], [36.7750793, 55.5799148], [36.7745904, 55.5799053]]]}}, {"type": "Feature", "id": "way/739502794", "properties": {"@id": "way/739502794", "building": "yes", "is_living": false}, "geometry": {"type": "Polygon", "coordinates": [[[36.7742925, 55.5800462], [36.7742841, 55.5798014], [36.7744312, 55.5797997], [36.7744398, 55.5800446], [36.7742925, 55.5800462]]]}}, {"type": "Feature", "id": "way/739502795", "properties": {"@id": "way/739502795", "building": "yes", "is_living": false}, "geometry": {"type": "Polygon", "coordinates": [[[36.7741338, 55.5805253], [36.7740686, 55.5800688], [36.7744673, 55.5800506], [36.7745324, 55.5805072], [36.7741338, 55.5805253]]]}}, {"type": "Feature", "id": "way/739502796", "properties": {"@id": "way/739502796", "building": "yes", "is_living": false}, "geometry": {"type": "Polygon", "coordinates": [[[36.7725952, 55.5797126], [36.7725968, 55.5794828], [36.7728774, 55.5794834], [36.7728757, 55.5797132], [36.7725952, 55.5797126]]]}}, {"type": "Feature", "id": "way/739502797", "properties": {"@id": "way/739502797", "building": "yes", "is_living": false}, "geometry": {"type": "Polygon", "coordinates": [[[36.7726077, 55.5801152], [36.7726148, 55.5797228], [36.7729125, 55.5797245], [36.7729054, 55.5801169], [36.7726077, 55.5801152]]]}}, {"type": "Feature", "id": "way/739502805", "properties": {"@id": "way/739502805", "building": "yes", "is_living": false}, "geometry": {"type": "Polygon", "coordinates": [[[36.7751271, 55.5824541], [36.775126, 55.5823586], [36.7754504, 55.5823574], [36.7754515, 55.5824529], [36.7751271, 55.5824541]]]}}, {"type": "Feature", "id": "way/739502806", "properties": {"@id": "way/739502806", "building": "yes", "is_living": false}, "geometry": {"type": "Polygon", "coordinates": [[[36.7763249, 55.5824041], [36.7763273, 55.5823358], [36.7765409, 55.5823382], [36.7765385, 55.5824065], [36.7763249, 55.5824041]]]}}, {"type": "Feature", "id": "way/739502807", "properties": {"@id": "way/739502807", "building": "yes", "is_living": false}, "geometry": {"type": "Polygon", "coordinates": [[[36.7714268, 55.5822281], [36.7714113, 55.5821375], [36.7716885, 55.5821224], [36.7717039, 55.582213], [36.7714268, 55.5822281]]]}}, {"type": "Feature", "id": "way/739502808", "properties": {"@id": "way/739502808", "building": "yes", "is_living": false}, "geometry": {"type": "Polygon", "coordinates": [[[36.769464, 55.5819237], [36.7695487, 55.5815936], [36.7697754, 55.5816122], [36.7696905, 55.5819423], [36.769464, 55.5819237]]]}}, {"type": "Feature", "id": "way/739502809", "properties": {"@id": "way/739502809", "building": "yes", "is_living": false}, "geometry": {"type": "Polygon", "coordinates": [[[36.7716871, 55.5816861], [36.7716798, 55.5815703], [36.7719861, 55.5815642], [36.7719934, 55.5816799], [36.7716871, 55.5816861]]]}}, {"type": "Feature", "id": "way/739502810", "properties": {"@id": "way/739502810", "building": "yes", "is_living": false}, "geometry": {"type": "Polygon", "coordinates": [[[36.7719745, 55.5815233], [36.7717393, 55.5815282], [36.7717348, 55.5814586], [36.7714779, 55.581464], [36.7714709, 55.5813569], [36.771963, 55.5813468], [36.7719745, 55.5815233]]]}}, {"type": "Feature", "id": "way/739502811", "properties": {"@id": "way/739502811", "building": "yes", "is_living": false}, "geometry": {"type": "Polygon", "coordinates": [[[36.7719788, 55.5813645], [36.7719834, 55.5812511], [36.7717383, 55.581248], [36.7717411, 55.5811768], [36.772137, 55.5811818], [36.7721296, 55.5813664], [36.7719788, 55.5813645]]]}}, {"type": "Feature", "id": "way/739502812", "properties": {"@id": "way/739502812", "building": "yes", "is_living": false}, "geometry": {"type": "Polygon", "coordinates": [[[36.7707456, 55.5811069], [36.7707488, 55.580973], [36.7708812, 55.580974], [36.770878, 55.5811079], [36.7707456, 55.5811069]]]}}, {"type": "Feature", "id": "way/739502813", "properties": {"@id": "way/739502813", "building": "yes", "is_living": false}, "geometry": {"type": "Polygon", "coordinates": [[[36.7682757, 55.5794614], [36.768278, 55.5792717], [36.7684986, 55.5792725], [36.7684962, 55.5794622], [36.7682757, 55.5794614]]]}}, {"type": "Feature", "id": "way/739565223", "properties": {"@id": "way/739565223", "building": "yes", "is_living": false}, "geometry": {"type": "Polygon", "coordinates": [[[36.5760767, 55.5527034], [36.5760836, 55.552494], [36.5764755, 55.5524981], [36.5764685, 55.5527075], [36.5760767, 55.5527034]]]}}, {"type": "Feature", "id": "way/739565225", "properties": {"@id": "way/739565225", "building": "farm_auxiliary", "is_living": false}, "geometry": {"type": "Polygon", "coordinates": [[[36.5841738, 55.5542961], [36.5843086, 55.5536389], [36.5846221, 55.5536594], [36.5844874, 55.5543166], [36.5841738, 55.5542961]]]}}, {"type": "Feature", "id": "way/739565226", "properties": {"@id": "way/739565226", "building": "farm_auxiliary", "is_living": false}, "geometry": {"type": "Polygon", "coordinates": [[[36.5837502, 55.5542752], [36.5834654, 55.554257], [36.5835935, 55.553614], [36.5838786, 55.5536322], [36.5837502, 55.5542752]]]}}, {"type": "Feature", "id": "way/739565227", "properties": {"@id": "way/739565227", "building": "farm_auxiliary", "is_living": false}, "geometry": {"type": "Polygon", "coordinates": [[[36.5827805, 55.5542186], [36.583024, 55.5530249], [36.5833866, 55.5530485], [36.5831435, 55.5542422], [36.5827805, 55.5542186]]]}}, {"type": "Feature", "id": "way/739565228", "properties": {"@id": "way/739565228", "building": "farm_auxiliary", "is_living": false}, "geometry": {"type": "Polygon", "coordinates": [[[36.5820737, 55.554174], [36.5822895, 55.5530892], [36.5826524, 55.5531122], [36.5824366, 55.5541971], [36.5820737, 55.554174]]]}}, {"type": "Feature", "id": "way/739565229", "properties": {"@id": "way/739565229", "building": "farm_auxiliary", "is_living": false}, "geometry": {"type": "Polygon", "coordinates": [[[36.5813709, 55.5541364], [36.5815901, 55.5529426], [36.5819524, 55.5529638], [36.5817337, 55.5541577], [36.5813709, 55.5541364]]]}}, {"type": "Feature", "id": "way/739565230", "properties": {"@id": "way/739565230", "building": "farm_auxiliary", "is_living": false}, "geometry": {"type": "Polygon", "coordinates": [[[36.5806667, 55.5540906], [36.5808513, 55.5531246], [36.580646, 55.553112], [36.5806846, 55.5529103], [36.5812673, 55.552951], [36.5810302, 55.5541148], [36.5806667, 55.5540906]]]}}, {"type": "Feature", "id": "way/739565231", "properties": {"@id": "way/739565231", "building": "farm_auxiliary", "is_living": false}, "geometry": {"type": "Polygon", "coordinates": [[[36.5800728, 55.5528465], [36.5804397, 55.5528652], [36.5802357, 55.5541499], [36.5800973, 55.5541429], [36.580112, 55.5540503], [36.5798831, 55.5540386], [36.5800728, 55.5528465]]]}}, {"type": "Feature", "id": "way/739565232", "properties": {"@id": "way/739565232", "building": "farm_auxiliary", "is_living": false}, "geometry": {"type": "Polygon", "coordinates": [[[36.5846547, 55.5535003], [36.5837964, 55.5534511], [36.5838305, 55.5532615], [36.5846888, 55.5533108], [36.5846547, 55.5535003]]]}}, {"type": "Feature", "id": "way/739565237", "properties": {"@id": "way/739565237", "building": "yes", "is_living": false}, "geometry": {"type": "Polygon", "coordinates": [[[36.5798638, 55.5530355], [36.5797465, 55.5530076], [36.5798577, 55.5528578], [36.579975, 55.5528857], [36.5798638, 55.5530355]]]}}, {"type": "Feature", "id": "way/739565238", "properties": {"@id": "way/739565238", "building": "yes", "is_living": false}, "geometry": {"type": "Polygon", "coordinates": [[[36.5789022, 55.5526364], [36.5789956, 55.5525184], [36.5792814, 55.5525909], [36.579188, 55.5527088], [36.5789022, 55.5526364]]]}}, {"type": "Feature", "id": "way/739732203", "properties": {"@id": "way/739732203", "building": "roof", "is_living": false}, "geometry": {"type": "Polygon", "coordinates": [[[36.718377, 55.5739749], [36.718438, 55.5737764], [36.7185952, 55.5737919], [36.7185342, 55.5739904], [36.718377, 55.5739749]]]}}, {"type": "Feature", "id": "way/739732230", "properties": {"@id": "way/739732230", "building": "garages", "is_living": false}, "geometry": {"type": "Polygon", "coordinates": [[[36.9958534, 55.6045966], [36.9959718, 55.6042924], [36.9961247, 55.6043114], [36.9960064, 55.6046156], [36.9958534, 55.6045966]]]}}, {"type": "Feature", "id": "way/739732231", "properties": {"@id": "way/739732231", "building": "garages", "is_living": false}, "geometry": {"type": "Polygon", "coordinates": [[[36.9959781, 55.6042381], [36.9961808, 55.6037482], [36.996291, 55.6037734], [36.9961539, 55.6042516], [36.9959781, 55.6042381]]]}}, {"type": "Feature", "id": "way/739732232", "properties": {"@id": "way/739732232", "building": "garages", "is_living": false}, "geometry": {"type": "Polygon", "coordinates": [[[36.9968602, 55.6048408], [36.9966933, 55.6047465], [36.9960556, 55.6046741], [36.9960705, 55.6045984], [36.996741, 55.6046809], [36.99689, 55.6047583], [36.9968602, 55.6048408]]]}}, {"type": "Feature", "id": "way/739732233", "properties": {"@id": "way/739732233", "building": "garages", "is_living": false}, "geometry": {"type": "Polygon", "coordinates": [[[36.9969139, 55.6046741], [36.9962046, 55.6045731], [36.9964072, 55.6039384], [36.9963774, 55.6037583], [36.9964758, 55.6037465], [36.9965592, 55.6039435], [36.9963476, 55.6045058], [36.9969705, 55.6045984], [36.9969139, 55.6046741]]]}}, {"type": "Feature", "id": "way/739732234", "properties": {"@id": "way/739732234", "building": "yes", "is_living": false}, "geometry": {"type": "Polygon", "coordinates": [[[36.9969841, 55.6046988], [36.9970176, 55.6046201], [36.9975482, 55.6046921], [36.9975148, 55.6047707], [36.9969841, 55.6046988]]]}}, {"type": "Feature", "id": "way/739732235", "properties": {"@id": "way/739732235", "building": "yes", "is_living": false}, "geometry": {"type": "Polygon", "coordinates": [[[36.9975548, 55.6045173], [36.9976644, 55.6043055], [36.9978957, 55.6043437], [36.997786, 55.6045555], [36.9975548, 55.6045173]]]}}, {"type": "Feature", "id": "way/739732237", "properties": {"@id": "way/739732237", "building": "industrial", "height": "7", "is_living": false}, "geometry": {"type": "Polygon", "coordinates": [[[37.0086675, 55.594665], [37.0088164, 55.5945564], [37.0092099, 55.5947287], [37.009061, 55.5948373], [37.0086675, 55.594665]]]}}, {"type": "Feature", "id": "way/739732241", "properties": {"@id": "way/739732241", "addr:housenumber": "27А с2", "addr:street": "Центральная улица", "building": "industrial", "height": "8", "is_living": false}, "geometry": {"type": "Polygon", "coordinates": [[[37.0080895, 55.5943734], [37.0091594, 55.5934943], [37.0098264, 55.5937535], [37.0097035, 55.5938544], [37.0095438, 55.5937923], [37.009467, 55.5938555], [37.0090991, 55.5937125], [37.0082288, 55.5944275], [37.0080895, 55.5943734]]]}}, {"type": "Feature", "id": "way/739732242", "properties": {"@id": "way/739732242", "addr:housenumber": "1", "addr:place": "Кобяково", "addr:postcode": "143180", "building": "industrial", "building:levels": "1", "height": "8", "is_living": false}, "geometry": {"type": "Polygon", "coordinates": [[[37.0095006, 55.5942102], [37.0099163, 55.5938301], [37.0103988, 55.5939986], [37.0102807, 55.5941066], [37.009973, 55.5939992], [37.0096755, 55.5942713], [37.0095006, 55.5942102]]]}}, {"type": "Feature", "id": "way/739732249", "properties": {"@id": "way/739732249", "building": "yes", "is_living": false}, "geometry": {"type": "Polygon", "coordinates": [[[37.0848901, 55.6123806], [37.085027, 55.6120889], [37.085285, 55.6121276], [37.0851482, 55.6124192], [37.0848901, 55.6123806]]]}}, {"type": "Feature", "id": "way/739732250", "properties": {"@id": "way/739732250", "building": "yes", "is_living": false}, "geometry": {"type": "Polygon", "coordinates": [[[37.0854118, 55.6123182], [37.0855024, 55.6120959], [37.0856557, 55.6121158], [37.085565, 55.6123381], [37.0854118, 55.6123182]]]}}, {"type": "Feature", "id": "way/739732251", "properties": {"@id": "way/739732251", "addr:city": "Жаворонки", "addr:housenumber": "1", "addr:place": "Спортивный комплекс «Жаворонки»", "addr:postcode": "143020", "building": "yes", "is_living": false}, "geometry": {"type": "Polygon", "coordinates": [[[37.0832328, 55.6156304], [37.0816483, 55.6153233], [37.0819658, 55.6148007], [37.0835504, 55.6151077], [37.0832328, 55.6156304]]]}}, {"type": "Feature", "id": "way/739732252", "properties": {"@id": "way/739732252", "addr:city": "Жаворонки", "addr:housenumber": "1 с1", "addr:place": "Спортивный комплекс «Жаворонки»", "addr:postcode": "143020", "building": "yes", "is_living": false}, "geometry": {"type": "Polygon", "coordinates": [[[37.0825388, 55.6162326], [37.0816778, 55.6160643], [37.0819844, 55.615564], [37.0823394, 55.6156334], [37.0822525, 55.6157753], [37.0825068, 55.6160395], [37.082641, 55.6160657], [37.0825388, 55.6162326]]]}}, {"type": "Feature", "id": "way/739732253", "properties": {"@id": "way/739732253", "building": "yes", "is_living": false}, "geometry": {"type": "Polygon", "coordinates": [[[37.0800258, 55.6154857], [37.0800819, 55.6154058], [37.080304, 55.6154555], [37.0802479, 55.6155354], [37.0800258, 55.6154857]]]}}, {"type": "Feature", "id": "way/739743279", "properties": {"@id": "way/739743279", "building": "roof", "height": "4", "is_living": false}, "geometry": {"type": "Polygon", "coordinates": [[[36.6784347, 55.5724886], [36.6784394, 55.5723424], [36.6784422, 55.5722635], [36.6785702, 55.572265], [36.6785675, 55.5723405], [36.6785603, 55.5724907], [36.6784347, 55.5724886]]]}}, {"type": "Feature", "id": "way/739786816", "properties": {"@id": "way/739786816", "building": "roof", "is_living": false}, "geometry": {"type": "Polygon", "coordinates": [[[36.8849318, 55.6249238], [36.8849714, 55.6248198], [36.8850472, 55.6246213], [36.8852018, 55.6246401], [36.8851218, 55.6248498], [36.8850865, 55.6249426], [36.8849318, 55.6249238]]]}}, {"type": "Feature", "id": "way/739786867", "properties": {"@id": "way/739786867", "addr:housenumber": "18", "addr:street": "Промышленный проезд", "building": "yes", "is_living": false}, "geometry": {"type": "Polygon", "coordinates": [[[36.9717858, 55.624825], [36.9716881, 55.6245842], [36.9718347, 55.6245617], [36.9718836, 55.624672], [36.9721501, 55.6246319], [36.9721101, 55.6245291], [36.9722434, 55.6245065], [36.9723367, 55.6247573], [36.9717858, 55.624825]]]}}, {"type": "Feature", "id": "way/739786868", "properties": {"@id": "way/739786868", "addr:housenumber": "18 с8", "addr:street": "Промышленный проезд", "building": "yes", "is_living": false}, "geometry": {"type": "Polygon", "coordinates": [[[36.9734546, 55.624504], [36.9734153, 55.6243999], [36.9736373, 55.6243732], [36.9736765, 55.6244773], [36.9734546, 55.624504]]]}}, {"type": "Feature", "id": "way/739786874", "properties": {"@id": "way/739786874", "addr:housenumber": "18 с2", "addr:street": "Промышленный проезд", "building": "yes", "is_living": false}, "geometry": {"type": "Polygon", "coordinates": [[[36.9712461, 55.6252491], [36.9711851, 55.625104], [36.9715141, 55.6250599], [36.9715751, 55.625205], [36.9712461, 55.6252491]]]}}, {"type": "Feature", "id": "way/739786880", "properties": {"@id": "way/739786880", "addr:housenumber": "58 с1", "addr:street": "Можайское шоссе", "building": "retail", "building:levels": "2", "is_living": false}, "geometry": {"type": "Polygon", "coordinates": [[[36.9947502, 55.6309834], [36.9947462, 55.6307731], [36.9944448, 55.6307749], [36.9944425, 55.6306526], [36.9946904, 55.6306511], [36.9946836, 55.6302915], [36.994865, 55.6302904], [36.9948779, 55.6309827], [36.9947502, 55.6309834]]]}}, {"type": "Feature", "id": "way/739786884", "properties": {"@id": "way/739786884", "building": "garages", "is_living": false}, "geometry": {"type": "Polygon", "coordinates": [[[37.0049709, 55.6262557], [37.0048479, 55.6262781], [37.0044405, 55.6255664], [37.0045638, 55.6255439], [37.0049709, 55.6262557]]]}}, {"type": "Feature", "id": "way/739786885", "properties": {"@id": "way/739786885", "building": "garages", "is_living": false}, "geometry": {"type": "Polygon", "coordinates": [[[37.0051821, 55.6263484], [37.0047081, 55.6255536], [37.0048863, 55.6255053], [37.0053246, 55.6261291], [37.0052284, 55.6261432], [37.0053033, 55.6263403], [37.0051821, 55.6263484]]]}}, {"type": "Feature", "id": "way/739786886", "properties": {"@id": "way/739786886", "building": "garages", "is_living": false}, "geometry": {"type": "Polygon", "coordinates": [[[37.0054421, 55.6261314], [37.0052212, 55.6258296], [37.0054493, 55.6257833], [37.0055776, 55.6259402], [37.005435, 55.6259785], [37.0055241, 55.6261032], [37.0054421, 55.6261314]]]}}, {"type": "Feature", "id": "way/739786893", "properties": {"@id": "way/739786893", "addr:housenumber": "3", "addr:place": "Производственная территория", "building": "yes", "is_living": false}, "geometry": {"type": "Polygon", "coordinates": [[[37.0038057, 55.6225268], [37.0036329, 55.6223942], [37.0036984, 55.622367], [37.0038139, 55.622319], [37.0039868, 55.6224517], [37.0038057, 55.6225268]]]}}, {"type": "Feature", "id": "way/739786894", "properties": {"@id": "way/739786894", "building": "yes", "is_living": false}, "geometry": {"type": "Polygon", "coordinates": [[[37.0039223, 55.6236464], [37.0037588, 55.6233356], [37.0039723, 55.6232998], [37.0041116, 55.6235649], [37.0040298, 55.6235786], [37.0040538, 55.6236243], [37.0039223, 55.6236464]]]}}, {"type": "Feature", "id": "way/739786895", "properties": {"@id": "way/739786895", "building": "yes", "is_living": false}, "geometry": {"type": "Polygon", "coordinates": [[[37.0040186, 55.6232106], [37.0038885, 55.6231153], [37.0043735, 55.622904], [37.0045038, 55.6229994], [37.0040186, 55.6232106]]]}}, {"type": "Feature", "id": "way/739786896", "properties": {"@id": "way/739786896", "building": "yes", "is_living": false}, "geometry": {"type": "Polygon", "coordinates": [[[37.005742, 55.6235455], [37.0056171, 55.623437], [37.0060501, 55.623278], [37.006175, 55.6233865], [37.005742, 55.6235455]]]}}, {"type": "Feature", "id": "way/739786897", "properties": {"@id": "way/739786897", "building": "yes", "is_living": false}, "geometry": {"type": "Polygon", "coordinates": [[[37.0055477, 55.6233752], [37.0054237, 55.6232625], [37.0058416, 55.623116], [37.0059655, 55.6232286], [37.0055477, 55.6233752]]]}}, {"type": "Feature", "id": "way/739786898", "properties": {"@id": "way/739786898", "building": "yes", "is_living": false}, "geometry": {"type": "Polygon", "coordinates": [[[37.0054101, 55.6232418], [37.0053136, 55.6231528], [37.0057006, 55.6230189], [37.0057972, 55.6231079], [37.0054101, 55.6232418]]]}}, {"type": "Feature", "id": "way/739786899", "properties": {"@id": "way/739786899", "building": "yes", "is_living": false}, "geometry": {"type": "Polygon", "coordinates": [[[37.0049464, 55.6238962], [37.0048149, 55.6238028], [37.005171, 55.6236432], [37.0053024, 55.6237366], [37.0049464, 55.6238962]]]}}, {"type": "Feature", "id": "way/739786900", "properties": {"@id": "way/739786900", "building": "yes", "is_living": false}, "geometry": {"type": "Polygon", "coordinates": [[[37.0054715, 55.6247013], [37.0048233, 55.6248897], [37.0043899, 55.6244328], [37.0049844, 55.6242357], [37.0054715, 55.6247013]]]}}, {"type": "Feature", "id": "way/739786901", "properties": {"@id": "way/739786901", "building": "yes", "is_living": false}, "geometry": {"type": "Polygon", "coordinates": [[[37.0049752, 55.6250764], [37.0048253, 55.6249125], [37.0049549, 55.6248747], [37.0051047, 55.6250387], [37.0049752, 55.6250764]]]}}, {"type": "Feature", "id": "way/739786902", "properties": {"@id": "way/739786902", "building": "yes", "is_living": false}, "geometry": {"type": "Polygon", "coordinates": [[[37.0044514, 55.624166], [37.0043399, 55.6240716], [37.0046674, 55.6239483], [37.0047789, 55.6240427], [37.0044514, 55.624166]]]}}, {"type": "Feature", "id": "way/739786903", "properties": {"@id": "way/739786903", "building": "yes", "is_living": false}, "geometry": {"type": "Polygon", "coordinates": [[[37.0050035, 55.6240529], [37.0048913, 55.6239842], [37.0053176, 55.623762], [37.0054299, 55.6238307], [37.0050035, 55.6240529]]]}}, {"type": "Feature", "id": "way/739786904", "properties": {"@id": "way/739786904", "building": "yes", "is_living": false}, "geometry": {"type": "Polygon", "coordinates": [[[37.0065364, 55.6256995], [37.0058967, 55.6258979], [37.0052138, 55.6251956], [37.0058533, 55.6249973], [37.0065364, 55.6256995]]]}}, {"type": "Feature", "id": "way/739786905", "properties": {"@id": "way/739786905", "building": "yes", "is_living": false}, "geometry": {"type": "Polygon", "coordinates": [[[37.0064261, 55.6258664], [37.0063332, 55.6257734], [37.0065386, 55.625708], [37.0066315, 55.6258009], [37.0064261, 55.6258664]]]}}, {"type": "Feature", "id": "way/739786908", "properties": {"@id": "way/739786908", "building": "yes", "man_made": "storage_tank", "is_living": false}, "geometry": {"type": "Polygon", "coordinates": [[[37.0127558, 55.6277076], [37.0127735, 55.6277199], [37.0127829, 55.6277349], [37.0127828, 55.6277507], [37.0127734, 55.6277656], [37.0127569, 55.6277772], [37.0127348, 55.6277853], [37.0127094, 55.6277891], [37.0126831, 55.6277881], [37.0126587, 55.6277825], [37.0126387, 55.6277729], [37.012625, 55.6277601], [37.0126192, 55.6277456], [37.0126218, 55.6277308], [37.0126325, 55.6277172], [37.0126516, 55.6277056], [37.0126765, 55.6276983], [37.0127043, 55.6276962], [37.0127318, 55.6276994], [37.0127558, 55.6277076]]]}}, {"type": "Feature", "id": "way/739786909", "properties": {"@id": "way/739786909", "building": "yes", "man_made": "storage_tank", "is_living": false}, "geometry": {"type": "Polygon", "coordinates": [[[37.0127508, 55.6275702], [37.0127685, 55.6275825], [37.0127779, 55.6275974], [37.0127779, 55.6276133], [37.0127684, 55.6276282], [37.012752, 55.6276398], [37.0127299, 55.6276479], [37.0127044, 55.6276516], [37.0126781, 55.6276507], [37.0126537, 55.6276451], [37.0126337, 55.6276354], [37.0126201, 55.6276227], [37.0126142, 55.6276082], [37.0126168, 55.6275934], [37.0126275, 55.6275798], [37.0126466, 55.6275682], [37.0126716, 55.6275609], [37.0126994, 55.6275587], [37.0127268, 55.6275619], [37.0127508, 55.6275702]]]}}, {"type": "Feature", "id": "way/739786910", "properties": {"@id": "way/739786910", "building": "yes", "is_living": false}, "geometry": {"type": "Polygon", "coordinates": [[[37.0165885, 55.6321362], [37.0159024, 55.6321589], [37.0158786, 55.6319309], [37.0165647, 55.6319081], [37.0165885, 55.6321362]]]}}, {"type": "Feature", "id": "way/739786911", "properties": {"@id": "way/739786911", "building": "yes", "is_living": false}, "geometry": {"type": "Polygon", "coordinates": [[[37.0163497, 55.632169], [37.016576, 55.6321593], [37.0166165, 55.6324604], [37.0163903, 55.6324701], [37.0163497, 55.632169]]]}}, {"type": "Feature", "id": "way/739786912", "properties": {"@id": "way/739786912", "addr:city": "Малые Вязёмы", "addr:housenumber": "вл2 с14", "addr:street": "Петровский проезд", "building": "yes", "building:levels": "2", "start_date": "2013", "is_living": false}, "geometry": {"type": "Polygon", "coordinates": [[[37.0219239, 55.6323587], [37.0220982, 55.6319027], [37.0224978, 55.6319514], [37.0223234, 55.6324074], [37.0219239, 55.6323587]]]}}, {"type": "Feature", "id": "way/739786913", "properties": {"@id": "way/739786913", "building": "yes", "is_living": false}, "geometry": {"type": "Polygon", "coordinates": [[[37.0225927, 55.6327327], [37.0226432, 55.6325949], [37.0230567, 55.6326433], [37.0230061, 55.632781], [37.0225927, 55.6327327]]]}}, {"type": "Feature", "id": "way/739786914", "properties": {"@id": "way/739786914", "building": "yes", "is_living": false}, "geometry": {"type": "Polygon", "coordinates": [[[37.0229895, 55.6329131], [37.0230595, 55.6326459], [37.023305, 55.6326663], [37.0232351, 55.6329336], [37.0229895, 55.6329131]]]}}, {"type": "Feature", "id": "way/739786925", "properties": {"@id": "way/739786925", "building": "retail", "name": "Фасоль", "shop": "convenience", "is_living": false}, "geometry": {"type": "Polygon", "coordinates": [[[37.1417293, 55.654814], [37.1416536, 55.6546807], [37.1419657, 55.6546243], [37.1420414, 55.6547576], [37.1417293, 55.654814]]]}}, {"type": "Feature", "id": "way/740276814", "properties": {"@id": "way/740276814", "building": "industrial", "is_living": false}, "geometry": {"type": "Polygon", "coordinates": [[[37.1812981, 55.7191605], [37.181442, 55.7189483], [37.1816526, 55.7189936], [37.1815087, 55.7192058], [37.1812981, 55.7191605]]]}}, {"type": "Feature", "id": "way/740276815", "properties": {"@id": "way/740276815", "building": "industrial", "is_living": false}, "geometry": {"type": "Polygon", "coordinates": [[[37.1811232, 55.7193969], [37.1812671, 55.7191847], [37.1814776, 55.71923], [37.1813338, 55.7194422], [37.1811232, 55.7193969]]]}}, {"type": "Feature", "id": "way/740276855", "properties": {"@id": "way/740276855", "addr:housenumber": "15", "addr:place": "Горки-2", "addr:postcode": "143033", "building": "commercial", "is_living": false}, "geometry": {"type": "Polygon", "coordinates": [[[37.1646906, 55.7231468], [37.1646608, 55.7230542], [37.1647919, 55.7230408], [37.1647382, 55.7228741], [37.1650386, 55.7228434], [37.1650843, 55.7229852], [37.1653125, 55.7229619], [37.16541, 55.7229519], [37.1654479, 55.7230693], [37.1646906, 55.7231468]]]}}, {"type": "Feature", "id": "way/742021061", "properties": {"@id": "way/742021061", "building": "commercial", "building:levels": "1", "is_living": false}, "geometry": {"type": "Polygon", "coordinates": [[[36.4018328, 55.5384388], [36.4018561, 55.5383966], [36.4019042, 55.5383097], [36.4019217, 55.5382779], [36.4021533, 55.5383189], [36.4020644, 55.5384798], [36.4018328, 55.5384388]]]}}, {"type": "Feature", "id": "way/742023276", "properties": {"@id": "way/742023276", "addr:housenumber": "57", "addr:street": "Можайское шоссе", "building": "retail", "is_living": false}, "geometry": {"type": "Polygon", "coordinates": [[[36.9844568, 55.6297105], [36.9842933, 55.629712], [36.9842831, 55.6293577], [36.9844466, 55.6293562], [36.9844568, 55.6297105]]]}}, {"type": "Feature", "id": "way/742159250", "properties": {"@id": "way/742159250", "building": "service", "power": "substation", "substation": "minor_distribution", "is_living": false}, "geometry": {"type": "Polygon", "coordinates": [[[37.1971713, 55.6577672], [37.197266, 55.6577688], [37.197264, 55.6578076], [37.1971693, 55.6578061], [37.1971713, 55.6577672]]]}}, {"type": "Feature", "id": "way/742170088", "properties": {"@id": "way/742170088", "addr:city": "Лапино", "addr:housenumber": "92", "addr:place": "Лапино", "building": "retail", "building:levels": "1", "is_living": false}, "geometry": {"type": "Polygon", "coordinates": [[[37.1515653, 55.680098], [37.1514998, 55.6800043], [37.1517081, 55.679958], [37.1517735, 55.6800517], [37.1515653, 55.680098]]]}}, {"type": "Feature", "id": "way/742491060", "properties": {"@id": "way/742491060", "building": "service", "power": "substation", "substation": "minor_distribution", "is_living": false}, "geometry": {"type": "Polygon", "coordinates": [[[37.2150895, 55.6341763], [37.2151543, 55.6341236], [37.2152394, 55.634157], [37.2151745, 55.6342096], [37.2150895, 55.6341763]]]}}, {"type": "Feature", "id": "way/742782320", "properties": {"@id": "way/742782320", "building": "yes", "is_living": false}, "geometry": {"type": "Polygon", "coordinates": [[[36.6191478, 55.5880391], [36.6187542, 55.5878877], [36.6188593, 55.5878004], [36.619253, 55.5879518], [36.6191478, 55.5880391]]]}}, {"type": "Feature", "id": "way/742782321", "properties": {"@id": "way/742782321", "building": "yes", "is_living": false}, "geometry": {"type": "Polygon", "coordinates": [[[36.6193827, 55.5878463], [36.6189891, 55.5876949], [36.6190942, 55.5876076], [36.6194878, 55.587759], [36.6193827, 55.5878463]]]}}, {"type": "Feature", "id": "way/742782322", "properties": {"@id": "way/742782322", "building": "yes", "is_living": false}, "geometry": {"type": "Polygon", "coordinates": [[[36.6196161, 55.587639], [36.6192225, 55.5874876], [36.6193276, 55.5874003], [36.6197213, 55.5875517], [36.6196161, 55.587639]]]}}, {"type": "Feature", "id": "way/742782323", "properties": {"@id": "way/742782323", "building": "yes", "is_living": false}, "geometry": {"type": "Polygon", "coordinates": [[[36.6198287, 55.5874529], [36.6194351, 55.5873015], [36.6195402, 55.5872142], [36.6199338, 55.5873656], [36.6198287, 55.5874529]]]}}, {"type": "Feature", "id": "way/742782324", "properties": {"@id": "way/742782324", "building": "yes", "is_living": false}, "geometry": {"type": "Polygon", "coordinates": [[[36.6209406, 55.5839283], [36.6212216, 55.5836767], [36.6213074, 55.5837074], [36.6210264, 55.5839589], [36.6209406, 55.5839283]]]}}, {"type": "Feature", "id": "way/742782325", "properties": {"@id": "way/742782325", "building": "yes", "is_living": false}, "geometry": {"type": "Polygon", "coordinates": [[[36.6221974, 55.5850995], [36.6222548, 55.5850498], [36.6224922, 55.5851374], [36.6230607, 55.5846449], [36.6232419, 55.5847117], [36.6226163, 55.5852539], [36.6221974, 55.5850995]]]}}, {"type": "Feature", "id": "way/742782326", "properties": {"@id": "way/742782326", "building": "yes", "is_living": false}, "geometry": {"type": "Polygon", "coordinates": [[[36.6224533, 55.5846358], [36.622638, 55.5844708], [36.6228066, 55.5845311], [36.6226218, 55.5846961], [36.6224533, 55.5846358]]]}}, {"type": "Feature", "id": "way/742782327", "properties": {"@id": "way/742782327", "building": "yes", "is_living": false}, "geometry": {"type": "Polygon", "coordinates": [[[36.623177, 55.5844869], [36.6233995, 55.5842863], [36.6236042, 55.5843589], [36.6233817, 55.5845594], [36.623177, 55.5844869]]]}}, {"type": "Feature", "id": "way/742782328", "properties": {"@id": "way/742782328", "building": "yes", "is_living": false}, "geometry": {"type": "Polygon", "coordinates": [[[36.6217333, 55.5857909], [36.6222028, 55.5853754], [36.6224424, 55.5854618], [36.6219731, 55.5858774], [36.6217333, 55.5857909]]]}}, {"type": "Feature", "id": "way/742782329", "properties": {"@id": "way/742782329", "building": "yes", "is_living": false}, "geometry": {"type": "Polygon", "coordinates": [[[36.621217, 55.5858429], [36.6212845, 55.5857827], [36.6215405, 55.5858744], [36.621473, 55.5859346], [36.621217, 55.5858429]]]}}, {"type": "Feature", "id": "way/742782330", "properties": {"@id": "way/742782330", "building": "yes", "is_living": false}, "geometry": {"type": "Polygon", "coordinates": [[[36.6204719, 55.5864036], [36.6205551, 55.5863208], [36.6206316, 55.5863453], [36.6205484, 55.5864281], [36.6204719, 55.5864036]]]}}, {"type": "Feature", "id": "way/742782331", "properties": {"@id": "way/742782331", "building": "yes", "is_living": false}, "geometry": {"type": "Polygon", "coordinates": [[[36.6210596, 55.586219], [36.6211237, 55.5861602], [36.6212067, 55.5861891], [36.6211426, 55.5862479], [36.6210596, 55.586219]]]}}, {"type": "Feature", "id": "way/742782333", "properties": {"@id": "way/742782333", "building": "yes", "is_living": false}, "geometry": {"type": "Polygon", "coordinates": [[[36.6176559, 55.5884513], [36.6174115, 55.5883575], [36.617782, 55.5880488], [36.6180266, 55.5881426], [36.6176559, 55.5884513]]]}}, {"type": "Feature", "id": "way/742789666", "properties": {"@id": "way/742789666", "building": "yes", "is_living": false}, "geometry": {"type": "Polygon", "coordinates": [[[36.6197576, 55.5973115], [36.6195612, 55.5970613], [36.619739, 55.5970167], [36.6199354, 55.597267], [36.6197576, 55.5973115]]]}}, {"type": "Feature", "id": "way/742789667", "properties": {"@id": "way/742789667", "building": "yes", "is_living": false}, "geometry": {"type": "Polygon", "coordinates": [[[36.6207158, 55.5966245], [36.6205963, 55.596452], [36.6207876, 55.5964097], [36.6209071, 55.5965822], [36.6207158, 55.5966245]]]}}, {"type": "Feature", "id": "way/742789668", "properties": {"@id": "way/742789668", "building": "yes", "is_living": false}, "geometry": {"type": "Polygon", "coordinates": [[[36.6219405, 55.5963428], [36.6219041, 55.5962915], [36.622281, 55.5962063], [36.6223174, 55.5962577], [36.6219405, 55.5963428]]]}}, {"type": "Feature", "id": "way/742789669", "properties": {"@id": "way/742789669", "building": "yes", "is_living": false}, "geometry": {"type": "Polygon", "coordinates": [[[36.622622, 55.5961813], [36.6225783, 55.5961242], [36.6231372, 55.5959874], [36.6231809, 55.5960445], [36.622622, 55.5961813]]]}}, {"type": "Feature", "id": "way/742789670", "properties": {"@id": "way/742789670", "building": "yes", "is_living": false}, "geometry": {"type": "Polygon", "coordinates": [[[36.6234375, 55.5964411], [36.6233516, 55.5963194], [36.6235423, 55.5962765], [36.6236281, 55.5963982], [36.6234375, 55.5964411]]]}}, {"type": "Feature", "id": "way/742789671", "properties": {"@id": "way/742789671", "building": "yes", "is_living": false}, "geometry": {"type": "Polygon", "coordinates": [[[36.6228486, 55.5969939], [36.6228105, 55.5969391], [36.6230391, 55.5968884], [36.6230772, 55.5969433], [36.6228486, 55.5969939]]]}}, {"type": "Feature", "id": "way/742789672", "properties": {"@id": "way/742789672", "building": "yes", "is_living": false}, "geometry": {"type": "Polygon", "coordinates": [[[36.6233017, 55.5971964], [36.6232209, 55.5970864], [36.6236846, 55.5969776], [36.6237654, 55.5970876], [36.6233017, 55.5971964]]]}}, {"type": "Feature", "id": "way/742789674", "properties": {"@id": "way/742789674", "building": "yes", "is_living": false}, "geometry": {"type": "Polygon", "coordinates": [[[36.620883, 55.598225], [36.6208163, 55.5981191], [36.6209022, 55.5981018], [36.6209688, 55.5982078], [36.620883, 55.598225]]]}}, {"type": "Feature", "id": "way/742789675", "properties": {"@id": "way/742789675", "building": "yes", "is_living": false}, "geometry": {"type": "Polygon", "coordinates": [[[36.6214474, 55.5985788], [36.621364, 55.598462], [36.6220317, 55.5983099], [36.6221151, 55.5984266], [36.6214474, 55.5985788]]]}}, {"type": "Feature", "id": "way/742789676", "properties": {"@id": "way/742789676", "building": "yes", "is_living": false}, "geometry": {"type": "Polygon", "coordinates": [[[36.6209814, 55.5986564], [36.6209501, 55.5986112], [36.621077, 55.5985832], [36.6211083, 55.5986284], [36.6209814, 55.5986564]]]}}, {"type": "Feature", "id": "way/742789708", "properties": {"@id": "way/742789708", "addr:housenumber": "52", "addr:place": "санаторий имени Герцена", "building": "school", "is_living": false}, "geometry": {"type": "Polygon", "coordinates": [[[36.6017696, 55.604735], [36.6017798, 55.6044289], [36.6011631, 55.6044223], [36.6011676, 55.6042867], [36.6024608, 55.6043004], [36.6024568, 55.6044223], [36.6020941, 55.6044184], [36.6020834, 55.6047384], [36.6017696, 55.604735]]]}}, {"type": "Feature", "id": "way/743225679", "properties": {"@id": "way/743225679", "building": "service", "power": "substation", "ref": "414067", "substation": "minor_distribution", "is_living": false}, "geometry": {"type": "Polygon", "coordinates": [[[37.2213656, 55.6596066], [37.2213301, 55.6595597], [37.2214038, 55.659542], [37.2214392, 55.6595889], [37.2213656, 55.6596066]]]}}, {"type": "Feature", "id": "way/743235160", "properties": {"@id": "way/743235160", "building": "yes", "is_living": false}, "geometry": {"type": "Polygon", "coordinates": [[[36.9887954, 55.6423879], [36.9887639, 55.6422836], [36.989017, 55.6422593], [36.9890484, 55.6423636], [36.9887954, 55.6423879]]]}}, {"type": "Feature", "id": "way/743235161", "properties": {"@id": "way/743235161", "building": "yes", "is_living": false}, "geometry": {"type": "Polygon", "coordinates": [[[36.9849029, 55.6402474], [36.9848437, 55.6400371], [36.9853144, 55.6399949], [36.9853737, 55.6402052], [36.9849029, 55.6402474]]]}}, {"type": "Feature", "id": "way/743235162", "properties": {"@id": "way/743235162", "building": "yes", "is_living": false}, "geometry": {"type": "Polygon", "coordinates": [[[36.9854698, 55.6401989], [36.9854033, 55.6400113], [36.9857986, 55.6399667], [36.985865, 55.6401543], [36.9854698, 55.6401989]]]}}, {"type": "Feature", "id": "way/743235167", "properties": {"@id": "way/743235167", "building": "yes", "is_living": false}, "geometry": {"type": "Polygon", "coordinates": [[[36.9864958, 55.6441923], [36.9864503, 55.643961], [36.9867121, 55.6439446], [36.9867576, 55.6441758], [36.9864958, 55.6441923]]]}}, {"type": "Feature", "id": "way/743235168", "properties": {"@id": "way/743235168", "building": "yes", "is_living": false}, "geometry": {"type": "Polygon", "coordinates": [[[36.9869189, 55.6438837], [36.9868561, 55.6436693], [36.9876906, 55.6435915], [36.9877533, 55.6438058], [36.9869189, 55.6438837]]]}}, {"type": "Feature", "id": "way/743235169", "properties": {"@id": "way/743235169", "building": "yes", "is_living": false}, "geometry": {"type": "Polygon", "coordinates": [[[36.9877742, 55.644269], [36.9876437, 55.6439025], [36.9880568, 55.6438556], [36.9881874, 55.6442222], [36.9877742, 55.644269]]]}}, {"type": "Feature", "id": "way/743235170", "properties": {"@id": "way/743235170", "building": "yes", "is_living": false}, "geometry": {"type": "Polygon", "coordinates": [[[36.9876046, 55.6435313], [36.9875661, 55.6434095], [36.9881583, 55.6433499], [36.9881968, 55.6434717], [36.9876046, 55.6435313]]]}}, {"type": "Feature", "id": "way/743235171", "properties": {"@id": "way/743235171", "building": "yes", "is_living": false}, "geometry": {"type": "Polygon", "coordinates": [[[36.988487, 55.6449667], [36.9883768, 55.6446448], [36.9893117, 55.6445429], [36.9894218, 55.6448647], [36.988487, 55.6449667]]]}}, {"type": "Feature", "id": "way/743235172", "properties": {"@id": "way/743235172", "building": "yes", "is_living": false}, "geometry": {"type": "Polygon", "coordinates": [[[36.987845, 55.6445095], [36.9878058, 55.6443841], [36.9894486, 55.6442206], [36.9894879, 55.6443461], [36.987845, 55.6445095]]]}}, {"type": "Feature", "id": "way/743235173", "properties": {"@id": "way/743235173", "building": "yes", "is_living": false}, "geometry": {"type": "Polygon", "coordinates": [[[36.9879584, 55.6452633], [36.9878208, 55.6450918], [36.9880339, 55.6450373], [36.9881715, 55.6452088], [36.9879584, 55.6452633]]]}}, {"type": "Feature", "id": "way/743235174", "properties": {"@id": "way/743235174", "building": "yes", "is_living": false}, "geometry": {"type": "Polygon", "coordinates": [[[36.9876324, 55.6448639], [36.987545, 55.6446425], [36.9877414, 55.6446179], [36.9878287, 55.6448392], [36.9876324, 55.6448639]]]}}, {"type": "Feature", "id": "way/743235193", "properties": {"@id": "way/743235193", "building": "garages", "is_living": false}, "geometry": {"type": "Polygon", "coordinates": [[[36.9777317, 55.6405633], [36.9776182, 55.6405257], [36.9777441, 55.6404142], [36.9780121, 55.6402437], [36.9781957, 55.640151], [36.9781192, 55.6400911], [36.9782303, 55.6400562], [36.9783463, 55.6401677], [36.9781464, 55.6402568], [36.9779489, 55.6403808], [36.9778058, 55.6405006], [36.9777317, 55.6405633]]]}}, {"type": "Feature", "id": "way/743235194", "properties": {"@id": "way/743235194", "building": "garages", "is_living": false}, "geometry": {"type": "Polygon", "coordinates": [[[36.9781562, 55.6404964], [36.97806, 55.6405243], [36.9780551, 55.6404658], [36.9780674, 55.6404087], [36.9781143, 55.6403697], [36.9782155, 55.6403362], [36.9783093, 55.6403153], [36.9784228, 55.6403251], [36.9785043, 55.6403725], [36.9785388, 55.640417], [36.9785536, 55.6404727], [36.9785141, 55.6405243], [36.97845, 55.6405786], [36.9783562, 55.6405995], [36.97825, 55.6406079], [36.9781266, 55.6405786], [36.9782204, 55.6405187], [36.9782723, 55.6405368], [36.9783389, 55.640534], [36.9783932, 55.6405215], [36.9784154, 55.640495], [36.9784426, 55.6404672], [36.9784253, 55.6404282], [36.9783808, 55.640385], [36.9783142, 55.6403752], [36.97825, 55.6403878], [36.9781982, 55.6404031], [36.9781661, 55.6404268], [36.9781513, 55.640463], [36.9781562, 55.6404964]]]}}, {"type": "Feature", "id": "way/743235195", "properties": {"@id": "way/743235195", "building": "garages", "is_living": false}, "geometry": {"type": "Polygon", "coordinates": [[[36.9784413, 55.6401914], [36.9783685, 55.6401538], [36.9783266, 55.6401043], [36.978329, 55.6400374], [36.978387, 55.639997], [36.9784574, 55.6399671], [36.9785512, 55.6399532], [36.9786425, 55.6399497], [36.9787227, 55.6399789], [36.9787832, 55.6400193], [36.9788017, 55.6400737], [36.9787881, 55.640128], [36.9787165, 55.640174], [36.978603, 55.6402081], [36.978561, 55.6402088], [36.978561, 55.6401524], [36.9786289, 55.6401461], [36.9786758, 55.6401161], [36.9786894, 55.640073], [36.9786499, 55.640027], [36.9785931, 55.640011], [36.978503, 55.6400145], [36.97845, 55.64005], [36.9784426, 55.6400946], [36.9784956, 55.6401489], [36.9784413, 55.6401914]]]}}, {"type": "Feature", "id": "way/743235196", "properties": {"@id": "way/743235196", "building": "garages", "is_living": false}, "geometry": {"type": "Polygon", "coordinates": [[[36.9786955, 55.6403543], [36.9786721, 55.6402889], [36.9786918, 55.6402262], [36.9787659, 55.6401788], [36.9788856, 55.6401426], [36.9790263, 55.6401586], [36.9790941, 55.6401955], [36.9791423, 55.640254], [36.9791275, 55.6403216], [36.9790584, 55.6403683], [36.9789942, 55.640394], [36.9789066, 55.6404045], [36.9787918, 55.640394], [36.9788486, 55.6403397], [36.9789029, 55.640346], [36.9789547, 55.6403439], [36.9790016, 55.6403153], [36.9790324, 55.6402708], [36.9790238, 55.6402352], [36.9789596, 55.6402032], [36.9788893, 55.6402025], [36.9788066, 55.6402241], [36.9787869, 55.6402701], [36.9788066, 55.6403126], [36.9786955, 55.6403543]]]}}, {"type": "Feature", "id": "way/743235197", "properties": {"@id": "way/743235197", "building": "garages", "is_living": false}, "geometry": {"type": "Polygon", "coordinates": [[[36.9788226, 55.6405361], [36.9787289, 55.6405264], [36.9787683, 55.6404658], [36.9788424, 55.6404317], [36.9789177, 55.6404101], [36.9790164, 55.6404108], [36.9791065, 55.6404435], [36.9791595, 55.6404825], [36.9791867, 55.6405494], [36.9791805, 55.6405946], [36.9791164, 55.6406315], [36.9790238, 55.6406699], [36.978909, 55.6406733], [36.9788091, 55.6406462], [36.9787437, 55.6405953], [36.9788449, 55.6405696], [36.9788708, 55.6406044], [36.9789214, 55.6406127], [36.9790078, 55.6406113], [36.9790658, 55.6405828], [36.979088, 55.640557], [36.9790744, 55.6405208], [36.9790374, 55.6404881], [36.9789621, 55.6404693], [36.9788967, 55.640479], [36.9788461, 55.6405034], [36.9788226, 55.6405361]]]}}, {"type": "Feature", "id": "way/743235198", "properties": {"@id": "way/743235198", "building": "garages", "is_living": false}, "geometry": {"type": "Polygon", "coordinates": [[[36.9786696, 55.6407416], [36.9786277, 55.6406838], [36.9787177, 55.6406594], [36.9788054, 55.6406615], [36.9788831, 55.640688], [36.9789596, 55.6407242], [36.9789818, 55.6407632], [36.9789818, 55.6408293], [36.9789411, 55.6408739], [36.9788732, 55.640908], [36.9787659, 55.6409269], [36.9786672, 55.6409157], [36.9785943, 55.640892], [36.9785487, 55.6408433], [36.9785277, 55.6407903], [36.978545, 55.6407437], [36.9786388, 55.640766], [36.9786252, 55.6407959], [36.9786289, 55.6408328], [36.9786672, 55.6408537], [36.978698, 55.6408739], [36.9787708, 55.6408774], [36.9788288, 55.64086], [36.9788757, 55.640837], [36.9789004, 55.6407883], [36.9788745, 55.6407576], [36.9788066, 55.6407193], [36.9787313, 55.6407193], [36.9786696, 55.6407416]]]}}, {"type": "Feature", "id": "way/743235199", "properties": {"@id": "way/743235199", "building": "garages", "is_living": false}, "geometry": {"type": "Polygon", "coordinates": [[[36.9779403, 55.6409624], [36.9779152, 55.6408471], [36.9784521, 55.6408099], [36.9784772, 55.6409252], [36.9779403, 55.6409624]]]}}, {"type": "Feature", "id": "way/743235200", "properties": {"@id": "way/743235200", "building": "garages", "is_living": false}, "geometry": {"type": "Polygon", "coordinates": [[[36.9779082, 55.6407822], [36.9778926, 55.6406873], [36.9781017, 55.6406764], [36.9781065, 55.6407058], [36.978394, 55.6406908], [36.9784047, 55.6407562], [36.9779082, 55.6407822]]]}}, {"type": "Feature", "id": "way/743235201", "properties": {"@id": "way/743235201", "building": "garages", "is_living": false}, "geometry": {"type": "Polygon", "coordinates": [[[36.9773337, 55.640697], [36.9773413, 55.6406289], [36.9777863, 55.6406375], [36.9778227, 55.6410088], [36.9774929, 55.6410336], [36.9774794, 55.6410845], [36.9778438, 55.6410683], [36.9778496, 55.6411321], [36.9773701, 55.6411462], [36.9773759, 55.6410293], [36.9776463, 55.64096], [36.9776463, 55.6407003], [36.9773337, 55.640697]]]}}, {"type": "Feature", "id": "way/743235202", "properties": {"@id": "way/743235202", "building": "yes", "is_living": false}, "geometry": {"type": "Polygon", "coordinates": [[[36.9787049, 55.6418166], [36.9785745, 55.6416994], [36.9790198, 55.6415416], [36.9791502, 55.6416588], [36.9787049, 55.6418166]]]}}, {"type": "Feature", "id": "way/743235203", "properties": {"@id": "way/743235203", "building": "yes", "is_living": false}, "geometry": {"type": "Polygon", "coordinates": [[[36.9772818, 55.6425058], [36.9771255, 55.6424185], [36.9773339, 55.6422995], [36.9774903, 55.6423868], [36.9772818, 55.6425058]]]}}, {"type": "Feature", "id": "way/743235204", "properties": {"@id": "way/743235204", "building": "yes", "is_living": false}, "geometry": {"type": "Polygon", "coordinates": [[[36.977061, 55.6426048], [36.9769445, 55.6426068], [36.976926, 55.6422651], [36.9772024, 55.6422604], [36.9772058, 55.6423236], [36.977046, 55.6423264], [36.977061, 55.6426048]]]}}, {"type": "Feature", "id": "way/743235205", "properties": {"@id": "way/743235205", "building": "yes", "is_living": false}, "geometry": {"type": "Polygon", "coordinates": [[[36.9740501, 55.6431704], [36.9738932, 55.6430533], [36.9740952, 55.642967], [36.9742522, 55.6430842], [36.9740501, 55.6431704]]]}}, {"type": "Feature", "id": "way/743235206", "properties": {"@id": "way/743235206", "building": "yes", "is_living": false}, "geometry": {"type": "Polygon", "coordinates": [[[36.974312, 55.6430357], [36.9742123, 55.6429556], [36.9744461, 55.6428629], [36.9745458, 55.642943], [36.974312, 55.6430357]]]}}, {"type": "Feature", "id": "way/744887412", "properties": {"@id": "way/744887412", "building": "commercial", "is_living": false}, "geometry": {"type": "Polygon", "coordinates": [[[37.280541, 55.6733339], [37.2806107, 55.6732784], [37.2806957, 55.6733123], [37.2806259, 55.6733678], [37.280541, 55.6733339]]]}}, {"type": "Feature", "id": "way/744887413", "properties": {"@id": "way/744887413", "building": "commercial", "is_living": false}, "geometry": {"type": "Polygon", "coordinates": [[[37.2802744, 55.6735182], [37.2803794, 55.673439], [37.2804615, 55.6734736], [37.2803566, 55.6735528], [37.2802744, 55.6735182]]]}}, {"type": "Feature", "id": "way/745675117", "properties": {"@id": "way/745675117", "building": "yes", "is_living": false}, "geometry": {"type": "Polygon", "coordinates": [[[37.2023349, 55.624969], [37.2020948, 55.6248251], [37.20216, 55.6247904], [37.2022128, 55.624822], [37.2026524, 55.6245883], [37.202776, 55.6246624], [37.2023359, 55.6248963], [37.2023997, 55.6249346], [37.2023349, 55.624969]]]}}, {"type": "Feature", "id": "way/745675118", "properties": {"@id": "way/745675118", "addr:housenumber": "1 с1", "addr:place": "Спортинг клуб Москва", "building": "yes", "is_living": false}, "geometry": {"type": "Polygon", "coordinates": [[[37.2014065, 55.6248174], [37.2011925, 55.6246605], [37.2014723, 55.6245389], [37.2016681, 55.6246826], [37.2015816, 55.6247202], [37.201644, 55.624766], [37.2015507, 55.6248066], [37.2014873, 55.6247823], [37.2014065, 55.6248174]]]}}, {"type": "Feature", "id": "way/745675119", "properties": {"@id": "way/745675119", "building": "yes", "is_living": false}, "geometry": {"type": "Polygon", "coordinates": [[[37.2008305, 55.6249654], [37.2006498, 55.6248119], [37.2009327, 55.6247056], [37.2011135, 55.6248592], [37.2008305, 55.6249654]]]}}, {"type": "Feature", "id": "way/745675120", "properties": {"@id": "way/745675120", "building": "yes", "is_living": false}, "geometry": {"type": "Polygon", "coordinates": [[[37.2001058, 55.6251238], [37.2000566, 55.6249223], [37.200375, 55.6248975], [37.2004241, 55.625099], [37.2001058, 55.6251238]]]}}, {"type": "Feature", "id": "way/745675121", "properties": {"@id": "way/745675121", "building": "yes", "is_living": false}, "geometry": {"type": "Polygon", "coordinates": [[[37.2057724, 55.6241932], [37.2060307, 55.6238521], [37.2062699, 55.6239099], [37.2060117, 55.624251], [37.2057724, 55.6241932]]]}}, {"type": "Feature", "id": "way/745675122", "properties": {"@id": "way/745675122", "building": "yes", "is_living": false}, "geometry": {"type": "Polygon", "coordinates": [[[37.2058197, 55.6243494], [37.2056255, 55.6243043], [37.2056905, 55.624215], [37.2058848, 55.62426], [37.2058197, 55.6243494]]]}}, {"type": "Feature", "id": "way/745675123", "properties": {"@id": "way/745675123", "building": "yes", "is_living": false}, "geometry": {"type": "Polygon", "coordinates": [[[37.2016454, 55.624506], [37.2015914, 55.6244326], [37.1999986, 55.6248062], [37.1999098, 55.6246855], [37.2017329, 55.6242581], [37.2018755, 55.624452], [37.2016454, 55.624506]]]}}, {"type": "Feature", "id": "way/745675124", "properties": {"@id": "way/745675124", "building": "yes", "is_living": false}, "geometry": {"type": "Polygon", "coordinates": [[[37.2000364, 55.6248761], [37.1998463, 55.6249857], [37.1997563, 55.6248934], [37.1996868, 55.624913], [37.1995949, 55.6247895], [37.1999096, 55.6247099], [37.2000364, 55.6248761]]]}}, {"type": "Feature", "id": "way/745675125", "properties": {"@id": "way/745675125", "building": "yes", "is_living": false}, "geometry": {"type": "Polygon", "coordinates": [[[37.1998574, 55.6250492], [37.1997257, 55.6251231], [37.1995348, 55.6250146], [37.1996665, 55.6249407], [37.1998574, 55.6250492]]]}}, {"type": "Feature", "id": "way/745675128", "properties": {"@id": "way/745675128", "building": "yes", "is_living": false}, "geometry": {"type": "Polygon", "coordinates": [[[37.198642, 55.6252581], [37.1985524, 55.6252787], [37.1984558, 55.625282], [37.1983623, 55.6252678], [37.1982794, 55.6252362], [37.1982195, 55.6251909], [37.1981894, 55.6251369], [37.1981925, 55.6250804], [37.1982285, 55.6250277], [37.1982932, 55.6249846], [37.1983795, 55.6249559], [37.1984778, 55.6249449], [37.1985769, 55.6249528], [37.1986658, 55.6249788], [37.1987328, 55.6250182], [37.1987739, 55.6250677], [37.1987849, 55.625122], [37.1987647, 55.6251754], [37.1987154, 55.6252224], [37.198642, 55.6252581]]]}}, {"type": "Feature", "id": "way/746550529", "properties": {"@id": "way/746550529", "addr:housenumber": "7", "addr:street": "Железнодорожная улица", "building": "industrial", "is_living": false}, "geometry": {"type": "Polygon", "coordinates": [[[37.2546223, 55.664089], [37.2548696, 55.6635569], [37.2554666, 55.6636452], [37.2554786, 55.6636194], [37.2558497, 55.6636742], [37.2558015, 55.663778], [37.255513, 55.6637353], [37.2553018, 55.6641895], [37.2548434, 55.6641217], [37.2548167, 55.6641791], [37.2547488, 55.6641691], [37.2547755, 55.6641117], [37.2546223, 55.664089]]]}}, {"type": "Feature", "id": "way/746550530", "properties": {"@id": "way/746550530", "building": "industrial", "is_living": false}, "geometry": {"type": "Polygon", "coordinates": [[[37.2553322, 55.6642124], [37.2554712, 55.6638874], [37.2558086, 55.6639334], [37.2556697, 55.6642583], [37.2553322, 55.6642124]]]}}, {"type": "Feature", "id": "way/746616449", "properties": {"@id": "way/746616449", "addr:housenumber": "43", "addr:street": "Широкая улица", "building": "retail", "building:levels": "1", "name": "Продторг-П", "opening_hours": "Mo-Su 09:00-23:00", "roof:shape": "hipped", "shop": "convenience", "is_living": false}, "geometry": {"type": "Polygon", "coordinates": [[[37.1705791, 55.6515477], [37.170658, 55.6514362], [37.1708337, 55.6514757], [37.1707548, 55.6515872], [37.1705791, 55.6515477]]]}}, {"type": "Feature", "id": "way/747277882", "properties": {"@id": "way/747277882", "building": "retail", "is_living": false}, "geometry": {"type": "Polygon", "coordinates": [[[37.2770766, 55.6737602], [37.2774811, 55.67346], [37.277909, 55.6736432], [37.2775045, 55.6739435], [37.2770766, 55.6737602]]]}}, {"type": "Feature", "id": "way/748288059", "properties": {"@id": "way/748288059", "addr:housenumber": "60", "addr:street": "Западная улица", "building": "retail", "building:levels": "3", "source:addr": "ЕГРН", "is_living": false}, "geometry": {"type": "Polygon", "coordinates": [[[37.367902, 55.7114029], [37.3682085, 55.7110849], [37.3685215, 55.7111528], [37.3681944, 55.7114923], [37.367902, 55.7114029]]]}}, {"type": "Feature", "id": "way/748288062", "properties": {"@id": "way/748288062", "building": "roof", "is_living": false}, "geometry": {"type": "Polygon", "coordinates": [[[37.353617, 55.7046871], [37.3539069, 55.7045081], [37.3539455, 55.7044844], [37.3540502, 55.7045382], [37.3540117, 55.704562], [37.3537217, 55.704741], [37.353617, 55.7046871]]]}}, {"type": "Feature", "id": "way/748288070", "properties": {"@id": "way/748288070", "building": "roof", "is_living": false}, "geometry": {"type": "Polygon", "coordinates": [[[37.3430076, 55.6975681], [37.3430485, 55.6975588], [37.3434507, 55.6974672], [37.3435089, 55.6975483], [37.3431198, 55.6976369], [37.3430658, 55.6976492], [37.3430076, 55.6975681]]]}}, {"type": "Feature", "id": "way/749716540", "properties": {"@id": "way/749716540", "building": "allotment_house", "is_living": false}, "geometry": {"type": "Polygon", "coordinates": [[[36.4797753, 55.5673888], [36.4797352, 55.5672531], [36.4799065, 55.5672369], [36.4799466, 55.5673726], [36.4797753, 55.5673888]]]}}, {"type": "Feature", "id": "way/750469670", "properties": {"@id": "way/750469670", "aeroway": "hangar", "building": "hangar", "is_living": false}, "geometry": {"type": "Polygon", "coordinates": [[[37.3321903, 55.7254406], [37.332069, 55.7251389], [37.3323462, 55.7251035], [37.3324676, 55.7254052], [37.3321903, 55.7254406]]]}}, {"type": "Feature", "id": "way/750469671", "properties": {"@id": "way/750469671", "building": "industrial", "is_living": false}, "geometry": {"type": "Polygon", "coordinates": [[[37.3314531, 55.7246744], [37.3313994, 55.7245967], [37.3317446, 55.7245405], [37.3318367, 55.7247198], [37.3316219, 55.7247759], [37.3315529, 55.7246636], [37.3314531, 55.7246744]]]}}, {"type": "Feature", "id": "way/750469677", "properties": {"@id": "way/750469677", "building": "industrial", "is_living": false}, "geometry": {"type": "Polygon", "coordinates": [[[37.3299077, 55.7261726], [37.3299107, 55.72597], [37.3300796, 55.7259708], [37.3300766, 55.7261734], [37.3299077, 55.7261726]]]}}, {"type": "Feature", "id": "way/751788370", "properties": {"@id": "way/751788370", "addr:housenumber": "2А", "addr:postcode": "143001", "addr:street": "Сколковская улица", "building": "service", "building:levels": "1", "start_date": "2017", "is_living": false}, "geometry": {"type": "Polygon", "coordinates": [[[37.3245561, 55.6934548], [37.324629, 55.6933425], [37.3249843, 55.6934157], [37.3249114, 55.6935281], [37.3245561, 55.6934548]]]}}, {"type": "Feature", "id": "way/752526146", "properties": {"@id": "way/752526146", "building": "yes", "is_living": false}, "geometry": {"type": "Polygon", "coordinates": [[[37.2180547, 55.6336868], [37.217826, 55.633586], [37.2179423, 55.6335019], [37.218171, 55.6336028], [37.2180547, 55.6336868]]]}}, {"type": "Feature", "id": "way/753634096", "properties": {"@id": "way/753634096", "building": "industrial", "is_living": false}, "geometry": {"type": "Polygon", "coordinates": [[[37.3227311, 55.7251785], [37.3229122, 55.7250896], [37.3229615, 55.7251215], [37.3230327, 55.7250865], [37.3231564, 55.7251664], [37.3229041, 55.7252903], [37.3227311, 55.7251785]]]}}, {"type": "Feature", "id": "way/753634105", "properties": {"@id": "way/753634105", "building": "kindergarten", "building:levels": "3", "roof:shape": "flat", "is_living": false}, "geometry": {"type": "Polygon", "coordinates": [[[37.3548928, 55.7264052], [37.3549684, 55.726408], [37.3549768, 55.7263346], [37.3555904, 55.7263569], [37.3555575, 55.7266441], [37.355183, 55.7266305], [37.3551881, 55.7265862], [37.3550728, 55.726582], [37.3550707, 55.7266008], [37.3548713, 55.7265936], [37.3548928, 55.7264052]]]}}, {"type": "Feature", "id": "way/753660468", "properties": {"@id": "way/753660468", "addr:city": "Ромашково", "addr:housenumber": "12Б", "addr:street": "Советская улица", "building": "ruins", "is_living": false}, "geometry": {"type": "Polygon", "coordinates": [[[37.3454028, 55.7347282], [37.3454885, 55.734724], [37.3455026, 55.7346818], [37.3454745, 55.7345013], [37.3455488, 55.7344976], [37.3458437, 55.7344831], [37.3459064, 55.7348874], [37.345431, 55.7349107], [37.3454273, 55.7348867], [37.3454028, 55.7347282]]]}}, {"type": "Feature", "id": "way/753660472", "properties": {"@id": "way/753660472", "building": "parking", "building:levels": "2", "is_living": false}, "geometry": {"type": "Polygon", "coordinates": [[[37.3292415, 55.7255721], [37.3298364, 55.7255735], [37.3298359, 55.7256399], [37.3298354, 55.7257097], [37.3292404, 55.7257083], [37.3292415, 55.7255721]]]}}, {"type": "Feature", "id": "way/753660475", "properties": {"@id": "way/753660475", "building": "industrial", "shop": "car_repair", "is_living": false}, "geometry": {"type": "Polygon", "coordinates": [[[37.3469379, 55.7205121], [37.347179, 55.7204146], [37.3472331, 55.720457], [37.3472179, 55.7204631], [37.3472702, 55.7205042], [37.3470443, 55.7205956], [37.3469379, 55.7205121]]]}}, {"type": "Feature", "id": "way/753933972", "properties": {"@id": "way/753933972", "building": "roof", "layer": "1", "is_living": false}, "geometry": {"type": "Polygon", "coordinates": [[[37.295494, 55.6564704], [37.2955399, 55.6564258], [37.2956681, 55.6563013], [37.2957888, 55.6563409], [37.2956635, 55.6564626], [37.2956147, 55.6565099], [37.295494, 55.6564704]]]}}, {"type": "Feature", "id": "way/754555546", "properties": {"@id": "way/754555546", "addr:city": "Часцы", "addr:housenumber": "c193", "addr:street": "Можайское шоссе", "building": "school", "is_living": false}, "geometry": {"type": "Polygon", "coordinates": [[[36.8644557, 55.6257138], [36.8645363, 55.6256319], [36.8654327, 55.6259135], [36.865342, 55.6260054], [36.8647884, 55.6258315], [36.8646405, 55.6259816], [36.8643981, 55.6259054], [36.864556, 55.6257453], [36.8644557, 55.6257138]]]}}, {"type": "Feature", "id": "way/756844931", "properties": {"@id": "way/756844931", "building": "roof", "is_living": false}, "geometry": {"type": "Polygon", "coordinates": [[[37.2281206, 55.6971542], [37.2281877, 55.6971078], [37.2283723, 55.697193], [37.2284427, 55.6972256], [37.228368, 55.6972688], [37.2283004, 55.6972375], [37.2281206, 55.6971542]]]}}, {"type": "Feature", "id": "way/757223389", "properties": {"@id": "way/757223389", "building": "roof", "is_living": false}, "geometry": {"type": "Polygon", "coordinates": [[[37.2239244, 55.6628067], [37.2235946, 55.6628447], [37.2235359, 55.6626828], [37.2238657, 55.6626447], [37.2239244, 55.6628067]]]}}, {"type": "Feature", "id": "way/757223390", "properties": {"@id": "way/757223390", "building": "roof", "is_living": false}, "geometry": {"type": "Polygon", "coordinates": [[[37.2244106, 55.6628472], [37.2243535, 55.6626923], [37.2246273, 55.6626602], [37.2246843, 55.6628151], [37.2244106, 55.6628472]]]}}, {"type": "Feature", "id": "way/757577168", "properties": {"@id": "way/757577168", "building": "retail", "height": "6", "is_living": false}, "geometry": {"type": "Polygon", "coordinates": [[[37.080955, 55.666767], [37.0809642, 55.6666642], [37.0810743, 55.6666673], [37.0810651, 55.6667701], [37.080955, 55.666767]]]}}, {"type": "Feature", "id": "way/757693562", "properties": {"@id": "way/757693562", "building": "retail", "height": "6", "is_living": false}, "geometry": {"type": "Polygon", "coordinates": [[[37.0896475, 55.667012], [37.0898117, 55.6669184], [37.089892, 55.6669612], [37.0899192, 55.6669755], [37.0897592, 55.6670713], [37.0896475, 55.667012]]]}}, {"type": "Feature", "id": "way/757693563", "properties": {"@id": "way/757693563", "building": "retail", "height": "4", "is_living": false}, "geometry": {"type": "Polygon", "coordinates": [[[37.089892, 55.6669612], [37.0898117, 55.6669184], [37.0900409, 55.6667815], [37.0901212, 55.6668243], [37.089892, 55.6669612]]]}}, {"type": "Feature", "id": "way/757693567", "properties": {"@id": "way/757693567", "building": "industrial", "height": "6", "is_living": false}, "geometry": {"type": "Polygon", "coordinates": [[[37.0792692, 55.677364], [37.0793673, 55.6771017], [37.0794946, 55.6771169], [37.0793965, 55.6773791], [37.0792692, 55.677364]]]}}, {"type": "Feature", "id": "way/757693568", "properties": {"@id": "way/757693568", "building": "industrial", "height": "4", "is_living": false}, "geometry": {"type": "Polygon", "coordinates": [[[37.0796503, 55.6771006], [37.0795269, 55.6770674], [37.0796041, 55.6769765], [37.0797274, 55.6770097], [37.0796503, 55.6771006]]]}}, {"type": "Feature", "id": "way/757693578", "properties": {"@id": "way/757693578", "building": "retail", "height": "6", "is_living": false}, "geometry": {"type": "Polygon", "coordinates": [[[37.0735723, 55.6859295], [37.0734832, 55.6859066], [37.0735871, 55.6857776], [37.0736797, 55.6858014], [37.0736478, 55.6858411], [37.0736713, 55.6858471], [37.0737069, 55.6858391], [37.0736642, 55.6858889], [37.073653, 55.6858672], [37.0736277, 55.6858607], [37.0735723, 55.6859295]]]}}, {"type": "Feature", "id": "way/757693586", "properties": {"@id": "way/757693586", "building": "retail", "height": "5", "is_living": false}, "geometry": {"type": "Polygon", "coordinates": [[[37.0648236, 55.6982047], [37.0648679, 55.698132], [37.064963, 55.6981504], [37.0649187, 55.6982231], [37.0648236, 55.6982047]]]}}, {"type": "Feature", "id": "way/758491021", "properties": {"@id": "way/758491021", "addr:city": "Одинцово", "addr:housenumber": "6Б", "addr:street": "улица Маршала Неделина", "building": "commercial", "building:levels": "8", "is_living": false}, "geometry": {"type": "Polygon", "coordinates": [[[37.2688357, 55.6782317], [37.2684189, 55.6779532], [37.2688563, 55.6777501], [37.2693966, 55.6779851], [37.2688357, 55.6782317]]]}}, {"type": "Feature", "id": "way/759527769", "properties": {"@id": "way/759527769", "building": "garage", "is_living": false}, "geometry": {"type": "Polygon", "coordinates": [[[37.3047027, 55.6896624], [37.3047027, 55.6896962], [37.3045348, 55.689712], [37.3023117, 55.689721], [37.3024276, 55.6896647], [37.3047027, 55.6896624]]]}}, {"type": "Feature", "id": "way/759825599", "properties": {"@id": "way/759825599", "building": "industrial", "is_living": false}, "geometry": {"type": "Polygon", "coordinates": [[[37.2113304, 55.6289529], [37.2112293, 55.6288825], [37.211511, 55.6287536], [37.2116121, 55.6288242], [37.2113304, 55.6289529]]]}}, {"type": "Feature", "id": "way/760834892", "properties": {"@id": "way/760834892", "building": "service", "description": "Пост дежурного по переезду", "is_living": false}, "geometry": {"type": "Polygon", "coordinates": [[[37.2831467, 55.7373184], [37.2831536, 55.7372756], [37.2832303, 55.7372796], [37.2832233, 55.7373224], [37.2831467, 55.7373184]]]}}, {"type": "Feature", "id": "way/760836005", "properties": {"@id": "way/760836005", "building": "retail", "building:levels": "1", "is_living": false}, "geometry": {"type": "Polygon", "coordinates": [[[37.2687152, 55.7381898], [37.2688332, 55.7379946], [37.2689523, 55.7380174], [37.2688343, 55.7382126], [37.2687152, 55.7381898]]]}}, {"type": "Feature", "id": "way/760836006", "properties": {"@id": "way/760836006", "building": "retail", "building:levels": "1", "is_living": false}, "geometry": {"type": "Polygon", "coordinates": [[[37.2687703, 55.7379362], [37.2687905, 55.7378841], [37.2690922, 55.737921], [37.2690721, 55.7379731], [37.2687703, 55.7379362]]]}}, {"type": "Feature", "id": "way/761454788", "properties": {"@id": "way/761454788", "addr:housenumber": "65 с1", "addr:postcode": "143080", "addr:street": "Центральная улица", "building": "retail", "height": "14", "is_living": false}, "geometry": {"type": "Polygon", "coordinates": [[[37.2078338, 55.640795], [37.2077235, 55.6408129], [37.2076699, 55.6407081], [37.2077436, 55.6406961], [37.2080016, 55.640654], [37.2080264, 55.6407024], [37.2080553, 55.6407589], [37.2078338, 55.640795]]]}}, {"type": "Feature", "id": "way/761454789", "properties": {"@id": "way/761454789", "building": "retail", "height": "8", "is_living": false}, "geometry": {"type": "Polygon", "coordinates": [[[37.2077436, 55.6406961], [37.2076639, 55.6405402], [37.2079219, 55.6404982], [37.2080016, 55.640654], [37.2077436, 55.6406961]]]}}, {"type": "Feature", "id": "way/761464281", "properties": {"@id": "way/761464281", "addr:city": "Аксиньино", "addr:housenumber": "25/1", "addr:street": "Береговая улица", "amenity": "arts_centre", "building": "civic", "is_living": false}, "geometry": {"type": "Polygon", "coordinates": [[[36.9789877, 55.738125], [36.9785503, 55.7379894], [36.9786446, 55.7378929], [36.9790821, 55.7380285], [36.9789877, 55.738125]]]}}, {"type": "Feature", "id": "way/761467849", "properties": {"@id": "way/761467849", "addr:city": "Синьково", "addr:housenumber": "18А", "building": "retail", "building:levels": "2", "is_living": false}, "geometry": {"type": "Polygon", "coordinates": [[[36.9345229, 55.7551857], [36.9345815, 55.7550383], [36.9352329, 55.7551202], [36.9351902, 55.7552276], [36.9347123, 55.7551676], [36.9346965, 55.7552075], [36.9345229, 55.7551857]]]}}, {"type": "Feature", "id": "way/761468770", "properties": {"@id": "way/761468770", "building": "roof", "is_living": false}, "geometry": {"type": "Polygon", "coordinates": [[[36.8871168, 55.7475594], [36.8871488, 55.7474917], [36.8876973, 55.747574], [36.8876653, 55.7476416], [36.8871168, 55.7475594]]]}}, {"type": "Feature", "id": "way/761823897", "properties": {"@id": "way/761823897", "addr:housenumber": "1А", "addr:place": "Новошихово", "building": "retail", "height": "5", "is_living": false}, "geometry": {"type": "Polygon", "coordinates": [[[36.7747399, 55.6989364], [36.7746976, 55.6988031], [36.7748006, 55.6987927], [36.774843, 55.698926], [36.7747399, 55.6989364]]]}}, {"type": "Feature", "id": "way/761930884", "properties": {"@id": "way/761930884", "building": "service", "power": "substation", "ref": "414159", "substation": "minor_distribution", "is_living": false}, "geometry": {"type": "Polygon", "coordinates": [[[37.1700873, 55.6493338], [37.170162, 55.6492667], [37.1703008, 55.6493158], [37.1702261, 55.649383], [37.1700873, 55.6493338]]]}}, {"type": "Feature", "id": "way/762708051", "properties": {"@id": "way/762708051", "addr:housenumber": "27/2", "addr:place": "Горки-10", "building": "retail", "is_living": false}, "geometry": {"type": "Polygon", "coordinates": [[[37.0263371, 55.7042776], [37.027241, 55.7042866], [37.0273804, 55.704477], [37.0272705, 55.7045016], [37.0271205, 55.7045351], [37.0270961, 55.7045406], [37.0271445, 55.7046628], [37.0269569, 55.7046586], [37.0269086, 55.7045387], [37.0267594, 55.7045372], [37.0263988, 55.7043184], [37.0263358, 55.7043183], [37.0263371, 55.7042776]]]}}, {"type": "Feature", "id": "way/762708052", "properties": {"@id": "way/762708052", "building": "grandstand", "is_living": false}, "geometry": {"type": "Polygon", "coordinates": [[[37.1670053, 55.7243495], [37.1670715, 55.7237744], [37.167253, 55.723781], [37.1671869, 55.7243561], [37.1670053, 55.7243495]]]}}, {"type": "Feature", "id": "way/762708053", "properties": {"@id": "way/762708053", "amenity": "car_wash", "building": "grandstand", "is_living": false}, "geometry": {"type": "Polygon", "coordinates": [[[37.1676464, 55.7236937], [37.1676573, 55.7235984], [37.1682759, 55.7236209], [37.168265, 55.7237162], [37.1676464, 55.7236937]]]}}, {"type": "Feature", "id": "way/762803636", "properties": {"@id": "way/762803636", "building": "service", "power": "substation", "ref": "414040", "substation": "minor_distribution", "is_living": false}, "geometry": {"type": "Polygon", "coordinates": [[[37.2113606, 55.6330057], [37.2113197, 55.6329631], [37.2114253, 55.6329308], [37.2114662, 55.6329733], [37.2113606, 55.6330057]]]}}, {"type": "Feature", "id": "way/762803637", "properties": {"@id": "way/762803637", "building": "service", "power": "substation", "ref": "410429", "substation": "minor_distribution", "is_living": false}, "geometry": {"type": "Polygon", "coordinates": [[[37.2098002, 55.6359504], [37.2098688, 55.6358913], [37.2100036, 55.6359412], [37.209935, 55.6360003], [37.2098002, 55.6359504]]]}}, {"type": "Feature", "id": "way/765357907", "properties": {"@id": "way/765357907", "building": "service", "power": "substation", "ref": "414060", "substation": "minor_distribution", "is_living": false}, "geometry": {"type": "Polygon", "coordinates": [[[37.2139175, 55.6598068], [37.213836, 55.6597379], [37.2140275, 55.6596658], [37.214109, 55.6597348], [37.2139175, 55.6598068]]]}}, {"type": "Feature", "id": "way/765406202", "properties": {"@id": "way/765406202", "building": "yes", "is_living": false}, "geometry": {"type": "Polygon", "coordinates": [[[36.5917209, 55.5955985], [36.5918234, 55.5953287], [36.5924005, 55.5953986], [36.5922981, 55.5956685], [36.5917209, 55.5955985]]]}}, {"type": "Feature", "id": "way/765406203", "properties": {"@id": "way/765406203", "building": "yes", "is_living": false}, "geometry": {"type": "Polygon", "coordinates": [[[36.5923202, 55.5965702], [36.592597, 55.5959284], [36.5928611, 55.5959647], [36.592584, 55.5966066], [36.5923202, 55.5965702]]]}}, {"type": "Feature", "id": "way/765406204", "properties": {"@id": "way/765406204", "building": "yes", "is_living": false}, "geometry": {"type": "Polygon", "coordinates": [[[36.5928867, 55.5966473], [36.5931636, 55.5960054], [36.5934276, 55.5960418], [36.5931505, 55.5966837], [36.5928867, 55.5966473]]]}}, {"type": "Feature", "id": "way/765406205", "properties": {"@id": "way/765406205", "building": "yes", "is_living": false}, "geometry": {"type": "Polygon", "coordinates": [[[36.5934851, 55.596734], [36.5937619, 55.5960921], [36.594026, 55.5961285], [36.5937488, 55.5967704], [36.5934851, 55.596734]]]}}, {"type": "Feature", "id": "way/765406206", "properties": {"@id": "way/765406206", "building": "yes", "is_living": false}, "geometry": {"type": "Polygon", "coordinates": [[[36.5931552, 55.5975358], [36.5934321, 55.596894], [36.5936961, 55.5969303], [36.593419, 55.5975722], [36.5931552, 55.5975358]]]}}, {"type": "Feature", "id": "way/765406207", "properties": {"@id": "way/765406207", "building": "yes", "is_living": false}, "geometry": {"type": "Polygon", "coordinates": [[[36.5925492, 55.5974578], [36.5928261, 55.596816], [36.5930901, 55.5968523], [36.592813, 55.5974942], [36.5925492, 55.5974578]]]}}, {"type": "Feature", "id": "way/765406208", "properties": {"@id": "way/765406208", "building": "yes", "is_living": false}, "geometry": {"type": "Polygon", "coordinates": [[[36.5919969, 55.5973668], [36.5922738, 55.5967249], [36.5925378, 55.5967613], [36.5922607, 55.5974032], [36.5919969, 55.5973668]]]}}, {"type": "Feature", "id": "way/765406209", "properties": {"@id": "way/765406209", "building": "yes", "is_living": false}, "geometry": {"type": "Polygon", "coordinates": [[[36.5941642, 55.5979223], [36.5945364, 55.597054], [36.5948521, 55.5970972], [36.5944797, 55.5979655], [36.5941642, 55.5979223]]]}}, {"type": "Feature", "id": "way/765406210", "properties": {"@id": "way/765406210", "building": "yes", "is_living": false}, "geometry": {"type": "Polygon", "coordinates": [[[36.5948537, 55.5980357], [36.5952258, 55.5971674], [36.5955416, 55.5972106], [36.5951692, 55.5980789], [36.5948537, 55.5980357]]]}}, {"type": "Feature", "id": "way/765406211", "properties": {"@id": "way/765406211", "building": "yes", "is_living": false}, "geometry": {"type": "Polygon", "coordinates": [[[36.5911227, 55.597023], [36.5913949, 55.596426], [36.5916191, 55.5964586], [36.5913471, 55.5970557], [36.5911227, 55.597023]]]}}, {"type": "Feature", "id": "way/765760022", "properties": {"@id": "way/765760022", "addr:housenumber": "26А", "addr:place": "Горки-10", "building": "yes", "is_living": false}, "geometry": {"type": "Polygon", "coordinates": [[[37.0203477, 55.7062966], [37.0203593, 55.7065489], [37.0199668, 55.7065546], [37.0198233, 55.7064963], [37.0198167, 55.7063522], [37.0199962, 55.7063495], [37.019994, 55.7063018], [37.0203477, 55.7062966]]]}}, {"type": "Feature", "id": "way/767956962", "properties": {"@id": "way/767956962", "addr:housenumber": "12", "addr:street": "Внуковская улица", "building": "industrial", "height": "2", "name": "ВЗУ №4", "is_living": false}, "geometry": {"type": "Polygon", "coordinates": [[[37.2797908, 55.6543117], [37.2797201, 55.6542753], [37.2798711, 55.6541817], [37.2799418, 55.6542181], [37.2797908, 55.6543117]]]}}, {"type": "Feature", "id": "way/768026114", "properties": {"@id": "way/768026114", "building": "retail", "building:levels": "1", "is_living": false}, "geometry": {"type": "Polygon", "coordinates": [[[36.9912149, 55.6141682], [36.9914158, 55.6140445], [36.9913741, 55.6140229], [36.9914186, 55.6139955], [36.991485, 55.6140299], [36.991434, 55.6140613], [36.9914681, 55.6140789], [36.9914055, 55.6141175], [36.9914698, 55.6141508], [36.9914029, 55.6141919], [36.9914653, 55.6142242], [36.9914003, 55.6142642], [36.9912149, 55.6141682]]]}}, {"type": "Feature", "id": "way/768026115", "properties": {"@id": "way/768026115", "building": "retail", "building:levels": "1", "is_living": false}, "geometry": {"type": "Polygon", "coordinates": [[[36.9914429, 55.6144242], [36.9911103, 55.6143249], [36.9911501, 55.6142823], [36.9914827, 55.6143815], [36.9914429, 55.6144242]]]}}, {"type": "Feature", "id": "way/768026116", "properties": {"@id": "way/768026116", "building": "retail", "building:levels": "1", "is_living": false}, "geometry": {"type": "Polygon", "coordinates": [[[36.9910151, 55.6142787], [36.9911425, 55.614206], [36.9912031, 55.6142399], [36.9910757, 55.6143126], [36.9910151, 55.6142787]]]}}, {"type": "Feature", "id": "way/768044711", "properties": {"@id": "way/768044711", "building": "service", "power": "substation", "substation": "minor_distribution", "is_living": false}, "geometry": {"type": "Polygon", "coordinates": [[[37.1829757, 55.6627945], [37.1829012, 55.6627684], [37.1829531, 55.6627214], [37.1830275, 55.6627476], [37.1829757, 55.6627945]]]}}, {"type": "Feature", "id": "way/768058920", "properties": {"@id": "way/768058920", "addr:housenumber": "1Б", "addr:street": "Луговая улица", "building": "retail", "name": "Минимаркет", "shop": "convenience", "is_living": false}, "geometry": {"type": "Polygon", "coordinates": [[[37.2084691, 55.6474315], [37.2084052, 55.6473357], [37.2086926, 55.6472746], [37.2087566, 55.6473705], [37.2084691, 55.6474315]]]}}, {"type": "Feature", "id": "way/768062629", "properties": {"@id": "way/768062629", "building": "roof", "is_living": false}, "geometry": {"type": "Polygon", "coordinates": [[[37.380479, 55.7076271], [37.3804465, 55.7076454], [37.3804051, 55.7076567], [37.3803594, 55.7076596], [37.3803146, 55.7076539], [37.3802756, 55.7076402], [37.3802476, 55.7076209], [37.380232, 55.7075975], [37.3802304, 55.7075726], [37.3802429, 55.7075487], [37.3802683, 55.7075282], [37.3803038, 55.7075134], [37.380346, 55.7075057], [37.3803902, 55.7075059], [37.3804336, 55.7075145], [37.3804695, 55.7075307], [37.3804939, 55.7075527], [37.3805041, 55.707578], [37.380499, 55.7076037], [37.380479, 55.7076271]]]}}, {"type": "Feature", "id": "way/769213822", "properties": {"@id": "way/769213822", "building": "service", "power": "substation", "ref": "410443", "substation": "minor_distribution", "is_living": false}, "geometry": {"type": "Polygon", "coordinates": [[[37.2068462, 55.6465605], [37.2068696, 55.646545], [37.2069025, 55.6465607], [37.2068791, 55.6465763], [37.2068462, 55.6465605]]]}}, {"type": "Feature", "id": "way/770245194", "properties": {"@id": "way/770245194", "building": "garages", "is_living": false}, "geometry": {"type": "Polygon", "coordinates": [[[37.0059747, 55.6319015], [37.005972, 55.6318012], [37.007086, 55.6317917], [37.0070887, 55.631892], [37.0059747, 55.6319015]]]}}, {"type": "Feature", "id": "way/771231733", "properties": {"@id": "way/771231733", "building": "service", "power": "substation", "ref": "410452", "substation": "minor_distribution", "is_living": false}, "geometry": {"type": "Polygon", "coordinates": [[[37.1980355, 55.6414122], [37.1980601, 55.6413925], [37.1981309, 55.6414207], [37.1981064, 55.6414404], [37.1980355, 55.6414122]]]}}, {"type": "Feature", "id": "way/771231737", "properties": {"@id": "way/771231737", "building": "service", "building:levels": "1", "is_living": false}, "geometry": {"type": "Polygon", "coordinates": [[[37.20281, 55.6420993], [37.2028658, 55.64206], [37.2029558, 55.6421006], [37.2029, 55.64214], [37.20281, 55.6420993]]]}}, {"type": "Feature", "id": "way/772988571", "properties": {"@id": "way/772988571", "building": "retail", "is_living": false}, "geometry": {"type": "Polygon", "coordinates": [[[37.1051015, 55.733492], [37.1053262, 55.7335445], [37.1053037, 55.7335751], [37.1052695, 55.7336215], [37.1050477, 55.7335696], [37.1049359, 55.733589], [37.1048956, 55.7335155], [37.1050097, 55.7334957], [37.1050159, 55.7335068], [37.1051015, 55.733492]]]}}, {"type": "Feature", "id": "way/772988572", "properties": {"@id": "way/772988572", "building": "retail", "is_living": false}, "geometry": {"type": "Polygon", "coordinates": [[[37.105253, 55.7336437], [37.1052695, 55.7336215], [37.1053037, 55.7335751], [37.1058267, 55.7336974], [37.1057761, 55.7337661], [37.105253, 55.7336437]]]}}, {"type": "Feature", "id": "way/773555390", "properties": {"@id": "way/773555390", "building": "industrial", "height": "3", "is_living": false}, "geometry": {"type": "Polygon", "coordinates": [[[36.6381619, 55.5785754], [36.6381471, 55.5785409], [36.6382769, 55.5785231], [36.6382917, 55.5785576], [36.6381619, 55.5785754]]]}}, {"type": "Feature", "id": "way/773555391", "properties": {"@id": "way/773555391", "building": "service", "description": "Пост дежурного по переезду", "height": "3", "is_living": false}, "geometry": {"type": "Polygon", "coordinates": [[[36.6378068, 55.578794], [36.6377849, 55.5787523], [36.6378941, 55.5787339], [36.637916, 55.5787757], [36.6378068, 55.578794]]]}}, {"type": "Feature", "id": "way/774546840", "properties": {"@id": "way/774546840", "building": "garages", "is_living": false}, "geometry": {"type": "Polygon", "coordinates": [[[37.0057466, 55.6425256], [37.0057387, 55.6424501], [37.0075779, 55.6423891], [37.0075858, 55.6424648], [37.0057466, 55.6425256]]]}}, {"type": "Feature", "id": "way/774546842", "properties": {"@id": "way/774546842", "building": "garages", "is_living": false}, "geometry": {"type": "Polygon", "coordinates": [[[37.0076681, 55.6424024], [37.0074571, 55.641231], [37.0075867, 55.6412236], [37.0077972, 55.642395], [37.0076681, 55.6424024]]]}}, {"type": "Feature", "id": "way/774546843", "properties": {"@id": "way/774546843", "building": "garages", "is_living": false}, "geometry": {"type": "Polygon", "coordinates": [[[37.0057482, 55.6423669], [37.0055316, 55.641479], [37.0057722, 55.6414603], [37.0059885, 55.6423482], [37.0057482, 55.6423669]]]}}, {"type": "Feature", "id": "way/774546844", "properties": {"@id": "way/774546844", "building": "garages", "is_living": false}, "geometry": {"type": "Polygon", "coordinates": [[[37.0061357, 55.642361], [37.0059067, 55.6414135], [37.0061345, 55.6413959], [37.0063631, 55.6423435], [37.0061357, 55.642361]]]}}, {"type": "Feature", "id": "way/774546845", "properties": {"@id": "way/774546845", "building": "garages", "is_living": false}, "geometry": {"type": "Polygon", "coordinates": [[[37.0064996, 55.6423301], [37.0062872, 55.6413718], [37.0065243, 55.6413551], [37.0067364, 55.6423134], [37.0064996, 55.6423301]]]}}, {"type": "Feature", "id": "way/774546846", "properties": {"@id": "way/774546846", "building": "garages", "is_living": false}, "geometry": {"type": "Polygon", "coordinates": [[[37.0068826, 55.6423227], [37.0066938, 55.6413282], [37.0069259, 55.6413142], [37.0071145, 55.6423087], [37.0068826, 55.6423227]]]}}, {"type": "Feature", "id": "way/774546847", "properties": {"@id": "way/774546847", "building": "garages", "is_living": false}, "geometry": {"type": "Polygon", "coordinates": [[[37.0072698, 55.6423131], [37.0070825, 55.6412726], [37.0073125, 55.6412594], [37.0075002, 55.6422999], [37.0072698, 55.6423131]]]}}, {"type": "Feature", "id": "way/774546848", "properties": {"@id": "way/774546848", "building": "garages", "is_living": false}, "geometry": {"type": "Polygon", "coordinates": [[[37.0054981, 55.6425611], [37.0052099, 55.6413413], [37.0078806, 55.6410538], [37.0079012, 55.6411264], [37.0053643, 55.6413907], [37.005637, 55.6425582], [37.0054981, 55.6425611]]]}}, {"type": "Feature", "id": "way/774640463", "properties": {"@id": "way/774640463", "building": "yes", "is_living": false}, "geometry": {"type": "Polygon", "coordinates": [[[37.3009649, 55.6764724], [37.3010697, 55.6762924], [37.3018762, 55.6764419], [37.3017714, 55.6766217], [37.3009649, 55.6764724]]]}}, {"type": "Feature", "id": "way/774640464", "properties": {"@id": "way/774640464", "addr:housenumber": "9", "addr:street": "Баковская улица", "building": "yes", "is_living": false}, "geometry": {"type": "Polygon", "coordinates": [[[37.3036433, 55.67607], [37.3034466, 55.6760233], [37.3034604, 55.675998], [37.3031083, 55.675924], [37.3031221, 55.6758987], [37.3027665, 55.6758209], [37.3027838, 55.6757975], [37.3024282, 55.6757255], [37.302442, 55.6757021], [37.3020796, 55.675634], [37.3021176, 55.6755717], [37.3027631, 55.675272], [37.3029046, 55.6752992], [37.3028873, 55.675344], [37.303236, 55.6754121], [37.3032187, 55.6754393], [37.3034845, 55.6754939], [37.3034776, 55.6755192], [37.30374, 55.6755717], [37.3037262, 55.675599], [37.304023, 55.6756554], [37.3039436, 55.6757819], [37.3039126, 55.6757761], [37.303847, 55.6758773], [37.3038159, 55.6758754], [37.3037503, 55.6759766], [37.3037089, 55.6759707], [37.3036433, 55.67607]]]}}, {"type": "Feature", "id": "way/774640465", "properties": {"@id": "way/774640465", "addr:city": "Одинцово", "addr:housenumber": "25", "addr:street": "Восточная улица", "building": "yes", "is_living": false}, "geometry": {"type": "Polygon", "coordinates": [[[37.3052841, 55.6734391], [37.3056154, 55.6736312], [37.3055833, 55.6743542], [37.3037164, 55.6753555], [37.3032135, 55.675059], [37.3030862, 55.6751287], [37.3026502, 55.67487], [37.3052841, 55.6734391]]]}}, {"type": "Feature", "id": "way/775912858", "properties": {"@id": "way/775912858", "building": "roof", "height": "4", "is_living": false}, "geometry": {"type": "Polygon", "coordinates": [[[36.6684974, 55.7080536], [36.6685352, 55.7080068], [36.6686817, 55.7080444], [36.6687178, 55.7079997], [36.6688359, 55.70803], [36.6687981, 55.7080768], [36.6687277, 55.7081639], [36.6686099, 55.7081337], [36.6686442, 55.7080913], [36.6684974, 55.7080536]]]}}, {"type": "Feature", "id": "way/776149993", "properties": {"@id": "way/776149993", "building": "service", "power": "substation", "ref": "414160", "substation": "minor_distribution", "is_living": false}, "geometry": {"type": "Polygon", "coordinates": [[[37.1995213, 55.6296724], [37.1995176, 55.6296446], [37.1995646, 55.6296426], [37.1995683, 55.6296704], [37.1995213, 55.6296724]]]}}, {"type": "Feature", "id": "way/776243848", "properties": {"@id": "way/776243848", "addr:housenumber": "1В", "addr:street": "Железнодорожная улица", "building": "industrial", "is_living": false}, "geometry": {"type": "Polygon", "coordinates": [[[37.2584808, 55.6677656], [37.2584894, 55.667555], [37.2586704, 55.6675574], [37.2586746, 55.6674551], [37.2595334, 55.6674586], [37.2595221, 55.6677344], [37.2586675, 55.6677233], [37.2586657, 55.667768], [37.2584808, 55.6677656]]]}}, {"type": "Feature", "id": "way/776243849", "properties": {"@id": "way/776243849", "addr:housenumber": "1Г", "addr:street": "Железнодорожная улица", "building": "industrial", "source:addr": "ЕГРН", "is_living": false}, "geometry": {"type": "Polygon", "coordinates": [[[37.2599361, 55.6677828], [37.2599423, 55.6674918], [37.2600165, 55.6674923], [37.2600172, 55.6674559], [37.2601018, 55.6674565], [37.260101, 55.6674929], [37.2602691, 55.667494], [37.2602673, 55.6675786], [37.2610425, 55.6675839], [37.2610386, 55.6677656], [37.2602491, 55.6677602], [37.2602486, 55.667785], [37.2599361, 55.6677828]]]}}, {"type": "Feature", "id": "way/778496325", "properties": {"@id": "way/778496325", "building": "retail", "is_living": false}, "geometry": {"type": "Polygon", "coordinates": [[[37.1519913, 55.6801207], [37.1519619, 55.680071], [37.1524564, 55.6799781], [37.1524857, 55.6800277], [37.1519913, 55.6801207]]]}}, {"type": "Feature", "id": "way/779875727", "properties": {"@id": "way/779875727", "building": "service", "power": "substation", "ref": "410417", "substation": "minor_distribution", "is_living": false}, "geometry": {"type": "Polygon", "coordinates": [[[37.1808944, 55.6609411], [37.1810214, 55.6608375], [37.1812014, 55.6609062], [37.1810656, 55.6610038], [37.1808944, 55.6609411]]]}}, {"type": "Feature", "id": "way/779899515", "properties": {"@id": "way/779899515", "building": "train_station", "name": "Усово", "is_living": false}, "geometry": {"type": "Polygon", "coordinates": [[[37.2118257, 55.7295004], [37.2118597, 55.7294085], [37.2121779, 55.7294457], [37.212144, 55.7295377], [37.2118257, 55.7295004]]]}}, {"type": "Feature", "id": "way/780334756", "properties": {"@id": "way/780334756", "amenity": "place_of_worship", "building": "church", "denomination": "russian_orthodox", "name": "Церковь Царственных Страстотерпцев", "ref:temples.ru": "19931", "religion": "christian", "is_living": false}, "geometry": {"type": "Polygon", "coordinates": [[[36.8628564, 55.6680523], [36.8630952, 55.6681461], [36.8629924, 55.6682293], [36.8627537, 55.6681355], [36.8628564, 55.6680523]]]}}, {"type": "Feature", "id": "way/780454509", "properties": {"@id": "way/780454509", "building": "hotel", "building:levels": "1", "roof:levels": "1", "roof:shape": "gabled", "is_living": false}, "geometry": {"type": "Polygon", "coordinates": [[[36.8193027, 55.6571645], [36.8192041, 55.6570952], [36.8193475, 55.6570302], [36.8194461, 55.6570996], [36.8193027, 55.6571645]]]}}, {"type": "Feature", "id": "way/780454521", "properties": {"@id": "way/780454521", "building": "retail", "building:levels": "1", "roof:levels": "1", "roof:shape": "many", "is_living": false}, "geometry": {"type": "Polygon", "coordinates": [[[36.8210261, 55.6586852], [36.8208419, 55.6586176], [36.821039, 55.6584466], [36.8212232, 55.6585142], [36.8210261, 55.6586852]]]}}, {"type": "Feature", "id": "way/780454527", "properties": {"@id": "way/780454527", "building": "hotel", "is_living": false}, "geometry": {"type": "Polygon", "coordinates": [[[36.8130907, 55.6583334], [36.8132973, 55.658232], [36.8134743, 55.6583468], [36.8132678, 55.6584481], [36.8130907, 55.6583334]]]}}, {"type": "Feature", "id": "way/780454529", "properties": {"@id": "way/780454529", "building": "hotel", "building:levels": "1", "roof:levels": "1", "roof:shape": "gabled", "is_living": false}, "geometry": {"type": "Polygon", "coordinates": [[[36.815777, 55.6600757], [36.8158684, 55.6600057], [36.8159703, 55.660048], [36.8158789, 55.660118], [36.815777, 55.6600757]]]}}, {"type": "Feature", "id": "way/780454530", "properties": {"@id": "way/780454530", "building": "hotel", "building:levels": "1", "roof:levels": "1", "roof:shape": "gabled", "is_living": false}, "geometry": {"type": "Polygon", "coordinates": [[[36.8160881, 55.6599493], [36.8159956, 55.659879], [36.8161086, 55.6598317], [36.8162012, 55.659902], [36.8160881, 55.6599493]]]}}, {"type": "Feature", "id": "way/780454534", "properties": {"@id": "way/780454534", "building": "construction", "is_living": false}, "geometry": {"type": "Polygon", "coordinates": [[[36.8116853, 55.6598313], [36.8121573, 55.6599569], [36.8119906, 55.6601563], [36.8115186, 55.6600307], [36.8116853, 55.6598313]]]}}, {"type": "Feature", "id": "way/780454535", "properties": {"@id": "way/780454535", "building": "construction", "is_living": false}, "geometry": {"type": "Polygon", "coordinates": [[[36.8131605, 55.6596044], [36.8127099, 55.6592987], [36.8128364, 55.6592394], [36.813287, 55.659545], [36.8131605, 55.6596044]]]}}, {"type": "Feature", "id": "way/780454536", "properties": {"@id": "way/780454536", "building": "hotel", "building:levels": "2", "roof:levels": "0", "is_living": false}, "geometry": {"type": "Polygon", "coordinates": [[[36.8123075, 55.6589386], [36.812101, 55.6587616], [36.8123193, 55.6586805], [36.8125258, 55.6588576], [36.8123075, 55.6589386]]]}}, {"type": "Feature", "id": "way/781608013", "properties": {"@id": "way/781608013", "building": "retail", "is_living": false}, "geometry": {"type": "Polygon", "coordinates": [[[37.1381939, 55.6839145], [37.1381284, 55.6838237], [37.1385252, 55.6837326], [37.1385907, 55.6838234], [37.1381939, 55.6839145]]]}}, {"type": "Feature", "id": "way/782034895", "properties": {"@id": "way/782034895", "building": "service", "power": "substation", "ref": "414143", "substation": "minor_distribution", "is_living": false}, "geometry": {"type": "Polygon", "coordinates": [[[37.1524832, 55.6499876], [37.1525159, 55.6499614], [37.1525661, 55.6499813], [37.1525334, 55.6500075], [37.1524832, 55.6499876]]]}}, {"type": "Feature", "id": "way/782640625", "properties": {"@id": "way/782640625", "building": "yes", "is_living": false}, "geometry": {"type": "Polygon", "coordinates": [[[37.020017, 55.6267631], [37.0200122, 55.6266451], [37.0202643, 55.6266418], [37.0202692, 55.6267598], [37.020017, 55.6267631]]]}}, {"type": "Feature", "id": "way/782640931", "properties": {"@id": "way/782640931", "building": "yes", "is_living": false}, "geometry": {"type": "Polygon", "coordinates": [[[37.0188725, 55.6258921], [37.0188574, 55.6257814], [37.0192888, 55.6257627], [37.0193038, 55.6258734], [37.0188725, 55.6258921]]]}}, {"type": "Feature", "id": "way/782640945", "properties": {"@id": "way/782640945", "building": "service", "description": "Пост дежурного по переезду", "is_living": false}, "geometry": {"type": "Polygon", "coordinates": [[[37.019896, 55.6238972], [37.0199262, 55.623855], [37.0200187, 55.6238761], [37.0199884, 55.6239183], [37.019896, 55.6238972]]]}}, {"type": "Feature", "id": "way/783836607", "properties": {"@id": "way/783836607", "addr:housenumber": "14А", "addr:street": "Советская улица", "brand": "Магнит", "brand:en": "Magnit", "brand:wikidata": "Q940518", "brand:wikipedia": "ru:Магнит (сеть магазинов)", "building": "retail", "contact:email": "info@magnit.ru", "contact:phone": "+7 800 2009002", "contact:twitter": "https://twitter.com/magnit_info", "contact:website": "https://magnit-info.ru", "fixme": "geometry", "name": "Магнит", "name:en": "Magnit", "opening_hours": "09:00-22:00", "operator": "АО \"Тандер\"", "shop": "supermarket", "is_living": false}, "geometry": {"type": "Polygon", "coordinates": [[[36.9837997, 55.6271326], [36.9838278, 55.6271733], [36.9839144, 55.6272987], [36.9833336, 55.6273032], [36.9833262, 55.6271333], [36.9837997, 55.6271326]]]}}, {"type": "Feature", "id": "way/784321867", "properties": {"@id": "way/784321867", "addr:housenumber": "6", "addr:street": "Советская улица", "building": "retail", "building:levels": "1", "name": "Хатни", "name:en": "Hatni", "shop": "supermarket", "is_living": false}, "geometry": {"type": "Polygon", "coordinates": [[[36.9844581, 55.6284923], [36.9844122, 55.62842], [36.9844334, 55.6284158], [36.9843961, 55.628357], [36.9844142, 55.6283533], [36.9843902, 55.6283154], [36.9844274, 55.6283079], [36.9843952, 55.6282571], [36.9845711, 55.6282216], [36.9847314, 55.6284746], [36.9845626, 55.6285087], [36.9844581, 55.6284923]]]}}, {"type": "Feature", "id": "way/784631663", "properties": {"@id": "way/784631663", "addr:housenumber": "51", "addr:street": "Амбулаторная улица", "building": "office", "building:levels": "4", "source:addr": "ЕГРН", "is_living": false}, "geometry": {"type": "Polygon", "coordinates": [[[37.3756623, 55.712957], [37.3757268, 55.712908], [37.3757489, 55.7129172], [37.375856, 55.7128358], [37.3758339, 55.7128266], [37.375904, 55.7127733], [37.3759532, 55.7127939], [37.3762343, 55.7128717], [37.3761718, 55.7129642], [37.3759747, 55.7129082], [37.3758224, 55.7130239], [37.3756623, 55.712957]]]}}, {"type": "Feature", "id": "way/788101626", "properties": {"@id": "way/788101626", "building": "service", "is_living": false}, "geometry": {"type": "Polygon", "coordinates": [[[37.3561435, 55.7251375], [37.3562467, 55.7251427], [37.3562353, 55.7252149], [37.3561321, 55.7252097], [37.356134, 55.7251974], [37.3561435, 55.7251375]]]}}, {"type": "Feature", "id": "way/788164440", "properties": {"@id": "way/788164440", "building": "service", "is_living": false}, "geometry": {"type": "Polygon", "coordinates": [[[37.3542498, 55.7243664], [37.3542577, 55.7242771], [37.3544614, 55.7242828], [37.3544535, 55.7243721], [37.3542498, 55.7243664]]]}}, {"type": "Feature", "id": "way/794342934", "properties": {"@id": "way/794342934", "building": "retail", "height": "8", "is_living": false}, "geometry": {"type": "Polygon", "coordinates": [[[36.7023262, 55.5838768], [36.7023518, 55.5837626], [36.7024587, 55.5837703], [36.7025081, 55.5835505], [36.7028929, 55.5835782], [36.7028178, 55.5839121], [36.7023805, 55.5838807], [36.7023262, 55.5838768]]]}}, {"type": "Feature", "id": "way/794342935", "properties": {"@id": "way/794342935", "building": "industrial", "height": "7", "is_living": false}, "geometry": {"type": "Polygon", "coordinates": [[[36.7018393, 55.5838447], [36.7019081, 55.5835565], [36.702266, 55.5835839], [36.7021973, 55.5838721], [36.7018393, 55.5838447]]]}}, {"type": "Feature", "id": "way/794342936", "properties": {"@id": "way/794342936", "building": "industrial", "height": "12", "is_living": false}, "geometry": {"type": "Polygon", "coordinates": [[[36.6983438, 55.5836724], [36.6983769, 55.5835225], [36.6985783, 55.5835368], [36.6986171, 55.5833617], [36.6995067, 55.5834247], [36.6996475, 55.5827897], [36.7012647, 55.5829043], [36.701052, 55.5838641], [36.6983438, 55.5836724]]]}}, {"type": "Feature", "id": "way/794342937", "properties": {"@id": "way/794342937", "addr:city": "Кубинка", "addr:housenumber": "1А с6", "addr:street": "Железнодорожная улица", "building": "retail", "height": "8", "is_living": false}, "geometry": {"type": "Polygon", "coordinates": [[[36.7016184, 55.5833429], [36.7016317, 55.5832788], [36.7014583, 55.5832673], [36.7014723, 55.5831996], [36.7016333, 55.5832103], [36.7016554, 55.5831036], [36.7014987, 55.5830932], [36.7015096, 55.5830406], [36.7016758, 55.5830516], [36.7016886, 55.5829896], [36.7030492, 55.5830797], [36.7030266, 55.5831887], [36.7030203, 55.5832192], [36.702976, 55.5834328], [36.7025362, 55.5834037], [36.7016184, 55.5833429]]]}}, {"type": "Feature", "id": "way/794342938", "properties": {"@id": "way/794342938", "building": "retail", "height": "8", "is_living": false}, "geometry": {"type": "Polygon", "coordinates": [[[36.7032342, 55.5834358], [36.703327, 55.5830402], [36.7047973, 55.5831502], [36.70477, 55.5832666], [36.7045944, 55.5832534], [36.7045288, 55.5835329], [36.7032342, 55.5834358]]]}}, {"type": "Feature", "id": "way/794342939", "properties": {"@id": "way/794342939", "building": "retail", "height": "8", "is_living": false}, "geometry": {"type": "Polygon", "coordinates": [[[36.7045364, 55.5835955], [36.7045766, 55.5834083], [36.7048567, 55.5834276], [36.7048276, 55.5835626], [36.7047203, 55.5836081], [36.7045364, 55.5835955]]]}}, {"type": "Feature", "id": "way/794342940", "properties": {"@id": "way/794342940", "building": "retail", "height": "4", "is_living": false}, "geometry": {"type": "Polygon", "coordinates": [[[36.7038959, 55.5830101], [36.7039761, 55.5826356], [36.7041984, 55.5826508], [36.7041182, 55.5830253], [36.7038959, 55.5830101]]]}}, {"type": "Feature", "id": "way/794342941", "properties": {"@id": "way/794342941", "building": "retail", "height": "6", "is_living": false}, "geometry": {"type": "Polygon", "coordinates": [[[36.7035632, 55.5829883], [36.7035943, 55.5828262], [36.703801, 55.5828389], [36.7037698, 55.583001], [36.7035632, 55.5829883]]]}}, {"type": "Feature", "id": "way/794342942", "properties": {"@id": "way/794342942", "building": "retail", "height": "5", "is_living": false}, "geometry": {"type": "Polygon", "coordinates": [[[36.7030846, 55.5829003], [36.7031131, 55.582783], [36.703344, 55.5828009], [36.7033154, 55.5829183], [36.7030846, 55.5829003]]]}}, {"type": "Feature", "id": "way/794342943", "properties": {"@id": "way/794342943", "building": "retail", "height": "5", "is_living": false}, "geometry": {"type": "Polygon", "coordinates": [[[36.7035021, 55.5825978], [36.703509, 55.5825629], [36.7038624, 55.5825852], [36.7038555, 55.58262], [36.7035021, 55.5825978]]]}}, {"type": "Feature", "id": "way/794342944", "properties": {"@id": "way/794342944", "building": "retail", "height": "6", "is_living": false}, "geometry": {"type": "Polygon", "coordinates": [[[36.7035085, 55.5829551], [36.7034146, 55.5829481], [36.7034558, 55.5827711], [36.7034178, 55.5827683], [36.7034415, 55.582667], [36.7037087, 55.5826869], [36.7036851, 55.582788], [36.7035497, 55.582778], [36.7035085, 55.5829551]]]}}, {"type": "Feature", "id": "way/794342948", "properties": {"@id": "way/794342948", "addr:housenumber": "1А с3", "building": "industrial", "height": "8", "is_living": false}, "geometry": {"type": "Polygon", "coordinates": [[[36.7031687, 55.5839377], [36.7032442, 55.5836013], [36.7047317, 55.5837079], [36.7046561, 55.5840444], [36.7031687, 55.5839377]]]}}, {"type": "Feature", "id": "way/794342951", "properties": {"@id": "way/794342951", "building": "retail", "height": "3", "is_living": false}, "geometry": {"type": "Polygon", "coordinates": [[[36.7023557, 55.5840231], [36.7023779, 55.5839195], [36.702593, 55.5839342], [36.7025708, 55.5840378], [36.7023557, 55.5840231]]]}}, {"type": "Feature", "id": "way/794342970", "properties": {"@id": "way/794342970", "building": "retail", "height": "4", "is_living": false}, "geometry": {"type": "Polygon", "coordinates": [[[36.7031281, 55.5840717], [36.7031444, 55.5840036], [36.7046522, 55.5841188], [36.7046359, 55.5841867], [36.7031281, 55.5840717]]]}}, {"type": "Feature", "id": "way/794342972", "properties": {"@id": "way/794342972", "building": "retail", "height": "3", "is_living": false}, "geometry": {"type": "Polygon", "coordinates": [[[36.7050875, 55.5827754], [36.705232, 55.5827838], [36.7051002, 55.5835084], [36.7049555, 55.5835], [36.7050875, 55.5827754]]]}}, {"type": "Feature", "id": "way/794342973", "properties": {"@id": "way/794342973", "building": "retail", "height": "4", "is_living": false}, "geometry": {"type": "Polygon", "coordinates": [[[36.7041706, 55.5830276], [36.7042552, 55.5826718], [36.7044638, 55.5826876], [36.7043793, 55.5830434], [36.7041706, 55.5830276]]]}}, {"type": "Feature", "id": "way/794342974", "properties": {"@id": "way/794342974", "building": "retail", "height": "4", "is_living": false}, "geometry": {"type": "Polygon", "coordinates": [[[36.7044376, 55.5830453], [36.7045151, 55.5827091], [36.704739, 55.5827256], [36.7046615, 55.5830618], [36.7044376, 55.5830453]]]}}, {"type": "Feature", "id": "way/794342975", "properties": {"@id": "way/794342975", "building": "retail", "height": "4", "is_living": false}, "geometry": {"type": "Polygon", "coordinates": [[[36.7047047, 55.5830636], [36.7047823, 55.58274], [36.7049668, 55.5827541], [36.7048892, 55.5830778], [36.7047047, 55.5830636]]]}}, {"type": "Feature", "id": "way/794342984", "properties": {"@id": "way/794342984", "building": "industrial", "height": "5", "is_living": false}, "geometry": {"type": "Polygon", "coordinates": [[[36.7080978, 55.5824685], [36.7081366, 55.582373], [36.7083527, 55.582401], [36.7083139, 55.5824966], [36.7080978, 55.5824685]]]}}, {"type": "Feature", "id": "way/794342985", "properties": {"@id": "way/794342985", "building": "industrial", "height": "3", "is_living": false}, "geometry": {"type": "Polygon", "coordinates": [[[36.7083639, 55.5824997], [36.7083893, 55.5824401], [36.7084885, 55.5824535], [36.7084631, 55.5825132], [36.7083639, 55.5824997]]]}}, {"type": "Feature", "id": "way/794342987", "properties": {"@id": "way/794342987", "building": "industrial", "height": "3", "is_living": false}, "geometry": {"type": "Polygon", "coordinates": [[[36.7082048, 55.5821382], [36.7082314, 55.5820925], [36.7083298, 55.5821109], [36.7083032, 55.5821565], [36.7082048, 55.5821382]]]}}, {"type": "Feature", "id": "way/794342997", "properties": {"@id": "way/794342997", "addr:housenumber": "с1А", "addr:postcode": "143070", "addr:street": "Никольский проезд", "building": "retail", "building:levels": "2", "height": "7", "smoking": "no", "is_living": false}, "geometry": {"type": "Polygon", "coordinates": [[[36.7041017, 55.5821418], [36.7041331, 55.5820811], [36.7045896, 55.5821566], [36.7045492, 55.5822347], [36.7043157, 55.5821961], [36.7043247, 55.5821787], [36.7041017, 55.5821418]]]}}, {"type": "Feature", "id": "way/796589614", "properties": {"@id": "way/796589614", "building": "service", "name": "Гидропост", "is_living": false}, "geometry": {"type": "Polygon", "coordinates": [[[37.1893611, 55.7116971], [37.1893564, 55.7116754], [37.1893926, 55.7116721], [37.1893984, 55.7116931], [37.1893611, 55.7116971]]]}}, {"type": "Feature", "id": "way/796849220", "properties": {"@id": "way/796849220", "building": "garage", "height": "2", "is_living": false}, "geometry": {"type": "Polygon", "coordinates": [[[37.1501321, 55.6273067], [37.1501542, 55.6272449], [37.1503419, 55.6272663], [37.1503198, 55.6273281], [37.1501321, 55.6273067]]]}}, {"type": "Feature", "id": "way/798746169", "properties": {"@id": "way/798746169", "building": "service", "building:levels": "1", "comment": "разрушенная водобалансная точка", "height": "3", "is_living": false}, "geometry": {"type": "Polygon", "coordinates": [[[37.1829371, 55.7011467], [37.1828884, 55.7011284], [37.1829425, 55.7010674], [37.1830074, 55.7010826], [37.1829371, 55.7011467]]]}}, {"type": "Feature", "id": "way/798746171", "properties": {"@id": "way/798746171", "building": "service", "building:levels": "1", "height": "3", "is_living": false}, "geometry": {"type": "Polygon", "coordinates": [[[37.1833268, 55.7038793], [37.1832618, 55.7038184], [37.1833538, 55.7037848], [37.1834188, 55.7038458], [37.1833268, 55.7038793]]]}}, {"type": "Feature", "id": "way/798746183", "properties": {"@id": "way/798746183", "building": "ruins", "is_living": false}, "geometry": {"type": "Polygon", "coordinates": [[[37.1878385, 55.7058948], [37.1877878, 55.705865], [37.1878279, 55.7058398], [37.1878856, 55.705869], [37.1878385, 55.7058948]]]}}, {"type": "Feature", "id": "way/800036477", "properties": {"@id": "way/800036477", "building": "retail", "building:levels": "1", "is_living": false}, "geometry": {"type": "Polygon", "coordinates": [[[36.8202509, 55.727715], [36.8201851, 55.7276883], [36.8202254, 55.7276569], [36.8202912, 55.7276835], [36.8202509, 55.727715]]]}}, {"type": "Feature", "id": "way/800036478", "properties": {"@id": "way/800036478", "building": "retail", "building:levels": "1", "is_living": false}, "geometry": {"type": "Polygon", "coordinates": [[[36.8205366, 55.7278298], [36.8205818, 55.7277945], [36.8210354, 55.7279786], [36.8209902, 55.7280139], [36.8205366, 55.7278298]]]}}, {"type": "Feature", "id": "way/800540208", "properties": {"@id": "way/800540208", "building": "yes", "is_living": false}, "geometry": {"type": "Polygon", "coordinates": [[[36.5808453, 55.6026358], [36.5811322, 55.6026476], [36.5810833, 55.6030265], [36.5807965, 55.6030147], [36.5808453, 55.6026358]]]}}, {"type": "Feature", "id": "way/800540209", "properties": {"@id": "way/800540209", "building": "yes", "is_living": false}, "geometry": {"type": "Polygon", "coordinates": [[[36.5803826, 55.6026055], [36.5806695, 55.6026173], [36.5806206, 55.6029962], [36.5803338, 55.6029844], [36.5803826, 55.6026055]]]}}, {"type": "Feature", "id": "way/800540210", "properties": {"@id": "way/800540210", "building": "yes", "is_living": false}, "geometry": {"type": "Polygon", "coordinates": [[[36.5668045, 55.6014883], [36.5667972, 55.6015466], [36.5669074, 55.6015511], [36.5668802, 55.6017673], [36.5665362, 55.6017535], [36.5665634, 55.6015373], [36.5665936, 55.6015385], [36.5666009, 55.6014801], [36.5664953, 55.6014759], [36.5665225, 55.6012596], [36.5668665, 55.6012734], [36.5668393, 55.6014896], [36.5668045, 55.6014883]]]}}, {"type": "Feature", "id": "way/802029527", "properties": {"@id": "way/802029527", "building": "industrial", "height": "7", "is_living": false}, "geometry": {"type": "Polygon", "coordinates": [[[36.9657603, 55.6662249], [36.9658627, 55.6658151], [36.9660787, 55.6658323], [36.9659764, 55.6662421], [36.9657603, 55.6662249]]]}}, {"type": "Feature", "id": "way/802029530", "properties": {"@id": "way/802029530", "building": "industrial", "height": "7", "is_living": false}, "geometry": {"type": "Polygon", "coordinates": [[[36.9663353, 55.6663386], [36.9664666, 55.6658906], [36.9666994, 55.6659123], [36.9666852, 55.6659608], [36.9668428, 55.6659755], [36.9667109, 55.6664264], [36.9665564, 55.666412], [36.9665924, 55.6662891], [36.9665247, 55.6662828], [36.9665038, 55.6663543], [36.9663353, 55.6663386]]]}}, {"type": "Feature", "id": "way/802029531", "properties": {"@id": "way/802029531", "building": "industrial", "height": "3", "is_living": false}, "geometry": {"type": "Polygon", "coordinates": [[[36.966787, 55.6664459], [36.9669278, 55.665996], [36.9670119, 55.6660043], [36.9668714, 55.6664543], [36.966787, 55.6664459]]]}}, {"type": "Feature", "id": "way/802029532", "properties": {"@id": "way/802029532", "building": "industrial", "height": "5", "is_living": false}, "geometry": {"type": "Polygon", "coordinates": [[[36.9657785, 55.6666751], [36.9657082, 55.6664643], [36.9658629, 55.6664479], [36.965933, 55.6666588], [36.9657785, 55.6666751]]]}}, {"type": "Feature", "id": "way/802029533", "properties": {"@id": "way/802029533", "building": "industrial", "height": "6", "is_living": false}, "geometry": {"type": "Polygon", "coordinates": [[[36.9660564, 55.6654273], [36.9660822, 55.6653197], [36.9662425, 55.6653319], [36.9662352, 55.6653622], [36.9663051, 55.6653675], [36.9662939, 55.6654142], [36.9662308, 55.6654094], [36.9662234, 55.66544], [36.9660564, 55.6654273]]]}}, {"type": "Feature", "id": "way/803213855", "properties": {"@id": "way/803213855", "building": "yes", "is_living": false}, "geometry": {"type": "Polygon", "coordinates": [[[36.9742216, 55.5870904], [36.9742643, 55.5869171], [36.9753922, 55.587006], [36.9753495, 55.5871791], [36.9742216, 55.5870904]]]}}, {"type": "Feature", "id": "way/803213856", "properties": {"@id": "way/803213856", "building": "yes", "is_living": false}, "geometry": {"type": "Polygon", "coordinates": [[[36.9761376, 55.5872492], [36.9761803, 55.587076], [36.9773081, 55.5871649], [36.9772654, 55.587338], [36.9761376, 55.5872492]]]}}, {"type": "Feature", "id": "way/803213857", "properties": {"@id": "way/803213857", "building": "yes", "is_living": false}, "geometry": {"type": "Polygon", "coordinates": [[[36.9743758, 55.5864895], [36.9744185, 55.5863162], [36.9755464, 55.5864051], [36.9755037, 55.5865782], [36.9743758, 55.5864895]]]}}, {"type": "Feature", "id": "way/803213858", "properties": {"@id": "way/803213858", "building": "yes", "is_living": false}, "geometry": {"type": "Polygon", "coordinates": [[[36.9763137, 55.5866471], [36.9763565, 55.5864738], [36.9774843, 55.5865627], [36.9774416, 55.5867358], [36.9763137, 55.5866471]]]}}, {"type": "Feature", "id": "way/803213859", "properties": {"@id": "way/803213859", "building": "yes", "is_living": false}, "geometry": {"type": "Polygon", "coordinates": [[[36.9745204, 55.5858859], [36.9745631, 55.5857127], [36.975691, 55.5858016], [36.9756483, 55.5859747], [36.9745204, 55.5858859]]]}}, {"type": "Feature", "id": "way/803213860", "properties": {"@id": "way/803213860", "building": "yes", "is_living": false}, "geometry": {"type": "Polygon", "coordinates": [[[36.9764603, 55.5860466], [36.976503, 55.5858734], [36.9776308, 55.5859623], [36.9775882, 55.5861354], [36.9764603, 55.5860466]]]}}, {"type": "Feature", "id": "way/805065160", "properties": {"@id": "way/805065160", "addr:housenumber": "29", "addr:street": "Лесная улица", "building": "retail", "building:levels": "2", "is_living": false}, "geometry": {"type": "Polygon", "coordinates": [[[37.0527747, 55.6985514], [37.052577, 55.6984674], [37.0526366, 55.6984228], [37.0526624, 55.6984338], [37.0528343, 55.6985068], [37.0527747, 55.6985514]]]}}, {"type": "Feature", "id": "way/805065168", "properties": {"@id": "way/805065168", "building": "ruins", "is_living": false}, "geometry": {"type": "Polygon", "coordinates": [[[37.0717901, 55.7035975], [37.0718145, 55.7034806], [37.0721479, 55.7035242], [37.072091, 55.7036524], [37.0717901, 55.7035975]]]}}, {"type": "Feature", "id": "way/805065169", "properties": {"@id": "way/805065169", "building": "ruins", "is_living": false}, "geometry": {"type": "Polygon", "coordinates": [[[37.0723267, 55.7027796], [37.0722089, 55.702688], [37.0725341, 55.702546], [37.0726601, 55.702633], [37.0723267, 55.7027796]]]}}, {"type": "Feature", "id": "way/805065170", "properties": {"@id": "way/805065170", "building": "ruins", "is_living": false}, "geometry": {"type": "Polygon", "coordinates": [[[37.0727374, 55.7029125], [37.0726113, 55.7028117], [37.0730789, 55.7026468], [37.0732008, 55.702743], [37.0727374, 55.7029125]]]}}, {"type": "Feature", "id": "way/805065171", "properties": {"@id": "way/805065171", "building": "ruins", "is_living": false}, "geometry": {"type": "Polygon", "coordinates": [[[37.0722454, 55.7033249], [37.0721316, 55.7032447], [37.0725016, 55.7031049], [37.0726073, 55.7031759], [37.0722454, 55.7033249]]]}}, {"type": "Feature", "id": "way/805065172", "properties": {"@id": "way/805065172", "building": "ruins", "is_living": false}, "geometry": {"type": "Polygon", "coordinates": [[[37.0731154, 55.7030889], [37.0730179, 55.7030018], [37.0733594, 55.7028713], [37.0734691, 55.7029469], [37.0731154, 55.7030889]]]}}, {"type": "Feature", "id": "way/805065173", "properties": {"@id": "way/805065173", "building": "ruins", "is_living": false}, "geometry": {"type": "Polygon", "coordinates": [[[37.073709, 55.7028507], [37.0735992, 55.7027636], [37.073896, 55.7026445], [37.0739895, 55.7027361], [37.073709, 55.7028507]]]}}, {"type": "Feature", "id": "way/805505889", "properties": {"@id": "way/805505889", "addr:housenumber": "146В", "addr:place": "Европа-3", "addr:postcode": "143030", "building": "semidetached_house", "is_living": false}, "geometry": {"type": "Polygon", "coordinates": [[[37.1053307, 55.7433158], [37.1055106, 55.74327], [37.1055615, 55.7433334], [37.1053817, 55.7433792], [37.1053307, 55.7433158]]]}}, {"type": "Feature", "id": "way/805505890", "properties": {"@id": "way/805505890", "addr:housenumber": "146А", "addr:place": "Европа-3", "addr:postcode": "143030", "building": "semidetached_house", "is_living": false}, "geometry": {"type": "Polygon", "coordinates": [[[37.1054749, 55.7434985], [37.1056527, 55.7434505], [37.1057036, 55.7435101], [37.1055259, 55.7435582], [37.1054749, 55.7434985]]]}}, {"type": "Feature", "id": "way/805505891", "properties": {"@id": "way/805505891", "addr:housenumber": "144А", "addr:place": "Европа-3", "addr:postcode": "143030", "building": "semidetached_house", "is_living": false}, "geometry": {"type": "Polygon", "coordinates": [[[37.1056298, 55.7436712], [37.1057881, 55.7436316], [37.1058351, 55.7436913], [37.1056767, 55.7437308], [37.1056298, 55.7436712]]]}}, {"type": "Feature", "id": "way/805505892", "properties": {"@id": "way/805505892", "addr:housenumber": "142А", "addr:place": "Европа-3", "addr:postcode": "143030", "building": "semidetached_house", "is_living": false}, "geometry": {"type": "Polygon", "coordinates": [[[37.1057768, 55.7438589], [37.1059217, 55.7438061], [37.1059773, 55.7438543], [37.1058324, 55.7439072], [37.1057768, 55.7438589]]]}}, {"type": "Feature", "id": "way/805505898", "properties": {"@id": "way/805505898", "addr:housenumber": "135А", "addr:place": "Европа-3", "addr:postcode": "143030", "building": "semidetached_house", "is_living": false}, "geometry": {"type": "Polygon", "coordinates": [[[37.1068691, 55.7444259], [37.107073, 55.7443715], [37.1071333, 55.7444431], [37.1069294, 55.7444975], [37.1068691, 55.7444259]]]}}, {"type": "Feature", "id": "way/805505899", "properties": {"@id": "way/805505899", "addr:housenumber": "133А", "addr:place": "Европа-3", "addr:postcode": "143030", "building": "semidetached_house", "is_living": false}, "geometry": {"type": "Polygon", "coordinates": [[[37.1070374, 55.7446122], [37.1072331, 55.7445623], [37.1072781, 55.7446183], [37.1070823, 55.7446681], [37.1070374, 55.7446122]]]}}, {"type": "Feature", "id": "way/805505910", "properties": {"@id": "way/805505910", "addr:housenumber": "122А", "addr:place": "Европа-3", "addr:postcode": "143030", "building": "semidetached_house", "is_living": false}, "geometry": {"type": "Polygon", "coordinates": [[[37.1070163, 55.7437197], [37.1072041, 55.7436668], [37.107254, 55.743723], [37.1070662, 55.7437758], [37.1070163, 55.7437197]]]}}, {"type": "Feature", "id": "way/805505913", "properties": {"@id": "way/805505913", "addr:housenumber": "118А", "addr:place": "Европа-3", "addr:postcode": "143030", "building": "semidetached_house", "is_living": false}, "geometry": {"type": "Polygon", "coordinates": [[[37.1074967, 55.7442825], [37.1076952, 55.7442311], [37.1077475, 55.7442952], [37.107549, 55.7443465], [37.1074967, 55.7442825]]]}}, {"type": "Feature", "id": "way/805505915", "properties": {"@id": "way/805505915", "addr:housenumber": "147А", "addr:place": "Европа-3", "addr:postcode": "143030", "building": "semidetached_house", "is_living": false}, "geometry": {"type": "Polygon", "coordinates": [[[37.1056097, 55.7429398], [37.1058001, 55.7428869], [37.1058619, 55.7429575], [37.1056715, 55.7430103], [37.1056097, 55.7429398]]]}}, {"type": "Feature", "id": "way/805505918", "properties": {"@id": "way/805505918", "addr:housenumber": "149А", "addr:place": "Европа-3", "addr:postcode": "143030", "building": "semidetached_house", "is_living": false}, "geometry": {"type": "Polygon", "coordinates": [[[37.1054481, 55.7427669], [37.1056386, 55.7427156], [37.1056902, 55.7427763], [37.1054998, 55.7428276], [37.1054481, 55.7427669]]]}}, {"type": "Feature", "id": "way/805505919", "properties": {"@id": "way/805505919", "addr:housenumber": "115Б", "addr:place": "Европа-3", "addr:postcode": "143030", "building": "semidetached_house", "is_living": false}, "geometry": {"type": "Polygon", "coordinates": [[[37.1055445, 55.7422997], [37.1056473, 55.7424185], [37.1055427, 55.7424472], [37.1054399, 55.7423284], [37.1055445, 55.7422997]]]}}, {"type": "Feature", "id": "way/805505920", "properties": {"@id": "way/805505920", "addr:housenumber": "115Г", "addr:place": "Европа-3", "addr:postcode": "143030", "building": "semidetached_house", "is_living": false}, "geometry": {"type": "Polygon", "coordinates": [[[37.1052237, 55.7423993], [37.1053161, 55.7425045], [37.1052021, 55.7425362], [37.1051097, 55.742431], [37.1052237, 55.7423993]]]}}, {"type": "Feature", "id": "way/805505921", "properties": {"@id": "way/805505921", "addr:housenumber": "114Б", "addr:place": "Европа-3", "addr:postcode": "143030", "building": "semidetached_house", "is_living": false}, "geometry": {"type": "Polygon", "coordinates": [[[37.1058527, 55.7422267], [37.105937, 55.7423407], [37.1058243, 55.7423671], [37.10574, 55.7422532], [37.1058527, 55.7422267]]]}}, {"type": "Feature", "id": "way/805505922", "properties": {"@id": "way/805505922", "addr:housenumber": "113Б", "addr:place": "Европа-3", "addr:postcode": "143030", "building": "semidetached_house", "is_living": false}, "geometry": {"type": "Polygon", "coordinates": [[[37.1062343, 55.7421213], [37.1063273, 55.7422305], [37.1062294, 55.7422569], [37.1061364, 55.7421477], [37.1062343, 55.7421213]]]}}, {"type": "Feature", "id": "way/805505925", "properties": {"@id": "way/805505925", "addr:housenumber": "128А", "addr:place": "Европа-3", "addr:postcode": "143030", "building": "semidetached_house", "is_living": false}, "geometry": {"type": "Polygon", "coordinates": [[[37.1064909, 55.7429628], [37.1066559, 55.7429203], [37.1067055, 55.7429815], [37.1065405, 55.7430239], [37.1064909, 55.7429628]]]}}, {"type": "Feature", "id": "way/805505926", "properties": {"@id": "way/805505926", "addr:housenumber": "130А", "addr:place": "Европа-3", "addr:postcode": "143030", "building": "semidetached_house", "is_living": false}, "geometry": {"type": "Polygon", "coordinates": [[[37.1065111, 55.7427271], [37.1065674, 55.7427973], [37.1063769, 55.7428458], [37.1063205, 55.7427755], [37.1065111, 55.7427271]]]}}, {"type": "Feature", "id": "way/805505927", "properties": {"@id": "way/805505927", "addr:housenumber": "132А", "addr:place": "Европа-3", "addr:postcode": "143030", "building": "semidetached_house", "is_living": false}, "geometry": {"type": "Polygon", "coordinates": [[[37.1061865, 55.7425869], [37.1063583, 55.742539], [37.1064146, 55.7426032], [37.1062428, 55.742651], [37.1061865, 55.7425869]]]}}, {"type": "Feature", "id": "way/805505928", "properties": {"@id": "way/805505928", "addr:housenumber": "131В", "addr:place": "Европа-3", "addr:postcode": "143030", "building": "semidetached_house", "is_living": false}, "geometry": {"type": "Polygon", "coordinates": [[[37.1069306, 55.742379], [37.1069831, 55.7424396], [37.1067792, 55.7424955], [37.1067267, 55.7424348], [37.1069306, 55.742379]]]}}, {"type": "Feature", "id": "way/805505929", "properties": {"@id": "way/805505929", "addr:housenumber": "131А", "addr:place": "Европа-3", "addr:postcode": "143030", "building": "semidetached_house", "is_living": false}, "geometry": {"type": "Polygon", "coordinates": [[[37.1068746, 55.7426047], [37.1070919, 55.7425503], [37.107144, 55.7426163], [37.1069267, 55.7426706], [37.1068746, 55.7426047]]]}}, {"type": "Feature", "id": "way/805505930", "properties": {"@id": "way/805505930", "addr:housenumber": "129А", "addr:place": "Европа-3", "addr:postcode": "143030", "building": "semidetached_house", "is_living": false}, "geometry": {"type": "Polygon", "coordinates": [[[37.1072277, 55.7427588], [37.1072808, 55.7428186], [37.1071038, 55.7428684], [37.1070507, 55.7428086], [37.1072277, 55.7427588]]]}}, {"type": "Feature", "id": "way/805505931", "properties": {"@id": "way/805505931", "addr:housenumber": "127В", "addr:place": "Европа-3", "addr:postcode": "143030", "building": "semidetached_house", "is_living": false}, "geometry": {"type": "Polygon", "coordinates": [[[37.1073781, 55.7429489], [37.107431, 55.7430224], [37.1072325, 55.7430677], [37.1071796, 55.7429942], [37.1073781, 55.7429489]]]}}, {"type": "Feature", "id": "way/805505932", "properties": {"@id": "way/805505932", "addr:housenumber": "127А", "addr:place": "Европа-3", "addr:postcode": "143030", "building": "semidetached_house", "is_living": false}, "geometry": {"type": "Polygon", "coordinates": [[[37.1073378, 55.7431901], [37.1075605, 55.7431268], [37.1076241, 55.7431976], [37.1074015, 55.743261], [37.1073378, 55.7431901]]]}}, {"type": "Feature", "id": "way/805505933", "properties": {"@id": "way/805505933", "addr:housenumber": "125А", "addr:place": "Европа-3", "addr:postcode": "143030", "building": "semidetached_house", "is_living": false}, "geometry": {"type": "Polygon", "coordinates": [[[37.1074887, 55.7433953], [37.107745, 55.7433267], [37.1077973, 55.7433886], [37.107541, 55.7434572], [37.1074887, 55.7433953]]]}}, {"type": "Feature", "id": "way/805505934", "properties": {"@id": "way/805505934", "addr:housenumber": "121А", "addr:place": "Европа-3", "addr:postcode": "143030", "building": "semidetached_house", "is_living": false}, "geometry": {"type": "Polygon", "coordinates": [[[37.1079431, 55.7439726], [37.1081576, 55.7439318], [37.1081981, 55.7439993], [37.1079835, 55.74404], [37.1079431, 55.7439726]]]}}, {"type": "Feature", "id": "way/805505935", "properties": {"@id": "way/805505935", "addr:housenumber": "121В", "addr:place": "Европа-3", "addr:postcode": "143030", "building": "semidetached_house", "is_living": false}, "geometry": {"type": "Polygon", "coordinates": [[[37.1080468, 55.7437152], [37.1081072, 55.7437817], [37.1078548, 55.7438543], [37.1077945, 55.7437879], [37.1080468, 55.7437152]]]}}, {"type": "Feature", "id": "way/805505936", "properties": {"@id": "way/805505936", "addr:housenumber": "123А", "addr:place": "Европа-3", "addr:postcode": "143030", "building": "semidetached_house", "is_living": false}, "geometry": {"type": "Polygon", "coordinates": [[[37.1078806, 55.7435281], [37.1079329, 55.743593], [37.1077314, 55.7436445], [37.1076791, 55.7435795], [37.1078806, 55.7435281]]]}}, {"type": "Feature", "id": "way/805505943", "properties": {"@id": "way/805505943", "addr:housenumber": "110Б", "addr:place": "Европа-3", "addr:postcode": "143030", "building": "semidetached_house", "is_living": false}, "geometry": {"type": "Polygon", "coordinates": [[[37.1072356, 55.7418316], [37.1073297, 55.7419368], [37.1072419, 55.7419617], [37.1071477, 55.7418565], [37.1072356, 55.7418316]]]}}, {"type": "Feature", "id": "way/805505945", "properties": {"@id": "way/805505945", "addr:housenumber": "67Б", "addr:place": "Европа-3", "addr:postcode": "143030", "building": "semidetached_house", "is_living": false}, "geometry": {"type": "Polygon", "coordinates": [[[37.1096837, 55.7405163], [37.1098383, 55.7406081], [37.1097618, 55.7406489], [37.1096073, 55.740557], [37.1096837, 55.7405163]]]}}, {"type": "Feature", "id": "way/805505946", "properties": {"@id": "way/805505946", "addr:housenumber": "67Г", "addr:place": "Европа-3", "addr:postcode": "143030", "building": "semidetached_house", "is_living": false}, "geometry": {"type": "Polygon", "coordinates": [[[37.1094473, 55.7406453], [37.1095969, 55.7407516], [37.1095258, 55.7407833], [37.1093762, 55.740677], [37.1094473, 55.7406453]]]}}, {"type": "Feature", "id": "way/806097813", "properties": {"@id": "way/806097813", "addr:city": "Николина Гора", "addr:housenumber": "33", "addr:postcode": "143003", "addr:street": "Дмитровская улица", "addr:suburb": "ТСЖ «Никологорское»", "building": "commercial", "is_living": false}, "geometry": {"type": "Polygon", "coordinates": [[[37.0580274, 55.742657], [37.0579522, 55.7425895], [37.0585128, 55.7423917], [37.058588, 55.7424592], [37.0580274, 55.742657]]]}}, {"type": "Feature", "id": "way/806125248", "properties": {"@id": "way/806125248", "addr:city": "дома отдыха \"Успенское\"", "addr:housenumber": "с1", "addr:place": "Владение 3", "addr:postcode": "143030", "building": "retail", "building:levels": "2", "is_living": false}, "geometry": {"type": "Polygon", "coordinates": [[[37.1098452, 55.7022463], [37.1097697, 55.7021671], [37.1102862, 55.7020108], [37.1103617, 55.7020901], [37.1098452, 55.7022463]]]}}, {"type": "Feature", "id": "way/806126729", "properties": {"@id": "way/806126729", "addr:housenumber": "16Б", "addr:place": "Таганьково", "addr:postcode": "143030", "building": "retail", "is_living": false}, "geometry": {"type": "Polygon", "coordinates": [[[37.0736718, 55.6866233], [37.0735368, 55.6865853], [37.0736554, 55.686429], [37.0738348, 55.6864833], [37.0737577, 55.6865666], [37.0737291, 55.6865585], [37.0736718, 55.6866233]]]}}, {"type": "Feature", "id": "way/806308958", "properties": {"@id": "way/806308958", "building": "roof", "is_living": false}, "geometry": {"type": "Polygon", "coordinates": [[[37.1832579, 55.655228], [37.1833009, 55.6551467], [37.1833199, 55.6551108], [37.1841505, 55.6552508], [37.184126, 55.6552988], [37.1840884, 55.655368], [37.1832579, 55.655228]]]}}, {"type": "Feature", "id": "way/806366585", "properties": {"@id": "way/806366585", "building": "warehouse", "material": "metal", "roof:shape": "round", "is_living": false}, "geometry": {"type": "Polygon", "coordinates": [[[37.0624588, 55.7132244], [37.062413, 55.7131338], [37.0628571, 55.7130625], [37.0629029, 55.7131532], [37.0624588, 55.7132244]]]}}, {"type": "Feature", "id": "way/806366586", "properties": {"@id": "way/806366586", "building": "warehouse", "material": "metal", "roof:shape": "round", "is_living": false}, "geometry": {"type": "Polygon", "coordinates": [[[37.0626108, 55.7135267], [37.0625702, 55.7134202], [37.0630105, 55.7133668], [37.0630512, 55.7134733], [37.0626108, 55.7135267]]]}}, {"type": "Feature", "id": "way/806366590", "properties": {"@id": "way/806366590", "building": "commercial", "is_living": false}, "geometry": {"type": "Polygon", "coordinates": [[[37.0656636, 55.712385], [37.0655402, 55.7123472], [37.0655873, 55.7122984], [37.0657107, 55.7123362], [37.0656636, 55.712385]]]}}, {"type": "Feature", "id": "way/806366591", "properties": {"@id": "way/806366591", "addr:housenumber": "с72", "addr:place": "Успенское", "building": "commercial", "building:levels": "2", "is_living": false}, "geometry": {"type": "Polygon", "coordinates": [[[37.0659456, 55.7124912], [37.0657106, 55.7124015], [37.0657988, 55.7123282], [37.0660737, 55.7124331], [37.0662893, 55.71259], [37.066161, 55.7126465], [37.0659456, 55.7124912]]]}}, {"type": "Feature", "id": "way/806366603", "properties": {"@id": "way/806366603", "addr:housenumber": "5", "addr:postcode": "143030", "addr:street": "Учительская улица", "building": "retail", "building:levels": "1", "name": "Сад-огород", "roof:shape": "gabled", "shop": "garden_centre", "is_living": false}, "geometry": {"type": "Polygon", "coordinates": [[[37.0657103, 55.7169934], [37.0656403, 55.716918], [37.0658203, 55.716865], [37.0658902, 55.7169404], [37.0657103, 55.7169934]]]}}, {"type": "Feature", "id": "way/806366631", "properties": {"@id": "way/806366631", "building": "industrial", "is_living": false}, "geometry": {"type": "Polygon", "coordinates": [[[37.0532592, 55.7065614], [37.0532907, 55.7064308], [37.0540721, 55.7064906], [37.0540576, 55.7065506], [37.0539728, 55.7065441], [37.0539558, 55.7066147], [37.0532592, 55.7065614]]]}}, {"type": "Feature", "id": "way/806370756", "properties": {"@id": "way/806370756", "building": "service", "building:levels": "1", "is_living": false}, "geometry": {"type": "Polygon", "coordinates": [[[37.0688652, 55.714983], [37.068788, 55.7150228], [37.0686773, 55.7149548], [37.0687545, 55.714915], [37.0688652, 55.714983]]]}}, {"type": "Feature", "id": "way/806370757", "properties": {"@id": "way/806370757", "building": "service", "building:levels": "1", "power": "substation", "substation": "minor_distribution", "is_living": false}, "geometry": {"type": "Polygon", "coordinates": [[[37.0689377, 55.7149539], [37.0688206, 55.7148751], [37.0688957, 55.7148396], [37.0690129, 55.7149185], [37.0689377, 55.7149539]]]}}, {"type": "Feature", "id": "way/806370762", "properties": {"@id": "way/806370762", "building": "service", "building:levels": "1", "power": "substation", "substation": "minor_distribution", "is_living": false}, "geometry": {"type": "Polygon", "coordinates": [[[37.0745498, 55.7156819], [37.0745294, 55.7156338], [37.0747761, 55.7156005], [37.0747966, 55.7156487], [37.0745498, 55.7156819]]]}}, {"type": "Feature", "id": "way/806370766", "properties": {"@id": "way/806370766", "addr:housenumber": "с45/1", "addr:place": "Успенское", "building": "retail", "building:levels": "1", "is_living": false}, "geometry": {"type": "Polygon", "coordinates": [[[37.0755824, 55.7154235], [37.075351, 55.7154575], [37.0752383, 55.7152143], [37.0754698, 55.7151803], [37.0755824, 55.7154235]]]}}, {"type": "Feature", "id": "way/806370767", "properties": {"@id": "way/806370767", "addr:housenumber": "с45", "addr:place": "Успенское", "building": "retail", "building:levels": "1", "is_living": false}, "geometry": {"type": "Polygon", "coordinates": [[[37.0750755, 55.7155927], [37.0750509, 55.7155239], [37.0755042, 55.7154725], [37.0755288, 55.7155414], [37.0750755, 55.7155927]]]}}, {"type": "Feature", "id": "way/806370790", "properties": {"@id": "way/806370790", "addr:housenumber": "16/2", "addr:postcode": "143030", "addr:street": "Учительская улица", "building": "semidetached_house", "is_living": false}, "geometry": {"type": "Polygon", "coordinates": [[[37.07136, 55.7163157], [37.0713968, 55.7164238], [37.071284, 55.716436], [37.0712473, 55.7163279], [37.07136, 55.7163157]]]}}, {"type": "Feature", "id": "way/806370836", "properties": {"@id": "way/806370836", "addr:housenumber": "21", "addr:postcode": "143030", "addr:street": "Советская улица", "building": "university", "building:levels": "2", "name": "Институт лесоведения РАН", "official_name": "Федеральное государственное бюджетное учреждение науки Институт лесоведения Российской академии наук", "roof:shape": "gabled", "website": "http://ilan.ras.ru", "is_living": false}, "geometry": {"type": "Polygon", "coordinates": [[[37.064116, 55.7177835], [37.0640315, 55.7176665], [37.064863, 55.7174761], [37.0649475, 55.7175931], [37.064116, 55.7177835]]]}}, {"type": "Feature", "id": "way/806383216", "properties": {"@id": "way/806383216", "addr:housenumber": "с15", "addr:place": "Бузаево", "addr:postcode": "143030", "building": "retail", "building:levels": "2", "is_living": false}, "geometry": {"type": "Polygon", "coordinates": [[[37.1205082, 55.7180999], [37.1201934, 55.7180112], [37.1204047, 55.7177732], [37.1205146, 55.7178042], [37.1204703, 55.717854], [37.1206753, 55.7179118], [37.1205082, 55.7180999]]]}}, {"type": "Feature", "id": "way/806388780", "properties": {"@id": "way/806388780", "addr:city": "Папушево", "addr:housenumber": "146/6", "addr:place": "ГП-4", "addr:postcode": "143032", "building": "semidetached_house", "is_living": false}, "geometry": {"type": "Polygon", "coordinates": [[[37.0392057, 55.6927234], [37.0390782, 55.6926203], [37.0391848, 55.6925785], [37.0393122, 55.6926815], [37.0392057, 55.6927234]]]}}, {"type": "Feature", "id": "way/806388781", "properties": {"@id": "way/806388781", "addr:city": "Папушево", "addr:housenumber": "146/2", "addr:place": "ГП-4", "addr:postcode": "143032", "building": "semidetached_house", "is_living": false}, "geometry": {"type": "Polygon", "coordinates": [[[37.0394068, 55.6929789], [37.0392794, 55.6928758], [37.0393859, 55.6928339], [37.0395134, 55.692937], [37.0394068, 55.6929789]]]}}, {"type": "Feature", "id": "way/806388784", "properties": {"@id": "way/806388784", "addr:city": "Папушево", "addr:housenumber": "147/2", "addr:place": "ГП-4", "addr:postcode": "143032", "building": "semidetached_house", "is_living": false}, "geometry": {"type": "Polygon", "coordinates": [[[37.0386692, 55.6925571], [37.0385418, 55.692454], [37.0386483, 55.6924122], [37.0387758, 55.6925152], [37.0386692, 55.6925571]]]}}, {"type": "Feature", "id": "way/806388785", "properties": {"@id": "way/806388785", "addr:city": "Папушево", "addr:housenumber": "147/3", "addr:place": "ГП-4", "addr:postcode": "143032", "building": "semidetached_house", "is_living": false}, "geometry": {"type": "Polygon", "coordinates": [[[37.0388878, 55.6923107], [37.0390153, 55.6924137], [37.0389087, 55.6924556], [37.0387813, 55.6923525], [37.0388878, 55.6923107]]]}}, {"type": "Feature", "id": "way/806434612", "properties": {"@id": "way/806434612", "building": "industrial", "is_living": false}, "geometry": {"type": "Polygon", "coordinates": [[[37.0298803, 55.6742041], [37.0298561, 55.6739909], [37.0300702, 55.6739832], [37.0300944, 55.6741964], [37.0298803, 55.6742041]]]}}, {"type": "Feature", "id": "way/806434616", "properties": {"@id": "way/806434616", "building": "yes", "is_living": false}, "geometry": {"type": "Polygon", "coordinates": [[[37.0240493, 55.6724382], [37.0238246, 55.6723915], [37.0240124, 55.6721041], [37.024237, 55.6721508], [37.0240493, 55.6724382]]]}}, {"type": "Feature", "id": "way/806434617", "properties": {"@id": "way/806434617", "building": "yes", "is_living": false}, "geometry": {"type": "Polygon", "coordinates": [[[37.0219463, 55.6704515], [37.0218029, 55.6704355], [37.0219049, 55.670145], [37.0220482, 55.670161], [37.0219463, 55.6704515]]]}}, {"type": "Feature", "id": "way/806434618", "properties": {"@id": "way/806434618", "building": "yes", "is_living": false}, "geometry": {"type": "Polygon", "coordinates": [[[37.0217156, 55.6713772], [37.0215273, 55.6713602], [37.0216882, 55.6707944], [37.0218766, 55.6708115], [37.0217156, 55.6713772]]]}}, {"type": "Feature", "id": "way/806434619", "properties": {"@id": "way/806434619", "building": "yes", "is_living": false}, "geometry": {"type": "Polygon", "coordinates": [[[37.021328, 55.6717286], [37.0209878, 55.6716945], [37.0210912, 55.6713669], [37.0214314, 55.671401], [37.021328, 55.6717286]]]}}, {"type": "Feature", "id": "way/806434620", "properties": {"@id": "way/806434620", "building": "warehouse", "is_living": false}, "geometry": {"type": "Polygon", "coordinates": [[[37.0197898, 55.6725963], [37.0194162, 55.6725595], [37.0195343, 55.6721784], [37.0199078, 55.6722152], [37.0197898, 55.6725963]]]}}, {"type": "Feature", "id": "way/806434621", "properties": {"@id": "way/806434621", "building": "industrial", "is_living": false}, "geometry": {"type": "Polygon", "coordinates": [[[37.0209485, 55.6727506], [37.0205835, 55.6727123], [37.0207445, 55.6722252], [37.0211095, 55.6722636], [37.0209485, 55.6727506]]]}}, {"type": "Feature", "id": "way/806434622", "properties": {"@id": "way/806434622", "building": "farm_auxiliary", "is_living": false}, "geometry": {"type": "Polygon", "coordinates": [[[37.0211357, 55.6739331], [37.0208586, 55.6738838], [37.0209574, 55.6737072], [37.0210105, 55.6737167], [37.0212711, 55.6732514], [37.0208446, 55.6731754], [37.0205359, 55.6737267], [37.0203279, 55.6736897], [37.0204874, 55.673405], [37.0203555, 55.6733815], [37.0204211, 55.6732643], [37.020553, 55.6732878], [37.0206713, 55.6730765], [37.0202578, 55.6730029], [37.0201385, 55.673216], [37.020268, 55.6732391], [37.0202029, 55.6733553], [37.0200734, 55.6733322], [37.01991, 55.673624], [37.0197023, 55.673587], [37.0200027, 55.6730504], [37.0196546, 55.6729884], [37.0195142, 55.673239], [37.0191674, 55.6731773], [37.0194361, 55.6726974], [37.0216108, 55.6730847], [37.0215868, 55.6731274], [37.0211357, 55.6739331]]]}}, {"type": "Feature", "id": "way/806434627", "properties": {"@id": "way/806434627", "building": "industrial", "is_living": false}, "geometry": {"type": "Polygon", "coordinates": [[[37.022015, 55.6735635], [37.0218172, 55.673527], [37.0220042, 55.6732049], [37.0222401, 55.6732485], [37.0222006, 55.6733164], [37.0222339, 55.6733226], [37.022209, 55.6733654], [37.0221376, 55.6733522], [37.022015, 55.6735635]]]}}, {"type": "Feature", "id": "way/806434628", "properties": {"@id": "way/806434628", "building": "yes", "is_living": false}, "geometry": {"type": "Polygon", "coordinates": [[[37.0217854, 55.673882], [37.0215822, 55.6738462], [37.0216627, 55.673701], [37.0218658, 55.6737368], [37.0217854, 55.673882]]]}}, {"type": "Feature", "id": "way/806434629", "properties": {"@id": "way/806434629", "building": "warehouse", "is_living": false}, "geometry": {"type": "Polygon", "coordinates": [[[37.0228153, 55.6736097], [37.022882, 55.6734655], [37.0235203, 55.6735593], [37.0234537, 55.6737035], [37.0228153, 55.6736097]]]}}, {"type": "Feature", "id": "way/806434630", "properties": {"@id": "way/806434630", "building": "yes", "is_living": false}, "geometry": {"type": "Polygon", "coordinates": [[[37.0243335, 55.6753612], [37.0243902, 55.6751795], [37.0249695, 55.6752369], [37.0249128, 55.6754187], [37.0243335, 55.6753612]]]}}, {"type": "Feature", "id": "way/806434631", "properties": {"@id": "way/806434631", "building": "yes", "is_living": false}, "geometry": {"type": "Polygon", "coordinates": [[[37.023561, 55.6746866], [37.0232859, 55.6746536], [37.0234093, 55.6743269], [37.0236844, 55.6743599], [37.023561, 55.6746866]]]}}, {"type": "Feature", "id": "way/806434632", "properties": {"@id": "way/806434632", "building": "stable", "is_living": false}, "geometry": {"type": "Polygon", "coordinates": [[[37.0241001, 55.6741316], [37.023869, 55.674098], [37.0241024, 55.6735868], [37.0243334, 55.6736203], [37.0241001, 55.6741316]]]}}, {"type": "Feature", "id": "way/806434633", "properties": {"@id": "way/806434633", "building": "warehouse", "is_living": false}, "geometry": {"type": "Polygon", "coordinates": [[[37.024245, 55.6749997], [37.0246714, 55.6737912], [37.0249697, 55.6738247], [37.0245432, 55.6750332], [37.024245, 55.6749997]]]}}, {"type": "Feature", "id": "way/806434634", "properties": {"@id": "way/806434634", "building": "industrial", "is_living": false}, "geometry": {"type": "Polygon", "coordinates": [[[37.0260984, 55.6739304], [37.0261308, 55.6738338], [37.0268255, 55.6739079], [37.0267931, 55.6740045], [37.0260984, 55.6739304]]]}}, {"type": "Feature", "id": "way/806434635", "properties": {"@id": "way/806434635", "building": "yes", "is_living": false}, "geometry": {"type": "Polygon", "coordinates": [[[37.026093, 55.6743539], [37.0261252, 55.6742731], [37.0267448, 55.6743518], [37.0267126, 55.6744325], [37.026093, 55.6743539]]]}}, {"type": "Feature", "id": "way/806434636", "properties": {"@id": "way/806434636", "building": "industrial", "is_living": false}, "geometry": {"type": "Polygon", "coordinates": [[[37.0257792, 55.6744401], [37.0255154, 55.6744109], [37.0256495, 55.6740252], [37.0259133, 55.6740544], [37.0257792, 55.6744401]]]}}, {"type": "Feature", "id": "way/806434637", "properties": {"@id": "way/806434637", "building": "industrial", "is_living": false}, "geometry": {"type": "Polygon", "coordinates": [[[37.0284453, 55.6736748], [37.0284908, 55.6735475], [37.0292365, 55.6736322], [37.029191, 55.6737595], [37.0284453, 55.6736748]]]}}, {"type": "Feature", "id": "way/806434638", "properties": {"@id": "way/806434638", "building": "industrial", "is_living": false}, "geometry": {"type": "Polygon", "coordinates": [[[37.0288047, 55.6745792], [37.0285087, 55.6745425], [37.0286455, 55.6741916], [37.0289415, 55.6742283], [37.0288047, 55.6745792]]]}}, {"type": "Feature", "id": "way/806434639", "properties": {"@id": "way/806434639", "building": "industrial", "is_living": false}, "geometry": {"type": "Polygon", "coordinates": [[[37.0277479, 55.6741981], [37.0278263, 55.6740179], [37.0286685, 55.6741343], [37.0285901, 55.6743146], [37.0277479, 55.6741981]]]}}, {"type": "Feature", "id": "way/806434640", "properties": {"@id": "way/806434640", "building": "industrial", "is_living": false}, "geometry": {"type": "Polygon", "coordinates": [[[37.0276299, 55.6744401], [37.0273355, 55.6744076], [37.0274588, 55.6740522], [37.0277533, 55.6740847], [37.0276299, 55.6744401]]]}}, {"type": "Feature", "id": "way/806434641", "properties": {"@id": "way/806434641", "building": "yes", "is_living": false}, "geometry": {"type": "Polygon", "coordinates": [[[37.0285982, 55.6752281], [37.0282966, 55.6751934], [37.0285219, 55.6745703], [37.0288235, 55.6746049], [37.0285982, 55.6752281]]]}}, {"type": "Feature", "id": "way/806434729", "properties": {"@id": "way/806434729", "addr:city": "Папушево", "addr:housenumber": "145/2", "addr:place": "ГП-4", "addr:postcode": "143032", "building": "semidetached_house", "is_living": false}, "geometry": {"type": "Polygon", "coordinates": [[[37.0387623, 55.6932584], [37.0385849, 55.6933281], [37.0385154, 55.6932719], [37.0386929, 55.6932022], [37.0387623, 55.6932584]]]}}, {"type": "Feature", "id": "way/806434730", "properties": {"@id": "way/806434730", "addr:city": "Папушево", "addr:housenumber": "145/6", "addr:place": "ГП-4", "addr:postcode": "143032", "building": "semidetached_house", "is_living": false}, "geometry": {"type": "Polygon", "coordinates": [[[37.0390742, 55.6932087], [37.0389468, 55.6931056], [37.0390534, 55.6930637], [37.0391808, 55.6931668], [37.0390742, 55.6932087]]]}}, {"type": "Feature", "id": "way/806434731", "properties": {"@id": "way/806434731", "addr:city": "Папушево", "addr:housenumber": "145/4", "addr:place": "ГП-4", "addr:postcode": "143032", "building": "semidetached_house", "is_living": false}, "geometry": {"type": "Polygon", "coordinates": [[[37.0383139, 55.6930617], [37.0382444, 55.6930056], [37.0384258, 55.6929343], [37.0384952, 55.6929905], [37.0383139, 55.6930617]]]}}, {"type": "Feature", "id": "way/806434732", "properties": {"@id": "way/806434732", "addr:city": "Папушево", "addr:housenumber": "146/4", "addr:place": "ГП-4", "addr:postcode": "143032", "building": "semidetached_house", "is_living": false}, "geometry": {"type": "Polygon", "coordinates": [[[37.0388355, 55.6928746], [37.0387081, 55.6927715], [37.0388146, 55.6927296], [37.0389421, 55.6928327], [37.0388355, 55.6928746]]]}}, {"type": "Feature", "id": "way/806434733", "properties": {"@id": "way/806434733", "addr:city": "Папушево", "addr:housenumber": "144/4", "addr:place": "ГП-4", "addr:postcode": "143032", "building": "semidetached_house", "is_living": false}, "geometry": {"type": "Polygon", "coordinates": [[[37.0383259, 55.6926901], [37.0381985, 55.692587], [37.038305, 55.6925452], [37.0384325, 55.6926483], [37.0383259, 55.6926901]]]}}, {"type": "Feature", "id": "way/806434734", "properties": {"@id": "way/806434734", "addr:city": "Папушево", "addr:housenumber": "144/2", "addr:place": "ГП-4", "addr:postcode": "143032", "building": "semidetached_house", "is_living": false}, "geometry": {"type": "Polygon", "coordinates": [[[37.0379772, 55.6928337], [37.0378498, 55.6927307], [37.0379563, 55.6926888], [37.0380838, 55.6927919], [37.0379772, 55.6928337]]]}}, {"type": "Feature", "id": "way/806458211", "properties": {"@id": "way/806458211", "building": "garages", "is_living": false}, "geometry": {"type": "Polygon", "coordinates": [[[37.0389676, 55.6759465], [37.0389645, 55.6758844], [37.0390611, 55.6758829], [37.0390642, 55.6759449], [37.0389676, 55.6759465]]]}}, {"type": "Feature", "id": "way/806458212", "properties": {"@id": "way/806458212", "building": "garage", "is_living": false}, "geometry": {"type": "Polygon", "coordinates": [[[37.0384124, 55.6760297], [37.0383945, 55.6759927], [37.0385125, 55.6759745], [37.0385304, 55.6760115], [37.0384124, 55.6760297]]]}}, {"type": "Feature", "id": "way/806458232", "properties": {"@id": "way/806458232", "addr:housenumber": "14А", "addr:street": "посёлок Назарьево", "building": "retail", "is_living": false}, "geometry": {"type": "Polygon", "coordinates": [[[37.0409712, 55.6751358], [37.0409737, 55.6751114], [37.0411132, 55.675116], [37.0411107, 55.6751404], [37.0409712, 55.6751358]]]}}, {"type": "Feature", "id": "way/806458235", "properties": {"@id": "way/806458235", "building": "garages", "is_living": false}, "geometry": {"type": "Polygon", "coordinates": [[[37.0409176, 55.6753582], [37.0409245, 55.6753146], [37.0410747, 55.6753222], [37.0410678, 55.6753657], [37.0409176, 55.6753582]]]}}, {"type": "Feature", "id": "way/806458242", "properties": {"@id": "way/806458242", "building": "industrial", "is_living": false}, "geometry": {"type": "Polygon", "coordinates": [[[37.0389971, 55.6754187], [37.0390048, 55.6753617], [37.0393588, 55.6753769], [37.0393512, 55.6754338], [37.0389971, 55.6754187]]]}}, {"type": "Feature", "id": "way/806458433", "properties": {"@id": "way/806458433", "building": "yes", "is_living": false}, "geometry": {"type": "Polygon", "coordinates": [[[37.0241135, 55.7008225], [37.0240943, 55.7007104], [37.02451, 55.7006878], [37.0245293, 55.7007998], [37.0241135, 55.7008225]]]}}, {"type": "Feature", "id": "way/806458434", "properties": {"@id": "way/806458434", "addr:city": "Горки-10", "addr:housenumber": "32", "addr:place": "Горки-10", "addr:postcode": "143032", "building": "apartments", "building:levels": "18", "building:levels:underground": "1", "energy_class": "B", "is_living": false}, "geometry": {"type": "Polygon", "coordinates": [[[37.02496, 55.7006452], [37.0251948, 55.700616], [37.0251222, 55.7004302], [37.0254029, 55.7003954], [37.025501, 55.7006464], [37.0253882, 55.7006604], [37.0254562, 55.7008345], [37.0250535, 55.7008844], [37.02496, 55.7006452]]]}}, {"type": "Feature", "id": "way/806458435", "properties": {"@id": "way/806458435", "building": "yes", "is_living": false}, "geometry": {"type": "Polygon", "coordinates": [[[37.024591, 55.7017203], [37.0245686, 55.7016187], [37.0251319, 55.7015794], [37.0251542, 55.701681], [37.024591, 55.7017203]]]}}, {"type": "Feature", "id": "way/806464276", "properties": {"@id": "way/806464276", "addr:housenumber": "10", "addr:street": "Проектируемый проезд", "building": "industrial", "source:addr": "ЕГРН", "is_living": false}, "geometry": {"type": "Polygon", "coordinates": [[[36.8403439, 55.7172558], [36.8398093, 55.716985], [36.8417724, 55.7157553], [36.842307, 55.7160261], [36.8403439, 55.7172558]]]}}, {"type": "Feature", "id": "way/806471871", "properties": {"@id": "way/806471871", "addr:housenumber": "4", "addr:place": "Звенигород", "addr:postcode": "143180", "addr:street": "Депутатская улица", "building": "retail", "name": "ТД \"Строитель\"", "is_living": false}, "geometry": {"type": "Polygon", "coordinates": [[[36.8393826, 55.7241415], [36.8390252, 55.7243357], [36.8389873, 55.7243563], [36.8385357, 55.7240927], [36.8386484, 55.7240315], [36.8387337, 55.7240813], [36.8390164, 55.7239277], [36.8393826, 55.7241415]]]}}, {"type": "Feature", "id": "way/806471912", "properties": {"@id": "way/806471912", "addr:housenumber": "11", "addr:street": "Проектируемый проезд", "building": "yes", "source:addr": "ЕГРН", "is_living": false}, "geometry": {"type": "Polygon", "coordinates": [[[36.8445772, 55.7189498], [36.8436089, 55.718483], [36.8442292, 55.7180748], [36.8451974, 55.7185417], [36.8445772, 55.7189498]]]}}, {"type": "Feature", "id": "way/806471913", "properties": {"@id": "way/806471913", "addr:housenumber": "11 с1", "addr:postcode": "143180", "addr:street": "Проектируемый проезд", "building": "yes", "building:levels": "1", "start_date": "2014", "is_living": false}, "geometry": {"type": "Polygon", "coordinates": [[[36.8429169, 55.7176294], [36.8423483, 55.7173393], [36.8426488, 55.7171524], [36.8432175, 55.7174424], [36.8429169, 55.7176294]]]}}, {"type": "Feature", "id": "way/806471914", "properties": {"@id": "way/806471914", "addr:housenumber": "11 с2", "addr:postcode": "143180", "addr:street": "Проектируемый проезд", "building": "yes", "building:levels": "1", "start_date": "2014", "is_living": false}, "geometry": {"type": "Polygon", "coordinates": [[[36.8425065, 55.7178907], [36.8419406, 55.7176052], [36.8422297, 55.7174234], [36.8427956, 55.717709], [36.8425065, 55.7178907]]]}}, {"type": "Feature", "id": "way/806471915", "properties": {"@id": "way/806471915", "addr:housenumber": "11/3", "addr:street": "Проектируемый проезд", "building": "yes", "source:addr": "ЕГРН", "is_living": false}, "geometry": {"type": "Polygon", "coordinates": [[[36.8414873, 55.7181128], [36.84127, 55.7180116], [36.841432, 55.7179013], [36.8416492, 55.7180026], [36.8414873, 55.7181128]]]}}, {"type": "Feature", "id": "way/806471916", "properties": {"@id": "way/806471916", "addr:housenumber": "11 с3", "addr:postcode": "143180", "addr:street": "Проектируемый проезд", "building": "yes", "building:levels": "1", "start_date": "2014", "is_living": false}, "geometry": {"type": "Polygon", "coordinates": [[[36.8420532, 55.7181657], [36.8414953, 55.7178877], [36.8417974, 55.7176954], [36.8423553, 55.7179734], [36.8420532, 55.7181657]]]}}, {"type": "Feature", "id": "way/806480531", "properties": {"@id": "way/806480531", "building": "yes", "is_living": false}, "geometry": {"type": "Polygon", "coordinates": [[[36.8357581, 55.736966], [36.8357447, 55.7367169], [36.8359174, 55.7367139], [36.8359308, 55.7369631], [36.8357581, 55.736966]]]}}, {"type": "Feature", "id": "way/806480532", "properties": {"@id": "way/806480532", "building": "yes", "is_living": false}, "geometry": {"type": "Polygon", "coordinates": [[[36.8360987, 55.7369887], [36.8359301, 55.7369911], [36.8359167, 55.7367012], [36.8360853, 55.7366987], [36.8360987, 55.7369887]]]}}, {"type": "Feature", "id": "way/806480533", "properties": {"@id": "way/806480533", "building": "yes", "is_living": false}, "geometry": {"type": "Polygon", "coordinates": [[[36.8381077, 55.7367697], [36.838101, 55.7367053], [36.8381922, 55.7367023], [36.8381989, 55.7367667], [36.8381077, 55.7367697]]]}}, {"type": "Feature", "id": "way/806480534", "properties": {"@id": "way/806480534", "building": "yes", "is_living": false}, "geometry": {"type": "Polygon", "coordinates": [[[36.8360504, 55.7365991], [36.8360467, 55.7365255], [36.8378358, 55.7364968], [36.8378395, 55.7365704], [36.8360504, 55.7365991]]]}}, {"type": "Feature", "id": "way/806480537", "properties": {"@id": "way/806480537", "building": "yes", "building:levels": "5", "is_living": false}, "geometry": {"type": "Polygon", "coordinates": [[[36.8360773, 55.7360011], [36.8358573, 55.7360086], [36.8358546, 55.7358689], [36.8357286, 55.7358636], [36.8357259, 55.7358085], [36.8356776, 55.73581], [36.8356763, 55.7358516], [36.8354711, 55.7358493], [36.8352753, 55.7357285], [36.8352713, 55.7355805], [36.8351828, 55.7355752], [36.8351707, 55.7355216], [36.835109, 55.7355239], [36.8351144, 55.7355594], [36.8349065, 55.7355579], [36.8348435, 55.7355239], [36.8346825, 55.7354287], [36.8346879, 55.7352943], [36.8345819, 55.7352906], [36.834586, 55.7352362], [36.8345149, 55.7352392], [36.8345149, 55.7352656], [36.8343312, 55.7352641], [36.8343419, 55.7351433], [36.8348998, 55.7351509], [36.8348864, 55.7354378], [36.8354738, 55.7354378], [36.8354925, 55.7356975], [36.8354832, 55.7357383], [36.8355744, 55.7357383], [36.8356387, 55.7357225], [36.8360826, 55.7357232], [36.8360773, 55.7360011]]]}}, {"type": "Feature", "id": "way/806480538", "properties": {"@id": "way/806480538", "building": "yes", "building:levels": "3", "is_living": false}, "geometry": {"type": "Polygon", "coordinates": [[[36.8340066, 55.7359316], [36.8333763, 55.7359437], [36.8333709, 55.7355752], [36.8332529, 55.7355737], [36.8332288, 55.7351932], [36.8338618, 55.7351932], [36.8338752, 55.7354], [36.8338001, 55.735397], [36.8337947, 55.7354589], [36.8337116, 55.7355193], [36.8337384, 55.7356311], [36.8344223, 55.7356039], [36.834543, 55.7355269], [36.8346074, 55.7355631], [36.8347482, 55.7354816], [36.8348166, 55.7355163], [36.8347013, 55.7355835], [36.8351331, 55.7358259], [36.8352351, 55.7358319], [36.8353343, 55.7357715], [36.8353879, 55.7358078], [36.8352351, 55.7359014], [36.8351626, 55.7359059], [36.8350728, 55.7358501], [36.835046, 55.7358682], [36.8351331, 55.7359165], [36.835109, 55.7360856], [36.8348756, 55.7360781], [36.834873, 55.7360207], [36.8345618, 55.7360192], [36.8345578, 55.7359014], [36.8345565, 55.7358584], [36.834472, 55.7358606], [36.8344666, 55.7357225], [36.8348421, 55.7357217], [36.8345846, 55.7355813], [36.8344492, 55.7356522], [36.8337518, 55.7356719], [36.8337437, 55.7357428], [36.8339932, 55.7357504], [36.8340066, 55.7359316]]]}}, {"type": "Feature", "id": "way/806480540", "properties": {"@id": "way/806480540", "building": "garage", "building:levels": "1", "roof:shape": "gabled", "is_living": false}, "geometry": {"type": "Polygon", "coordinates": [[[36.8563598, 55.729271], [36.8563419, 55.7292295], [36.8564023, 55.7292212], [36.8564203, 55.7292627], [36.8563598, 55.729271]]]}}, {"type": "Feature", "id": "way/806480548", "properties": {"@id": "way/806480548", "building": "retail", "building:levels": "1", "is_living": false}, "geometry": {"type": "Polygon", "coordinates": [[[36.8584898, 55.7295903], [36.8584292, 55.7294408], [36.8585204, 55.7294291], [36.858581, 55.7295786], [36.8584898, 55.7295903]]]}}, {"type": "Feature", "id": "way/806480549", "properties": {"@id": "way/806480549", "building": "retail", "building:levels": "1", "is_living": false}, "geometry": {"type": "Polygon", "coordinates": [[[36.8580328, 55.7293974], [36.8579819, 55.7293845], [36.8579376, 55.7292775], [36.8579725, 55.7292517], [36.8583733, 55.7291992], [36.8584364, 55.7292212], [36.8585034, 55.7293832], [36.8582539, 55.7294159], [36.8582352, 55.7293708], [36.8580328, 55.7293974]]]}}, {"type": "Feature", "id": "way/806480557", "properties": {"@id": "way/806480557", "addr:housenumber": "32", "addr:street": "Московская улица", "building": "retail", "building:levels": "2", "is_living": false}, "geometry": {"type": "Polygon", "coordinates": [[[36.8638569, 55.7280919], [36.8638274, 55.7280571], [36.863865, 55.7279061], [36.8639964, 55.7278638], [36.8641815, 55.7278668], [36.8644497, 55.7279], [36.8644068, 55.7280027], [36.8642995, 55.727971], [36.8638569, 55.7280919]]]}}, {"type": "Feature", "id": "way/806480561", "properties": {"@id": "way/806480561", "building": "yes", "is_living": false}, "geometry": {"type": "Polygon", "coordinates": [[[36.8691811, 55.7263065], [36.8693313, 55.7262068], [36.8696277, 55.7263413], [36.8696887, 55.7264159], [36.8696512, 55.7264476], [36.8695526, 55.7264062], [36.8695043, 55.7264213], [36.8694077, 55.7263654], [36.8693648, 55.7263919], [36.8691811, 55.7263065]]]}}, {"type": "Feature", "id": "way/806856365", "properties": {"@id": "way/806856365", "building": "yes", "is_living": false}, "geometry": {"type": "Polygon", "coordinates": [[[36.6910396, 55.672815], [36.690954, 55.6727729], [36.6910728, 55.672696], [36.6911585, 55.6727381], [36.6910396, 55.672815]]]}}, {"type": "Feature", "id": "way/806856367", "properties": {"@id": "way/806856367", "building": "yes", "is_living": false}, "geometry": {"type": "Polygon", "coordinates": [[[36.692081, 55.6731722], [36.6918312, 55.6730226], [36.6919695, 55.6729491], [36.6920361, 55.672989], [36.6922111, 55.6728961], [36.692322, 55.6729625], [36.6921466, 55.6730557], [36.6922189, 55.673099], [36.692081, 55.6731722]]]}}, {"type": "Feature", "id": "way/806856526", "properties": {"@id": "way/806856526", "building": "yes", "is_living": false}, "geometry": {"type": "Polygon", "coordinates": [[[36.6862926, 55.6751623], [36.6863288, 55.6750919], [36.6869914, 55.6752001], [36.6869552, 55.6752705], [36.6862926, 55.6751623]]]}}, {"type": "Feature", "id": "way/806856527", "properties": {"@id": "way/806856527", "building": "yes", "is_living": false}, "geometry": {"type": "Polygon", "coordinates": [[[36.688486, 55.6718688], [36.688416, 55.6718503], [36.6885743, 55.6716597], [36.6886443, 55.6716782], [36.688486, 55.6718688]]]}}, {"type": "Feature", "id": "way/806856529", "properties": {"@id": "way/806856529", "building": "yes", "is_living": false}, "geometry": {"type": "Polygon", "coordinates": [[[36.6879469, 55.6718355], [36.6879733, 55.671786], [36.6881074, 55.6718087], [36.688081, 55.6718582], [36.6879469, 55.6718355]]]}}, {"type": "Feature", "id": "way/806856530", "properties": {"@id": "way/806856530", "building": "yes", "is_living": false}, "geometry": {"type": "Polygon", "coordinates": [[[36.6878289, 55.6720337], [36.6877632, 55.6720112], [36.6878625, 55.6719189], [36.6879281, 55.6719414], [36.6878289, 55.6720337]]]}}, {"type": "Feature", "id": "way/806856531", "properties": {"@id": "way/806856531", "building": "yes", "is_living": false}, "geometry": {"type": "Polygon", "coordinates": [[[36.6877028, 55.6721773], [36.6877348, 55.6721433], [36.6880996, 55.6722522], [36.6880676, 55.6722863], [36.6877028, 55.6721773]]]}}, {"type": "Feature", "id": "way/806856541", "properties": {"@id": "way/806856541", "building": "yes", "is_living": false}, "geometry": {"type": "Polygon", "coordinates": [[[36.688824, 55.6716464], [36.6888817, 55.6715489], [36.6890909, 55.6715882], [36.6890332, 55.6716858], [36.688824, 55.6716464]]]}}, {"type": "Feature", "id": "way/806856542", "properties": {"@id": "way/806856542", "building": "yes", "is_living": false}, "geometry": {"type": "Polygon", "coordinates": [[[36.6888401, 55.6719853], [36.6886258, 55.671931], [36.6887438, 55.6717828], [36.6889581, 55.671837], [36.6888401, 55.6719853]]]}}, {"type": "Feature", "id": "way/806856543", "properties": {"@id": "way/806856543", "building": "yes", "is_living": false}, "geometry": {"type": "Polygon", "coordinates": [[[36.6894382, 55.6720079], [36.689229, 55.6719474], [36.6893397, 55.6718257], [36.6895489, 55.6718862], [36.6894382, 55.6720079]]]}}, {"type": "Feature", "id": "way/806856711", "properties": {"@id": "way/806856711", "addr:housenumber": "1Д", "addr:place": "Волково", "brand": "Пятёрочка", "brand:en": "Pyaterochka", "brand:ru": "Пятёрочка", "brand:wikidata": "Q1768969", "building": "retail", "name": "Пятёрочка", "name:en": "Pyaterochka", "name:ru": "Пятёрочка", "shop": "supermarket", "is_living": false}, "geometry": {"type": "Polygon", "coordinates": [[[36.6873577, 55.6760922], [36.6873675, 55.6759061], [36.6878419, 55.675914], [36.6878321, 55.6761002], [36.6873577, 55.6760922]]]}}, {"type": "Feature", "id": "way/806856712", "properties": {"@id": "way/806856712", "building": "yes", "is_living": false}, "geometry": {"type": "Polygon", "coordinates": [[[36.6909322, 55.6732452], [36.6906747, 55.6731242], [36.6908053, 55.6730358], [36.6910628, 55.6731568], [36.6909322, 55.6732452]]]}}, {"type": "Feature", "id": "way/806856713", "properties": {"@id": "way/806856713", "addr:housenumber": "51", "addr:place": "Бушарино", "building": "yes", "is_living": false}, "geometry": {"type": "Polygon", "coordinates": [[[36.6910073, 55.6735356], [36.6906989, 55.6733949], [36.6908536, 55.673287], [36.6911621, 55.6734277], [36.6910073, 55.6735356]]]}}, {"type": "Feature", "id": "way/806865130", "properties": {"@id": "way/806865130", "building": "retail", "is_living": false}, "geometry": {"type": "Polygon", "coordinates": [[[36.6792458, 55.6167554], [36.6792115, 55.6167236], [36.679308, 55.6166903], [36.6793424, 55.616722], [36.6792458, 55.6167554]]]}}, {"type": "Feature", "id": "way/806865185", "properties": {"@id": "way/806865185", "addr:housenumber": "1В", "addr:street": "Заречная улица", "building": "retail", "building:levels": "2", "is_living": false}, "geometry": {"type": "Polygon", "coordinates": [[[36.6740933, 55.6140409], [36.6739672, 55.6139924], [36.6740562, 55.6139186], [36.6741823, 55.6139671], [36.6740933, 55.6140409]]]}}, {"type": "Feature", "id": "way/806878441", "properties": {"@id": "way/806878441", "building": "yes", "is_living": false}, "geometry": {"type": "Polygon", "coordinates": [[[36.9605827, 55.6456757], [36.960441, 55.6456577], [36.9605591, 55.6453625], [36.9607007, 55.6453806], [36.9605827, 55.6456757]]]}}, {"type": "Feature", "id": "way/806878442", "properties": {"@id": "way/806878442", "building": "yes", "is_living": false}, "geometry": {"type": "Polygon", "coordinates": [[[36.9610172, 55.6458286], [36.9610417, 55.6457602], [36.961546, 55.6458177], [36.9615215, 55.6458861], [36.9610172, 55.6458286]]]}}, {"type": "Feature", "id": "way/806878443", "properties": {"@id": "way/806878443", "building": "yes", "is_living": false}, "geometry": {"type": "Polygon", "coordinates": [[[36.9613418, 55.6455077], [36.9613622, 55.645438], [36.961719, 55.6454713], [36.9616985, 55.645541], [36.9613418, 55.6455077]]]}}, {"type": "Feature", "id": "way/806878445", "properties": {"@id": "way/806878445", "building": "yes", "is_living": false}, "geometry": {"type": "Polygon", "coordinates": [[[36.9614142, 55.6452625], [36.961455, 55.645142], [36.9618198, 55.6451814], [36.961779, 55.6453018], [36.9614142, 55.6452625]]]}}, {"type": "Feature", "id": "way/806878521", "properties": {"@id": "way/806878521", "building": "semi", "is_living": false}, "geometry": {"type": "Polygon", "coordinates": [[[36.9597979, 55.6395076], [36.959875, 55.6394299], [36.9600187, 55.6394755], [36.9599416, 55.6395531], [36.9597979, 55.6395076]]]}}, {"type": "Feature", "id": "way/806878551", "properties": {"@id": "way/806878551", "addr:housenumber": "17", "addr:postcode": "143022", "addr:street": "улица Горького", "building": "semi", "is_living": false}, "geometry": {"type": "Polygon", "coordinates": [[[36.9568813, 55.6403566], [36.9567901, 55.6403308], [36.9569162, 55.6401885], [36.9570073, 55.6402143], [36.9568813, 55.6403566]]]}}, {"type": "Feature", "id": "way/806878588", "properties": {"@id": "way/806878588", "addr:housenumber": "1А", "addr:postcode": "143022", "addr:street": "Полевая улица", "building": "commercial", "building:levels": "1", "is_living": false}, "geometry": {"type": "Polygon", "coordinates": [[[36.9555536, 55.6299296], [36.9555722, 55.6298058], [36.9558887, 55.6298209], [36.9558701, 55.6299448], [36.9555536, 55.6299296]]]}}, {"type": "Feature", "id": "way/806878703", "properties": {"@id": "way/806878703", "building": "yes", "is_living": false}, "geometry": {"type": "Polygon", "coordinates": [[[36.9590887, 55.6462176], [36.9589349, 55.6461942], [36.9590369, 55.6459808], [36.9591907, 55.6460042], [36.9590887, 55.6462176]]]}}, {"type": "Feature", "id": "way/806878704", "properties": {"@id": "way/806878704", "building": "yes", "is_living": false}, "geometry": {"type": "Polygon", "coordinates": [[[36.9583672, 55.6466853], [36.9584107, 55.6465865], [36.9588747, 55.6466516], [36.9588312, 55.6467503], [36.9583672, 55.6466853]]]}}, {"type": "Feature", "id": "way/806878705", "properties": {"@id": "way/806878705", "building": "yes", "is_living": false}, "geometry": {"type": "Polygon", "coordinates": [[[36.9591585, 55.6470606], [36.9592223, 55.646904], [36.9599223, 55.6469948], [36.9598585, 55.6471514], [36.9591585, 55.6470606]]]}}, {"type": "Feature", "id": "way/806878706", "properties": {"@id": "way/806878706", "building": "yes", "is_living": false}, "geometry": {"type": "Polygon", "coordinates": [[[36.9601697, 55.6473951], [36.9601783, 55.6473623], [36.9606102, 55.6473986], [36.9606015, 55.6474314], [36.9601697, 55.6473951]]]}}, {"type": "Feature", "id": "way/806878707", "properties": {"@id": "way/806878707", "building": "yes", "is_living": false}, "geometry": {"type": "Polygon", "coordinates": [[[36.9602528, 55.6471424], [36.9603045, 55.6469904], [36.96057, 55.6470191], [36.9605184, 55.6471711], [36.9602528, 55.6471424]]]}}, {"type": "Feature", "id": "way/806878708", "properties": {"@id": "way/806878708", "building": "yes", "is_living": false}, "geometry": {"type": "Polygon", "coordinates": [[[36.9606042, 55.6473981], [36.9604897, 55.6473844], [36.9606372, 55.6469939], [36.9607517, 55.6470076], [36.9606042, 55.6473981]]]}}, {"type": "Feature", "id": "way/806878709", "properties": {"@id": "way/806878709", "building": "yes", "is_living": false}, "geometry": {"type": "Polygon", "coordinates": [[[36.9606605, 55.6468366], [36.9607156, 55.6466631], [36.9612547, 55.6467176], [36.9611996, 55.6468911], [36.9606605, 55.6468366]]]}}, {"type": "Feature", "id": "way/806878710", "properties": {"@id": "way/806878710", "building": "yes", "is_living": false}, "geometry": {"type": "Polygon", "coordinates": [[[36.9606364, 55.6465188], [36.9606772, 55.6464076], [36.9612083, 55.6464696], [36.9611675, 55.6465808], [36.9606364, 55.6465188]]]}}, {"type": "Feature", "id": "way/806878711", "properties": {"@id": "way/806878711", "building": "yes", "is_living": false}, "geometry": {"type": "Polygon", "coordinates": [[[36.9596922, 55.6463402], [36.9598398, 55.6459376], [36.9602321, 55.6459833], [36.9600845, 55.6463859], [36.9596922, 55.6463402]]]}}, {"type": "Feature", "id": "way/806882717", "properties": {"@id": "way/806882717", "building": "yes", "is_living": false}, "geometry": {"type": "Polygon", "coordinates": [[[36.6903394, 55.5617479], [36.6903073, 55.5612549], [36.6906219, 55.5612484], [36.6906541, 55.5617413], [36.6903394, 55.5617479]]]}}, {"type": "Feature", "id": "way/806882718", "properties": {"@id": "way/806882718", "building": "yes", "is_living": false}, "geometry": {"type": "Polygon", "coordinates": [[[36.6893041, 55.5617949], [36.6892612, 55.5612913], [36.6895951, 55.5612822], [36.689638, 55.5617858], [36.6893041, 55.5617949]]]}}, {"type": "Feature", "id": "way/806882719", "properties": {"@id": "way/806882719", "building": "yes", "is_living": false}, "geometry": {"type": "Polygon", "coordinates": [[[36.6892183, 55.5625321], [36.6892135, 55.5623713], [36.6893745, 55.5623698], [36.6893792, 55.5625306], [36.6892183, 55.5625321]]]}}, {"type": "Feature", "id": "way/806882720", "properties": {"@id": "way/806882720", "building": "yes", "is_living": false}, "geometry": {"type": "Polygon", "coordinates": [[[36.6908839, 55.5624639], [36.6908544, 55.562209], [36.6911225, 55.5621991], [36.691152, 55.5624539], [36.6908839, 55.5624639]]]}}, {"type": "Feature", "id": "way/806882721", "properties": {"@id": "way/806882721", "building": "yes", "is_living": false}, "geometry": {"type": "Polygon", "coordinates": [[[36.6940033, 55.5628279], [36.693998, 55.5627217], [36.6940945, 55.5627202], [36.6940998, 55.5628263], [36.6940033, 55.5628279]]]}}, {"type": "Feature", "id": "way/806882722", "properties": {"@id": "way/806882722", "building": "yes", "is_living": false}, "geometry": {"type": "Polygon", "coordinates": [[[36.6936171, 55.5629159], [36.693479, 55.5629114], [36.6935353, 55.5623592], [36.6936734, 55.5623637], [36.6936171, 55.5629159]]]}}, {"type": "Feature", "id": "way/806882723", "properties": {"@id": "way/806882723", "building": "yes", "is_living": false}, "geometry": {"type": "Polygon", "coordinates": [[[36.6939792, 55.5623228], [36.6938634, 55.562322], [36.6938688, 55.5620581], [36.6939846, 55.5620589], [36.6939792, 55.5623228]]]}}, {"type": "Feature", "id": "way/806882724", "properties": {"@id": "way/806882724", "building": "yes", "is_living": false}, "geometry": {"type": "Polygon", "coordinates": [[[36.6937003, 55.5622818], [36.6935398, 55.5622836], [36.6935318, 55.5620531], [36.6936922, 55.5620513], [36.6937003, 55.5622818]]]}}, {"type": "Feature", "id": "way/806882725", "properties": {"@id": "way/806882725", "building": "yes", "is_living": false}, "geometry": {"type": "Polygon", "coordinates": [[[36.693424, 55.5623243], [36.6932715, 55.5623258], [36.6932634, 55.5620634], [36.6934159, 55.5620619], [36.693424, 55.5623243]]]}}, {"type": "Feature", "id": "way/806882726", "properties": {"@id": "way/806882726", "building": "yes", "is_living": false}, "geometry": {"type": "Polygon", "coordinates": [[[36.6931316, 55.5623258], [36.6929777, 55.5623248], [36.692983, 55.5620669], [36.693137, 55.562068], [36.6931316, 55.5623258]]]}}, {"type": "Feature", "id": "way/806882727", "properties": {"@id": "way/806882727", "building": "yes", "is_living": false}, "geometry": {"type": "Polygon", "coordinates": [[[36.6929626, 55.5616781], [36.6928151, 55.5616776], [36.6928178, 55.5614243], [36.6929653, 55.5614248], [36.6929626, 55.5616781]]]}}, {"type": "Feature", "id": "way/806882728", "properties": {"@id": "way/806882728", "building": "yes", "is_living": false}, "geometry": {"type": "Polygon", "coordinates": [[[36.6933864, 55.5617585], [36.6932902, 55.5617592], [36.6932849, 55.5615226], [36.6933811, 55.5615219], [36.6933864, 55.5617585]]]}}, {"type": "Feature", "id": "way/806882729", "properties": {"@id": "way/806882729", "building": "yes", "is_living": false}, "geometry": {"type": "Polygon", "coordinates": [[[36.6915491, 55.5623349], [36.6915246, 55.5621949], [36.6918491, 55.5621767], [36.6918737, 55.5623167], [36.6915491, 55.5623349]]]}}, {"type": "Feature", "id": "way/806882730", "properties": {"@id": "way/806882730", "building": "yes", "is_living": false}, "geometry": {"type": "Polygon", "coordinates": [[[36.6922948, 55.5624896], [36.6922733, 55.5621635], [36.6926501, 55.5621556], [36.6926716, 55.5624817], [36.6922948, 55.5624896]]]}}, {"type": "Feature", "id": "way/806882731", "properties": {"@id": "way/806882731", "building": "yes", "is_living": false}, "geometry": {"type": "Polygon", "coordinates": [[[36.6944298, 55.5633193], [36.694403, 55.5629599], [36.6946838, 55.5629532], [36.6947106, 55.5633126], [36.6944298, 55.5633193]]]}}, {"type": "Feature", "id": "way/806882737", "properties": {"@id": "way/806882737", "building": "yes", "is_living": false}, "geometry": {"type": "Polygon", "coordinates": [[[36.6972542, 55.5571152], [36.6972378, 55.556894], [36.6981336, 55.5568727], [36.69815, 55.557094], [36.6972542, 55.5571152]]]}}, {"type": "Feature", "id": "way/806882740", "properties": {"@id": "way/806882740", "building": "yes", "is_living": false}, "geometry": {"type": "Polygon", "coordinates": [[[36.6948992, 55.5602068], [36.6948836, 55.560037], [36.6958116, 55.5600097], [36.6958272, 55.5601795], [36.6948992, 55.5602068]]]}}, {"type": "Feature", "id": "way/806882741", "properties": {"@id": "way/806882741", "building": "yes", "is_living": false}, "geometry": {"type": "Polygon", "coordinates": [[[36.6949958, 55.5597517], [36.6949986, 55.559509], [36.6958086, 55.5595121], [36.6958058, 55.5597547], [36.6949958, 55.5597517]]]}}, {"type": "Feature", "id": "way/806882742", "properties": {"@id": "way/806882742", "building": "yes", "is_living": false}, "geometry": {"type": "Polygon", "coordinates": [[[36.6970879, 55.5609925], [36.6967756, 55.5610068], [36.696679, 55.5603303], [36.6969913, 55.560316], [36.6970879, 55.5609925]]]}}, {"type": "Feature", "id": "way/806882743", "properties": {"@id": "way/806882743", "building": "yes", "is_living": false}, "geometry": {"type": "Polygon", "coordinates": [[[36.697163, 55.5618996], [36.6968022, 55.5619107], [36.6967378, 55.5612402], [36.6970986, 55.5612292], [36.697163, 55.5618996]]]}}, {"type": "Feature", "id": "way/806882744", "properties": {"@id": "way/806882744", "building": "yes", "is_living": false}, "geometry": {"type": "Polygon", "coordinates": [[[36.6942555, 55.5616827], [36.6942474, 55.5614628], [36.6943964, 55.561461], [36.6944044, 55.561681], [36.6942555, 55.5616827]]]}}, {"type": "Feature", "id": "way/806882745", "properties": {"@id": "way/806882745", "building": "yes", "is_living": false}, "geometry": {"type": "Polygon", "coordinates": [[[36.6950977, 55.5614188], [36.6950943, 55.5613016], [36.6954269, 55.5612986], [36.6954303, 55.5614157], [36.6950977, 55.5614188]]]}}, {"type": "Feature", "id": "way/806882746", "properties": {"@id": "way/806882746", "building": "yes", "is_living": false}, "geometry": {"type": "Polygon", "coordinates": [[[36.6921633, 55.5604768], [36.6921151, 55.559958], [36.6924555, 55.5599479], [36.6925037, 55.5604667], [36.6921633, 55.5604768]]]}}, {"type": "Feature", "id": "way/806882747", "properties": {"@id": "way/806882747", "building": "yes", "is_living": false}, "geometry": {"type": "Polygon", "coordinates": [[[36.6913909, 55.560589], [36.6913426, 55.5597487], [36.6916676, 55.5597427], [36.6917159, 55.5605831], [36.6913909, 55.560589]]]}}, {"type": "Feature", "id": "way/806882748", "properties": {"@id": "way/806882748", "building": "yes", "is_living": false}, "geometry": {"type": "Polygon", "coordinates": [[[36.6941187, 55.5591738], [36.6941187, 55.559013], [36.6942501, 55.559013], [36.6942501, 55.5591738], [36.6941187, 55.5591738]]]}}, {"type": "Feature", "id": "way/806882749", "properties": {"@id": "way/806882749", "building": "yes", "is_living": false}, "geometry": {"type": "Polygon", "coordinates": [[[36.6938263, 55.5593164], [36.6938209, 55.5591982], [36.6940274, 55.5591952], [36.6940328, 55.5593133], [36.6938263, 55.5593164]]]}}, {"type": "Feature", "id": "way/806882760", "properties": {"@id": "way/806882760", "building": "yes", "is_living": false}, "geometry": {"type": "Polygon", "coordinates": [[[36.7109522, 55.5605147], [36.7109471, 55.5604358], [36.7110919, 55.5604328], [36.7110971, 55.5605117], [36.7109522, 55.5605147]]]}}, {"type": "Feature", "id": "way/806882761", "properties": {"@id": "way/806882761", "building": "yes", "is_living": false}, "geometry": {"type": "Polygon", "coordinates": [[[36.7115718, 55.5607377], [36.7115572, 55.5606568], [36.7119515, 55.560634], [36.7119661, 55.5607149], [36.7115718, 55.5607377]]]}}, {"type": "Feature", "id": "way/806882762", "properties": {"@id": "way/806882762", "building": "yes", "is_living": false}, "geometry": {"type": "Polygon", "coordinates": [[[36.7114967, 55.5604343], [36.7115004, 55.5603718], [36.7118196, 55.5603779], [36.7118159, 55.5604404], [36.7114967, 55.5604343]]]}}, {"type": "Feature", "id": "way/806882763", "properties": {"@id": "way/806882763", "building": "yes", "is_living": false}, "geometry": {"type": "Polygon", "coordinates": [[[36.7139375, 55.5605162], [36.7139388, 55.5604404], [36.7144967, 55.5604435], [36.7144954, 55.5605193], [36.7139375, 55.5605162]]]}}, {"type": "Feature", "id": "way/806882764", "properties": {"@id": "way/806882764", "building": "yes", "is_living": false}, "geometry": {"type": "Polygon", "coordinates": [[[36.7085677, 55.5615022], [36.7085677, 55.5614081], [36.7090023, 55.5614081], [36.7090023, 55.5615022], [36.7085677, 55.5615022]]]}}, {"type": "Feature", "id": "way/806885283", "properties": {"@id": "way/806885283", "building": "yes", "is_living": false}, "geometry": {"type": "Polygon", "coordinates": [[[36.6828614, 55.5521391], [36.6827852, 55.5517262], [36.6838634, 55.5516624], [36.6839397, 55.5520754], [36.6828614, 55.5521391]]]}}, {"type": "Feature", "id": "way/806885284", "properties": {"@id": "way/806885284", "building": "yes", "is_living": false}, "geometry": {"type": "Polygon", "coordinates": [[[36.6830438, 55.5529705], [36.6829824, 55.5525457], [36.6840982, 55.5524941], [36.6841596, 55.5529189], [36.6830438, 55.5529705]]]}}, {"type": "Feature", "id": "way/806885285", "properties": {"@id": "way/806885285", "building": "yes", "is_living": false}, "geometry": {"type": "Polygon", "coordinates": [[[36.6845083, 55.5528947], [36.684417, 55.5524816], [36.6854899, 55.5524058], [36.6855812, 55.5528188], [36.6845083, 55.5528947]]]}}, {"type": "Feature", "id": "way/806885286", "properties": {"@id": "way/806885286", "building": "yes", "is_living": false}, "geometry": {"type": "Polygon", "coordinates": [[[36.6876948, 55.5527156], [36.6876626, 55.5524729], [36.687891, 55.5524632], [36.6879232, 55.5527059], [36.6876948, 55.5527156]]]}}, {"type": "Feature", "id": "way/806885287", "properties": {"@id": "way/806885287", "building": "yes", "is_living": false}, "geometry": {"type": "Polygon", "coordinates": [[[36.687609, 55.5528522], [36.6875954, 55.5527646], [36.6879011, 55.5527494], [36.6879147, 55.552837], [36.687609, 55.5528522]]]}}, {"type": "Feature", "id": "way/806885288", "properties": {"@id": "way/806885288", "building": "yes", "is_living": false}, "geometry": {"type": "Polygon", "coordinates": [[[36.6872334, 55.5532891], [36.6872146, 55.5531444], [36.6875794, 55.5531292], [36.6875982, 55.553274], [36.6872334, 55.5532891]]]}}, {"type": "Feature", "id": "way/806885290", "properties": {"@id": "way/806885290", "building": "yes", "is_living": false}, "geometry": {"type": "Polygon", "coordinates": [[[36.6866356, 55.554253], [36.6870294, 55.5542237], [36.6871502, 55.5547436], [36.6877517, 55.5546989], [36.6875789, 55.5539548], [36.6879534, 55.5539269], [36.6881753, 55.5548824], [36.6868055, 55.5549842], [36.6866356, 55.554253]]]}}, {"type": "Feature", "id": "way/806885296", "properties": {"@id": "way/806885296", "building": "yes", "is_living": false}, "geometry": {"type": "Polygon", "coordinates": [[[36.6951929, 55.5529379], [36.6951822, 55.5527551], [36.695434, 55.5527504], [36.6954447, 55.5529332], [36.6951929, 55.5529379]]]}}, {"type": "Feature", "id": "way/806885298", "properties": {"@id": "way/806885298", "building": "yes", "is_living": false}, "geometry": {"type": "Polygon", "coordinates": [[[36.694867, 55.5543997], [36.694535, 55.5544113], [36.6944277, 55.5534282], [36.6947597, 55.5534166], [36.694867, 55.5543997]]]}}, {"type": "Feature", "id": "way/806885299", "properties": {"@id": "way/806885299", "building": "yes", "is_living": false}, "geometry": {"type": "Polygon", "coordinates": [[[36.6940302, 55.5530585], [36.6940057, 55.5528096], [36.6948748, 55.5527823], [36.6948992, 55.5530312], [36.6940302, 55.5530585]]]}}, {"type": "Feature", "id": "way/806885300", "properties": {"@id": "way/806885300", "building": "yes", "is_living": false}, "geometry": {"type": "Polygon", "coordinates": [[[36.6940141, 55.553811], [36.6937008, 55.55382], [36.6936472, 55.5532223], [36.6939604, 55.5532133], [36.6940141, 55.553811]]]}}, {"type": "Feature", "id": "way/806885301", "properties": {"@id": "way/806885301", "building": "yes", "is_living": false}, "geometry": {"type": "Polygon", "coordinates": [[[36.6920829, 55.5530616], [36.6920635, 55.5528668], [36.6932061, 55.5528304], [36.6932255, 55.5530251], [36.6920829, 55.5530616]]]}}, {"type": "Feature", "id": "way/806885302", "properties": {"@id": "way/806885302", "building": "yes", "is_living": false}, "geometry": {"type": "Polygon", "coordinates": [[[36.6906613, 55.553104], [36.6906476, 55.55291], [36.6917205, 55.5528857], [36.6917342, 55.5530798], [36.6906613, 55.553104]]]}}, {"type": "Feature", "id": "way/806885303", "properties": {"@id": "way/806885303", "building": "yes", "is_living": false}, "geometry": {"type": "Polygon", "coordinates": [[[36.6907203, 55.5542085], [36.6906982, 55.5539805], [36.6929513, 55.5539107], [36.6929734, 55.5541387], [36.6907203, 55.5542085]]]}}, {"type": "Feature", "id": "way/806885304", "properties": {"@id": "way/806885304", "building": "yes", "is_living": false}, "geometry": {"type": "Polygon", "coordinates": [[[36.6907847, 55.5545908], [36.690768, 55.5544444], [36.6920984, 55.5543959], [36.6921151, 55.5545423], [36.6907847, 55.5545908]]]}}, {"type": "Feature", "id": "way/806885305", "properties": {"@id": "way/806885305", "building": "yes", "is_living": false}, "geometry": {"type": "Polygon", "coordinates": [[[36.690318, 55.554697], [36.6902965, 55.5544057], [36.6905752, 55.5543992], [36.6905967, 55.5546905], [36.690318, 55.554697]]]}}, {"type": "Feature", "id": "way/806885306", "properties": {"@id": "way/806885306", "building": "yes", "is_living": false}, "geometry": {"type": "Polygon", "coordinates": [[[36.6901839, 55.5561595], [36.6901839, 55.5560412], [36.6904414, 55.5560412], [36.6904414, 55.5561595], [36.6901839, 55.5561595]]]}}, {"type": "Feature", "id": "way/806885307", "properties": {"@id": "way/806885307", "building": "yes", "is_living": false}, "geometry": {"type": "Polygon", "coordinates": [[[36.6912138, 55.5566571], [36.6912077, 55.5565386], [36.6915725, 55.5565325], [36.6915786, 55.556651], [36.6912138, 55.5566571]]]}}, {"type": "Feature", "id": "way/806885308", "properties": {"@id": "way/806885308", "building": "yes", "is_living": false}, "geometry": {"type": "Polygon", "coordinates": [[[36.6903126, 55.5566449], [36.6903019, 55.5563324], [36.6906142, 55.556329], [36.6906249, 55.5566415], [36.6903126, 55.5566449]]]}}, {"type": "Feature", "id": "way/806885309", "properties": {"@id": "way/806885309", "building": "yes", "is_living": false}, "geometry": {"type": "Polygon", "coordinates": [[[36.6933006, 55.5551522], [36.6932664, 55.554948], [36.6942856, 55.5548934], [36.6943198, 55.5550975], [36.6933006, 55.5551522]]]}}, {"type": "Feature", "id": "way/806885310", "properties": {"@id": "way/806885310", "building": "yes", "is_living": false}, "geometry": {"type": "Polygon", "coordinates": [[[36.6951728, 55.5558075], [36.6947462, 55.5558206], [36.6946603, 55.5549225], [36.695087, 55.5549094], [36.6951728, 55.5558075]]]}}, {"type": "Feature", "id": "way/806885311", "properties": {"@id": "way/806885311", "building": "yes", "is_living": false}, "geometry": {"type": "Polygon", "coordinates": [[[36.6959453, 55.5564053], [36.6959282, 55.5562162], [36.6967704, 55.556192], [36.6967875, 55.556381], [36.6959453, 55.5564053]]]}}, {"type": "Feature", "id": "way/807719810", "properties": {"@id": "way/807719810", "addr:housenumber": "105", "addr:street": "Рублёво-Успенское шоссе", "amenity": "place_of_worship", "building": "church", "denomination": "russian_orthodox", "name": "Церковь Вознесения Господня", "ref:temples.ru": "19899", "religion": "christian", "is_living": false}, "geometry": {"type": "Polygon", "coordinates": [[[37.1089518, 55.7152331], [37.1089505, 55.7151505], [37.1092374, 55.715149], [37.1092388, 55.7152316], [37.1089518, 55.7152331]]]}}, {"type": "Feature", "id": "way/807719851", "properties": {"@id": "way/807719851", "addr:city": "Борки", "addr:housenumber": "с19", "addr:postcode": "143030", "addr:street": "Рублёво-Успенское шоссе", "building": "retail", "building:levels": "2", "is_living": false}, "geometry": {"type": "Polygon", "coordinates": [[[37.1056042, 55.7151194], [37.1056227, 55.7149772], [37.1060347, 55.7149942], [37.1060162, 55.7151364], [37.1057479, 55.7151253], [37.1056042, 55.7151194]]]}}, {"type": "Feature", "id": "way/807726482", "properties": {"@id": "way/807726482", "building": "yes", "is_living": false}, "geometry": {"type": "Polygon", "coordinates": [[[36.9329613, 55.7418734], [36.9327982, 55.7419479], [36.9322698, 55.741581], [36.9324329, 55.7415065], [36.9329613, 55.7418734]]]}}, {"type": "Feature", "id": "way/807726483", "properties": {"@id": "way/807726483", "building": "yes", "is_living": false}, "geometry": {"type": "Polygon", "coordinates": [[[36.933471, 55.7423067], [36.9333592, 55.7423525], [36.9330802, 55.7421366], [36.933192, 55.7420908], [36.933471, 55.7423067]]]}}, {"type": "Feature", "id": "way/807726484", "properties": {"@id": "way/807726484", "building": "yes", "is_living": false}, "geometry": {"type": "Polygon", "coordinates": [[[36.9323981, 55.7414718], [36.9321031, 55.7412722], [36.9324544, 55.7411076], [36.9327494, 55.7413072], [36.9323981, 55.7414718]]]}}, {"type": "Feature", "id": "way/807726485", "properties": {"@id": "way/807726485", "building": "yes", "is_living": false}, "geometry": {"type": "Polygon", "coordinates": [[[36.9305581, 55.7402261], [36.9303328, 55.7400661], [36.9304214, 55.7400265], [36.9306467, 55.7401866], [36.9305581, 55.7402261]]]}}, {"type": "Feature", "id": "way/807726486", "properties": {"@id": "way/807726486", "building": "yes", "is_living": false}, "geometry": {"type": "Polygon", "coordinates": [[[36.9315827, 55.7409086], [36.931411, 55.7407897], [36.9317409, 55.7406387], [36.9319126, 55.7407576], [36.9315827, 55.7409086]]]}}, {"type": "Feature", "id": "way/807726487", "properties": {"@id": "way/807726487", "building": "yes", "is_living": false}, "geometry": {"type": "Polygon", "coordinates": [[[36.9312742, 55.7407183], [36.9311, 55.7406184], [36.9313897, 55.7404584], [36.9315639, 55.7405583], [36.9312742, 55.7407183]]]}}, {"type": "Feature", "id": "way/807726489", "properties": {"@id": "way/807726489", "building": "yes", "is_living": false}, "geometry": {"type": "Polygon", "coordinates": [[[36.9328648, 55.7384519], [36.9325483, 55.738014], [36.9328221, 55.7379513], [36.9331386, 55.7383892], [36.9328648, 55.7384519]]]}}, {"type": "Feature", "id": "way/807726490", "properties": {"@id": "way/807726490", "building": "yes", "is_living": false}, "geometry": {"type": "Polygon", "coordinates": [[[36.9317061, 55.7391012], [36.931588, 55.7389562], [36.931804, 55.7389005], [36.931922, 55.7390455], [36.9317061, 55.7391012]]]}}, {"type": "Feature", "id": "way/807726491", "properties": {"@id": "way/807726491", "building": "yes", "is_living": false}, "geometry": {"type": "Polygon", "coordinates": [[[36.9312715, 55.738775], [36.9309014, 55.7381952], [36.931125, 55.73815], [36.9314951, 55.7387298], [36.9312715, 55.738775]]]}}, {"type": "Feature", "id": "way/807726492", "properties": {"@id": "way/807726492", "building": "yes", "is_living": false}, "geometry": {"type": "Polygon", "coordinates": [[[36.929335, 55.7392159], [36.9288897, 55.7385727], [36.9292019, 55.7385042], [36.9296472, 55.7391475], [36.929335, 55.7392159]]]}}, {"type": "Feature", "id": "way/807726493", "properties": {"@id": "way/807726493", "building": "yes", "is_living": false}, "geometry": {"type": "Polygon", "coordinates": [[[36.9302845, 55.7389985], [36.9299358, 55.7385063], [36.9302328, 55.7384396], [36.9305815, 55.7389318], [36.9302845, 55.7389985]]]}}, {"type": "Feature", "id": "way/807730483", "properties": {"@id": "way/807730483", "building": "yes", "is_living": false}, "geometry": {"type": "Polygon", "coordinates": [[[36.8948445, 55.7216056], [36.894633, 55.7215656], [36.8947295, 55.7214039], [36.894941, 55.721444], [36.8948445, 55.7216056]]]}}, {"type": "Feature", "id": "way/807730484", "properties": {"@id": "way/807730484", "building": "yes", "is_living": false}, "geometry": {"type": "Polygon", "coordinates": [[[36.8948874, 55.7215724], [36.8949611, 55.7214559], [36.8953071, 55.7215254], [36.8952334, 55.7216419], [36.8948874, 55.7215724]]]}}, {"type": "Feature", "id": "way/807730485", "properties": {"@id": "way/807730485", "building": "yes", "is_living": false}, "geometry": {"type": "Polygon", "coordinates": [[[36.8941686, 55.7218821], [36.893964, 55.7218422], [36.8941517, 55.721537], [36.8943563, 55.7215769], [36.8941686, 55.7218821]]]}}, {"type": "Feature", "id": "way/807730486", "properties": {"@id": "way/807730486", "building": "yes", "is_living": false}, "geometry": {"type": "Polygon", "coordinates": [[[36.8940532, 55.7221344], [36.8938891, 55.7221029], [36.8939749, 55.7219609], [36.894139, 55.7219924], [36.8940532, 55.7221344]]]}}, {"type": "Feature", "id": "way/807730487", "properties": {"@id": "way/807730487", "building": "yes", "is_living": false}, "geometry": {"type": "Polygon", "coordinates": [[[36.8949249, 55.7222114], [36.8949778, 55.7221187], [36.8952031, 55.7221595], [36.8951502, 55.7222522], [36.8949249, 55.7222114]]]}}, {"type": "Feature", "id": "way/807730488", "properties": {"@id": "way/807730488", "building": "yes", "is_living": false}, "geometry": {"type": "Polygon", "coordinates": [[[36.8945575, 55.722716], [36.8945998, 55.7226276], [36.8948385, 55.7226638], [36.8947962, 55.7227522], [36.8945575, 55.722716]]]}}, {"type": "Feature", "id": "way/807730489", "properties": {"@id": "way/807730489", "building": "yes", "is_living": false}, "geometry": {"type": "Polygon", "coordinates": [[[36.8939432, 55.7227416], [36.8940169, 55.7226276], [36.8943414, 55.7226941], [36.8942678, 55.7228081], [36.8939432, 55.7227416]]]}}, {"type": "Feature", "id": "way/807730490", "properties": {"@id": "way/807730490", "building": "yes", "is_living": false}, "geometry": {"type": "Polygon", "coordinates": [[[36.8936375, 55.7225317], [36.8937087, 55.722397], [36.893934, 55.7224347], [36.8938628, 55.7225694], [36.8936375, 55.7225317]]]}}, {"type": "Feature", "id": "way/807730491", "properties": {"@id": "way/807730491", "building": "yes", "is_living": false}, "geometry": {"type": "Polygon", "coordinates": [[[36.8918189, 55.7237885], [36.8918934, 55.723703], [36.8920301, 55.7237407], [36.8919557, 55.7238262], [36.8918189, 55.7237885]]]}}, {"type": "Feature", "id": "way/807730492", "properties": {"@id": "way/807730492", "building": "yes", "is_living": false}, "geometry": {"type": "Polygon", "coordinates": [[[36.893093, 55.72387], [36.8928696, 55.7238768], [36.892857, 55.7237432], [36.8927845, 55.7237477], [36.8927389, 55.7234969], [36.8926048, 55.7235075], [36.8925933, 55.7234206], [36.892983, 55.7233957], [36.893093, 55.72387]]]}}, {"type": "Feature", "id": "way/807730493", "properties": {"@id": "way/807730493", "building": "yes", "is_living": false}, "geometry": {"type": "Polygon", "coordinates": [[[36.8923312, 55.7241117], [36.8927309, 55.7238262], [36.892865, 55.7238942], [36.893068, 55.723883], [36.8925986, 55.7242304], [36.8923312, 55.7241117]]]}}, {"type": "Feature", "id": "way/807730496", "properties": {"@id": "way/807730496", "building": "yes", "is_living": false}, "geometry": {"type": "Polygon", "coordinates": [[[36.8936321, 55.7249078], [36.8936607, 55.7248194], [36.8940577, 55.7248602], [36.8940291, 55.7249486], [36.8936321, 55.7249078]]]}}, {"type": "Feature", "id": "way/807730497", "properties": {"@id": "way/807730497", "building": "yes", "is_living": false}, "geometry": {"type": "Polygon", "coordinates": [[[36.8937367, 55.7245845], [36.8937978, 55.7244623], [36.8949699, 55.7246481], [36.8949088, 55.7247703], [36.8937367, 55.7245845]]]}}, {"type": "Feature", "id": "way/807730501", "properties": {"@id": "way/807730501", "building": "yes", "is_living": false}, "geometry": {"type": "Polygon", "coordinates": [[[36.8947157, 55.7244637], [36.8947978, 55.7243143], [36.8950579, 55.7243596], [36.8949759, 55.724509], [36.8947157, 55.7244637]]]}}, {"type": "Feature", "id": "way/807730502", "properties": {"@id": "way/807730502", "building": "yes", "is_living": false}, "geometry": {"type": "Polygon", "coordinates": [[[36.8948498, 55.7232885], [36.8949681, 55.7230835], [36.8956038, 55.7231998], [36.8954855, 55.7234048], [36.8948498, 55.7232885]]]}}, {"type": "Feature", "id": "way/807730702", "properties": {"@id": "way/807730702", "addr:city": "Звенигород", "addr:housenumber": "26", "addr:place": "ДСК «Поречье»", "building": "semidetached_house", "is_living": false}, "geometry": {"type": "Polygon", "coordinates": [[[36.9340677, 55.7157742], [36.9340476, 55.7158722], [36.9339082, 55.7158632], [36.9339282, 55.7157651], [36.9340677, 55.7157742]]]}}, {"type": "Feature", "id": "way/807735435", "properties": {"@id": "way/807735435", "addr:city": "Дунино", "addr:housenumber": "1", "addr:place": "КИЗ «Лесное подворье»", "addr:postcode": "143032", "building": "semidetached_house", "is_living": false}, "geometry": {"type": "Polygon", "coordinates": [[[36.9541582, 55.7158493], [36.9542729, 55.715941], [36.9540462, 55.7160309], [36.9539315, 55.7159392], [36.9541582, 55.7158493]]]}}, {"type": "Feature", "id": "way/807974303", "properties": {"@id": "way/807974303", "addr:housenumber": "1Б", "addr:street": "улица Каширина", "amenity": "clinic", "building": "yes", "healthcare": "clinic", "name": "Поликлиника Ромашково", "opening_hours": "Mo-St 08:00-20:00", "operator": "Одинцовская областная больница", "operator:type": "public", "source:addr": "ЕГРН", "is_living": false}, "geometry": {"type": "Polygon", "coordinates": [[[37.3375828, 55.7358949], [37.3375774, 55.7358563], [37.3377408, 55.735849], [37.3377537, 55.7359413], [37.3377861, 55.7359399], [37.3378165, 55.7361573], [37.3377738, 55.7361592], [37.3377859, 55.7362454], [37.3376167, 55.7362529], [37.3376121, 55.7362199], [37.3375283, 55.7362236], [37.3375243, 55.7361945], [37.337465, 55.7361971], [37.3374734, 55.736257], [37.3374576, 55.7362577], [37.3374593, 55.7362696], [37.3373269, 55.7362755], [37.3373249, 55.7362616], [37.3373096, 55.7362622], [37.3373082, 55.7362521], [37.3372927, 55.7362528], [37.3372707, 55.736096], [37.337294, 55.736095], [37.337292, 55.7360814], [37.3372544, 55.7360831], [37.3372497, 55.7360497], [37.3372793, 55.7360484], [37.3372807, 55.7360585], [37.3372986, 55.7360577], [37.3372876, 55.7359791], [37.3372641, 55.7359801], [37.3372489, 55.7358716], [37.3372702, 55.7358707], [37.3372693, 55.7358642], [37.3373074, 55.7358625], [37.3373058, 55.7358512], [37.3374224, 55.735846], [37.3374246, 55.735862], [37.3374385, 55.7358613], [37.3374469, 55.7359215], [37.3375338, 55.7359176], [37.337531, 55.7358972], [37.3375828, 55.7358949]]]}}, {"type": "Feature", "id": "way/808568989", "properties": {"@id": "way/808568989", "addr:housenumber": "24/1", "addr:place": "Горки-10", "building": "retail", "is_living": false}, "geometry": {"type": "Polygon", "coordinates": [[[37.0216493, 55.7059122], [37.0216464, 55.705819], [37.0218621, 55.705819], [37.0218592, 55.7059072], [37.0216493, 55.7059122]]]}}, {"type": "Feature", "id": "way/808568990", "properties": {"@id": "way/808568990", "building": "yes", "is_living": false}, "geometry": {"type": "Polygon", "coordinates": [[[37.0216138, 55.7051794], [37.0216076, 55.704921], [37.0218613, 55.7049198], [37.0218631, 55.7051762], [37.0216138, 55.7051794]]]}}, {"type": "Feature", "id": "way/808569005", "properties": {"@id": "way/808569005", "building": "retail", "is_living": false}, "geometry": {"type": "Polygon", "coordinates": [[[37.0245797, 55.7046374], [37.0245597, 55.7044811], [37.0249292, 55.7044678], [37.0249313, 55.704552], [37.0247712, 55.7045536], [37.0247798, 55.7046309], [37.0245797, 55.7046374]]]}}, {"type": "Feature", "id": "way/808569006", "properties": {"@id": "way/808569006", "building": "retail", "is_living": false}, "geometry": {"type": "Polygon", "coordinates": [[[37.0250592, 55.7045163], [37.0250527, 55.7044044], [37.025374, 55.7044], [37.0253727, 55.7045163], [37.0250592, 55.7045163]]]}}, {"type": "Feature", "id": "way/808711585", "properties": {"@id": "way/808711585", "building": "shed", "is_living": false}, "geometry": {"type": "Polygon", "coordinates": [[[37.3459443, 55.7343218], [37.3459955, 55.734263], [37.3461017, 55.7342924], [37.3460505, 55.7343511], [37.3459443, 55.7343218]]]}}, {"type": "Feature", "id": "way/809067025", "properties": {"@id": "way/809067025", "building": "carport", "is_living": false}, "geometry": {"type": "Polygon", "coordinates": [[[37.3306222, 55.7324092], [37.3303938, 55.7324622], [37.3303393, 55.7323877], [37.3305677, 55.7323347], [37.3306222, 55.7324092]]]}}, {"type": "Feature", "id": "way/809286045", "properties": {"@id": "way/809286045", "building": "service", "power": "substation", "ref": "410639", "substation": "minor_distribution", "is_living": false}, "geometry": {"type": "Polygon", "coordinates": [[[37.2125496, 55.6560934], [37.2125507, 55.6560437], [37.2126346, 55.6560443], [37.2126335, 55.656094], [37.2125496, 55.6560934]]]}}, {"type": "Feature", "id": "way/809431696", "properties": {"@id": "way/809431696", "building": "industrial", "is_living": false}, "geometry": {"type": "Polygon", "coordinates": [[[36.5913324, 55.554223], [36.5915702, 55.5528128], [36.5925521, 55.5528692], [36.5924523, 55.5535288], [36.5928999, 55.5535558], [36.5928883, 55.5536211], [36.5924217, 55.5536025], [36.5922989, 55.5542751], [36.5913324, 55.554223]]]}}, {"type": "Feature", "id": "way/809431697", "properties": {"@id": "way/809431697", "building": "industrial", "is_living": false}, "geometry": {"type": "Polygon", "coordinates": [[[36.5902961, 55.5541504], [36.5904022, 55.553526], [36.5907534, 55.5535452], [36.590647, 55.5541696], [36.5902961, 55.5541504]]]}}, {"type": "Feature", "id": "way/809617045", "properties": {"@id": "way/809617045", "addr:housenumber": "76А", "addr:place": "Немчиново", "addr:postcode": "143026", "building": "retail", "building:levels": "1", "is_living": false}, "geometry": {"type": "Polygon", "coordinates": [[[37.3624822, 55.6781122], [37.3624608, 55.678062], [37.3626056, 55.6780423], [37.3626271, 55.6780926], [37.3624822, 55.6781122]]]}}, {"type": "Feature", "id": "way/809692835", "properties": {"@id": "way/809692835", "building": "yes", "is_living": false}, "geometry": {"type": "Polygon", "coordinates": [[[37.3281553, 55.6802763], [37.3281068, 55.6802284], [37.3282758, 55.680174], [37.3283243, 55.6802219], [37.3281553, 55.6802763]]]}}, {"type": "Feature", "id": "way/809692836", "properties": {"@id": "way/809692836", "building": "yes", "is_living": false}, "geometry": {"type": "Polygon", "coordinates": [[[37.3287213, 55.680172], [37.3284397, 55.6800782], [37.3284715, 55.6800478], [37.3287531, 55.6801416], [37.3287213, 55.680172]]]}}, {"type": "Feature", "id": "way/809692837", "properties": {"@id": "way/809692837", "building": "yes", "is_living": false}, "geometry": {"type": "Polygon", "coordinates": [[[37.3267043, 55.680116], [37.3266498, 55.6798517], [37.3267651, 55.6798442], [37.3268196, 55.6801085], [37.3267043, 55.680116]]]}}, {"type": "Feature", "id": "way/809692838", "properties": {"@id": "way/809692838", "building": "yes", "is_living": false}, "geometry": {"type": "Polygon", "coordinates": [[[37.3271012, 55.6800888], [37.327024, 55.67984], [37.3272386, 55.6798188], [37.3273158, 55.6800676], [37.3271012, 55.6800888]]]}}, {"type": "Feature", "id": "way/809692839", "properties": {"@id": "way/809692839", "building": "yes", "is_living": false}, "geometry": {"type": "Polygon", "coordinates": [[[37.3281741, 55.6795141], [37.3281654, 55.6794196], [37.3286294, 55.679406], [37.3286381, 55.6795005], [37.3281741, 55.6795141]]]}}, {"type": "Feature", "id": "way/809692840", "properties": {"@id": "way/809692840", "building": "yes", "is_living": false}, "geometry": {"type": "Polygon", "coordinates": [[[37.3276108, 55.6800449], [37.3275331, 55.6798075], [37.327663, 55.679794], [37.3277408, 55.6800314], [37.3276108, 55.6800449]]]}}, {"type": "Feature", "id": "way/809710646", "properties": {"@id": "way/809710646", "addr:housenumber": "171", "addr:street": "улица Говорова", "building": "commercial", "building:levels": "1", "is_living": false}, "geometry": {"type": "Polygon", "coordinates": [[[37.3064945, 55.6911345], [37.3071682, 55.6912513], [37.3071022, 55.6913723], [37.3070517, 55.6913636], [37.3070276, 55.6914079], [37.3069855, 55.6914006], [37.3069609, 55.6914457], [37.3069218, 55.6914389], [37.3068911, 55.691495], [37.3068103, 55.691481], [37.3067515, 55.6915888], [37.3066185, 55.6915657], [37.3065939, 55.6916107], [37.3065386, 55.6916011], [37.3065631, 55.6915561], [37.3064707, 55.6915401], [37.3065288, 55.6914337], [37.306465, 55.6914226], [37.3064945, 55.6913686], [37.3064656, 55.6913636], [37.3064932, 55.691313], [37.3064481, 55.6913052], [37.3064781, 55.6912502], [37.3064354, 55.6912428], [37.3064945, 55.6911345]]]}}, {"type": "Feature", "id": "way/809710790", "properties": {"@id": "way/809710790", "building": "government", "building:levels": "1", "roof:shape": "gabled", "is_living": false}, "geometry": {"type": "Polygon", "coordinates": [[[37.3293221, 55.6996405], [37.3293101, 55.6996001], [37.329455, 55.6995865], [37.3294669, 55.6996269], [37.3293221, 55.6996405]]]}}, {"type": "Feature", "id": "way/809710865", "properties": {"@id": "way/809710865", "addr:housenumber": "164А", "addr:street": "Колхозная улица", "building": "retail", "building:levels": "3", "source:addr": "ЕГРН", "is_living": false}, "geometry": {"type": "Polygon", "coordinates": [[[37.3115648, 55.6875395], [37.3115908, 55.6873455], [37.3119443, 55.6873605], [37.3118836, 55.6875531], [37.3115648, 55.6875395]]]}}, {"type": "Feature", "id": "way/809710911", "properties": {"@id": "way/809710911", "addr:city": "Мамоново", "addr:housenumber": "92", "addr:street": "Колхозная улица", "building": "retail", "building:levels": "1", "is_living": false}, "geometry": {"type": "Polygon", "coordinates": [[[37.3170895, 55.6883046], [37.3171102, 55.6882775], [37.3170577, 55.6882647], [37.3171639, 55.6881253], [37.3175452, 55.6882176], [37.3174936, 55.6882853], [37.3174182, 55.6883842], [37.3170895, 55.6883046]]]}}, {"type": "Feature", "id": "way/809713871", "properties": {"@id": "way/809713871", "building": "commercial", "building:levels": "1", "is_living": false}, "geometry": {"type": "Polygon", "coordinates": [[[37.291283, 55.6857397], [37.2912045, 55.6857166], [37.2913011, 55.6856123], [37.2913796, 55.6856354], [37.291283, 55.6857397]]]}}, {"type": "Feature", "id": "way/809713873", "properties": {"@id": "way/809713873", "addr:city": "Одинцово", "addr:housenumber": "2А", "addr:postcode": "143005", "addr:street": "Баковская улица", "building": "commercial", "building:levels": "3", "building:levels:underground": "1", "start_date": "2017-07-14", "is_living": false}, "geometry": {"type": "Polygon", "coordinates": [[[37.2947866, 55.6815158], [37.2950594, 55.6812801], [37.2953328, 55.6813807], [37.2952864, 55.6814207], [37.2953332, 55.6814379], [37.295282, 55.6814821], [37.2953191, 55.6814957], [37.2952652, 55.6815423], [37.2952884, 55.6815508], [37.295167, 55.6816557], [37.2947866, 55.6815158]]]}}, {"type": "Feature", "id": "way/809713875", "properties": {"@id": "way/809713875", "building": "yes", "is_living": false}, "geometry": {"type": "Polygon", "coordinates": [[[37.2941208, 55.6749558], [37.2933859, 55.6746367], [37.2936238, 55.6744625], [37.2941656, 55.6747014], [37.2941208, 55.6749558]]]}}, {"type": "Feature", "id": "way/809713876", "properties": {"@id": "way/809713876", "building": "yes", "is_living": false}, "geometry": {"type": "Polygon", "coordinates": [[[37.2941449, 55.672442], [37.2939346, 55.6724479], [37.2939132, 55.6722044], [37.2941235, 55.6721985], [37.2941449, 55.672442]]]}}, {"type": "Feature", "id": "way/809713877", "properties": {"@id": "way/809713877", "building": "yes", "is_living": false}, "geometry": {"type": "Polygon", "coordinates": [[[37.2940135, 55.6728595], [37.293966, 55.6724644], [37.2942825, 55.6724523], [37.29433, 55.6728474], [37.2940135, 55.6728595]]]}}, {"type": "Feature", "id": "way/809713878", "properties": {"@id": "way/809713878", "building": "yes", "is_living": false}, "geometry": {"type": "Polygon", "coordinates": [[[37.2955155, 55.6731832], [37.2951926, 55.673179], [37.2952302, 55.6722594], [37.2955531, 55.6722636], [37.2955155, 55.6731832]]]}}, {"type": "Feature", "id": "way/809713879", "properties": {"@id": "way/809713879", "building": "yes", "is_living": false}, "geometry": {"type": "Polygon", "coordinates": [[[37.2936004, 55.6706148], [37.2935575, 55.6703063], [37.293737, 55.6702983], [37.2937799, 55.6706069], [37.2936004, 55.6706148]]]}}, {"type": "Feature", "id": "way/809713880", "properties": {"@id": "way/809713880", "building": "yes", "is_living": false}, "geometry": {"type": "Polygon", "coordinates": [[[37.2931713, 55.6735825], [37.2931557, 55.673468], [37.2936438, 55.6734468], [37.2936594, 55.6735613], [37.2931713, 55.6735825]]]}}, {"type": "Feature", "id": "way/809713881", "properties": {"@id": "way/809713881", "building": "yes", "is_living": false}, "geometry": {"type": "Polygon", "coordinates": [[[37.2928548, 55.6739032], [37.2928857, 55.6737219], [37.2931646, 55.673737], [37.2931337, 55.6739183], [37.2928548, 55.6739032]]]}}, {"type": "Feature", "id": "way/809713882", "properties": {"@id": "way/809713882", "building": "yes", "is_living": false}, "geometry": {"type": "Polygon", "coordinates": [[[37.2922754, 55.6734464], [37.2922553, 55.6733209], [37.2934408, 55.6732604], [37.293461, 55.6733859], [37.2922754, 55.6734464]]]}}, {"type": "Feature", "id": "way/809713883", "properties": {"@id": "way/809713883", "building": "yes", "is_living": false}, "geometry": {"type": "Polygon", "coordinates": [[[37.292751, 55.6732386], [37.2927038, 55.6728948], [37.2935353, 55.6728585], [37.2935825, 55.6732023], [37.292751, 55.6732386]]]}}, {"type": "Feature", "id": "way/809713884", "properties": {"@id": "way/809713884", "building": "yes", "is_living": false}, "geometry": {"type": "Polygon", "coordinates": [[[37.291578, 55.6722182], [37.2916821, 55.6717618], [37.2920576, 55.6717891], [37.2919536, 55.6722454], [37.291578, 55.6722182]]]}}, {"type": "Feature", "id": "way/809713885", "properties": {"@id": "way/809713885", "building": "yes", "is_living": false}, "geometry": {"type": "Polygon", "coordinates": [[[37.2916478, 55.6729079], [37.2915337, 55.6723805], [37.2917537, 55.6723653], [37.2918677, 55.6728928], [37.2916478, 55.6729079]]]}}, {"type": "Feature", "id": "way/809713886", "properties": {"@id": "way/809713886", "building": "yes", "is_living": false}, "geometry": {"type": "Polygon", "coordinates": [[[37.2898734, 55.6737042], [37.2899469, 55.6735462], [37.2903906, 55.6736119], [37.2903171, 55.6737698], [37.2898734, 55.6737042]]]}}, {"type": "Feature", "id": "way/809713887", "properties": {"@id": "way/809713887", "building": "yes", "is_living": false}, "geometry": {"type": "Polygon", "coordinates": [[[37.2903764, 55.6737852], [37.2904698, 55.6735745], [37.292165, 55.6738135], [37.2920716, 55.6740242], [37.2903764, 55.6737852]]]}}, {"type": "Feature", "id": "way/809713888", "properties": {"@id": "way/809713888", "building": "yes", "is_living": false}, "geometry": {"type": "Polygon", "coordinates": [[[37.2881556, 55.6727279], [37.2882016, 55.6725259], [37.289599, 55.6726273], [37.289553, 55.6728293], [37.2881556, 55.6727279]]]}}, {"type": "Feature", "id": "way/809713889", "properties": {"@id": "way/809713889", "building": "yes", "is_living": false}, "geometry": {"type": "Polygon", "coordinates": [[[37.2880429, 55.6730592], [37.2880882, 55.672834], [37.2895071, 55.6729247], [37.2894618, 55.6731499], [37.2880429, 55.6730592]]]}}, {"type": "Feature", "id": "way/809713892", "properties": {"@id": "way/809713892", "building": "yes", "is_living": false}, "geometry": {"type": "Polygon", "coordinates": [[[37.2875118, 55.6724617], [37.2874653, 55.6723275], [37.2881922, 55.6722474], [37.2882387, 55.6723815], [37.2875118, 55.6724617]]]}}, {"type": "Feature", "id": "way/809713893", "properties": {"@id": "way/809713893", "building": "yes", "is_living": false}, "geometry": {"type": "Polygon", "coordinates": [[[37.2873843, 55.6728386], [37.2874491, 55.6725812], [37.287801, 55.6726094], [37.2877361, 55.6728668], [37.2873843, 55.6728386]]]}}, {"type": "Feature", "id": "way/809713894", "properties": {"@id": "way/809713894", "addr:city": "Одинцово", "addr:housenumber": "8Г", "addr:postcode": "143006", "addr:street": "Союзная улица", "building": "yes", "is_living": false}, "geometry": {"type": "Polygon", "coordinates": [[[37.2871819, 55.6721274], [37.2871645, 55.6719505], [37.2874059, 55.6719429], [37.2874233, 55.6721199], [37.2871819, 55.6721274]]]}}, {"type": "Feature", "id": "way/809713895", "properties": {"@id": "way/809713895", "building": "yes", "is_living": false}, "geometry": {"type": "Polygon", "coordinates": [[[37.2871202, 55.6722787], [37.2871032, 55.6722289], [37.2873258, 55.6722047], [37.2873428, 55.6722545], [37.2871202, 55.6722787]]]}}, {"type": "Feature", "id": "way/809713896", "properties": {"@id": "way/809713896", "building": "yes", "is_living": false}, "geometry": {"type": "Polygon", "coordinates": [[[37.2869754, 55.6722953], [37.2869164, 55.6721305], [37.2870335, 55.6721171], [37.2870925, 55.672282], [37.2869754, 55.6722953]]]}}, {"type": "Feature", "id": "way/809713897", "properties": {"@id": "way/809713897", "building": "yes", "is_living": false}, "geometry": {"type": "Polygon", "coordinates": [[[37.2876325, 55.6722], [37.2874651, 55.6722056], [37.2874382, 55.6719485], [37.2876057, 55.6719429], [37.2876325, 55.6722]]]}}, {"type": "Feature", "id": "way/809944550", "properties": {"@id": "way/809944550", "building": "yes", "is_living": false}, "geometry": {"type": "Polygon", "coordinates": [[[37.3136526, 55.6657121], [37.3134881, 55.6653632], [37.313576, 55.66535], [37.3135181, 55.6652273], [37.3143572, 55.6651014], [37.3143869, 55.6651644], [37.3144584, 55.665316], [37.314489, 55.6653809], [37.3142987, 55.6654094], [37.314356, 55.6655309], [37.3144744, 55.6655132], [37.3145203, 55.6656106], [37.31396, 55.6656947], [37.3139473, 55.6656679], [37.3136526, 55.6657121]]]}}, {"type": "Feature", "id": "way/809944551", "properties": {"@id": "way/809944551", "building": "yes", "is_living": false}, "geometry": {"type": "Polygon", "coordinates": [[[37.3150173, 55.6652734], [37.3148674, 55.6649729], [37.3155138, 55.6648703], [37.3156636, 55.6651708], [37.3150173, 55.6652734]]]}}, {"type": "Feature", "id": "way/810726512", "properties": {"@id": "way/810726512", "building": "yes", "name": "Административный корпус", "is_living": false}, "geometry": {"type": "Polygon", "coordinates": [[[36.8212366, 55.5774486], [36.8214459, 55.5772818], [36.8216872, 55.5771741], [36.8220412, 55.577112], [36.8224221, 55.5771484], [36.822685, 55.5772272], [36.8229103, 55.5773925], [36.8230149, 55.5775744], [36.8229988, 55.5776836], [36.8229197, 55.5777147], [36.8228138, 55.5777155], [36.8227386, 55.5776882], [36.8227171, 55.577576], [36.822642, 55.5774547], [36.8224919, 55.5773486], [36.8223524, 55.5773151], [36.8220279, 55.5772803], [36.8218682, 55.5772863], [36.8216631, 55.5773622], [36.8215437, 55.5774638], [36.8214525, 55.5775161], [36.8213627, 55.5775426], [36.821258, 55.5775154], [36.8212312, 55.5774819], [36.8212366, 55.5774486]]]}}, {"type": "Feature", "id": "way/810726513", "properties": {"@id": "way/810726513", "building": "yes", "is_living": false}, "geometry": {"type": "Polygon", "coordinates": [[[36.8204453, 55.5804628], [36.8204668, 55.5806098], [36.8206573, 55.5807432], [36.8208504, 55.580819], [36.8211722, 55.5808372], [36.8213493, 55.5808099], [36.8215746, 55.5807159], [36.8217462, 55.5805674], [36.8219286, 55.5805916], [36.8220091, 55.5806553], [36.8218643, 55.5808251], [36.8215531, 55.5809797], [36.8210864, 55.5810389], [36.8206626, 55.5809889], [36.8203944, 55.580913], [36.8202227, 55.5807372], [36.8201691, 55.5805522], [36.8201557, 55.5804173], [36.8203193, 55.5803976], [36.8203863, 55.5804264], [36.8204453, 55.5804628]]]}}, {"type": "Feature", "id": "way/810726514", "properties": {"@id": "way/810726514", "addr:housenumber": "55", "addr:postcode": "143063", "addr:street": "Минское шоссе", "alt_name": "Главный храм Вооружённых сил Российской Федерации", "alt_name:en": "Temple of the Armed Forces of the Russian Federation", "alt_name:ru": "Главный храм Вооружённых сил Российской Федерации", "amenity": "place_of_worship", "building": "cathedral", "building:levels": "12", "contact:phone": "+7 800 5111418", "contact:website": "https://ghvs.ru", "denomination": "russian_orthodox", "name": "Собор Воскресения Христова", "name:en": "Patriarchal Cathedral of the Resurrection of Christ", "name:ru": "Собор Воскресения Христова", "opening_hours": "Mo-Su 08:00-21:00", "ref:temples.ru": "26637", "religion": "christian", "source:alt_name:en": "https://1418museum.com/about/", "wikidata": "Q66718894", "wikimedia_commons": "Category:Main temple of the Russian Armed Forces", "wikipedia:en": "Main Cathedral of the Russian Armed Forces", "wikipedia:ru": "Главный храм Вооружённых сил Российской Федерации", "is_living": false}, "geometry": {"type": "Polygon", "coordinates": [[[36.8213212, 55.5794515], [36.8213534, 55.5793484], [36.8212381, 55.5793317], [36.8211737, 55.5793029], [36.8211522, 55.579268], [36.8211469, 55.5792286], [36.8211442, 55.5791756], [36.8209242, 55.5791483], [36.8209296, 55.5791058], [36.8205782, 55.5790649], [36.8205836, 55.5790148], [36.8205112, 55.5790057], [36.8205287, 55.5789489], [36.8205461, 55.578892], [36.8206265, 55.5788966], [36.8206828, 55.5788556], [36.8210047, 55.5788966], [36.8210235, 55.5788617], [36.82123, 55.578892], [36.8212608, 55.5788465], [36.8213628, 55.5788071], [36.8214352, 55.5787988], [36.8215546, 55.578798], [36.8216055, 55.5786783], [36.8218711, 55.5787025], [36.8218013, 55.5788951], [36.8220615, 55.5789345], [36.8220159, 55.5790558], [36.8221607, 55.57908], [36.8222305, 55.5791133], [36.8222519, 55.5791512], [36.8222546, 55.5791922], [36.8222037, 55.5792347], [36.8221097, 55.579262], [36.8219489, 55.5792529], [36.8218979, 55.5793605], [36.8216431, 55.5793287], [36.8215814, 55.5794788], [36.8213212, 55.5794515]]]}}, {"type": "Feature", "id": "way/810729452", "properties": {"@id": "way/810729452", "building": "ruins", "building:colour": "red", "is_living": false}, "geometry": {"type": "Polygon", "coordinates": [[[36.7317433, 55.563917], [36.7316041, 55.5637924], [36.7326371, 55.5634233], [36.7327009, 55.5634172], [36.7327626, 55.5634217], [36.7328055, 55.5634478], [36.7328771, 55.5635119], [36.7317433, 55.563917]]]}}, {"type": "Feature", "id": "way/810877006", "properties": {"@id": "way/810877006", "building": "roof", "is_living": false}, "geometry": {"type": "Polygon", "coordinates": [[[37.2052579, 55.7271735], [37.2052951, 55.7271516], [37.205345, 55.7271222], [37.2054322, 55.727101], [37.2055516, 55.7271078], [37.2065654, 55.727561], [37.2065963, 55.7276214], [37.2065882, 55.7276788], [37.2065453, 55.7277143], [37.2065051, 55.7277422], [37.2064568, 55.7277701], [37.2063844, 55.72778], [37.2062691, 55.7277694], [37.2052431, 55.7273125], [37.2052176, 55.7272385], [37.2052579, 55.7271735]]]}}, {"type": "Feature", "id": "way/812448344", "properties": {"@id": "way/812448344", "building": "garage", "is_living": false}, "geometry": {"type": "Polygon", "coordinates": [[[37.3309043, 55.7325419], [37.3307786, 55.7323647], [37.3308557, 55.7323474], [37.3309814, 55.7325245], [37.3309043, 55.7325419]]]}}, {"type": "Feature", "id": "way/812448453", "properties": {"@id": "way/812448453", "building": "roof", "is_living": false}, "geometry": {"type": "Polygon", "coordinates": [[[37.3370546, 55.7308584], [37.3370004, 55.7307779], [37.3372392, 55.7307269], [37.3372934, 55.7308075], [37.3370546, 55.7308584]]]}}, {"type": "Feature", "id": "way/812448507", "properties": {"@id": "way/812448507", "building": "garage", "is_living": false}, "geometry": {"type": "Polygon", "coordinates": [[[37.3368839, 55.7298248], [37.3368322, 55.7297428], [37.3369554, 55.7297181], [37.3370072, 55.7298001], [37.3368839, 55.7298248]]]}}, {"type": "Feature", "id": "way/812448510", "properties": {"@id": "way/812448510", "building": "stable", "is_living": false}, "geometry": {"type": "Polygon", "coordinates": [[[37.3378212, 55.7296681], [37.3376702, 55.7294377], [37.3378891, 55.7293922], [37.3380401, 55.7296227], [37.3378212, 55.7296681]]]}}, {"type": "Feature", "id": "way/812756618", "properties": {"@id": "way/812756618", "building": "yes", "is_living": false}, "geometry": {"type": "Polygon", "coordinates": [[[37.3402327, 55.7300951], [37.3399725, 55.7300498], [37.3397955, 55.7298293], [37.3401657, 55.7297326], [37.3402354, 55.7298157], [37.3400637, 55.7298565], [37.3401335, 55.7299456], [37.3400986, 55.7299562], [37.3401201, 55.7299879], [37.3402649, 55.7300211], [37.3402327, 55.7300951]]]}}, {"type": "Feature", "id": "way/812756619", "properties": {"@id": "way/812756619", "building": "garage", "is_living": false}, "geometry": {"type": "Polygon", "coordinates": [[[37.3392643, 55.7300062], [37.3392208, 55.729943], [37.3393541, 55.7299139], [37.3393976, 55.7299771], [37.3392643, 55.7300062]]]}}, {"type": "Feature", "id": "way/813476590", "properties": {"@id": "way/813476590", "building": "garages", "is_living": false}, "geometry": {"type": "Polygon", "coordinates": [[[37.1781232, 55.6704318], [37.1781494, 55.6703726], [37.1783938, 55.670407], [37.1783676, 55.6704662], [37.1781232, 55.6704318]]]}}, {"type": "Feature", "id": "way/813500850", "properties": {"@id": "way/813500850", "building": "office", "is_living": false}, "geometry": {"type": "Polygon", "coordinates": [[[36.9794017, 55.6159198], [36.979214, 55.6158466], [36.9793745, 55.6157155], [36.9795621, 55.6157888], [36.9794017, 55.6159198]]]}}, {"type": "Feature", "id": "way/813500859", "properties": {"@id": "way/813500859", "building": "retail", "building:levels": "1", "is_living": false}, "geometry": {"type": "Polygon", "coordinates": [[[36.9853765, 55.6170839], [36.9852539, 55.6170517], [36.9854027, 55.6168711], [36.9861646, 55.6170712], [36.9861005, 55.6171491], [36.9854611, 55.6169812], [36.9853765, 55.6170839]]]}}, {"type": "Feature", "id": "way/813500867", "properties": {"@id": "way/813500867", "building": "retail", "building:levels": "1", "shop": "convenience", "is_living": false}, "geometry": {"type": "Polygon", "coordinates": [[[36.9856051, 55.6182867], [36.985431, 55.6182644], [36.9854606, 55.6181909], [36.9856346, 55.6182133], [36.9856051, 55.6182867]]]}}, {"type": "Feature", "id": "way/813637000", "properties": {"@id": "way/813637000", "addr:housenumber": "11с22", "addr:street": "Внуковская улица", "building": "retail", "height": "5", "smoking": "no", "is_living": false}, "geometry": {"type": "Polygon", "coordinates": [[[37.2790663, 55.6558501], [37.2796708, 55.6546592], [37.2799559, 55.6547082], [37.2793453, 55.6558934], [37.2790663, 55.6558501]]]}}, {"type": "Feature", "id": "way/813637001", "properties": {"@id": "way/813637001", "building": "retail", "height": "5", "smoking": "no", "is_living": false}, "geometry": {"type": "Polygon", "coordinates": [[[37.2816435, 55.6557482], [37.2821253, 55.65495], [37.2822746, 55.6549787], [37.2817926, 55.6557768], [37.2816435, 55.6557482]]]}}, {"type": "Feature", "id": "way/813637002", "properties": {"@id": "way/813637002", "addr:housenumber": "11", "addr:street": "Внуковская улица", "building": "retail", "height": "5", "smoking": "no", "is_living": false}, "geometry": {"type": "Polygon", "coordinates": [[[37.2800696, 55.6553006], [37.2803521, 55.6547909], [37.2807759, 55.6548657], [37.2804936, 55.6553753], [37.2800696, 55.6553006]]]}}, {"type": "Feature", "id": "way/813637007", "properties": {"@id": "way/813637007", "building": "retail", "height": "4", "smoking": "no", "is_living": false}, "geometry": {"type": "Polygon", "coordinates": [[[37.2817054, 55.6544279], [37.2817351, 55.6543627], [37.2819624, 55.6543956], [37.2819327, 55.6544608], [37.2817054, 55.6544279]]]}}, {"type": "Feature", "id": "way/813637009", "properties": {"@id": "way/813637009", "building": "industrial", "height": "4", "is_living": false}, "geometry": {"type": "Polygon", "coordinates": [[[37.2791042, 55.6569527], [37.2792176, 55.6567364], [37.2794806, 55.6567803], [37.2794172, 55.6569011], [37.2793714, 55.6568934], [37.2793466, 55.6569407], [37.2793039, 55.6569407], [37.2792821, 55.6569824], [37.2791042, 55.6569527]]]}}, {"type": "Feature", "id": "way/814643010", "properties": {"@id": "way/814643010", "building": "yes", "is_living": false}, "geometry": {"type": "Polygon", "coordinates": [[[36.8823802, 55.6971192], [36.8829757, 55.6965872], [36.8832252, 55.6966758], [36.8826297, 55.6972079], [36.8823802, 55.6971192]]]}}, {"type": "Feature", "id": "way/815465287", "properties": {"@id": "way/815465287", "building": "industrial", "height": "3", "is_living": false}, "geometry": {"type": "Polygon", "coordinates": [[[37.0978693, 55.6142336], [37.0979273, 55.6141693], [37.0980408, 55.614202], [37.0979828, 55.6142663], [37.0978693, 55.6142336]]]}}, {"type": "Feature", "id": "way/815554002", "properties": {"@id": "way/815554002", "building": "retail", "building:levels": "1", "inscription": "Продукты", "shop": "convenience", "is_living": false}, "geometry": {"type": "Polygon", "coordinates": [[[37.0355692, 55.6339326], [37.0356125, 55.6338908], [37.035698, 55.6339189], [37.0356547, 55.6339608], [37.0355692, 55.6339326]]]}}, {"type": "Feature", "id": "way/815554042", "properties": {"@id": "way/815554042", "addr:housenumber": "116", "addr:place": "Малые Вязёмы", "building": "hotel", "building:levels": "2", "roof:levels": "1", "roof:shape": "gabled", "is_living": false}, "geometry": {"type": "Polygon", "coordinates": [[[37.0327236, 55.6329507], [37.0328771, 55.6330004], [37.0325845, 55.6332885], [37.0324309, 55.6332388], [37.0327236, 55.6329507]]]}}, {"type": "Feature", "id": "way/815703307", "properties": {"@id": "way/815703307", "building": "yes", "is_living": false}, "geometry": {"type": "Polygon", "coordinates": [[[37.0048526, 55.6341919], [37.004805, 55.6340814], [37.005092, 55.6340421], [37.0051396, 55.6341525], [37.0048526, 55.6341919]]]}}, {"type": "Feature", "id": "way/815703308", "properties": {"@id": "way/815703308", "building": "yes", "is_living": false}, "geometry": {"type": "Polygon", "coordinates": [[[37.0079223, 55.6363221], [37.0078022, 55.6360613], [37.0079258, 55.6360432], [37.0080459, 55.636304], [37.0079223, 55.6363221]]]}}, {"type": "Feature", "id": "way/815703325", "properties": {"@id": "way/815703325", "building": "yes", "is_living": false}, "geometry": {"type": "Polygon", "coordinates": [[[37.0077333, 55.6377815], [37.0076743, 55.6376513], [37.0078117, 55.6376315], [37.0078707, 55.6377617], [37.0077333, 55.6377815]]]}}, {"type": "Feature", "id": "way/815703326", "properties": {"@id": "way/815703326", "building": "yes", "is_living": false}, "geometry": {"type": "Polygon", "coordinates": [[[37.0054105, 55.6384264], [37.0063117, 55.6382902], [37.0064113, 55.6385], [37.0055101, 55.6386363], [37.0054105, 55.6384264]]]}}, {"type": "Feature", "id": "way/815724098", "properties": {"@id": "way/815724098", "building": "retail", "building:levels": "1", "height": "3", "is_living": false}, "geometry": {"type": "Polygon", "coordinates": [[[37.0122075, 55.6381299], [37.0122387, 55.6381915], [37.0120272, 55.6382256], [37.011996, 55.638164], [37.0122075, 55.6381299]]]}}, {"type": "Feature", "id": "way/815724104", "properties": {"@id": "way/815724104", "building": "yes", "is_living": false}, "geometry": {"type": "Polygon", "coordinates": [[[37.0043586, 55.6367588], [37.0043099, 55.6366491], [37.0043644, 55.6366414], [37.0043527, 55.636615], [37.0044457, 55.6366018], [37.004495, 55.6367129], [37.0045646, 55.6367031], [37.0045757, 55.6367281], [37.0043586, 55.6367588]]]}}, {"type": "Feature", "id": "way/820231755", "properties": {"@id": "way/820231755", "building": "service", "power": "substation", "ref": "414005", "substation": "minor_distribution", "is_living": false}, "geometry": {"type": "Polygon", "coordinates": [[[37.1942893, 55.6303226], [37.1942713, 55.6302977], [37.1943352, 55.6302829], [37.1943532, 55.6303078], [37.1942893, 55.6303226]]]}}, {"type": "Feature", "id": "way/820509407", "properties": {"@id": "way/820509407", "building": "yes", "service": "tyres", "shop": "car_repair", "is_living": false}, "geometry": {"type": "Polygon", "coordinates": [[[37.3341765, 55.6943045], [37.3341334, 55.6942516], [37.3342196, 55.6942292], [37.3342627, 55.6942822], [37.3341765, 55.6943045]]]}}, {"type": "Feature", "id": "way/821141679", "properties": {"@id": "way/821141679", "building": "service", "building:levels": "1", "location": "indoor", "power": "substation", "substation": "minor_distribution", "is_living": false}, "geometry": {"type": "Polygon", "coordinates": [[[37.3215531, 55.7021284], [37.3216475, 55.7021481], [37.321618, 55.7021929], [37.3215546, 55.7021797], [37.3215647, 55.7021642], [37.3215337, 55.7021578], [37.3215531, 55.7021284]]]}}, {"type": "Feature", "id": "way/822263636", "properties": {"@id": "way/822263636", "addr:housenumber": "22 с1", "addr:street": "Коммунистический проспект", "amenity": "place_of_worship", "building": "church", "denomination": "russian_orthodox", "name": "Церковь Серафима Саровского", "name:ru": "Церковь Серафима Саровского", "ref:sobory.ru": "20432", "religion": "christian", "source:addr": "ЕГРН", "is_living": false}, "geometry": {"type": "Polygon", "coordinates": [[[36.9871607, 55.6092674], [36.9871795, 55.6091296], [36.9874155, 55.6091341], [36.9874531, 55.6091053], [36.9875094, 55.6090932], [36.9875684, 55.6091084], [36.9875939, 55.6091477], [36.9876543, 55.6091637], [36.9876999, 55.6091947], [36.9876999, 55.6092402], [36.9876462, 55.609275], [36.9875631, 55.6092917], [36.9875443, 55.6093265], [36.9874692, 55.609328], [36.9874021, 55.6093159], [36.9873901, 55.6092826], [36.9871607, 55.6092674]]]}}, {"type": "Feature", "id": "way/822263865", "properties": {"@id": "way/822263865", "building": "yes", "is_living": false}, "geometry": {"type": "Polygon", "coordinates": [[[37.0013308, 55.6038358], [37.0013729, 55.6037418], [37.0016277, 55.6037781], [37.0015857, 55.6038721], [37.0013308, 55.6038358]]]}}, {"type": "Feature", "id": "way/822263866", "properties": {"@id": "way/822263866", "building": "yes", "is_living": false}, "geometry": {"type": "Polygon", "coordinates": [[[37.000781, 55.6040343], [37.0008271, 55.6038885], [37.0009773, 55.6039037], [37.0009312, 55.6040494], [37.000781, 55.6040343]]]}}, {"type": "Feature", "id": "way/822263867", "properties": {"@id": "way/822263867", "building": "yes", "is_living": false}, "geometry": {"type": "Polygon", "coordinates": [[[36.9996142, 55.604601], [36.9996485, 55.6045244], [36.9998604, 55.6045547], [36.9998261, 55.6046313], [36.9996142, 55.604601]]]}}, {"type": "Feature", "id": "way/822263868", "properties": {"@id": "way/822263868", "building": "yes", "is_living": false}, "geometry": {"type": "Polygon", "coordinates": [[[36.9990349, 55.6042964], [36.9989457, 55.6042852], [36.9990235, 55.6040868], [36.9991127, 55.6040979], [36.9990349, 55.6042964]]]}}, {"type": "Feature", "id": "way/822263869", "properties": {"@id": "way/822263869", "addr:housenumber": "14А", "addr:place": "микрорайон ДРСУ-4", "building": "retail", "is_living": false}, "geometry": {"type": "Polygon", "coordinates": [[[36.9987103, 55.6039115], [36.9987728, 55.6037704], [36.9989445, 55.6037946], [36.998882, 55.6039358], [36.9987103, 55.6039115]]]}}, {"type": "Feature", "id": "way/822263870", "properties": {"@id": "way/822263870", "building": "yes", "is_living": false}, "geometry": {"type": "Polygon", "coordinates": [[[36.9968221, 55.6034585], [36.9968485, 55.6033609], [36.9970416, 55.6033775], [36.9970152, 55.6034752], [36.9968221, 55.6034585]]]}}, {"type": "Feature", "id": "way/822402476", "properties": {"@id": "way/822402476", "building": "shed", "is_living": false}, "geometry": {"type": "Polygon", "coordinates": [[[37.2100508, 55.6584038], [37.2100494, 55.658366], [37.2102173, 55.658364], [37.2102187, 55.6584018], [37.2100508, 55.6584038]]]}}, {"type": "Feature", "id": "way/822402951", "properties": {"@id": "way/822402951", "building": "garages", "is_living": false}, "geometry": {"type": "Polygon", "coordinates": [[[37.2109362, 55.6581501], [37.2109324, 55.6580657], [37.2112848, 55.6580606], [37.2112907, 55.6581888], [37.2111766, 55.6581905], [37.2111725, 55.6581003], [37.2110471, 55.6581021], [37.2110492, 55.6581484], [37.2109362, 55.6581501]]]}}, {"type": "Feature", "id": "way/824247662", "properties": {"@id": "way/824247662", "building": "industrial", "name": "ООО \"Метр в кубе\"", "is_living": false}, "geometry": {"type": "Polygon", "coordinates": [[[37.138643, 55.620641], [37.1387181, 55.6199564], [37.1395657, 55.6199383], [37.139276, 55.620641], [37.138643, 55.620641]]]}}, {"type": "Feature", "id": "way/828209827", "properties": {"@id": "way/828209827", "addr:housenumber": "65", "addr:street": "Московская улица", "building": "retail", "building:levels": "1", "is_living": false}, "geometry": {"type": "Polygon", "coordinates": [[[37.3538338, 55.7234835], [37.3538571, 55.7234237], [37.3539333, 55.7233964], [37.3546941, 55.7234905], [37.3546571, 55.7235853], [37.3538338, 55.7234835]]]}}, {"type": "Feature", "id": "way/833569927", "properties": {"@id": "way/833569927", "building": "service", "building:levels": "1", "roof:shape": "flat", "is_living": false}, "geometry": {"type": "Polygon", "coordinates": [[[37.3548851, 55.7246932], [37.3549554, 55.724697], [37.3549459, 55.7247526], [37.3548756, 55.7247488], [37.3548851, 55.7246932]]]}}, {"type": "Feature", "id": "way/833604590", "properties": {"@id": "way/833604590", "building": "ruins", "description": "Недострой", "is_living": false}, "geometry": {"type": "Polygon", "coordinates": [[[36.8572126, 55.7421382], [36.8572248, 55.742101], [36.8572785, 55.7421065], [36.8572936, 55.7420602], [36.8573729, 55.7420684], [36.8573986, 55.74205], [36.8576206, 55.7420924], [36.8576348, 55.7420689], [36.8577488, 55.7420907], [36.8577769, 55.7421341], [36.8577628, 55.7421643], [36.8578142, 55.7421985], [36.8577891, 55.7422424], [36.8577191, 55.7422297], [36.8577074, 55.7422503], [36.8575972, 55.7422303], [36.8575853, 55.742251], [36.8573752, 55.742213], [36.8573706, 55.7421933], [36.8572676, 55.7421826], [36.8572798, 55.7421452], [36.8572126, 55.7421382]]]}}, {"type": "Feature", "id": "way/839936990", "properties": {"@id": "way/839936990", "building": "yes", "is_living": false}, "geometry": {"type": "Polygon", "coordinates": [[[36.7921982, 55.5613118], [36.7922283, 55.5612223], [36.7924402, 55.5612451], [36.7924101, 55.5613345], [36.7921982, 55.5613118]]]}}, {"type": "Feature", "id": "way/846727445", "properties": {"@id": "way/846727445", "addr:housenumber": "1", "addr:place": "Военно-патриотический парк культуры и отдыха ВС РФ", "building": "yes", "building:levels": "1", "museum": "war", "name": "Музейный комплекс «Дорога памяти»", "name:en": "Museum complex “Memory Lane”", "name:ru": "Музейный комплекс «Дорога памяти»", "short_name": "Дорога памяти", "short_name:en": "Memory Lane", "tourism": "museum", "website": "https://1418museum.ru/", "website:en": "https://1418museum.com/", "is_living": false}, "geometry": {"type": "Polygon", "coordinates": [[[36.818254, 55.5794212], [36.8182808, 55.5793666], [36.8187851, 55.5794424], [36.818667, 55.5797608], [36.8192947, 55.5802914], [36.8198472, 55.580349], [36.8198311, 55.5805188], [36.819874, 55.5807493], [36.8200135, 55.5808888], [36.82033, 55.5810555], [36.8208396, 55.5811859], [36.8212742, 55.581189], [36.8217033, 55.5810859], [36.8219984, 55.5809646], [36.8221968, 55.5808008], [36.8222827, 55.580631], [36.8228084, 55.5806886], [36.8237686, 55.5803551], [36.8238813, 55.5800246], [36.8244392, 55.5800367], [36.8248147, 55.5799548], [36.8250453, 55.5798336], [36.8252706, 55.5796274], [36.8253726, 55.5793939], [36.8253297, 55.5791058], [36.8251312, 55.5789057], [36.8249541, 55.5787995], [36.8246806, 55.5787086], [36.8243641, 55.578654], [36.824466, 55.5783386], [36.8238866, 55.5778292], [36.8233234, 55.5777503], [36.8232965, 55.5774744], [36.8232322, 55.5773258], [36.8230122, 55.5771651], [36.8227118, 55.5770256], [36.8224007, 55.5769588], [36.8221593, 55.5769225], [36.8218321, 55.5769498], [36.8214834, 55.5770286], [36.8211883, 55.5771226], [36.8209952, 55.5773015], [36.8208986, 55.5774865], [36.8203139, 55.5774228], [36.8193966, 55.5777503], [36.8192893, 55.5781051], [36.8187261, 55.5780384], [36.8187582, 55.5779747], [36.8190694, 55.5780232], [36.8192035, 55.5776654], [36.8202871, 55.5773046], [36.8207538, 55.5773591], [36.8209362, 55.5771256], [36.8211937, 55.5769892], [36.8215799, 55.5768709], [36.82217, 55.5768133], [36.8224168, 55.5768345], [36.8227279, 55.5768982], [36.8230444, 55.5770165], [36.8232965, 55.5771802], [36.8234736, 55.577344], [36.8235218, 55.5776563], [36.8239993, 55.577717], [36.8246806, 55.5783234], [36.8245947, 55.578566], [36.8250346, 55.5786964], [36.8253672, 55.5788966], [36.8255281, 55.5791361], [36.8255657, 55.5793999], [36.8255013, 55.5795576], [36.825453, 55.5796455], [36.8252331, 55.5798608], [36.8249541, 55.5800064], [36.8245518, 55.5801216], [36.8240476, 55.5801246], [36.8239349, 55.5804461], [36.8229425, 55.5808221], [36.8224168, 55.5807493], [36.8223578, 55.5808584], [36.8221807, 55.5810404], [36.8216979, 55.5812253], [36.8213278, 55.5812981], [36.8205875, 55.5812587], [36.8200511, 55.5810586], [36.8196648, 55.5807523], [36.8196326, 55.580437], [36.8191498, 55.5803733], [36.8184686, 55.5797608], [36.8185598, 55.5794727], [36.818254, 55.5794212]]]}}, {"type": "Feature", "id": "way/847109440", "properties": {"@id": "way/847109440", "building": "industrial", "landuse": "industrial", "plant:output:hot_water": "yes", "is_living": false}, "geometry": {"type": "Polygon", "coordinates": [[[36.8146265, 55.7311164], [36.8146383, 55.7310318], [36.8147783, 55.7310381], [36.8147665, 55.7311226], [36.8146265, 55.7311164]]]}}, {"type": "Feature", "id": "way/852193457", "properties": {"@id": "way/852193457", "building": "commercial", "building:levels": "1", "name": "Авокадо", "shop": "convenience", "is_living": false}, "geometry": {"type": "Polygon", "coordinates": [[[36.6382173, 55.5799121], [36.6382457, 55.5798545], [36.6383195, 55.5798661], [36.6382911, 55.5799237], [36.6382173, 55.5799121]]]}}, {"type": "Feature", "id": "way/853390020", "properties": {"@id": "way/853390020", "building": "retail", "is_living": false}, "geometry": {"type": "Polygon", "coordinates": [[[36.6922356, 55.7082321], [36.6925148, 55.7082342], [36.6924936, 55.7085242], [36.6921159, 55.70852], [36.6922356, 55.7082321]]]}}, {"type": "Feature", "id": "way/853525009", "properties": {"@id": "way/853525009", "building": "industrial", "is_living": false}, "geometry": {"type": "Polygon", "coordinates": [[[37.1702007, 55.6974699], [37.1701438, 55.6974429], [37.1700899, 55.6974174], [37.1702895, 55.6972836], [37.1704003, 55.6973362], [37.1703015, 55.6974024], [37.1702007, 55.6974699]]]}}, {"type": "Feature", "id": "way/853525010", "properties": {"@id": "way/853525010", "building": "industrial", "is_living": false}, "geometry": {"type": "Polygon", "coordinates": [[[37.1512104, 55.6986441], [37.1512989, 55.6987093], [37.1513883, 55.6987752], [37.1512569, 55.6988319], [37.1511701, 55.6987679], [37.151079, 55.6987008], [37.1512104, 55.6986441]]]}}, {"type": "Feature", "id": "way/855092682", "properties": {"@id": "way/855092682", "building": "retail", "building:levels": "1", "is_living": false}, "geometry": {"type": "Polygon", "coordinates": [[[37.2972442, 55.7385463], [37.2971877, 55.7385325], [37.2972398, 55.738465], [37.2972963, 55.7384788], [37.2972442, 55.7385463]]]}}, {"type": "Feature", "id": "way/859466506", "properties": {"@id": "way/859466506", "building": "retail", "building:levels": "1", "is_living": false}, "geometry": {"type": "Polygon", "coordinates": [[[36.9832018, 55.6302158], [36.9832011, 55.6301162], [36.9833279, 55.6301159], [36.9833286, 55.6302155], [36.9832018, 55.6302158]]]}}, {"type": "Feature", "id": "way/862862501", "properties": {"@id": "way/862862501", "building": "retail", "building:levels": "1", "is_living": false}, "geometry": {"type": "Polygon", "coordinates": [[[37.0202512, 55.6298676], [37.0204389, 55.6298676], [37.0204389, 55.6299342], [37.0203477, 55.6299342], [37.0203477, 55.629919], [37.0202512, 55.629919], [37.0202512, 55.6298676]]]}}, {"type": "Feature", "id": "way/862862507", "properties": {"@id": "way/862862507", "building": "yes", "is_living": false}, "geometry": {"type": "Polygon", "coordinates": [[[37.0094553, 55.6315483], [37.0094499, 55.6314029], [37.0095759, 55.6314015], [37.0095812, 55.6315468], [37.0094553, 55.6315483]]]}}, {"type": "Feature", "id": "way/862862533", "properties": {"@id": "way/862862533", "building": "yes", "is_living": false}, "geometry": {"type": "Polygon", "coordinates": [[[37.010343, 55.6315498], [37.0103363, 55.6315021], [37.0102172, 55.6315074], [37.0102055, 55.6314241], [37.0103246, 55.6314187], [37.0103162, 55.6313591], [37.0104705, 55.6313521], [37.0104835, 55.6314446], [37.0105245, 55.6314427], [37.0105341, 55.6315112], [37.0104931, 55.631513], [37.0104973, 55.6315429], [37.010343, 55.6315498]]]}}, {"type": "Feature", "id": "way/862862534", "properties": {"@id": "way/862862534", "addr:housenumber": "1 с3", "addr:street": "Ямской проезд", "building": "yes", "is_living": false}, "geometry": {"type": "Polygon", "coordinates": [[[37.0107133, 55.6313863], [37.0107133, 55.6313212], [37.0108822, 55.6313212], [37.0108822, 55.6313863], [37.0107133, 55.6313863]]]}}, {"type": "Feature", "id": "way/862862535", "properties": {"@id": "way/862862535", "building": "yes", "is_living": false}, "geometry": {"type": "Polygon", "coordinates": [[[37.0111129, 55.6314014], [37.0111129, 55.6312682], [37.011542, 55.6312682], [37.011542, 55.6314014], [37.0111129, 55.6314014]]]}}, {"type": "Feature", "id": "way/862862580", "properties": {"@id": "way/862862580", "building": "yes", "is_living": false}, "geometry": {"type": "Polygon", "coordinates": [[[36.9913369, 55.6255155], [36.9886279, 55.6252914], [36.9886408, 55.6252418], [36.9887102, 55.6252475], [36.9889021, 55.6252634], [36.9908097, 55.6254213], [36.9910092, 55.6254378], [36.9913498, 55.625466], [36.9913369, 55.6255155]]]}}, {"type": "Feature", "id": "way/862862581", "properties": {"@id": "way/862862581", "building": "yes", "is_living": false}, "geometry": {"type": "Polygon", "coordinates": [[[36.991758, 55.6252474], [36.9917789, 55.6251741], [36.9921625, 55.6252089], [36.9921416, 55.6252823], [36.991758, 55.6252474]]]}}, {"type": "Feature", "id": "way/863808030", "properties": {"@id": "way/863808030", "amenity": "place_of_worship", "building": "church", "denomination": "russian_orthodox", "name": "Церковь Покрова Пресвятой Богородицы", "ref:temples.ru": "2564", "religion": "christian", "start_date": "1756..1763", "is_living": false}, "geometry": {"type": "Polygon", "coordinates": [[[37.1353447, 55.6556914], [37.1349317, 55.6558382], [37.134877, 55.6557892], [37.1347941, 55.6558186], [37.1347334, 55.6557643], [37.1348163, 55.6557348], [37.1347808, 55.655703], [37.1351938, 55.6555562], [37.1353447, 55.6556914]]]}}, {"type": "Feature", "id": "way/863808033", "properties": {"@id": "way/863808033", "building": "construction", "is_living": false}, "geometry": {"type": "Polygon", "coordinates": [[[37.1341565, 55.6561348], [37.1340552, 55.6560372], [37.1346319, 55.6558465], [37.1347332, 55.6559441], [37.1345368, 55.656009], [37.1345554, 55.6560269], [37.1343668, 55.6560893], [37.1343482, 55.6560714], [37.1341565, 55.6561348]]]}}, {"type": "Feature", "id": "way/863869964", "properties": {"@id": "way/863869964", "addr:housenumber": "36А", "addr:street": "Центральная улица", "building": "retail", "is_living": false}, "geometry": {"type": "Polygon", "coordinates": [[[37.2376051, 55.6624707], [37.2373336, 55.6629514], [37.237082, 55.6629062], [37.2373536, 55.6624255], [37.2376051, 55.6624707]]]}}, {"type": "Feature", "id": "way/864242818", "properties": {"@id": "way/864242818", "building": "service", "power": "substation", "substation": "minor_distribution", "is_living": false}, "geometry": {"type": "Polygon", "coordinates": [[[37.2096804, 55.6284334], [37.2096121, 55.6284026], [37.2096423, 55.6283813], [37.2097105, 55.6284121], [37.2096804, 55.6284334]]]}}, {"type": "Feature", "id": "way/864640408", "properties": {"@id": "way/864640408", "building": "yes", "building:levels": "1", "is_living": false}, "geometry": {"type": "Polygon", "coordinates": [[[37.4140172, 55.6833218], [37.4140615, 55.6832455], [37.4142407, 55.6832785], [37.4141964, 55.6833548], [37.4140172, 55.6833218]]]}}, {"type": "Feature", "id": "way/864640409", "properties": {"@id": "way/864640409", "building": "yes", "building:levels": "1", "is_living": false}, "geometry": {"type": "Polygon", "coordinates": [[[37.4139445, 55.6834707], [37.4139851, 55.6833718], [37.4141566, 55.6833941], [37.4141161, 55.683493], [37.4139445, 55.6834707]]]}}, {"type": "Feature", "id": "way/864640410", "properties": {"@id": "way/864640410", "building": "yes", "building:levels": "1", "is_living": false}, "geometry": {"type": "Polygon", "coordinates": [[[37.4144843, 55.6832575], [37.4145055, 55.683175], [37.4147102, 55.6831917], [37.414689, 55.6832742], [37.4144843, 55.6832575]]]}}, {"type": "Feature", "id": "way/864640411", "properties": {"@id": "way/864640411", "building": "yes", "building:levels": "1", "is_living": false}, "geometry": {"type": "Polygon", "coordinates": [[[37.4144468, 55.6833785], [37.4144582, 55.6833177], [37.4146547, 55.6833293], [37.4146433, 55.6833902], [37.4144468, 55.6833785]]]}}, {"type": "Feature", "id": "way/864640412", "properties": {"@id": "way/864640412", "building": "yes", "building:levels": "1", "is_living": false}, "geometry": {"type": "Polygon", "coordinates": [[[37.4144328, 55.6835202], [37.4144414, 55.6834575], [37.4145689, 55.6834631], [37.4145602, 55.6835258], [37.4144328, 55.6835202]]]}}, {"type": "Feature", "id": "way/864640413", "properties": {"@id": "way/864640413", "building": "yes", "building:levels": "1", "is_living": false}, "geometry": {"type": "Polygon", "coordinates": [[[37.4143973, 55.6836359], [37.4144025, 55.6835944], [37.4145202, 55.6835991], [37.414515, 55.6836406], [37.4143973, 55.6836359]]]}}, {"type": "Feature", "id": "way/864640414", "properties": {"@id": "way/864640414", "building": "yes", "building:levels": "1", "is_living": false}, "geometry": {"type": "Polygon", "coordinates": [[[37.4142911, 55.6838374], [37.414322, 55.6837289], [37.4144808, 55.6837434], [37.4144498, 55.6838517], [37.4142911, 55.6838374]]]}}, {"type": "Feature", "id": "way/868050221", "properties": {"@id": "way/868050221", "building": "retail", "is_living": false}, "geometry": {"type": "Polygon", "coordinates": [[[37.1830981, 55.6613043], [37.1831542, 55.6612516], [37.1833443, 55.6613161], [37.1832881, 55.6613687], [37.1830981, 55.6613043]]]}}, {"type": "Feature", "id": "way/868332865", "properties": {"@id": "way/868332865", "building": "yes", "is_living": false}, "geometry": {"type": "Polygon", "coordinates": [[[36.8235621, 55.5782931], [36.8236171, 55.578234], [36.823719, 55.5782643], [36.823664, 55.5783234], [36.8235621, 55.5782931]]]}}, {"type": "Feature", "id": "way/868332866", "properties": {"@id": "way/868332866", "amenity": "cafe", "building": "yes", "building:levels": "1", "is_living": false}, "geometry": {"type": "Polygon", "coordinates": [[[36.8229425, 55.5802581], [36.8228781, 55.5802141], [36.8229995, 55.5801573], [36.8230639, 55.5802013], [36.8229425, 55.5802581]]]}}, {"type": "Feature", "id": "way/868336216", "properties": {"@id": "way/868336216", "building": "yes", "is_living": false}, "geometry": {"type": "Polygon", "coordinates": [[[36.8194932, 55.5798715], [36.8194449, 55.5798305], [36.8195476, 55.5797918], [36.8195959, 55.5798327], [36.8194932, 55.5798715]]]}}, {"type": "Feature", "id": "way/868336220", "properties": {"@id": "way/868336220", "building": "yes", "is_living": false}, "geometry": {"type": "Polygon", "coordinates": [[[36.8141153, 55.5790906], [36.8141797, 55.578933], [36.8143198, 55.5789512], [36.8142554, 55.5791089], [36.8141153, 55.5790906]]]}}, {"type": "Feature", "id": "way/868336221", "properties": {"@id": "way/868336221", "building": "yes", "is_living": false}, "geometry": {"type": "Polygon", "coordinates": [[[36.811519, 55.578231], [36.8115443, 55.5781507], [36.8118152, 55.578178], [36.8117899, 55.5782583], [36.811519, 55.578231]]]}}, {"type": "Feature", "id": "way/868336222", "properties": {"@id": "way/868336222", "building": "yes", "building:levels": "1", "is_living": false}, "geometry": {"type": "Polygon", "coordinates": [[[36.8130988, 55.5783856], [36.8131398, 55.5782663], [36.813416, 55.5782967], [36.8133751, 55.5784159], [36.8130988, 55.5783856]]]}}, {"type": "Feature", "id": "way/868374512", "properties": {"@id": "way/868374512", "addr:city": "Звенигород", "addr:housenumber": "6 с6", "addr:street": "улица Лермонтова", "building": "yes", "is_living": false}, "geometry": {"type": "Polygon", "coordinates": [[[36.8491489, 55.7354013], [36.8490059, 55.7354627], [36.8489112, 55.7353927], [36.8492538, 55.7352456], [36.8493491, 55.735316], [36.8492674, 55.7353511], [36.8492977, 55.7353735], [36.8491798, 55.7354241], [36.8491489, 55.7354013]]]}}, {"type": "Feature", "id": "way/871097858", "properties": {"@id": "way/871097858", "addr:housenumber": "22В", "addr:postcode": "143033", "addr:street": "Рублёво-Успенское шоссе", "building": "retail", "is_living": false}, "geometry": {"type": "Polygon", "coordinates": [[[37.1734187, 55.7241465], [37.1737247, 55.7241853], [37.174097, 55.7242051], [37.1745142, 55.7242049], [37.174513, 55.7245286], [37.1741617, 55.7246102], [37.1736435, 55.7245073], [37.1733649, 55.7244665], [37.1734187, 55.7241465]]]}}, {"type": "Feature", "id": "way/875801663", "properties": {"@id": "way/875801663", "building": "service", "is_living": false}, "geometry": {"type": "Polygon", "coordinates": [[[37.2012614, 55.7063336], [37.2012636, 55.7063018], [37.2013266, 55.7063104], [37.2013223, 55.7063385], [37.2012614, 55.7063336]]]}}, {"type": "Feature", "id": "way/876880087", "properties": {"@id": "way/876880087", "addr:housenumber": "2В", "addr:street": "Советский проспект", "building": "retail", "building:levels": "1", "is_living": false}, "geometry": {"type": "Polygon", "coordinates": [[[37.3716942, 55.7157746], [37.3718649, 55.7156401], [37.3719388, 55.7156698], [37.3717681, 55.7158044], [37.3716942, 55.7157746]]]}}, {"type": "Feature", "id": "way/876880088", "properties": {"@id": "way/876880088", "addr:housenumber": "2Б", "addr:street": "Советский проспект", "building": "retail", "building:levels": "1", "is_living": false}, "geometry": {"type": "Polygon", "coordinates": [[[37.3721204, 55.715457], [37.3721988, 55.7154885], [37.3720942, 55.715571], [37.3720158, 55.7155394], [37.3721204, 55.715457]]]}}, {"type": "Feature", "id": "way/877741949", "properties": {"@id": "way/877741949", "building": "industrial", "is_living": false}, "geometry": {"type": "Polygon", "coordinates": [[[37.1451023, 55.6197196], [37.1453616, 55.6190822], [37.1456631, 55.6191213], [37.1454035, 55.6197587], [37.1451023, 55.6197196]]]}}, {"type": "Feature", "id": "way/882128392", "properties": {"@id": "way/882128392", "building": "grandstand", "is_living": false}, "geometry": {"type": "Polygon", "coordinates": [[[37.2604859, 55.676556], [37.2609913, 55.6756413], [37.2612905, 55.6756939], [37.2607851, 55.6766086], [37.2604859, 55.676556]]]}}, {"type": "Feature", "id": "way/882370119", "properties": {"@id": "way/882370119", "building": "garages", "building:levels": "1", "is_living": false}, "geometry": {"type": "Polygon", "coordinates": [[[36.97346, 55.6158783], [36.9733596, 55.6158296], [36.9737577, 55.6155678], [36.9738582, 55.6156165], [36.97346, 55.6158783]]]}}, {"type": "Feature", "id": "way/882370120", "properties": {"@id": "way/882370120", "building": "garages", "building:levels": "1", "is_living": false}, "geometry": {"type": "Polygon", "coordinates": [[[36.9744811, 55.6163839], [36.9748885, 55.6161159], [36.9749664, 55.6161537], [36.9748189, 55.6162507], [36.9749017, 55.6162909], [36.9745956, 55.6164922], [36.9745215, 55.6164563], [36.9745678, 55.6164259], [36.9744811, 55.6163839]]]}}, {"type": "Feature", "id": "way/882370121", "properties": {"@id": "way/882370121", "building": "garages", "building:levels": "1", "is_living": false}, "geometry": {"type": "Polygon", "coordinates": [[[36.9742585, 55.6162597], [36.974646, 55.6160048], [36.9747859, 55.6160726], [36.9743983, 55.6163275], [36.9742585, 55.6162597]]]}}, {"type": "Feature", "id": "way/882370122", "properties": {"@id": "way/882370122", "building": "garages", "building:levels": "1", "is_living": false}, "geometry": {"type": "Polygon", "coordinates": [[[36.974009, 55.6161612], [36.9744219, 55.6158897], [36.9745618, 55.6159575], [36.9741489, 55.616229], [36.974009, 55.6161612]]]}}, {"type": "Feature", "id": "way/882370123", "properties": {"@id": "way/882370123", "building": "garages", "building:levels": "1", "is_living": false}, "geometry": {"type": "Polygon", "coordinates": [[[36.9737998, 55.6160249], [36.9741874, 55.61577], [36.9743272, 55.6158379], [36.9739397, 55.6160927], [36.9737998, 55.6160249]]]}}, {"type": "Feature", "id": "way/882370124", "properties": {"@id": "way/882370124", "building": "garages", "building:levels": "1", "is_living": false}, "geometry": {"type": "Polygon", "coordinates": [[[36.9735494, 55.6159047], [36.973937, 55.6156499], [36.9740769, 55.6157177], [36.9736893, 55.6159726], [36.9735494, 55.6159047]]]}}, {"type": "Feature", "id": "way/884010387", "properties": {"@id": "way/884010387", "building": "service", "power": "substation", "ref": "313110", "substation": "minor_distribution", "is_living": false}, "geometry": {"type": "Polygon", "coordinates": [[[37.1504937, 55.6466583], [37.1505652, 55.6465933], [37.1507086, 55.6466436], [37.1506372, 55.6467085], [37.1504937, 55.6466583]]]}}, {"type": "Feature", "id": "way/884010394", "properties": {"@id": "way/884010394", "building": "garage", "is_living": false}, "geometry": {"type": "Polygon", "coordinates": [[[37.1524949, 55.6479339], [37.1523813, 55.647903], [37.1524436, 55.6478302], [37.1525572, 55.6478611], [37.1524949, 55.6479339]]]}}, {"type": "Feature", "id": "way/886881167", "properties": {"@id": "way/886881167", "building": "gazebo", "is_living": false}, "geometry": {"type": "Polygon", "coordinates": [[[36.8552654, 55.8062647], [36.8552371, 55.8062561], [36.8552361, 55.8062381], [36.8552635, 55.8062285], [36.8552918, 55.8062371], [36.8552928, 55.8062552], [36.8552654, 55.8062647]]]}}, {"type": "Feature", "id": "way/886881168", "properties": {"@id": "way/886881168", "building": "gazebo", "is_living": false}, "geometry": {"type": "Polygon", "coordinates": [[[36.8556302, 55.8062941], [36.8556019, 55.8062855], [36.8556009, 55.8062675], [36.8556282, 55.8062579], [36.8556566, 55.8062665], [36.8556576, 55.8062846], [36.8556302, 55.8062941]]]}}, {"type": "Feature", "id": "way/886881173", "properties": {"@id": "way/886881173", "building": "gazebo", "is_living": false}, "geometry": {"type": "Polygon", "coordinates": [[[36.857253, 55.806975], [36.8572246, 55.8069665], [36.8572236, 55.8069484], [36.857251, 55.8069389], [36.8572793, 55.8069474], [36.8572803, 55.8069655], [36.857253, 55.806975]]]}}, {"type": "Feature", "id": "way/886881174", "properties": {"@id": "way/886881174", "building": "gazebo", "is_living": false}, "geometry": {"type": "Polygon", "coordinates": [[[36.8566562, 55.8071337], [36.8566278, 55.8071251], [36.8566268, 55.8071071], [36.8566542, 55.8070975], [36.8566825, 55.8071061], [36.8566835, 55.8071242], [36.8566562, 55.8071337]]]}}, {"type": "Feature", "id": "way/886881175", "properties": {"@id": "way/886881175", "building": "gazebo", "is_living": false}, "geometry": {"type": "Polygon", "coordinates": [[[36.8554398, 55.8074378], [36.8554115, 55.8074292], [36.8554105, 55.8074112], [36.8554378, 55.8074016], [36.8554661, 55.8074102], [36.8554671, 55.8074283], [36.8554398, 55.8074378]]]}}, {"type": "Feature", "id": "way/886881176", "properties": {"@id": "way/886881176", "building": "gazebo", "is_living": false}, "geometry": {"type": "Polygon", "coordinates": [[[36.8560728, 55.8072908], [36.8560445, 55.8072823], [36.8560435, 55.8072642], [36.8560708, 55.8072547], [36.8560991, 55.8072632], [36.8561001, 55.8072813], [36.8560728, 55.8072908]]]}}, {"type": "Feature", "id": "way/886881177", "properties": {"@id": "way/886881177", "building": "roof", "is_living": false}, "geometry": {"type": "Polygon", "coordinates": [[[36.8553376, 55.8069499], [36.8552783, 55.806932], [36.8552773, 55.8069137], [36.8552763, 55.8068942], [36.8553335, 55.8068743], [36.8553927, 55.8068922], [36.8553948, 55.80693], [36.8553376, 55.8069499]]]}}, {"type": "Feature", "id": "way/886881178", "properties": {"@id": "way/886881178", "building": "roof", "is_living": false}, "geometry": {"type": "Polygon", "coordinates": [[[36.8551753, 55.8068904], [36.8551423, 55.8068804], [36.8551161, 55.8068725], [36.855114, 55.8068347], [36.8551712, 55.8068148], [36.8552304, 55.8068327], [36.8552325, 55.8068705], [36.8551753, 55.8068904]]]}}, {"type": "Feature", "id": "way/886881179", "properties": {"@id": "way/886881179", "building": "roof", "is_living": false}, "geometry": {"type": "Polygon", "coordinates": [[[36.8550023, 55.8069416], [36.8549431, 55.8069237], [36.854941, 55.8068859], [36.8549982, 55.806866], [36.8550574, 55.8068839], [36.8550595, 55.8069217], [36.8550333, 55.8069308], [36.8550023, 55.8069416]]]}}, {"type": "Feature", "id": "way/886881180", "properties": {"@id": "way/886881180", "building": "roof", "is_living": false}, "geometry": {"type": "Polygon", "coordinates": [[[36.8534969, 55.8062613], [36.8533529, 55.8062179], [36.8533479, 55.8061261], [36.8534868, 55.8060778], [36.8536307, 55.8061212], [36.8536357, 55.806213], [36.8534969, 55.8062613]]]}}, {"type": "Feature", "id": "way/886881216", "properties": {"@id": "way/886881216", "amenity": "guardhouse", "building": "guardhouse", "is_living": false}, "geometry": {"type": "Polygon", "coordinates": [[[36.8577079, 55.8064071], [36.8577682, 55.8064754], [36.8575845, 55.8065266], [36.8575242, 55.8064584], [36.8577079, 55.8064071]]]}}, {"type": "Feature", "id": "way/886881218", "properties": {"@id": "way/886881218", "building": "service", "name": "КПП", "is_living": false}, "geometry": {"type": "Polygon", "coordinates": [[[36.8547668, 55.807842], [36.8546295, 55.807882], [36.8546042, 55.8078547], [36.8545474, 55.8077931], [36.8546107, 55.8077747], [36.8546847, 55.8077531], [36.8547668, 55.807842]]]}}, {"type": "Feature", "id": "way/886881219", "properties": {"@id": "way/886881219", "building": "hospital", "name": "Медицинский корпус", "is_living": false}, "geometry": {"type": "Polygon", "coordinates": [[[36.8564647, 55.8055065], [36.8565747, 55.8056482], [36.8562682, 55.8057233], [36.8561583, 55.8055816], [36.8564647, 55.8055065]]]}}, {"type": "Feature", "id": "way/886881221", "properties": {"@id": "way/886881221", "addr:housenumber": "6", "addr:place": "Сватово", "building": "commercial", "building:levels": "2", "name": "Ресторанно-развлекательный комплекс", "roof:shape": "hipped", "is_living": false}, "geometry": {"type": "Polygon", "coordinates": [[[36.8538985, 55.8071516], [36.8534938, 55.8072565], [36.8533308, 55.8070579], [36.8531482, 55.8071052], [36.8529727, 55.8068914], [36.8532688, 55.8068147], [36.8533055, 55.8068594], [36.8535967, 55.8067839], [36.8537032, 55.8069136], [36.8538985, 55.8071516]]]}}, {"type": "Feature", "id": "way/886881222", "properties": {"@id": "way/886881222", "building": "office", "building:levels": "2", "name": "Ресепшн", "roof:shape": "hipped", "is_living": false}, "geometry": {"type": "Polygon", "coordinates": [[[36.8529759, 55.8066656], [36.8533216, 55.8065793], [36.8533984, 55.8065601], [36.8535106, 55.806702], [36.8530881, 55.8068075], [36.8529759, 55.8066656]]]}}, {"type": "Feature", "id": "way/886881228", "properties": {"@id": "way/886881228", "addr:housenumber": "6", "addr:place": "Сватово", "building": "office", "building:levels": "3", "name": "Корпус 6", "roof:levels": "1", "roof:shape": "flat", "is_living": false}, "geometry": {"type": "Polygon", "coordinates": [[[36.8569247, 55.8060303], [36.8571715, 55.8063484], [36.8571379, 55.8063566], [36.8571772, 55.8064068], [36.8570886, 55.8064285], [36.8570488, 55.8063784], [36.8570052, 55.8063891], [36.8567585, 55.806071], [36.8569247, 55.8060303]]]}}, {"type": "Feature", "id": "way/886881229", "properties": {"@id": "way/886881229", "addr:housenumber": "7", "addr:place": "Сватово", "building": "hotel", "building:levels": "2", "name": "Корпус 7", "roof:shape": "hipped", "is_living": false}, "geometry": {"type": "Polygon", "coordinates": [[[36.8547028, 55.8064116], [36.8550029, 55.8064493], [36.8556014, 55.8065246], [36.8555446, 55.8066672], [36.8552641, 55.8066319], [36.8552534, 55.8066586], [36.8551605, 55.8066469], [36.8551759, 55.8066084], [36.855019, 55.8065887], [36.8550037, 55.8066272], [36.8549058, 55.8066149], [36.8549165, 55.8065881], [36.854646, 55.8065541], [36.8547028, 55.8064116]]]}}, {"type": "Feature", "id": "way/886881230", "properties": {"@id": "way/886881230", "addr:housenumber": "1", "building": "hotel", "building:levels": "2", "name": "Корпус 1", "roof:shape": "hipped", "is_living": false}, "geometry": {"type": "Polygon", "coordinates": [[[36.8547014, 55.8073571], [36.8549687, 55.8073837], [36.8552446, 55.8074111], [36.8552026, 55.8075449], [36.8549325, 55.8075181], [36.8546593, 55.8074909], [36.8547014, 55.8073571]]]}}, {"type": "Feature", "id": "way/886881231", "properties": {"@id": "way/886881231", "addr:housenumber": "3", "building": "hotel", "building:levels": "2", "name": "Корпус 3", "roof:shape": "hipped", "is_living": false}, "geometry": {"type": "Polygon", "coordinates": [[[36.8564986, 55.8070757], [36.8564565, 55.8072095], [36.8562039, 55.8071844], [36.8559132, 55.8071555], [36.8559553, 55.8070217], [36.8562438, 55.8070504], [36.8564986, 55.8070757]]]}}, {"type": "Feature", "id": "way/886881232", "properties": {"@id": "way/886881232", "addr:housenumber": "2", "building": "hotel", "building:levels": "2", "name": "Корпус 2", "roof:shape": "hipped", "is_living": false}, "geometry": {"type": "Polygon", "coordinates": [[[36.8553626, 55.80718], [36.855654, 55.807209], [36.8559058, 55.807234], [36.8558637, 55.8073678], [36.8556115, 55.8073427], [36.8553205, 55.8073138], [36.8553626, 55.80718]]]}}, {"type": "Feature", "id": "way/886978444", "properties": {"@id": "way/886978444", "addr:housenumber": "16/3", "addr:place": "СНТ «имени Мичурина»", "building": "allotment_house", "note": "адрес из ЕГРН разобран вручную", "source:addr": "ЕГРН", "is_living": false}, "geometry": {"type": "Polygon", "coordinates": [[[36.4796627, 55.5670428], [36.4796546, 55.5669753], [36.4797296, 55.5669725], [36.4797377, 55.56704], [36.4796627, 55.5670428]]]}}, {"type": "Feature", "id": "way/886978445", "properties": {"@id": "way/886978445", "addr:housenumber": "40/2", "addr:place": "СНТ «имени Мичурина»", "building": "allotment_house", "note": "адрес из ЕГРН разобран вручную", "source:addr": "ЕГРН", "is_living": false}, "geometry": {"type": "Polygon", "coordinates": [[[36.4788902, 55.5675767], [36.4788891, 55.5675228], [36.4790031, 55.567522], [36.4790042, 55.5675759], [36.4788902, 55.5675767]]]}}, {"type": "Feature", "id": "way/886978446", "properties": {"@id": "way/886978446", "building": "allotment_house", "is_living": false}, "geometry": {"type": "Polygon", "coordinates": [[[36.4789438, 55.568153], [36.4789369, 55.5680673], [36.4791139, 55.5680627], [36.4791209, 55.5681484], [36.4789438, 55.568153]]]}}, {"type": "Feature", "id": "way/886978448", "properties": {"@id": "way/886978448", "building": "allotment_house", "is_living": false}, "geometry": {"type": "Polygon", "coordinates": [[[36.4770824, 55.5689067], [36.4770743, 55.5688006], [36.4772162, 55.5687971], [36.4772243, 55.5689033], [36.4770824, 55.5689067]]]}}, {"type": "Feature", "id": "way/886978450", "properties": {"@id": "way/886978450", "addr:housenumber": "3/2", "addr:place": "СНТ «имени Мичурина»", "building": "allotment_house", "building:levels": "1", "note": "адрес из ЕГРН разобран вручную", "source:addr": "ЕГРН", "start_date": "2024", "is_living": false}, "geometry": {"type": "Polygon", "coordinates": [[[36.4761979, 55.5684234], [36.4761979, 55.5683658], [36.4763347, 55.5683658], [36.4763347, 55.5684234], [36.4761979, 55.5684234]]]}}, {"type": "Feature", "id": "way/886978452", "properties": {"@id": "way/886978452", "addr:housenumber": "30/4", "addr:place": "СНТ «имени Мичурина»", "building": "allotment_house", "source:addr": "ЕГРН", "is_living": false}, "geometry": {"type": "Polygon", "coordinates": [[[36.4780319, 55.5650499], [36.4780319, 55.5649832], [36.4782438, 55.5649832], [36.4782438, 55.5650499], [36.4780319, 55.5650499]]]}}, {"type": "Feature", "id": "way/886978453", "properties": {"@id": "way/886978453", "addr:housenumber": "37", "addr:place": "СНТ «Мичуринец-69»", "building": "allotment_house", "note": "адрес из ЕГРН разобран вручную", "source:addr": "ЕГРН", "is_living": false}, "geometry": {"type": "Polygon", "coordinates": [[[36.4802366, 55.5625974], [36.480234, 55.5624745], [36.480411, 55.5624732], [36.4804136, 55.5625961], [36.4802366, 55.5625974]]]}}, {"type": "Feature", "id": "way/886978454", "properties": {"@id": "way/886978454", "addr:housenumber": "19/3", "addr:place": "СНТ «имени Мичурина»", "building": "allotment_house", "is_living": false}, "geometry": {"type": "Polygon", "coordinates": [[[36.4816019, 55.5668472], [36.4816019, 55.566785], [36.4817843, 55.566785], [36.4817843, 55.5668472], [36.4816019, 55.5668472]]]}}, {"type": "Feature", "id": "way/886978455", "properties": {"@id": "way/886978455", "addr:housenumber": "18/3", "addr:place": "СНТ «имени Мичурина»", "building": "allotment_house", "building:levels": "2", "note": "адрес из ЕГРН разобран вручную", "source:addr": "ЕГРН", "start_date": "1999", "is_living": false}, "geometry": {"type": "Polygon", "coordinates": [[[36.4809152, 55.5668624], [36.4809135, 55.5667909], [36.4811093, 55.5667894], [36.481111, 55.5668608], [36.4809152, 55.5668624]]]}}, {"type": "Feature", "id": "way/886978456", "properties": {"@id": "way/886978456", "addr:housenumber": "4/6", "addr:place": "СНТ «имени Мичурина»", "building": "allotment_house", "note": "адрес из ЕГРН разобран вручную", "source:addr": "ЕГРН", "is_living": false}, "geometry": {"type": "Polygon", "coordinates": [[[36.4789706, 55.5693405], [36.4789653, 55.5692555], [36.479102, 55.5692528], [36.4791074, 55.5693377], [36.4789706, 55.5693405]]]}}, {"type": "Feature", "id": "way/886978457", "properties": {"@id": "way/886978457", "addr:housenumber": "17/1", "addr:place": "СНТ «имени Мичурина»", "building": "allotment_house", "building:levels": "3", "note": "адрес из ЕГРН разобран вручную", "source:addr": "ЕГРН", "start_date": "2001", "is_living": false}, "geometry": {"type": "Polygon", "coordinates": [[[36.4821556, 55.5703035], [36.4819987, 55.570305], [36.4819954, 55.5701924], [36.4821523, 55.5701909], [36.4821556, 55.5703035]]]}}, {"type": "Feature", "id": "way/886978458", "properties": {"@id": "way/886978458", "building": "allotment_house", "is_living": false}, "geometry": {"type": "Polygon", "coordinates": [[[36.4818728, 55.5695043], [36.4816799, 55.5695021], [36.4816826, 55.5694248], [36.4818755, 55.5694269], [36.4818728, 55.5695043]]]}}, {"type": "Feature", "id": "way/886978459", "properties": {"@id": "way/886978459", "addr:housenumber": "9/1", "addr:place": "СНТ «имени Мичурина»", "building": "allotment_house", "note": "адрес из ЕГРН разобран вручную", "source:addr": "ЕГРН", "is_living": false}, "geometry": {"type": "Polygon", "coordinates": [[[36.4811593, 55.5697863], [36.4811511, 55.5697199], [36.481304, 55.5697139], [36.4813122, 55.5697803], [36.4811593, 55.5697863]]]}}, {"type": "Feature", "id": "way/886978460", "properties": {"@id": "way/886978460", "addr:housenumber": "3/1", "addr:place": "СНТ «имени Мичурина»", "building": "allotment_house", "note": "адрес из ЕГРН разобран вручную", "source:addr": "ЕГРН", "is_living": false}, "geometry": {"type": "Polygon", "coordinates": [[[36.4808479, 55.5705067], [36.480841, 55.5704404], [36.4810234, 55.5704344], [36.4810303, 55.5705006], [36.4808479, 55.5705067]]]}}, {"type": "Feature", "id": "way/886978461", "properties": {"@id": "way/886978461", "building": "allotment_house", "building:levels": "2", "start_date": "2000", "is_living": false}, "geometry": {"type": "Polygon", "coordinates": [[[36.4807983, 55.5692803], [36.4809284, 55.5692772], [36.4809311, 55.5693142], [36.480801, 55.5693172], [36.4807983, 55.5692803]]]}}, {"type": "Feature", "id": "way/886978463", "properties": {"@id": "way/886978463", "addr:housenumber": "1/1", "addr:place": "СНТ «имени Мичурина»", "building": "allotment_house", "note": "адрес из ЕГРН разобран вручную", "source:addr": "ЕГРН", "is_living": false}, "geometry": {"type": "Polygon", "coordinates": [[[36.4802258, 55.5705949], [36.4802346, 55.5705436], [36.4803727, 55.5705512], [36.4803639, 55.5706025], [36.4802258, 55.5705949]]]}}, {"type": "Feature", "id": "way/893653122", "properties": {"@id": "way/893653122", "access": "private", "addr:city": "Одинцово", "addr:housenumber": "2", "addr:postcode": "143001", "addr:street": "Сколковская улица", "amenity": "parking", "building": "parking", "building:levels": "9", "capacity": "2876", "description": "Автостоянка UP-Квартал Сколковский", "energy_class": "C+", "parking": "multi-storey", "start_date": "2020-12-25", "is_living": false}, "geometry": {"type": "Polygon", "coordinates": [[[37.3246336, 55.6931407], [37.3253422, 55.6921512], [37.3262144, 55.6923496], [37.3263463, 55.692543], [37.3257384, 55.693392], [37.3246336, 55.6931407]]]}}, {"type": "Feature", "id": "way/894198372", "properties": {"@id": "way/894198372", "addr:housenumber": "с26А", "addr:postcode": "143005", "addr:street": "Кутузовская улица", "building": "yes", "is_living": false}, "geometry": {"type": "Polygon", "coordinates": [[[37.3236814, 55.6982144], [37.323644, 55.6981448], [37.3240977, 55.6980674], [37.3241351, 55.698137], [37.3236814, 55.6982144]]]}}, {"type": "Feature", "id": "way/894198373", "properties": {"@id": "way/894198373", "building": "yes", "is_living": false}, "geometry": {"type": "Polygon", "coordinates": [[[37.3238453, 55.6978407], [37.3240704, 55.6978024], [37.3241005, 55.6978584], [37.3238754, 55.6978968], [37.3238453, 55.6978407]]]}}, {"type": "Feature", "id": "way/894198374", "properties": {"@id": "way/894198374", "addr:housenumber": "26Б", "addr:postcode": "143001", "addr:street": "улица Чистяковой", "building": "yes", "is_living": false}, "geometry": {"type": "Polygon", "coordinates": [[[37.3236573, 55.6980262], [37.3235818, 55.6978857], [37.3238453, 55.6978407], [37.3238754, 55.6978968], [37.3239208, 55.6979813], [37.3236573, 55.6980262]]]}}, {"type": "Feature", "id": "way/894198375", "properties": {"@id": "way/894198375", "addr:housenumber": "26В", "addr:postcode": "143005", "addr:street": "улица Чистяковой", "building": "retail", "building:levels": "2", "is_living": false}, "geometry": {"type": "Polygon", "coordinates": [[[37.3235446, 55.6977632], [37.3234212, 55.6975334], [37.3236403, 55.6974961], [37.3237995, 55.6975425], [37.3238867, 55.6977048], [37.3235446, 55.6977632]]]}}, {"type": "Feature", "id": "way/894198403", "properties": {"@id": "way/894198403", "addr:housenumber": "27 с1", "addr:postcode": "143005", "addr:street": "2-я Советская улица", "building": "retail", "building:levels": "2", "is_living": false}, "geometry": {"type": "Polygon", "coordinates": [[[37.3188373, 55.6955895], [37.3188656, 55.6953357], [37.3191834, 55.695347], [37.3191809, 55.69537], [37.3194612, 55.6953799], [37.3194355, 55.6956106], [37.3188373, 55.6955895]]]}}, {"type": "Feature", "id": "way/894198408", "properties": {"@id": "way/894198408", "addr:housenumber": "22А", "addr:street": "Родниковая улица", "building": "retail", "building:levels": "2", "is_living": false}, "geometry": {"type": "Polygon", "coordinates": [[[37.3168552, 55.698203], [37.3168507, 55.6984025], [37.3169178, 55.698403], [37.3169169, 55.6984419], [37.3169161, 55.6984801], [37.3168489, 55.6984796], [37.3168471, 55.6985583], [37.3163425, 55.6985546], [37.3163438, 55.6984941], [37.3166595, 55.6982016], [37.3168552, 55.698203]]]}}, {"type": "Feature", "id": "way/894270228", "properties": {"@id": "way/894270228", "building": "retail", "building:levels": "1", "is_living": false}, "geometry": {"type": "Polygon", "coordinates": [[[37.297042, 55.7391708], [37.2969306, 55.739148], [37.2969218, 55.7391462], [37.2970082, 55.7390121], [37.2971284, 55.7390366], [37.297042, 55.7391708]]]}}, {"type": "Feature", "id": "way/894371966", "properties": {"@id": "way/894371966", "building": "retail", "building:levels": "1", "is_living": false}, "geometry": {"type": "Polygon", "coordinates": [[[37.3171819, 55.6880817], [37.3170535, 55.6880507], [37.3170905, 55.6880021], [37.317187, 55.6880254], [37.3171988, 55.6880429], [37.3171981, 55.6880604], [37.3171819, 55.6880817]]]}}, {"type": "Feature", "id": "way/894371970", "properties": {"@id": "way/894371970", "addr:city": "Мамоново", "addr:housenumber": "90", "addr:street": "Колхозная улица", "building": "retail", "building:levels": "2", "is_living": false}, "geometry": {"type": "Polygon", "coordinates": [[[37.3174909, 55.6884152], [37.3175748, 55.688305], [37.3175852, 55.6882914], [37.3177216, 55.6883245], [37.3176273, 55.6884482], [37.3174909, 55.6884152]]]}}, {"type": "Feature", "id": "way/895287992", "properties": {"@id": "way/895287992", "addr:city": "Трёхгорка", "addr:housenumber": "6", "addr:street": "Трёхгорная улица", "building": "retail", "is_living": false}, "geometry": {"type": "Polygon", "coordinates": [[[37.336362, 55.6963818], [37.3374698, 55.6972026], [37.3368792, 55.6974586], [37.3368457, 55.6974654], [37.3368163, 55.6974597], [37.3365128, 55.6972357], [37.3360598, 55.6965373], [37.3360558, 55.6965222], [37.3360649, 55.6965096], [37.336362, 55.6963818]]]}}, {"type": "Feature", "id": "way/895990791", "properties": {"@id": "way/895990791", "building": "greenhouse", "is_living": false}, "geometry": {"type": "Polygon", "coordinates": [[[37.001422, 55.5825473], [37.0011562, 55.5816608], [37.001524, 55.5816256], [37.0017897, 55.5825121], [37.001422, 55.5825473]]]}}, {"type": "Feature", "id": "way/895990792", "properties": {"@id": "way/895990792", "building": "yes", "is_living": false}, "geometry": {"type": "Polygon", "coordinates": [[[37.0011002, 55.5813436], [37.0010552, 55.5811935], [37.0012611, 55.5811738], [37.0013061, 55.5813239], [37.0011002, 55.5813436]]]}}, {"type": "Feature", "id": "way/895990793", "properties": {"@id": "way/895990793", "building": "yes", "is_living": false}, "geometry": {"type": "Polygon", "coordinates": [[[37.0016688, 55.5816226], [37.0016178, 55.5814523], [37.0020873, 55.5814073], [37.0021383, 55.5815776], [37.0016688, 55.5816226]]]}}, {"type": "Feature", "id": "way/895990794", "properties": {"@id": "way/895990794", "building": "yes", "is_living": false}, "geometry": {"type": "Polygon", "coordinates": [[[37.0014807, 55.5813764], [37.0014269, 55.5811777], [37.0016043, 55.5811624], [37.0016579, 55.5813611], [37.0014807, 55.5813764]]]}}, {"type": "Feature", "id": "way/901938267", "properties": {"@id": "way/901938267", "building": "service", "building:levels": "1", "location": "indoor", "power": "substation", "substation": "minor_distribution", "is_living": false}, "geometry": {"type": "Polygon", "coordinates": [[[37.1749666, 55.7247003], [37.1752159, 55.7247151], [37.1751985, 55.7248077], [37.1749493, 55.7247929], [37.1749666, 55.7247003]]]}}, {"type": "Feature", "id": "way/905948274", "properties": {"@id": "way/905948274", "addr:housenumber": "101", "addr:postcode": "143180", "addr:street": "улица Кирова", "addr:suburb": "Шихово", "building": "retail", "building:levels": "1", "is_living": false}, "geometry": {"type": "Polygon", "coordinates": [[[36.7876875, 55.7028675], [36.7875616, 55.7027193], [36.7881329, 55.7025651], [36.7882588, 55.7027133], [36.7876875, 55.7028675]]]}}, {"type": "Feature", "id": "way/905948293", "properties": {"@id": "way/905948293", "addr:housenumber": "24", "addr:street": "Радужная улица", "building": "retail", "name": "Торговый центр \"Галерея\"", "shop": "mall", "is_living": false}, "geometry": {"type": "Polygon", "coordinates": [[[36.8692857, 55.7022629], [36.8694778, 55.7025087], [36.8690122, 55.7026242], [36.8686168, 55.7026115], [36.8686317, 55.7025243], [36.8685669, 55.7024412], [36.8688909, 55.7023609], [36.8688415, 55.7022977], [36.8691626, 55.7022181], [36.8692119, 55.7022812], [36.8692857, 55.7022629]]]}}, {"type": "Feature", "id": "way/905948299", "properties": {"@id": "way/905948299", "building": "yes", "is_living": false}, "geometry": {"type": "Polygon", "coordinates": [[[36.8712759, 55.703276], [36.8716568, 55.7031879], [36.8717981, 55.7033819], [36.8714869, 55.7034539], [36.8714571, 55.7034129], [36.8713874, 55.703429], [36.8712759, 55.703276]]]}}, {"type": "Feature", "id": "way/905948300", "properties": {"@id": "way/905948300", "building": "yes", "is_living": false}, "geometry": {"type": "Polygon", "coordinates": [[[36.872609, 55.7029173], [36.8724105, 55.7026967], [36.8726159, 55.702638], [36.8728143, 55.7028587], [36.872609, 55.7029173]]]}}, {"type": "Feature", "id": "way/907876396", "properties": {"@id": "way/907876396", "brand": "Wildberries", "brand:wikidata": "Q24933714", "building": "retail", "building:levels": "1", "name": "Wildberries", "shop": "outpost", "is_living": false}, "geometry": {"type": "Polygon", "coordinates": [[[36.8642619, 55.7216052], [36.8642861, 55.7215729], [36.8643559, 55.7215895], [36.8643316, 55.7216218], [36.8642619, 55.7216052]]]}}, {"type": "Feature", "id": "way/907876397", "properties": {"@id": "way/907876397", "amenity": "fast_food", "building": "retail", "building:levels": "1", "is_living": false}, "geometry": {"type": "Polygon", "coordinates": [[[36.8641761, 55.7215845], [36.8642003, 55.7215522], [36.8642701, 55.7215688], [36.8642458, 55.7216011], [36.8641761, 55.7215845]]]}}, {"type": "Feature", "id": "way/907876420", "properties": {"@id": "way/907876420", "building": "yes", "is_living": false}, "geometry": {"type": "Polygon", "coordinates": [[[36.8662629, 55.7263443], [36.8660909, 55.726288], [36.8664745, 55.7259164], [36.8666464, 55.7259727], [36.8662629, 55.7263443]]]}}, {"type": "Feature", "id": "way/907876421", "properties": {"@id": "way/907876421", "building": "yes", "is_living": false}, "geometry": {"type": "Polygon", "coordinates": [[[36.8672258, 55.7258201], [36.8669929, 55.7257224], [36.8670514, 55.7256782], [36.8672843, 55.7257759], [36.8672258, 55.7258201]]]}}, {"type": "Feature", "id": "way/907876422", "properties": {"@id": "way/907876422", "building": "yes", "is_living": false}, "geometry": {"type": "Polygon", "coordinates": [[[36.8672955, 55.7254622], [36.8669414, 55.7256993], [36.8667843, 55.7256249], [36.8671384, 55.7253878], [36.8672955, 55.7254622]]]}}, {"type": "Feature", "id": "way/907876431", "properties": {"@id": "way/907876431", "addr:housenumber": "2", "addr:place": "микрорайон 3", "addr:suburb": "Восточный район", "building": "construction", "building:levels": "9", "construction": "apartments", "is_living": false}, "geometry": {"type": "Polygon", "coordinates": [[[36.8692767, 55.722202], [36.8694301, 55.7220919], [36.8704369, 55.7225369], [36.8704641, 55.7226936], [36.8701512, 55.7229181], [36.870234, 55.7229547], [36.8700214, 55.7231073], [36.869835, 55.723025], [36.8700507, 55.7228701], [36.8699509, 55.722826], [36.8702321, 55.7226242], [36.8692767, 55.722202]]]}}, {"type": "Feature", "id": "way/907876432", "properties": {"@id": "way/907876432", "building": "service", "building:levels": "1", "location": "indoor", "power": "substation", "substation": "minor_distribution", "is_living": false}, "geometry": {"type": "Polygon", "coordinates": [[[36.8690616, 55.7218806], [36.8691289, 55.7218319], [36.8692591, 55.721889], [36.8691919, 55.7219377], [36.8690616, 55.7218806]]]}}, {"type": "Feature", "id": "way/907876440", "properties": {"@id": "way/907876440", "building": "garages", "is_living": false}, "geometry": {"type": "Polygon", "coordinates": [[[36.8687895, 55.7215301], [36.8689331, 55.721341], [36.8690282, 55.7213639], [36.8688846, 55.721553], [36.8687895, 55.7215301]]]}}, {"type": "Feature", "id": "way/907876441", "properties": {"@id": "way/907876441", "building": "garages", "is_living": false}, "geometry": {"type": "Polygon", "coordinates": [[[36.8685883, 55.7214833], [36.8687518, 55.7212679], [36.8688431, 55.7212899], [36.8686796, 55.7215053], [36.8685883, 55.7214833]]]}}, {"type": "Feature", "id": "way/907876458", "properties": {"@id": "way/907876458", "building": "service", "building:levels": "1", "location": "indoor", "power": "substation", "substation": "minor_distribution", "is_living": false}, "geometry": {"type": "Polygon", "coordinates": [[[36.8584326, 55.7271811], [36.8584078, 55.7271425], [36.8584965, 55.7271244], [36.8585213, 55.727163], [36.8584326, 55.7271811]]]}}, {"type": "Feature", "id": "way/908538375", "properties": {"@id": "way/908538375", "addr:housenumber": "38", "addr:street": "Московская улица", "building": "retail", "building:levels": "3", "is_living": false}, "geometry": {"type": "Polygon", "coordinates": [[[36.8609682, 55.728989], [36.8608758, 55.7289454], [36.8610287, 55.7285482], [36.8614617, 55.7288576], [36.8609682, 55.728989]]]}}, {"type": "Feature", "id": "way/908538376", "properties": {"@id": "way/908538376", "building": "service", "building:levels": "1", "location": "indoor", "power": "substation", "ref": "РТП-958", "substation": "minor_distribution", "is_living": false}, "geometry": {"type": "Polygon", "coordinates": [[[36.8627679, 55.7282142], [36.8626955, 55.7281296], [36.8627829, 55.7281059], [36.8628553, 55.7281905], [36.8627679, 55.7282142]]]}}, {"type": "Feature", "id": "way/908538377", "properties": {"@id": "way/908538377", "building": "retail", "building:levels": "1", "is_living": false}, "geometry": {"type": "Polygon", "coordinates": [[[36.8626231, 55.7282822], [36.8626596, 55.7282292], [36.8628393, 55.7282684], [36.8628028, 55.7283214], [36.8626231, 55.7282822]]]}}, {"type": "Feature", "id": "way/908538386", "properties": {"@id": "way/908538386", "building": "yes", "is_living": false}, "geometry": {"type": "Polygon", "coordinates": [[[36.8571594, 55.7353578], [36.8571325, 55.7353037], [36.8577644, 55.735204], [36.8577913, 55.7352581], [36.8571594, 55.7353578]]]}}, {"type": "Feature", "id": "way/908538387", "properties": {"@id": "way/908538387", "building": "yes", "is_living": false}, "geometry": {"type": "Polygon", "coordinates": [[[36.8579185, 55.7352974], [36.8578635, 55.7351868], [36.8580597, 55.7351559], [36.8581147, 55.7352664], [36.8579185, 55.7352974]]]}}, {"type": "Feature", "id": "way/908538422", "properties": {"@id": "way/908538422", "building": "yes", "is_living": false}, "geometry": {"type": "Polygon", "coordinates": [[[36.8622288, 55.7356492], [36.8622031, 55.7355802], [36.8623026, 55.7355684], [36.8623283, 55.7356374], [36.8622288, 55.7356492]]]}}, {"type": "Feature", "id": "way/908538424", "properties": {"@id": "way/908538424", "building": "service", "building:levels": "1", "location": "indoor", "power": "substation", "substation": "minor_distribution", "is_living": false}, "geometry": {"type": "Polygon", "coordinates": [[[36.8636021, 55.735542], [36.8635785, 55.7354789], [36.8637469, 55.7354589], [36.8637705, 55.7355221], [36.8636021, 55.735542]]]}}, {"type": "Feature", "id": "way/908538425", "properties": {"@id": "way/908538425", "building": "yes", "is_living": false}, "geometry": {"type": "Polygon", "coordinates": [[[36.8630603, 55.7352128], [36.8630128, 55.7350907], [36.863468, 55.7350346], [36.8635155, 55.7351567], [36.8630603, 55.7352128]]]}}, {"type": "Feature", "id": "way/908538428", "properties": {"@id": "way/908538428", "addr:city": "Звенигород", "addr:housenumber": "37А", "addr:street": "Московская улица", "building": "retail", "building:levels": "2", "is_living": false}, "geometry": {"type": "Polygon", "coordinates": [[[36.8619315, 55.7289613], [36.8622077, 55.7288956], [36.8622256, 55.7289194], [36.8622738, 55.7289836], [36.8619976, 55.7290493], [36.8619506, 55.7289868], [36.8619315, 55.7289613]]]}}, {"type": "Feature", "id": "way/908538431", "properties": {"@id": "way/908538431", "building": "garage", "is_living": false}, "geometry": {"type": "Polygon", "coordinates": [[[36.8630603, 55.7361596], [36.8630304, 55.7360839], [36.8631314, 55.7360713], [36.8631613, 55.736147], [36.8630603, 55.7361596]]]}}, {"type": "Feature", "id": "way/908538432", "properties": {"@id": "way/908538432", "building": "garage", "is_living": false}, "geometry": {"type": "Polygon", "coordinates": [[[36.863181, 55.7364413], [36.8631539, 55.7363727], [36.8632574, 55.7363597], [36.8632845, 55.7364283], [36.863181, 55.7364413]]]}}, {"type": "Feature", "id": "way/908538436", "properties": {"@id": "way/908538436", "building": "yes", "is_living": false}, "geometry": {"type": "Polygon", "coordinates": [[[36.8679177, 55.7329364], [36.8678373, 55.7328252], [36.8679185, 55.7328066], [36.8680021, 55.7329255], [36.8679177, 55.7329364]]]}}, {"type": "Feature", "id": "way/908538437", "properties": {"@id": "way/908538437", "building": "yes", "is_living": false}, "geometry": {"type": "Polygon", "coordinates": [[[36.8679446, 55.7330019], [36.8679177, 55.7329364], [36.8680021, 55.7329255], [36.868158, 55.7329051], [36.8681849, 55.7329706], [36.8679446, 55.7330019]]]}}, {"type": "Feature", "id": "way/908538438", "properties": {"@id": "way/908538438", "building": "yes", "is_living": false}, "geometry": {"type": "Polygon", "coordinates": [[[36.8670367, 55.7330411], [36.8676749, 55.732958], [36.8677075, 55.7330373], [36.8670693, 55.7331204], [36.8670367, 55.7330411]]]}}, {"type": "Feature", "id": "way/908538439", "properties": {"@id": "way/908538439", "building": "yes", "is_living": false}, "geometry": {"type": "Polygon", "coordinates": [[[36.8664051, 55.7323914], [36.8663408, 55.7322756], [36.866567, 55.7322358], [36.866614, 55.7323207], [36.8664588, 55.732348], [36.866476, 55.7323789], [36.8664051, 55.7323914]]]}}, {"type": "Feature", "id": "way/908538443", "properties": {"@id": "way/908538443", "building": "garages", "is_living": false}, "geometry": {"type": "Polygon", "coordinates": [[[36.8684784, 55.7341496], [36.8682548, 55.7337477], [36.8683818, 55.7337253], [36.8686053, 55.7341273], [36.8684784, 55.7341496]]]}}, {"type": "Feature", "id": "way/908538450", "properties": {"@id": "way/908538450", "building": "yes", "is_living": false}, "geometry": {"type": "Polygon", "coordinates": [[[36.8682926, 55.7344168], [36.8682418, 55.7343279], [36.8686512, 55.7342537], [36.868702, 55.7343425], [36.8682926, 55.7344168]]]}}, {"type": "Feature", "id": "way/908538451", "properties": {"@id": "way/908538451", "building": "yes", "is_living": false}, "geometry": {"type": "Polygon", "coordinates": [[[36.867891, 55.7346465], [36.8677989, 55.734492], [36.8679366, 55.734466], [36.8680286, 55.7346205], [36.867891, 55.7346465]]]}}, {"type": "Feature", "id": "way/908538460", "properties": {"@id": "way/908538460", "building": "yes", "is_living": false}, "geometry": {"type": "Polygon", "coordinates": [[[36.8698677, 55.7355541], [36.8698269, 55.7354913], [36.8699911, 55.7354574], [36.870032, 55.7355202], [36.8698677, 55.7355541]]]}}, {"type": "Feature", "id": "way/908538468", "properties": {"@id": "way/908538468", "building": "yes", "is_living": false}, "geometry": {"type": "Polygon", "coordinates": [[[36.8693752, 55.7353541], [36.8693013, 55.7352513], [36.8694437, 55.7352189], [36.8695176, 55.7353216], [36.8693752, 55.7353541]]]}}, {"type": "Feature", "id": "way/908538469", "properties": {"@id": "way/908538469", "building": "yes", "is_living": false}, "geometry": {"type": "Polygon", "coordinates": [[[36.8694735, 55.7352143], [36.8693233, 55.7350029], [36.8694907, 55.7349652], [36.8696409, 55.7351766], [36.8694735, 55.7352143]]]}}, {"type": "Feature", "id": "way/908538470", "properties": {"@id": "way/908538470", "building": "yes", "is_living": false}, "geometry": {"type": "Polygon", "coordinates": [[[36.8694408, 55.7345104], [36.8696212, 55.7344758], [36.8700203, 55.7351364], [36.8701298, 55.7351154], [36.870165, 55.7351737], [36.8698751, 55.7352292], [36.8694408, 55.7345104]]]}}, {"type": "Feature", "id": "way/908915291", "properties": {"@id": "way/908915291", "building": "retail", "building:levels": "1", "is_living": false}, "geometry": {"type": "Polygon", "coordinates": [[[36.8580338, 55.7296472], [36.8580017, 55.7295641], [36.8581525, 55.7295456], [36.8581847, 55.7296286], [36.8580338, 55.7296472]]]}}, {"type": "Feature", "id": "way/908915318", "properties": {"@id": "way/908915318", "addr:city": "Звенигород", "addr:housenumber": "7с2", "addr:street": "улица Некрасова", "building": "yes", "is_living": false}, "geometry": {"type": "Polygon", "coordinates": [[[36.8585247, 55.7306308], [36.8585555, 55.7306982], [36.858186, 55.7307517], [36.8582605, 55.7309149], [36.8584329, 55.7308899], [36.8584569, 55.7309426], [36.8581914, 55.730981], [36.858062, 55.7306978], [36.8585247, 55.7306308]]]}}, {"type": "Feature", "id": "way/908915322", "properties": {"@id": "way/908915322", "building": "service", "building:levels": "1", "location": "indoor", "power": "substation", "substation": "minor_distribution", "is_living": false}, "geometry": {"type": "Polygon", "coordinates": [[[36.859965, 55.7309857], [36.8599002, 55.7308244], [36.8600214, 55.730809], [36.8600862, 55.7309702], [36.859965, 55.7309857]]]}}, {"type": "Feature", "id": "way/908915328", "properties": {"@id": "way/908915328", "building": "service", "pipeline": "substation", "substance": "gas", "substation": "distribution", "is_living": false}, "geometry": {"type": "Polygon", "coordinates": [[[36.8616877, 55.7312696], [36.8616548, 55.7312255], [36.8617104, 55.7312123], [36.8617433, 55.7312565], [36.8616877, 55.7312696]]]}}, {"type": "Feature", "id": "way/908915337", "properties": {"@id": "way/908915337", "building": "yes", "is_living": false}, "geometry": {"type": "Polygon", "coordinates": [[[36.8678318, 55.7270646], [36.8677016, 55.7270018], [36.8677615, 55.7269624], [36.8678916, 55.7270253], [36.8678318, 55.7270646]]]}}, {"type": "Feature", "id": "way/908915338", "properties": {"@id": "way/908915338", "building": "yes", "is_living": false}, "geometry": {"type": "Polygon", "coordinates": [[[36.8658452, 55.7268096], [36.866256, 55.7269672], [36.866169, 55.7270391], [36.8660829, 55.7270061], [36.8660359, 55.7270449], [36.8656087, 55.726881], [36.865559, 55.7269221], [36.8654951, 55.7268976], [36.8655897, 55.7268193], [36.8657561, 55.7268832], [36.8658452, 55.7268096]]]}}, {"type": "Feature", "id": "way/908915341", "properties": {"@id": "way/908915341", "building": "yes", "is_living": false}, "geometry": {"type": "Polygon", "coordinates": [[[36.869165, 55.7280722], [36.8690759, 55.7280024], [36.8691757, 55.727962], [36.8692649, 55.7280318], [36.869165, 55.7280722]]]}}, {"type": "Feature", "id": "way/908915342", "properties": {"@id": "way/908915342", "building": "yes", "is_living": false}, "geometry": {"type": "Polygon", "coordinates": [[[36.8689933, 55.7281538], [36.8688968, 55.7280781], [36.8690121, 55.7280314], [36.8691087, 55.7281071], [36.8689933, 55.7281538]]]}}, {"type": "Feature", "id": "way/908915343", "properties": {"@id": "way/908915343", "building": "construction", "is_living": false}, "geometry": {"type": "Polygon", "coordinates": [[[36.8686876, 55.7273865], [36.8688345, 55.7275003], [36.868769, 55.7275271], [36.8690695, 55.7277598], [36.8687116, 55.7279064], [36.8684821, 55.7277287], [36.868295, 55.7278053], [36.868224, 55.7277503], [36.8681854, 55.7277661], [36.8680385, 55.7276523], [36.8686876, 55.7273865]]]}}, {"type": "Feature", "id": "way/915100716", "properties": {"@id": "way/915100716", "addr:housenumber": "3 с8", "addr:place": "Военно-патриотический парк культуры и отдыха ВС РФ", "addr:postcode": "143070", "building": "yes", "building:levels": "1", "leisure": "sports_centre", "is_living": false}, "geometry": {"type": "Polygon", "coordinates": [[[36.7885239, 55.5653128], [36.7885913, 55.5650413], [36.7890814, 55.5650793], [36.7890163, 55.5653514], [36.7885239, 55.5653128]]]}}, {"type": "Feature", "id": "way/915100718", "properties": {"@id": "way/915100718", "addr:housenumber": "3 с4", "addr:place": "Военно-патриотический парк культуры и отдыха ВС РФ", "addr:postcode": "143070", "building": "yes", "building:levels": "2", "start_date": "2020", "is_living": false}, "geometry": {"type": "Polygon", "coordinates": [[[36.7894802, 55.5647218], [36.789592, 55.5643497], [36.7904449, 55.5644316], [36.7903332, 55.5648037], [36.7894802, 55.5647218]]]}}, {"type": "Feature", "id": "way/915100719", "properties": {"@id": "way/915100719", "addr:housenumber": "3 с5", "addr:place": "Военно-патриотический парк культуры и отдыха ВС РФ", "addr:postcode": "143070", "building": "yes", "building:levels": "1", "start_date": "2020", "is_living": false}, "geometry": {"type": "Polygon", "coordinates": [[[36.7925221, 55.5666128], [36.7926047, 55.5663709], [36.7935776, 55.5664769], [36.793495, 55.566719], [36.7925221, 55.5666128]]]}}, {"type": "Feature", "id": "way/915100721", "properties": {"@id": "way/915100721", "addr:housenumber": "3 с3", "addr:place": "Военно-патриотический парк культуры и отдыха ВС РФ", "addr:postcode": "143070", "building": "yes", "building:levels": "2", "start_date": "2020", "is_living": false}, "geometry": {"type": "Polygon", "coordinates": [[[36.789806, 55.5669927], [36.7896225, 55.566901], [36.7898595, 55.5667493], [36.7899024, 55.5665855], [36.7897628, 55.5663652], [36.7900398, 55.5663091], [36.7901721, 55.5665179], [36.7903611, 55.5666341], [36.7907763, 55.5666726], [36.7907327, 55.5668227], [36.7903182, 55.5667842], [36.7900392, 55.5668434], [36.789806, 55.5669927]]]}}, {"type": "Feature", "id": "way/915100722", "properties": {"@id": "way/915100722", "addr:housenumber": "3 с2", "addr:place": "Военно-патриотический парк культуры и отдыха ВС РФ", "addr:postcode": "143070", "building": "yes", "building:levels": "2", "start_date": "2020", "is_living": false}, "geometry": {"type": "Polygon", "coordinates": [[[36.7912056, 55.5667358], [36.7910232, 55.5666435], [36.7913759, 55.5664205], [36.7914188, 55.5662567], [36.7912477, 55.5659814], [36.7915351, 55.5659243], [36.791701, 55.5661915], [36.7919111, 55.5662982], [36.7923782, 55.5663504], [36.7923224, 55.5665099], [36.7918345, 55.5664554], [36.7915556, 55.5665145], [36.7912056, 55.5667358]]]}}, {"type": "Feature", "id": "way/915100723", "properties": {"@id": "way/915100723", "addr:housenumber": "3 с1", "addr:place": "Военно-патриотический парк культуры и отдыха ВС РФ", "addr:postcode": "143070", "building": "yes", "building:levels": "2", "start_date": "2020", "is_living": false}, "geometry": {"type": "Polygon", "coordinates": [[[36.7900358, 55.5661459], [36.7897964, 55.5660357], [36.7901201, 55.5658109], [36.7901546, 55.5656495], [36.7899577, 55.56537], [36.7902403, 55.5653063], [36.790441, 55.5655914], [36.7906511, 55.5657027], [36.7911637, 55.5657585], [36.7911102, 55.5659158], [36.7906418, 55.5658648], [36.7903418, 55.5659334], [36.7900358, 55.5661459]]]}}, {"type": "Feature", "id": "way/915100724", "properties": {"@id": "way/915100724", "addr:housenumber": "3", "addr:place": "Военно-патриотический парк культуры и отдыха ВС РФ", "addr:postcode": "143070", "building": "yes", "building:levels": "2", "start_date": "2020", "is_living": false}, "geometry": {"type": "Polygon", "coordinates": [[[36.7932446, 55.5658237], [36.792974, 55.5658827], [36.7925201, 55.565217], [36.7924141, 55.5652402], [36.7920413, 55.5650794], [36.7920595, 55.5650119], [36.790821, 55.5649046], [36.7908688, 55.5647281], [36.7921017, 55.5648348], [36.7921164, 55.5647806], [36.7926313, 55.5646972], [36.7926796, 55.5647381], [36.7934538, 55.5642127], [36.7936734, 55.5643163], [36.7929035, 55.5648385], [36.7929961, 55.5648822], [36.7929291, 55.5651567], [36.792808, 55.565183], [36.7932446, 55.5658237]]]}}, {"type": "Feature", "id": "way/915775088", "properties": {"@id": "way/915775088", "building": "retail", "height": "5", "is_living": false}, "geometry": {"type": "Polygon", "coordinates": [[[37.1018984, 55.6428144], [37.1016136, 55.6430688], [37.1015292, 55.6430387], [37.1018139, 55.6427843], [37.1018984, 55.6428144]]]}}, {"type": "Feature", "id": "way/915824088", "properties": {"@id": "way/915824088", "building": "shed", "height": "2", "is_living": false}, "geometry": {"type": "Polygon", "coordinates": [[[37.103065, 55.6426197], [37.1030665, 55.6425079], [37.1032033, 55.6425085], [37.1032017, 55.6426203], [37.103065, 55.6426197]]]}}, {"type": "Feature", "id": "way/915824089", "properties": {"@id": "way/915824089", "building": "shed", "height": "2", "is_living": false}, "geometry": {"type": "Polygon", "coordinates": [[[37.1032786, 55.6426156], [37.1032833, 55.6425167], [37.1034119, 55.6425187], [37.1034072, 55.6426176], [37.1032786, 55.6426156]]]}}, {"type": "Feature", "id": "way/915824094", "properties": {"@id": "way/915824094", "addr:housenumber": "1А", "addr:postcode": "143020", "addr:street": "Лесная улица", "building": "industrial", "height": "6", "is_living": false}, "geometry": {"type": "Polygon", "coordinates": [[[37.1026935, 55.644499], [37.1028033, 55.6444307], [37.1030032, 55.644533], [37.1028935, 55.6446013], [37.1026935, 55.644499]]]}}, {"type": "Feature", "id": "way/915824132", "properties": {"@id": "way/915824132", "building": "garage", "height": "3", "is_living": false}, "geometry": {"type": "Polygon", "coordinates": [[[37.102369, 55.6393161], [37.1023411, 55.6392833], [37.1024309, 55.639259], [37.1024587, 55.6392918], [37.102369, 55.6393161]]]}}, {"type": "Feature", "id": "way/915824133", "properties": {"@id": "way/915824133", "building": "garage", "height": "2", "is_living": false}, "geometry": {"type": "Polygon", "coordinates": [[[37.1024359, 55.6395201], [37.1024082, 55.6394877], [37.1025056, 55.6394612], [37.1025333, 55.6394936], [37.1024359, 55.6395201]]]}}, {"type": "Feature", "id": "way/915824135", "properties": {"@id": "way/915824135", "building": "garage", "height": "2", "is_living": false}, "geometry": {"type": "Polygon", "coordinates": [[[37.1027752, 55.6397167], [37.1027486, 55.6396848], [37.1028293, 55.6396633], [37.1028559, 55.6396952], [37.1027752, 55.6397167]]]}}, {"type": "Feature", "id": "way/915824157", "properties": {"@id": "way/915824157", "building": "garage", "height": "3", "is_living": false}, "geometry": {"type": "Polygon", "coordinates": [[[37.1030275, 55.63882], [37.1029862, 55.6387657], [37.1031164, 55.6387342], [37.1031576, 55.6387885], [37.1030275, 55.63882]]]}}, {"type": "Feature", "id": "way/915824161", "properties": {"@id": "way/915824161", "building": "garage", "height": "2", "is_living": false}, "geometry": {"type": "Polygon", "coordinates": [[[37.1023648, 55.638883], [37.1023467, 55.6388597], [37.10242, 55.6388417], [37.1024381, 55.638865], [37.1023648, 55.638883]]]}}, {"type": "Feature", "id": "way/915824163", "properties": {"@id": "way/915824163", "building": "garage", "height": "3", "is_living": false}, "geometry": {"type": "Polygon", "coordinates": [[[37.1049664, 55.6399316], [37.1050537, 55.6399031], [37.1051048, 55.6399529], [37.1050175, 55.6399814], [37.1049664, 55.6399316]]]}}, {"type": "Feature", "id": "way/915824167", "properties": {"@id": "way/915824167", "building": "garage", "height": "4", "is_living": false}, "geometry": {"type": "Polygon", "coordinates": [[[37.1037904, 55.6393046], [37.1037352, 55.6392454], [37.1038413, 55.6392139], [37.1038965, 55.6392731], [37.1037904, 55.6393046]]]}}, {"type": "Feature", "id": "way/915824173", "properties": {"@id": "way/915824173", "building": "gazebo", "is_living": false}, "geometry": {"type": "Polygon", "coordinates": [[[37.1022608, 55.6395566], [37.1022316, 55.6395236], [37.102255, 55.639519], [37.1022667, 55.6395171], [37.102283, 55.6395157], [37.1022958, 55.6395184], [37.1023169, 55.6395283], [37.1023262, 55.6395408], [37.1022608, 55.6395566]]]}}, {"type": "Feature", "id": "way/917480031", "properties": {"@id": "way/917480031", "building": "hut", "height": "3", "is_living": false}, "geometry": {"type": "Polygon", "coordinates": [[[37.3235324, 55.7241905], [37.3235157, 55.7241688], [37.3235566, 55.7241588], [37.3235733, 55.7241805], [37.3235324, 55.7241905]]]}}, {"type": "Feature", "id": "way/917480032", "properties": {"@id": "way/917480032", "building": "shed", "height": "3", "is_living": false}, "geometry": {"type": "Polygon", "coordinates": [[[37.3278946, 55.7266749], [37.3278971, 55.7266107], [37.3279406, 55.7266113], [37.3279381, 55.7266754], [37.3278946, 55.7266749]]]}}, {"type": "Feature", "id": "way/917814676", "properties": {"@id": "way/917814676", "building": "parking", "building:levels": "1", "height": "3", "roof:shape": "skillion", "is_living": false}, "geometry": {"type": "Polygon", "coordinates": [[[37.3272637, 55.724331], [37.3272108, 55.7242819], [37.327433, 55.7242059], [37.3274859, 55.724255], [37.3272637, 55.724331]]]}}, {"type": "Feature", "id": "way/917814677", "properties": {"@id": "way/917814677", "building": "parking", "building:levels": "1", "height": "3", "roof:shape": "skillion", "is_living": false}, "geometry": {"type": "Polygon", "coordinates": [[[37.326771, 55.7232391], [37.3266468, 55.723094], [37.3267504, 55.7230659], [37.3268746, 55.723211], [37.326771, 55.7232391]]]}}, {"type": "Feature", "id": "way/917814678", "properties": {"@id": "way/917814678", "building": "parking", "building:levels": "1", "height": "3", "roof:shape": "skillion", "is_living": false}, "geometry": {"type": "Polygon", "coordinates": [[[37.3253935, 55.7248727], [37.3253431, 55.7248228], [37.3256641, 55.7247201], [37.3257145, 55.7247701], [37.3253935, 55.7248727]]]}}, {"type": "Feature", "id": "way/922515086", "properties": {"@id": "way/922515086", "building": "retail", "height": "2", "is_living": false}, "geometry": {"type": "Polygon", "coordinates": [[[37.1354457, 55.6226001], [37.1354531, 55.6225769], [37.1355393, 55.6225857], [37.1355319, 55.6226089], [37.1354457, 55.6226001]]]}}, {"type": "Feature", "id": "way/922515088", "properties": {"@id": "way/922515088", "addr:housenumber": "1А", "building": "retail", "height": "15", "is_living": false}, "geometry": {"type": "Polygon", "coordinates": [[[37.1360178, 55.6225965], [37.1361488, 55.6226143], [37.1361585, 55.6225915], [37.136444, 55.6226304], [37.1364344, 55.6226528], [37.1365804, 55.6226727], [37.1365246, 55.6228035], [37.1364736, 55.6227966], [37.1364392, 55.6228772], [37.1359665, 55.6228128], [37.1360012, 55.6227317], [37.1359623, 55.6227264], [37.1360178, 55.6225965]]]}}, {"type": "Feature", "id": "way/922515111", "properties": {"@id": "way/922515111", "building": "garage", "height": "3", "is_living": false}, "geometry": {"type": "Polygon", "coordinates": [[[37.1330365, 55.6247292], [37.1330397, 55.6246774], [37.133146, 55.6246795], [37.1331428, 55.6247313], [37.1330365, 55.6247292]]]}}, {"type": "Feature", "id": "way/923159152", "properties": {"@id": "way/923159152", "building": "service", "power": "substation", "ref": "510611", "substation": "minor_distribution", "is_living": false}, "geometry": {"type": "Polygon", "coordinates": [[[37.2596126, 55.6815584], [37.2595506, 55.6815382], [37.259593, 55.6814903], [37.2596599, 55.6815133], [37.2596126, 55.6815584]]]}}, {"type": "Feature", "id": "way/923164876", "properties": {"@id": "way/923164876", "building": "yes", "is_living": false}, "geometry": {"type": "Polygon", "coordinates": [[[37.2785109, 55.6713745], [37.2785996, 55.6713096], [37.2786796, 55.6713444], [37.278591, 55.6714093], [37.2785109, 55.6713745]]]}}, {"type": "Feature", "id": "way/923164877", "properties": {"@id": "way/923164877", "building": "yes", "is_living": false}, "geometry": {"type": "Polygon", "coordinates": [[[37.2786473, 55.6714276], [37.278736, 55.6713627], [37.2788161, 55.6713975], [37.2787274, 55.6714624], [37.2786473, 55.6714276]]]}}, {"type": "Feature", "id": "way/923164878", "properties": {"@id": "way/923164878", "building": "yes", "is_living": false}, "geometry": {"type": "Polygon", "coordinates": [[[37.2787778, 55.6714814], [37.2788664, 55.6714165], [37.2789465, 55.6714513], [37.2788579, 55.6715162], [37.2787778, 55.6714814]]]}}, {"type": "Feature", "id": "way/923164879", "properties": {"@id": "way/923164879", "building": "yes", "is_living": false}, "geometry": {"type": "Polygon", "coordinates": [[[37.2788997, 55.6715311], [37.2789884, 55.6714662], [37.2790685, 55.671501], [37.2789798, 55.6715659], [37.2788997, 55.6715311]]]}}, {"type": "Feature", "id": "way/923528304", "properties": {"@id": "way/923528304", "building": "retail", "building:levels": "1", "name": "Пекарня", "shop": "bakery", "is_living": false}, "geometry": {"type": "Polygon", "coordinates": [[[37.3716178, 55.7160246], [37.3716772, 55.7160476], [37.3716357, 55.7160816], [37.3715763, 55.7160585], [37.3716178, 55.7160246]]]}}, {"type": "Feature", "id": "way/927618468", "properties": {"@id": "way/927618468", "addr:city": "Зайцево", "addr:housenumber": "3", "addr:postcode": "143020", "addr:street": "Сосновая улица", "building": "retail", "building:levels": "2", "height": "7", "start_date": "2017", "is_living": false}, "geometry": {"type": "Polygon", "coordinates": [[[37.170683, 55.6106413], [37.1707634, 55.6105171], [37.1711958, 55.6106064], [37.171216, 55.6105752], [37.1714133, 55.6106159], [37.1713127, 55.6107713], [37.170683, 55.6106413]]]}}, {"type": "Feature", "id": "way/927618469", "properties": {"@id": "way/927618469", "building": "retail", "height": "4", "is_living": false}, "geometry": {"type": "Polygon", "coordinates": [[[37.1702535, 55.6105807], [37.1703116, 55.6104939], [37.1706285, 55.6105615], [37.1705704, 55.6106484], [37.1702535, 55.6105807]]]}}, {"type": "Feature", "id": "way/928090094", "properties": {"@id": "way/928090094", "addr:city": "Одинцово", "addr:housenumber": "2", "addr:postcode": "143006", "addr:street": "улица Ракетчиков", "building": "school", "building:levels": "3", "building:levels:underground": "1", "start_date": "2021", "is_living": false}, "geometry": {"type": "Polygon", "coordinates": [[[37.267143, 55.6560486], [37.2672299, 55.655895], [37.2675356, 55.6559501], [37.2678539, 55.6553878], [37.2675483, 55.6553327], [37.2676343, 55.6551808], [37.2688495, 55.6553998], [37.2687636, 55.6555517], [37.2680928, 55.6554308], [37.2680299, 55.655542], [37.2687006, 55.6556629], [37.2685071, 55.6560047], [37.2678628, 55.6558886], [37.2678009, 55.6559979], [37.2684452, 55.656114], [37.2683583, 55.6562675], [37.267143, 55.6560486]]]}}, {"type": "Feature", "id": "way/928116634", "properties": {"@id": "way/928116634", "addr:housenumber": "1", "addr:street": "Парковая улица", "building": "construction", "building:levels": "4", "construction": "apartments", "is_living": false}, "geometry": {"type": "Polygon", "coordinates": [[[37.2361304, 55.6534444], [37.2362608, 55.6532784], [37.2382598, 55.6537842], [37.2383352, 55.6537836], [37.2385915, 55.6534446], [37.2385622, 55.6534087], [37.2369379, 55.6529883], [37.2366955, 55.6532886], [37.2364601, 55.6532282], [37.2367, 55.6529309], [37.2369887, 55.6528445], [37.238735, 55.653291], [37.238868, 55.6534737], [37.2385095, 55.6539156], [37.2381679, 55.6539538], [37.2361304, 55.6534444]]]}}, {"type": "Feature", "id": "way/928158934", "properties": {"@id": "way/928158934", "addr:housenumber": "5 с1", "addr:postcode": "143009", "addr:street": "Северная улица", "amenity": "parking", "building": "parking", "building:levels": "8", "capacity": "508", "energy_class": "C+", "parking": "multi-storey", "start_date": "2023-10-02", "is_living": false}, "geometry": {"type": "Polygon", "coordinates": [[[37.2426789, 55.6779468], [37.2430806, 55.6776852], [37.2437842, 55.6780287], [37.2433826, 55.6782903], [37.2426789, 55.6779468]]]}}, {"type": "Feature", "id": "way/928262606", "properties": {"@id": "way/928262606", "addr:postcode": "143033", "building": "construction", "construction": "apartments", "is_living": false}, "geometry": {"type": "Polygon", "coordinates": [[[37.2175982, 55.6963806], [37.2175527, 55.6954828], [37.2178336, 55.6953158], [37.2180387, 55.6954231], [37.2179308, 55.6954886], [37.2178591, 55.6954511], [37.2178053, 55.6954896], [37.2178502, 55.6963766], [37.2175982, 55.6963806]]]}}, {"type": "Feature", "id": "way/928262608", "properties": {"@id": "way/928262608", "addr:city": "Лайково", "addr:postcode": "143033", "building": "construction", "construction": "apartments", "is_living": false}, "geometry": {"type": "Polygon", "coordinates": [[[37.2082465, 55.6901038], [37.2088276, 55.6899827], [37.2089479, 55.6901662], [37.2083668, 55.6902873], [37.2082465, 55.6901038]]]}}, {"type": "Feature", "id": "way/928262609", "properties": {"@id": "way/928262609", "addr:postcode": "143033", "building": "construction", "construction": "apartments", "is_living": false}, "geometry": {"type": "Polygon", "coordinates": [[[37.2076453, 55.6907539], [37.2076528, 55.6904894], [37.2078593, 55.6904912], [37.2078518, 55.6907558], [37.2076453, 55.6907539]]]}}, {"type": "Feature", "id": "way/928262610", "properties": {"@id": "way/928262610", "addr:postcode": "143033", "building": "construction", "construction": "apartments", "is_living": false}, "geometry": {"type": "Polygon", "coordinates": [[[37.2076335, 55.6912724], [37.207627, 55.6908384], [37.2078094, 55.6908376], [37.2078159, 55.6912715], [37.2076335, 55.6912724]]]}}, {"type": "Feature", "id": "way/931152501", "properties": {"@id": "way/931152501", "building": "roof", "is_living": false}, "geometry": {"type": "Polygon", "coordinates": [[[37.2288597, 55.659964], [37.2288582, 55.6599211], [37.2289819, 55.6599197], [37.2289834, 55.6599626], [37.2288597, 55.659964]]]}}, {"type": "Feature", "id": "way/932308393", "properties": {"@id": "way/932308393", "building": "hotel", "building:levels": "1", "name": "1 дача", "roof:levels": "0", "is_living": false}, "geometry": {"type": "Polygon", "coordinates": [[[36.8135031, 55.6580918], [36.813644, 55.6580331], [36.8137169, 55.6580889], [36.8135759, 55.6581475], [36.8135031, 55.6580918]]]}}, {"type": "Feature", "id": "way/932539860", "properties": {"@id": "way/932539860", "building": "service", "building:levels": "1", "description": "Администрация парка", "office": "yes", "is_living": false}, "geometry": {"type": "Polygon", "coordinates": [[[37.3750409, 55.6741038], [37.3748267, 55.674038], [37.3749478, 55.6739598], [37.3751129, 55.6740478], [37.3752379, 55.6739073], [37.3753365, 55.6739372], [37.3752891, 55.6739866], [37.3753554, 55.6739918], [37.375341, 55.6741265], [37.3752189, 55.6741204], [37.3752887, 55.6742399], [37.3751901, 55.6742593], [37.3751045, 55.674118], [37.3748996, 55.6742418], [37.3748543, 55.6742125], [37.3750409, 55.6741038]]]}}, {"type": "Feature", "id": "way/938113481", "properties": {"@id": "way/938113481", "building": "garage", "height": "2", "is_living": false}, "geometry": {"type": "Polygon", "coordinates": [[[37.1004876, 55.6109681], [37.1005001, 55.610889], [37.1006211, 55.6108951], [37.1006086, 55.6109742], [37.1004876, 55.6109681]]]}}, {"type": "Feature", "id": "way/938113492", "properties": {"@id": "way/938113492", "building": "garage", "height": "2", "is_living": false}, "geometry": {"type": "Polygon", "coordinates": [[[37.0996047, 55.6109471], [37.0996132, 55.6108641], [37.0997487, 55.6108685], [37.0997402, 55.6109515], [37.0996047, 55.6109471]]]}}, {"type": "Feature", "id": "way/938113493", "properties": {"@id": "way/938113493", "building": "garage", "height": "2", "is_living": false}, "geometry": {"type": "Polygon", "coordinates": [[[37.0991929, 55.6109492], [37.0992148, 55.6108689], [37.0993154, 55.6108776], [37.0992935, 55.6109579], [37.0991929, 55.6109492]]]}}, {"type": "Feature", "id": "way/938113539", "properties": {"@id": "way/938113539", "building": "garage", "height": "3", "is_living": false}, "geometry": {"type": "Polygon", "coordinates": [[[37.0846638, 55.6110536], [37.0846893, 55.6109417], [37.0848664, 55.6109545], [37.0848409, 55.6110665], [37.0846638, 55.6110536]]]}}, {"type": "Feature", "id": "way/943659328", "properties": {"@id": "way/943659328", "addr:city": "Малые Вязёмы", "addr:housenumber": "вл4 с9", "addr:street": "Можайское шоссе", "amenity": "security_booth", "building": "commercial", "is_living": false}, "geometry": {"type": "Polygon", "coordinates": [[[37.0526647, 55.6399572], [37.0527187, 55.6399082], [37.0527994, 55.6399366], [37.0527454, 55.6399856], [37.0526647, 55.6399572]]]}}, {"type": "Feature", "id": "way/943659330", "properties": {"@id": "way/943659330", "addr:city": "Малые Вязёмы", "addr:housenumber": "5", "addr:place": "микрорайон Высокие Жаворонки", "building": "service", "description": "Очистные сооружения дождевых стоков", "is_living": false}, "geometry": {"type": "Polygon", "coordinates": [[[37.0548525, 55.6413033], [37.054728, 55.6414226], [37.0540567, 55.6411995], [37.0541812, 55.6410801], [37.0548525, 55.6413033]]]}}, {"type": "Feature", "id": "way/944520225", "properties": {"@id": "way/944520225", "building": "roof", "is_living": false}, "geometry": {"type": "Polygon", "coordinates": [[[36.8549785, 55.8070463], [36.8549193, 55.8070284], [36.8549172, 55.8069906], [36.8549744, 55.8069707], [36.8550057, 55.8069802], [36.8550336, 55.8069886], [36.8550357, 55.8070264], [36.8549785, 55.8070463]]]}}, {"type": "Feature", "id": "way/945722517", "properties": {"@id": "way/945722517", "building": "garage", "height": "3", "is_living": false}, "geometry": {"type": "Polygon", "coordinates": [[[37.138168, 55.6089822], [37.1381225, 55.6089068], [37.1382417, 55.6088839], [37.1382873, 55.6089592], [37.138168, 55.6089822]]]}}, {"type": "Feature", "id": "way/946909203", "properties": {"@id": "way/946909203", "building": "service", "building:levels": "1", "location": "indoor", "power": "substation", "substation": "minor_distribution", "is_living": false}, "geometry": {"type": "Polygon", "coordinates": [[[36.6015422, 55.7013931], [36.6015449, 55.7013674], [36.6015913, 55.7013689], [36.6015886, 55.7013946], [36.6015422, 55.7013931]]]}}, {"type": "Feature", "id": "way/946909204", "properties": {"@id": "way/946909204", "building": "farm", "is_living": false}, "geometry": {"type": "Polygon", "coordinates": [[[36.5856314, 55.6924541], [36.585975, 55.6919393], [36.5862215, 55.6919915], [36.5858778, 55.6925064], [36.5856314, 55.6924541]]]}}, {"type": "Feature", "id": "way/946909205", "properties": {"@id": "way/946909205", "building": "farm", "is_living": false}, "geometry": {"type": "Polygon", "coordinates": [[[36.5874338, 55.6929319], [36.5870583, 55.6928522], [36.5872073, 55.692629], [36.5868994, 55.6925637], [36.5867504, 55.692787], [36.5864541, 55.6927242], [36.5868779, 55.6920892], [36.5871783, 55.6921529], [36.5870008, 55.6924188], [36.5872352, 55.6924686], [36.5874127, 55.6922026], [36.5878576, 55.6922969], [36.5874338, 55.6929319]]]}}, {"type": "Feature", "id": "way/946909211", "properties": {"@id": "way/946909211", "building": "farm", "is_living": false}, "geometry": {"type": "Polygon", "coordinates": [[[36.5880561, 55.6941201], [36.5881619, 55.6939691], [36.5889773, 55.6941505], [36.5888715, 55.6943015], [36.5880561, 55.6941201]]]}}, {"type": "Feature", "id": "way/953035297", "properties": {"@id": "way/953035297", "building": "industrial", "building:levels": "2", "roof:shape": "skillion", "is_living": false}, "geometry": {"type": "Polygon", "coordinates": [[[37.1893051, 55.6624671], [37.1893727, 55.6623933], [37.1894721, 55.6624223], [37.1894046, 55.6624961], [37.1893051, 55.6624671]]]}}, {"type": "Feature", "id": "way/954965423", "properties": {"@id": "way/954965423", "addr:housenumber": "46", "addr:place": "Аниково", "building": "retail", "building:levels": "1", "source:addr": "ЕГРН", "is_living": false}, "geometry": {"type": "Polygon", "coordinates": [[[36.6954554, 55.7023989], [36.6953679, 55.7022627], [36.6954721, 55.7022414], [36.6955242, 55.7023225], [36.695594, 55.7023082], [36.6956294, 55.7023633], [36.6954554, 55.7023989]]]}}, {"type": "Feature", "id": "way/955128010", "properties": {"@id": "way/955128010", "addr:housenumber": "13А с3", "addr:postcode": "143180", "addr:street": "Радужная улица", "addr:suburb": "Южный микрорайон", "building": "retail", "is_living": false}, "geometry": {"type": "Polygon", "coordinates": [[[36.8707931, 55.7006253], [36.8712692, 55.7006337], [36.8712661, 55.7006898], [36.8712091, 55.7006887], [36.871206, 55.7007443], [36.8711402, 55.7007805], [36.8711325, 55.7009188], [36.870777, 55.7009124], [36.8707931, 55.7006253]]]}}, {"type": "Feature", "id": "way/955128012", "properties": {"@id": "way/955128012", "addr:housenumber": "13А с2", "addr:postcode": "143180", "addr:street": "Радужная улица", "addr:suburb": "Южный микрорайон", "building": "yes", "is_living": false}, "geometry": {"type": "Polygon", "coordinates": [[[36.8708092, 55.7010794], [36.8708175, 55.7009621], [36.8711554, 55.7009697], [36.8711472, 55.701087], [36.8708092, 55.7010794]]]}}, {"type": "Feature", "id": "way/963173423", "properties": {"@id": "way/963173423", "building": "retail", "is_living": false}, "geometry": {"type": "Polygon", "coordinates": [[[37.0719567, 55.7203557], [37.0719079, 55.7203916], [37.0717892, 55.7203403], [37.071838, 55.7203044], [37.0719567, 55.7203557]]]}}, {"type": "Feature", "id": "way/963173436", "properties": {"@id": "way/963173436", "addr:housenumber": "17", "addr:postcode": "143030", "addr:street": "Москворецкая улица", "amenity": "clinic", "building": "commercial", "building:levels": "2", "healthcare": "clinic", "name": "Уездный доктор", "is_living": false}, "geometry": {"type": "Polygon", "coordinates": [[[37.0722918, 55.7193569], [37.0724677, 55.7193123], [37.0723417, 55.7191546], [37.0724553, 55.7191258], [37.0726325, 55.7193477], [37.0723431, 55.719421], [37.0722918, 55.7193569]]]}}, {"type": "Feature", "id": "way/963303652", "properties": {"@id": "way/963303652", "addr:housenumber": "1В", "addr:postcode": "143030", "addr:street": "Москворецкая улица", "building": "construction", "construction": "detached", "is_living": false}, "geometry": {"type": "Polygon", "coordinates": [[[37.0661089, 55.7207544], [37.0659755, 55.7207215], [37.0660466, 55.7206301], [37.06618, 55.720663], [37.0661089, 55.7207544]]]}}, {"type": "Feature", "id": "way/963396558", "properties": {"@id": "way/963396558", "addr:housenumber": "с50В", "addr:postcode": "143030", "addr:street": "Советская улица", "amenity": "kindergarten", "building": "kindergarten", "building:levels": "2", "is_living": false}, "geometry": {"type": "Polygon", "coordinates": [[[37.0671714, 55.7152976], [37.0669978, 55.7151653], [37.0673229, 55.7150299], [37.0674174, 55.715102], [37.0674965, 55.7151623], [37.0671714, 55.7152976]]]}}, {"type": "Feature", "id": "way/963504726", "properties": {"@id": "way/963504726", "addr:housenumber": "16/1", "addr:postcode": "143030", "addr:street": "Учительская улица", "building": "semidetached_house", "is_living": false}, "geometry": {"type": "Polygon", "coordinates": [[[37.0713968, 55.7164238], [37.07136, 55.7163157], [37.0714727, 55.7163036], [37.0715095, 55.7164117], [37.0713968, 55.7164238]]]}}, {"type": "Feature", "id": "way/963761125", "properties": {"@id": "way/963761125", "building": "service", "power": "substation", "ref": "41045", "substation": "minor_distribution", "is_living": false}, "geometry": {"type": "Polygon", "coordinates": [[[37.173377, 55.662616], [37.1732222, 55.662525], [37.1733372, 55.6624628], [37.173492, 55.6625538], [37.173377, 55.662616]]]}}, {"type": "Feature", "id": "way/964099243", "properties": {"@id": "way/964099243", "addr:city": "Успенское", "addr:housenumber": "62Б", "addr:place": "Успенское", "building": "retail", "is_living": false}, "geometry": {"type": "Polygon", "coordinates": [[[37.0687804, 55.71363], [37.068838, 55.7136793], [37.0686733, 55.7137404], [37.0686157, 55.7136912], [37.0687804, 55.71363]]]}}, {"type": "Feature", "id": "way/964099244", "properties": {"@id": "way/964099244", "addr:city": "Успенское", "addr:housenumber": "62А", "addr:place": "Успенское", "building": "retail", "is_living": false}, "geometry": {"type": "Polygon", "coordinates": [[[37.0685832, 55.7137056], [37.0686865, 55.7137978], [37.0685442, 55.7138484], [37.0684409, 55.7137562], [37.0685832, 55.7137056]]]}}, {"type": "Feature", "id": "way/965540168", "properties": {"@id": "way/965540168", "building": "garages", "is_living": false}, "geometry": {"type": "Polygon", "coordinates": [[[37.217264, 55.6567768], [37.2170575, 55.6561678], [37.2172487, 55.6561472], [37.2174554, 55.6567561], [37.217264, 55.6567768]]]}}, {"type": "Feature", "id": "way/965540169", "properties": {"@id": "way/965540169", "building": "garages", "is_living": false}, "geometry": {"type": "Polygon", "coordinates": [[[37.2175788, 55.6567503], [37.217361, 55.6561116], [37.2174929, 55.6560973], [37.2175065, 55.6561372], [37.2176083, 55.6561261], [37.2178123, 55.656725], [37.2175788, 55.6567503]]]}}, {"type": "Feature", "id": "way/965540170", "properties": {"@id": "way/965540170", "building": "garages", "is_living": false}, "geometry": {"type": "Polygon", "coordinates": [[[37.2179081, 55.6566996], [37.2177183, 55.656136], [37.2178342, 55.6561236], [37.2178214, 55.6560855], [37.2179219, 55.6560747], [37.2181243, 55.6566764], [37.2179081, 55.6566996]]]}}, {"type": "Feature", "id": "way/965540171", "properties": {"@id": "way/965540171", "building": "garages", "is_living": false}, "geometry": {"type": "Polygon", "coordinates": [[[37.2182034, 55.6566589], [37.2180221, 55.6560903], [37.2181718, 55.6560751], [37.2183533, 55.6566437], [37.2182034, 55.6566589]]]}}, {"type": "Feature", "id": "way/965540172", "properties": {"@id": "way/965540172", "building": "garages", "is_living": false}, "geometry": {"type": "Polygon", "coordinates": [[[37.2182797, 55.6560771], [37.2183944, 55.6560648], [37.2187959, 55.6572592], [37.2186807, 55.6572715], [37.2182797, 55.6560771]]]}}, {"type": "Feature", "id": "way/965540173", "properties": {"@id": "way/965540173", "building": "garages", "is_living": false}, "geometry": {"type": "Polygon", "coordinates": [[[37.2179131, 55.6573159], [37.217749, 55.6568923], [37.217872, 55.6568771], [37.2180362, 55.6573007], [37.2179131, 55.6573159]]]}}, {"type": "Feature", "id": "way/965540174", "properties": {"@id": "way/965540174", "building": "garages", "is_living": false}, "geometry": {"type": "Polygon", "coordinates": [[[37.2183207, 55.6577035], [37.2180276, 55.6569267], [37.2181469, 55.6569124], [37.2184398, 55.6576892], [37.2183207, 55.6577035]]]}}, {"type": "Feature", "id": "way/965540175", "properties": {"@id": "way/965540175", "building": "garages", "is_living": false}, "geometry": {"type": "Polygon", "coordinates": [[[37.2185645, 55.6576736], [37.2182767, 55.6568876], [37.2184119, 55.6568719], [37.2186993, 55.6576579], [37.2185645, 55.6576736]]]}}, {"type": "Feature", "id": "way/965540176", "properties": {"@id": "way/965540176", "building": "garages", "is_living": false}, "geometry": {"type": "Polygon", "coordinates": [[[37.21881, 55.6576381], [37.2187074, 55.6573485], [37.2188233, 55.6573354], [37.218926, 55.657625], [37.21881, 55.6576381]]]}}, {"type": "Feature", "id": "way/965540177", "properties": {"@id": "way/965540177", "building": "garages", "is_living": false}, "geometry": {"type": "Polygon", "coordinates": [[[37.2188465, 55.6577016], [37.2188724, 55.6577638], [37.2182867, 55.6578415], [37.2182608, 55.6577792], [37.2188465, 55.6577016]]]}}, {"type": "Feature", "id": "way/965540178", "properties": {"@id": "way/965540178", "building": "garages", "is_living": false}, "geometry": {"type": "Polygon", "coordinates": [[[37.2180543, 55.6576952], [37.2181615, 55.6576852], [37.2182328, 55.6579283], [37.2181258, 55.6579383], [37.2180543, 55.6576952]]]}}, {"type": "Feature", "id": "way/967354268", "properties": {"@id": "way/967354268", "aeroway": "hangar", "building": "hangar", "building:levels": "1", "height": "7", "is_living": false}, "geometry": {"type": "Polygon", "coordinates": [[[36.8912006, 55.7240373], [36.8908793, 55.723905], [36.8909926, 55.7238108], [36.8913136, 55.7239433], [36.8912006, 55.7240373]]]}}, {"type": "Feature", "id": "way/967609225", "properties": {"@id": "way/967609225", "amenity": "bank", "atm": "yes", "brand": "Сбербанк", "brand:en": "Sberbank", "brand:ru": "Сбербанк", "brand:wikidata": "Q205012", "brand:wikipedia": "en:Sberbank of Russia", "building": "commercial", "drive_through": "no", "name": "Сбербанк", "name:ru": "Sberbank", "opening_hours": "Mo-Fr 09:00-17:30", "operator": "ПАО Сбербанк", "is_living": false}, "geometry": {"type": "Polygon", "coordinates": [[[36.6179373, 55.6140534], [36.6178756, 55.6139595], [36.6179855, 55.6139368], [36.6180499, 55.6140292], [36.6179373, 55.6140534]]]}}, {"type": "Feature", "id": "way/970218326", "properties": {"@id": "way/970218326", "building": "carport", "is_living": false}, "geometry": {"type": "Polygon", "coordinates": [[[37.3698972, 55.7862717], [37.3700817, 55.7862492], [37.3702378, 55.7866537], [37.3700226, 55.7865966], [37.3698972, 55.7862717]]]}}, {"type": "Feature", "id": "way/970500136", "properties": {"@id": "way/970500136", "building": "service", "building:levels": "1", "pipeline": "substation", "substance": "gas", "is_living": false}, "geometry": {"type": "Polygon", "coordinates": [[[36.9682763, 55.6424722], [36.9683369, 55.6424949], [36.968291, 55.642534], [36.9682304, 55.6425114], [36.9682763, 55.6424722]]]}}, {"type": "Feature", "id": "way/975814655", "properties": {"@id": "way/975814655", "building": "hangar", "is_living": false}, "geometry": {"type": "Polygon", "coordinates": [[[37.0015293, 55.7393156], [37.0029911, 55.7395919], [37.0028226, 55.7398745], [37.0013608, 55.7395981], [37.0015293, 55.7393156]]]}}, {"type": "Feature", "id": "way/976019076", "properties": {"@id": "way/976019076", "building": "yes", "is_living": false}, "geometry": {"type": "Polygon", "coordinates": [[[36.9908097, 55.6254213], [36.9909443, 55.6249038], [36.9911438, 55.6249203], [36.9910092, 55.6254378], [36.9908097, 55.6254213]]]}}, {"type": "Feature", "id": "way/976019077", "properties": {"@id": "way/976019077", "building": "yes", "is_living": false}, "geometry": {"type": "Polygon", "coordinates": [[[36.9887102, 55.6252475], [36.9888491, 55.6247136], [36.989041, 55.6247295], [36.9889021, 55.6252634], [36.9887102, 55.6252475]]]}}, {"type": "Feature", "id": "way/976019078", "properties": {"@id": "way/976019078", "building": "yes", "is_living": false}, "geometry": {"type": "Polygon", "coordinates": [[[36.9783792, 55.6243676], [36.9783715, 55.6240886], [36.9785106, 55.6240874], [36.9785183, 55.6243664], [36.9783792, 55.6243676]]]}}, {"type": "Feature", "id": "way/976019079", "properties": {"@id": "way/976019079", "building": "yes", "is_living": false}, "geometry": {"type": "Polygon", "coordinates": [[[36.9786152, 55.6243706], [36.9786072, 55.6240783], [36.9787384, 55.6240772], [36.9787465, 55.6243695], [36.9786152, 55.6243706]]]}}, {"type": "Feature", "id": "way/976019119", "properties": {"@id": "way/976019119", "building": "yes", "is_living": false}, "geometry": {"type": "Polygon", "coordinates": [[[36.9767377, 55.6262848], [36.9766974, 55.6261515], [36.9768721, 55.6261347], [36.9769124, 55.626268], [36.9767377, 55.6262848]]]}}, {"type": "Feature", "id": "way/976057777", "properties": {"@id": "way/976057777", "building": "service", "building:levels": "1", "location": "indoor", "power": "substation", "ref": "414131", "substation": "minor_distribution", "is_living": false}, "geometry": {"type": "Polygon", "coordinates": [[[37.178413, 55.6574785], [37.1784578, 55.6574222], [37.1785511, 55.6574459], [37.1785063, 55.6575021], [37.178413, 55.6574785]]]}}, {"type": "Feature", "id": "way/977519244", "properties": {"@id": "way/977519244", "building": "garage", "height": "3", "is_living": false}, "geometry": {"type": "Polygon", "coordinates": [[[37.1024235, 55.6376669], [37.1024972, 55.6376088], [37.1025683, 55.6376382], [37.1025824, 55.6376437], [37.1025707, 55.6376533], [37.1025096, 55.6377017], [37.1024235, 55.6376669]]]}}, {"type": "Feature", "id": "way/979482487", "properties": {"@id": "way/979482487", "building": "roof", "is_living": false}, "geometry": {"type": "Polygon", "coordinates": [[[36.8587594, 55.7433699], [36.8588735, 55.7434137], [36.8586231, 55.7436204], [36.858509, 55.7435766], [36.8587594, 55.7433699]]]}}, {"type": "Feature", "id": "way/979482488", "properties": {"@id": "way/979482488", "building": "garages", "is_living": false}, "geometry": {"type": "Polygon", "coordinates": [[[36.85334, 55.7399377], [36.8533672, 55.7398928], [36.8537503, 55.7399664], [36.8537231, 55.7400113], [36.85334, 55.7399377]]]}}, {"type": "Feature", "id": "way/979482489", "properties": {"@id": "way/979482489", "building": "garages", "is_living": false}, "geometry": {"type": "Polygon", "coordinates": [[[36.853289, 55.7400132], [36.854091, 55.7401672], [36.8540578, 55.7402219], [36.8532558, 55.7400679], [36.853289, 55.7400132]]]}}, {"type": "Feature", "id": "way/986199087", "properties": {"@id": "way/986199087", "addr:housenumber": "18", "addr:postcode": "143070", "addr:street": "улица Генерала Вотинцева", "building": "apartments", "building:levels": "15", "building:levels:underground": "1", "start_date": "2019", "is_living": false}, "geometry": {"type": "Polygon", "coordinates": [[[36.6978181, 55.5548793], [36.6975381, 55.5548871], [36.6975288, 55.5547801], [36.6975103, 55.5545661], [36.697501, 55.5544591], [36.6977809, 55.5544513], [36.6978181, 55.5548793]]]}}, {"type": "Feature", "id": "way/989067745", "properties": {"@id": "way/989067745", "addr:housenumber": "49 с1", "addr:postcode": "143025", "addr:street": "Центральная улица", "building": "retail", "building:levels": "1", "shop": "convenience", "is_living": false}, "geometry": {"type": "Polygon", "coordinates": [[[37.3315242, 55.7292972], [37.3312286, 55.7288432], [37.3313895, 55.7288099], [37.3316851, 55.7292639], [37.3315242, 55.7292972]]]}}, {"type": "Feature", "id": "way/989067746", "properties": {"@id": "way/989067746", "addr:housenumber": "49/1", "addr:postcode": "143025", "addr:street": "Центральная улица", "building": "retail", "building:levels": "1", "shop": "convenience", "is_living": false}, "geometry": {"type": "Polygon", "coordinates": [[[37.3317447, 55.7293185], [37.3317124, 55.7292689], [37.3320087, 55.7292076], [37.332041, 55.7292572], [37.3317447, 55.7293185]]]}}, {"type": "Feature", "id": "way/992056815", "properties": {"@id": "way/992056815", "building": "yes", "is_living": false}, "geometry": {"type": "Polygon", "coordinates": [[[37.3282626, 55.668842], [37.328378, 55.6686015], [37.3286298, 55.6686399], [37.3285145, 55.6688804], [37.3282626, 55.668842]]]}}, {"type": "Feature", "id": "way/992056816", "properties": {"@id": "way/992056816", "building": "yes", "is_living": false}, "geometry": {"type": "Polygon", "coordinates": [[[37.3158038, 55.6707691], [37.3157243, 55.6706022], [37.3159003, 55.6705755], [37.3159798, 55.6707425], [37.3158038, 55.6707691]]]}}, {"type": "Feature", "id": "way/992056817", "properties": {"@id": "way/992056817", "building": "yes", "is_living": false}, "geometry": {"type": "Polygon", "coordinates": [[[37.3159647, 55.6706602], [37.315909, 55.6705433], [37.3168552, 55.6704], [37.3169108, 55.6705169], [37.3159647, 55.6706602]]]}}, {"type": "Feature", "id": "way/992056818", "properties": {"@id": "way/992056818", "building": "yes", "is_living": false}, "geometry": {"type": "Polygon", "coordinates": [[[37.3182607, 55.6702972], [37.3182126, 55.6701963], [37.3186254, 55.6701338], [37.3186735, 55.6702347], [37.3182607, 55.6702972]]]}}, {"type": "Feature", "id": "way/992056819", "properties": {"@id": "way/992056819", "building": "yes", "is_living": false}, "geometry": {"type": "Polygon", "coordinates": [[[37.3190063, 55.6702094], [37.3189556, 55.6701029], [37.3195106, 55.6700189], [37.3195613, 55.6701254], [37.3190063, 55.6702094]]]}}, {"type": "Feature", "id": "way/992056820", "properties": {"@id": "way/992056820", "building": "yes", "is_living": false}, "geometry": {"type": "Polygon", "coordinates": [[[37.3201007, 55.6701096], [37.3200217, 55.6699438], [37.3207444, 55.6698343], [37.3208234, 55.6700002], [37.3201007, 55.6701096]]]}}, {"type": "Feature", "id": "way/992056821", "properties": {"@id": "way/992056821", "building": "yes", "is_living": false}, "geometry": {"type": "Polygon", "coordinates": [[[37.3202401, 55.667296], [37.3200121, 55.6668171], [37.3201865, 55.6667907], [37.3204145, 55.6672696], [37.3202401, 55.667296]]]}}, {"type": "Feature", "id": "way/992056822", "properties": {"@id": "way/992056822", "building": "yes", "is_living": false}, "geometry": {"type": "Polygon", "coordinates": [[[37.3203802, 55.6675467], [37.3203073, 55.6673934], [37.3204831, 55.6673668], [37.3206907, 55.6673353], [37.3207637, 55.6674886], [37.3206371, 55.6675078], [37.3203802, 55.6675467]]]}}, {"type": "Feature", "id": "way/992056823", "properties": {"@id": "way/992056823", "building": "yes", "is_living": false}, "geometry": {"type": "Polygon", "coordinates": [[[37.3204654, 55.6677256], [37.3203802, 55.6675467], [37.3206371, 55.6675078], [37.3207223, 55.6676867], [37.3204654, 55.6677256]]]}}, {"type": "Feature", "id": "way/992056824", "properties": {"@id": "way/992056824", "building": "yes", "is_living": false}, "geometry": {"type": "Polygon", "coordinates": [[[37.3208053, 55.6678064], [37.32086, 55.6679217], [37.3205778, 55.6679644], [37.320523, 55.667849], [37.3208053, 55.6678064]]]}}, {"type": "Feature", "id": "way/992056825", "properties": {"@id": "way/992056825", "building": "yes", "is_living": false}, "geometry": {"type": "Polygon", "coordinates": [[[37.3209105, 55.668028], [37.32086, 55.6679217], [37.3208053, 55.6678064], [37.321513, 55.6676995], [37.3216182, 55.6679211], [37.3209105, 55.668028]]]}}, {"type": "Feature", "id": "way/992056826", "properties": {"@id": "way/992056826", "addr:housenumber": "160", "addr:place": "Вырубово", "building": "greenhouse", "building:levels": "1", "building:material": "glass", "roof:material": "glass", "is_living": false}, "geometry": {"type": "Polygon", "coordinates": [[[37.3179081, 55.6700921], [37.3176084, 55.6694618], [37.3172917, 55.6687957], [37.3204895, 55.6683121], [37.3211059, 55.6696085], [37.3179081, 55.6700921]]]}}, {"type": "Feature", "id": "way/992427704", "properties": {"@id": "way/992427704", "addr:housenumber": "37", "addr:postcode": "143080", "addr:street": "улица Горького", "building": "detached", "is_living": false}, "geometry": {"type": "Polygon", "coordinates": [[[37.199813, 55.6394308], [37.1997855, 55.6394543], [37.1995236, 55.6393565], [37.1998964, 55.6390386], [37.2001583, 55.6391364], [37.2000479, 55.6392305], [37.2000946, 55.6392518], [37.2001315, 55.6392784], [37.2001568, 55.6393091], [37.2001691, 55.6393422], [37.2001678, 55.639376], [37.200153, 55.6394088], [37.2001254, 55.6394389], [37.2000386, 55.6395124], [37.199813, 55.6394308]]]}}, {"type": "Feature", "id": "way/993318665", "properties": {"@id": "way/993318665", "addr:housenumber": "10А", "building": "industrial", "height": "10", "is_living": false}, "geometry": {"type": "Polygon", "coordinates": [[[37.1641193, 55.6144667], [37.1647475, 55.6141045], [37.1651426, 55.6143231], [37.1649994, 55.6144057], [37.1651492, 55.6144886], [37.1646642, 55.6147682], [37.1641193, 55.6144667]]]}}, {"type": "Feature", "id": "way/993318666", "properties": {"@id": "way/993318666", "addr:housenumber": "52А", "addr:place": "Зайцево", "building": "industrial", "height": "3", "source:addr": "ЕГРН", "is_living": false}, "geometry": {"type": "Polygon", "coordinates": [[[37.1642083, 55.6139517], [37.1642864, 55.6139076], [37.1644831, 55.6140187], [37.164405, 55.6140629], [37.1642083, 55.6139517]]]}}, {"type": "Feature", "id": "way/996015259", "properties": {"@id": "way/996015259", "building": "retail", "is_living": false}, "geometry": {"type": "Polygon", "coordinates": [[[37.2088808, 55.6325798], [37.2087125, 55.6324244], [37.2088208, 55.632387], [37.208989, 55.6325424], [37.2088808, 55.6325798]]]}}, {"type": "Feature", "id": "way/996552899", "properties": {"@id": "way/996552899", "building": "yes", "is_living": false}, "geometry": {"type": "Polygon", "coordinates": [[[37.263384, 55.6500218], [37.2636992, 55.6499983], [37.2637286, 55.650124], [37.2636033, 55.6501333], [37.2634086, 55.6501268], [37.263384, 55.6500218]]]}}, {"type": "Feature", "id": "way/996552900", "properties": {"@id": "way/996552900", "building": "yes", "is_living": false}, "geometry": {"type": "Polygon", "coordinates": [[[37.2651234, 55.6497698], [37.2651106, 55.649723], [37.265338, 55.6497032], [37.2653508, 55.6497499], [37.2651234, 55.6497698]]]}}, {"type": "Feature", "id": "way/997979979", "properties": {"@id": "way/997979979", "building": "farm", "is_living": false}, "geometry": {"type": "Polygon", "coordinates": [[[36.5372267, 55.5457209], [36.5370742, 55.5450904], [36.5374484, 55.5450615], [36.5375068, 55.5453031], [36.537853, 55.5452763], [36.5377926, 55.5450267], [36.5381565, 55.5449986], [36.5383116, 55.5456397], [36.5379313, 55.5456692], [36.5378658, 55.5453983], [36.5375237, 55.5454248], [36.5375885, 55.5456929], [36.5372267, 55.5457209]]]}}, {"type": "Feature", "id": "way/997979980", "properties": {"@id": "way/997979980", "building": "farm", "is_living": false}, "geometry": {"type": "Polygon", "coordinates": [[[36.5389178, 55.5454878], [36.5387675, 55.544956], [36.5390838, 55.5449274], [36.539234, 55.5454592], [36.5389178, 55.5454878]]]}}, {"type": "Feature", "id": "way/1001185566", "properties": {"@id": "way/1001185566", "addr:housenumber": "1А", "addr:place": "Раздоры", "building": "construction", "is_living": false}, "geometry": {"type": "Polygon", "coordinates": [[[37.3076525, 55.7474852], [37.3074299, 55.7477268], [37.3071518, 55.7476456], [37.3073744, 55.747404], [37.3076525, 55.7474852]]]}}, {"type": "Feature", "id": "way/1001208291", "properties": {"@id": "way/1001208291", "addr:housenumber": "2А", "addr:street": "Торговая улица", "building": "retail", "is_living": false}, "geometry": {"type": "Polygon", "coordinates": [[[37.4136821, 55.6831166], [37.4136293, 55.6833053], [37.4125415, 55.6832212], [37.412449, 55.6831853], [37.4123869, 55.6832361], [37.4116633, 55.6829553], [37.4126835, 55.6821155], [37.4128431, 55.6820989], [37.4128564, 55.6821396], [37.4132216, 55.6821016], [37.4136493, 55.6822676], [37.4136768, 55.6822451], [37.4144024, 55.6825267], [37.4136821, 55.6831166]]]}}, {"type": "Feature", "id": "way/1001822427", "properties": {"@id": "way/1001822427", "building": "yes", "is_living": false}, "geometry": {"type": "Polygon", "coordinates": [[[37.4170706, 55.6810128], [37.4168448, 55.6809211], [37.416915, 55.6808661], [37.4171408, 55.6809578], [37.4170706, 55.6810128]]]}}, {"type": "Feature", "id": "way/1001822428", "properties": {"@id": "way/1001822428", "building": "yes", "is_living": false}, "geometry": {"type": "Polygon", "coordinates": [[[37.4116793, 55.6848552], [37.4117866, 55.684589], [37.4122502, 55.6846484], [37.4122247, 55.6847116], [37.4120806, 55.6846932], [37.4120379, 55.6847991], [37.4118762, 55.6847784], [37.4118532, 55.6848355], [37.4117642, 55.684866], [37.4116793, 55.6848552]]]}}, {"type": "Feature", "id": "way/1002004531", "properties": {"@id": "way/1002004531", "building": "yes", "is_living": false}, "geometry": {"type": "Polygon", "coordinates": [[[37.4095564, 55.68396], [37.4094595, 55.6838652], [37.4097984, 55.6837551], [37.4098954, 55.6838499], [37.4095564, 55.68396]]]}}, {"type": "Feature", "id": "way/1008814287", "properties": {"@id": "way/1008814287", "building": "retail", "building:levels": "1", "is_living": false}, "geometry": {"type": "Polygon", "coordinates": [[[37.3325722, 55.6957567], [37.3325536, 55.6957233], [37.3326433, 55.6957075], [37.3326619, 55.6957408], [37.3325722, 55.6957567]]]}}, {"type": "Feature", "id": "way/1008814288", "properties": {"@id": "way/1008814288", "building": "retail", "building:levels": "1", "is_living": false}, "geometry": {"type": "Polygon", "coordinates": [[[37.3341608, 55.6956601], [37.3341463, 55.6956326], [37.3342301, 55.6956186], [37.3342446, 55.6956462], [37.3341608, 55.6956601]]]}}, {"type": "Feature", "id": "way/1008814289", "properties": {"@id": "way/1008814289", "building": "retail", "building:levels": "1", "is_living": false}, "geometry": {"type": "Polygon", "coordinates": [[[37.3343921, 55.6956084], [37.3345356, 55.6955679], [37.3345953, 55.6956352], [37.3344518, 55.6956756], [37.3343921, 55.6956084]]]}}, {"type": "Feature", "id": "way/1008814293", "properties": {"@id": "way/1008814293", "building": "yes", "is_living": false}, "geometry": {"type": "Polygon", "coordinates": [[[37.3350392, 55.6952607], [37.3351465, 55.6952425], [37.3353157, 55.6954487], [37.3351546, 55.6954761], [37.3350392, 55.6952607]]]}}, {"type": "Feature", "id": "way/1009391623", "properties": {"@id": "way/1009391623", "building": "garages", "building:levels": "1", "is_living": false}, "geometry": {"type": "Polygon", "coordinates": [[[36.6968559, 55.5766943], [36.6969256, 55.5766943], [36.6969256, 55.5769899], [36.6968559, 55.5769899], [36.6968559, 55.5766943]]]}}, {"type": "Feature", "id": "way/1009391624", "properties": {"@id": "way/1009391624", "building": "garages", "building:levels": "1", "is_living": false}, "geometry": {"type": "Polygon", "coordinates": [[[36.6967084, 55.5770612], [36.6967826, 55.5770598], [36.696796, 55.5772956], [36.6967218, 55.577297], [36.6967084, 55.5770612]]]}}, {"type": "Feature", "id": "way/1009402771", "properties": {"@id": "way/1009402771", "building": "yes", "is_living": false}, "geometry": {"type": "Polygon", "coordinates": [[[37.0159452, 55.637023], [37.0158334, 55.6370139], [37.016032, 55.6362297], [37.0161438, 55.6362387], [37.0159452, 55.637023]]]}}, {"type": "Feature", "id": "way/1012373442", "properties": {"@id": "way/1012373442", "building": "service", "building:levels": "1", "location": "indoor", "power": "substation", "substation": "minor_distribution", "is_living": false}, "geometry": {"type": "Polygon", "coordinates": [[[36.8650333, 55.5883145], [36.8650506, 55.5882553], [36.8651655, 55.588266], [36.8651483, 55.5883252], [36.8650333, 55.5883145]]]}}, {"type": "Feature", "id": "way/1012373443", "properties": {"@id": "way/1012373443", "building": "service", "building:levels": "1", "location": "indoor", "power": "substation", "substation": "minor_distribution", "is_living": false}, "geometry": {"type": "Polygon", "coordinates": [[[36.889928, 55.5907604], [36.889946, 55.5907059], [36.8900748, 55.5907195], [36.8900567, 55.590774], [36.889928, 55.5907604]]]}}, {"type": "Feature", "id": "way/1012373447", "properties": {"@id": "way/1012373447", "building": "service", "building:levels": "1", "location": "indoor", "power": "substation", "substation": "minor_distribution", "is_living": false}, "geometry": {"type": "Polygon", "coordinates": [[[36.9148136, 55.593216], [36.9148318, 55.593158], [36.9149137, 55.5931662], [36.9148955, 55.5932242], [36.9148136, 55.593216]]]}}, {"type": "Feature", "id": "way/1012453669", "properties": {"@id": "way/1012453669", "addr:city": "Новоивановское", "addr:housenumber": "93", "addr:place": "Ново-Ивановское", "building": "hotel", "building:levels": "3", "is_living": false}, "geometry": {"type": "Polygon", "coordinates": [[[37.3718727, 55.7117436], [37.3719311, 55.7116348], [37.3721221, 55.7116673], [37.3720638, 55.7117761], [37.3718727, 55.7117436]]]}}, {"type": "Feature", "id": "way/1012453673", "properties": {"@id": "way/1012453673", "building": "retail", "building:levels": "1", "is_living": false}, "geometry": {"type": "Polygon", "coordinates": [[[37.3698307, 55.7113958], [37.3698548, 55.7113532], [37.3699221, 55.7113653], [37.3699292, 55.7113529], [37.3701041, 55.7113843], [37.370073, 55.7114393], [37.3698307, 55.7113958]]]}}, {"type": "Feature", "id": "way/1012453702", "properties": {"@id": "way/1012453702", "building": "retail", "is_living": false}, "geometry": {"type": "Polygon", "coordinates": [[[37.3584334, 55.7071172], [37.3585985, 55.7070171], [37.3587727, 55.7071082], [37.3586076, 55.7072084], [37.3585535, 55.7072031], [37.3584512, 55.7071496], [37.3584334, 55.7071172]]]}}, {"type": "Feature", "id": "way/1012538858", "properties": {"@id": "way/1012538858", "building": "service", "building:levels": "1", "location": "indoor", "power": "substation", "substation": "minor_distribution", "is_living": false}, "geometry": {"type": "Polygon", "coordinates": [[[37.3802318, 55.7121258], [37.3802484, 55.7120751], [37.3803216, 55.7120828], [37.380305, 55.7121335], [37.3802318, 55.7121258]]]}}, {"type": "Feature", "id": "way/1012885782", "properties": {"@id": "way/1012885782", "building": "service", "building:levels": "1", "location": "indoor", "power": "substation", "substation": "minor_distribution", "is_living": false}, "geometry": {"type": "Polygon", "coordinates": [[[37.1753628, 55.7247718], [37.1753723, 55.7247215], [37.1754725, 55.7247275], [37.1754631, 55.7247778], [37.1753628, 55.7247718]]]}}, {"type": "Feature", "id": "way/1015673639", "properties": {"@id": "way/1015673639", "amenity": "place_of_worship", "building": "chapel", "denomination": "russian_orthodox", "name": "Часовня благоверных князей Бориса и Глеба", "religion": "christian", "is_living": false}, "geometry": {"type": "Polygon", "coordinates": [[[37.1273357, 55.7186752], [37.127324, 55.7186201], [37.1275151, 55.7186073], [37.1275268, 55.7186624], [37.1273357, 55.7186752]]]}}, {"type": "Feature", "id": "way/1017683147", "properties": {"@id": "way/1017683147", "building": "retail", "building:levels": "1", "is_living": false}, "geometry": {"type": "Polygon", "coordinates": [[[37.098172, 55.715598], [37.0981643, 55.7155411], [37.0984707, 55.7155279], [37.0984785, 55.7155849], [37.098172, 55.715598]]]}}, {"type": "Feature", "id": "way/1020101144", "properties": {"@id": "way/1020101144", "building": "service", "building:levels": "1", "location": "indoor", "power": "substation", "substation": "minor_distribution", "is_living": false}, "geometry": {"type": "Polygon", "coordinates": [[[37.0565898, 55.7059445], [37.0564508, 55.7057916], [37.0565731, 55.7057563], [37.0567122, 55.7059092], [37.0565898, 55.7059445]]]}}, {"type": "Feature", "id": "way/1020277516", "properties": {"@id": "way/1020277516", "building": "service", "is_living": false}, "geometry": {"type": "Polygon", "coordinates": [[[37.3332031, 55.6600496], [37.3331348, 55.6600067], [37.3332617, 55.6599423], [37.3333301, 55.6599852], [37.3332031, 55.6600496]]]}}, {"type": "Feature", "id": "way/1020277517", "properties": {"@id": "way/1020277517", "building": "service", "is_living": false}, "geometry": {"type": "Polygon", "coordinates": [[[37.3333875, 55.6599609], [37.3333062, 55.6599098], [37.3334075, 55.6598585], [37.3334888, 55.6599095], [37.3333875, 55.6599609]]]}}, {"type": "Feature", "id": "way/1020392552", "properties": {"@id": "way/1020392552", "building": "yes", "is_living": false}, "geometry": {"type": "Polygon", "coordinates": [[[37.0299989, 55.710133], [37.0301781, 55.7102062], [37.0303821, 55.7102896], [37.0304637, 55.7102262], [37.0306964, 55.7103213], [37.0306148, 55.7103847], [37.030827, 55.7104713], [37.0310016, 55.7105427], [37.0310535, 55.7105639], [37.0308167, 55.7107478], [37.0297064, 55.7102941], [37.0299431, 55.7101102], [37.0299989, 55.710133]]]}}, {"type": "Feature", "id": "way/1020392558", "properties": {"@id": "way/1020392558", "building": "yes", "is_living": false}, "geometry": {"type": "Polygon", "coordinates": [[[37.0341812, 55.707124], [37.034179, 55.7070829], [37.0341155, 55.707084], [37.0341116, 55.7070126], [37.0341751, 55.7070115], [37.0341731, 55.7069753], [37.03431, 55.7069729], [37.0343119, 55.7070091], [37.0343745, 55.707008], [37.0343783, 55.7070795], [37.0343158, 55.7070805], [37.034318, 55.7071217], [37.0341812, 55.707124]]]}}, {"type": "Feature", "id": "way/1020392559", "properties": {"@id": "way/1020392559", "building": "yes", "is_living": false}, "geometry": {"type": "Polygon", "coordinates": [[[37.0346868, 55.7071656], [37.0346655, 55.7070909], [37.035033, 55.7070577], [37.0350543, 55.7071323], [37.0346868, 55.7071656]]]}}, {"type": "Feature", "id": "way/1020392570", "properties": {"@id": "way/1020392570", "building": "yes", "is_living": false}, "geometry": {"type": "Polygon", "coordinates": [[[37.0353198, 55.7063012], [37.0353261, 55.7061713], [37.0358196, 55.7061789], [37.0358096, 55.7063856], [37.035512, 55.706381], [37.0355158, 55.7063042], [37.0353198, 55.7063012]]]}}, {"type": "Feature", "id": "way/1020392586", "properties": {"@id": "way/1020392586", "building": "yes", "is_living": false}, "geometry": {"type": "Polygon", "coordinates": [[[37.037251, 55.7064629], [37.0372671, 55.7062377], [37.0374941, 55.7062428], [37.037478, 55.706468], [37.037251, 55.7064629]]]}}, {"type": "Feature", "id": "way/1020392587", "properties": {"@id": "way/1020392587", "building": "service", "building:levels": "1", "location": "indoor", "power": "substation", "substation": "minor_distribution", "is_living": false}, "geometry": {"type": "Polygon", "coordinates": [[[37.0396757, 55.7065876], [37.0396866, 55.7064717], [37.0398219, 55.7064757], [37.039811, 55.7065916], [37.0396757, 55.7065876]]]}}, {"type": "Feature", "id": "way/1020392589", "properties": {"@id": "way/1020392589", "building": "yes", "is_living": false}, "geometry": {"type": "Polygon", "coordinates": [[[37.0353372, 55.7068883], [37.035341, 55.7068083], [37.0354338, 55.7068097], [37.0354301, 55.7068897], [37.0353372, 55.7068883]]]}}, {"type": "Feature", "id": "way/1020392590", "properties": {"@id": "way/1020392590", "building": "yes", "is_living": false}, "geometry": {"type": "Polygon", "coordinates": [[[37.03604, 55.7068996], [37.0360438, 55.7068181], [37.0361406, 55.7068195], [37.0361368, 55.7069011], [37.03604, 55.7068996]]]}}, {"type": "Feature", "id": "way/1020392591", "properties": {"@id": "way/1020392591", "addr:city": "Горки-10", "addr:housenumber": "98", "addr:street": "Рублёво-Успенское шоссе", "building": "yes", "is_living": false}, "geometry": {"type": "Polygon", "coordinates": [[[37.0355304, 55.7067995], [37.0356461, 55.7068012], [37.0356453, 55.70682], [37.0358115, 55.7068224], [37.0358124, 55.7068036], [37.0359353, 55.7068054], [37.0359319, 55.7068781], [37.035816, 55.7068764], [37.0358149, 55.7068991], [37.0356344, 55.7068964], [37.0356355, 55.7068737], [37.035527, 55.7068721], [37.0355304, 55.7067995]]]}}, {"type": "Feature", "id": "way/1020392592", "properties": {"@id": "way/1020392592", "building": "yes", "is_living": false}, "geometry": {"type": "Polygon", "coordinates": [[[37.0355009, 55.7069419], [37.0356323, 55.7069439], [37.0356313, 55.7069652], [37.0358203, 55.706968], [37.0358213, 55.7069467], [37.0359609, 55.7069487], [37.035957, 55.7070313], [37.0358253, 55.7070293], [37.0358241, 55.7070551], [37.035619, 55.7070521], [37.0356202, 55.7070263], [37.035497, 55.7070245], [37.0355009, 55.7069419]]]}}, {"type": "Feature", "id": "way/1020392593", "properties": {"@id": "way/1020392593", "building": "yes", "is_living": false}, "geometry": {"type": "Polygon", "coordinates": [[[37.0364356, 55.7069873], [37.0363886, 55.7069293], [37.0365509, 55.7068875], [37.0365979, 55.7069455], [37.0364356, 55.7069873]]]}}, {"type": "Feature", "id": "way/1020392594", "properties": {"@id": "way/1020392594", "building": "yes", "is_living": false}, "geometry": {"type": "Polygon", "coordinates": [[[37.0367521, 55.7073757], [37.0364973, 55.7070613], [37.0366659, 55.7070179], [37.0369207, 55.7073323], [37.0367521, 55.7073757]]]}}, {"type": "Feature", "id": "way/1020392596", "properties": {"@id": "way/1020392596", "building": "yes", "is_living": false}, "geometry": {"type": "Polygon", "coordinates": [[[37.0389254, 55.7082289], [37.0389459, 55.7082603], [37.0387369, 55.7083035], [37.0387165, 55.7082721], [37.0385277, 55.7083111], [37.0385095, 55.7082831], [37.0382863, 55.7083292], [37.0382261, 55.7082367], [37.0384493, 55.7081906], [37.0384236, 55.7081511], [37.0386123, 55.7081121], [37.0385869, 55.7080732], [37.0387959, 55.70803], [37.0388213, 55.7080689], [37.0390534, 55.7080209], [37.0390791, 55.7080604], [37.0393446, 55.7080055], [37.0394048, 55.708098], [37.0391394, 55.7081529], [37.0391576, 55.7081809], [37.0389254, 55.7082289]]]}}, {"type": "Feature", "id": "way/1020392598", "properties": {"@id": "way/1020392598", "building": "yes", "is_living": false}, "geometry": {"type": "Polygon", "coordinates": [[[37.0408022, 55.7065445], [37.0407966, 55.7064622], [37.0410728, 55.7064562], [37.0410785, 55.7065384], [37.0408022, 55.7065445]]]}}, {"type": "Feature", "id": "way/1020392599", "properties": {"@id": "way/1020392599", "building": "yes", "is_living": false}, "geometry": {"type": "Polygon", "coordinates": [[[37.0405662, 55.7065475], [37.0405635, 55.706407], [37.040703, 55.7064061], [37.0407057, 55.7065467], [37.0405662, 55.7065475]]]}}, {"type": "Feature", "id": "way/1020392601", "properties": {"@id": "way/1020392601", "building": "yes", "is_living": false}, "geometry": {"type": "Polygon", "coordinates": [[[37.0364678, 55.706475], [37.0364577, 55.7062193], [37.0366099, 55.7062174], [37.0366155, 55.7063602], [37.0368621, 55.7063571], [37.0368665, 55.70647], [37.0364678, 55.706475]]]}}, {"type": "Feature", "id": "way/1020392602", "properties": {"@id": "way/1020392602", "building": "yes", "is_living": false}, "geometry": {"type": "Polygon", "coordinates": [[[37.0364651, 55.7059657], [37.0364544, 55.7056936], [37.0365858, 55.705692], [37.0365965, 55.705964], [37.0364651, 55.7059657]]]}}, {"type": "Feature", "id": "way/1020392603", "properties": {"@id": "way/1020392603", "building": "yes", "is_living": false}, "geometry": {"type": "Polygon", "coordinates": [[[37.0369696, 55.7052302], [37.0371526, 55.7051171], [37.0370916, 55.7050858], [37.0371497, 55.7050499], [37.0373956, 55.7051763], [37.0372159, 55.7052873], [37.037315, 55.7053382], [37.0372312, 55.7053899], [37.0370195, 55.7052811], [37.0370418, 55.7052673], [37.0369696, 55.7052302]]]}}, {"type": "Feature", "id": "way/1020392604", "properties": {"@id": "way/1020392604", "building": "yes", "is_living": false}, "geometry": {"type": "Polygon", "coordinates": [[[37.0383078, 55.7052644], [37.0385438, 55.7051042], [37.0387694, 55.7052098], [37.0386006, 55.7053244], [37.0386554, 55.70535], [37.0385882, 55.7053956], [37.0383078, 55.7052644]]]}}, {"type": "Feature", "id": "way/1020392605", "properties": {"@id": "way/1020392605", "building": "yes", "is_living": false}, "geometry": {"type": "Polygon", "coordinates": [[[37.0388389, 55.7064689], [37.038862, 55.7062242], [37.0390588, 55.7062301], [37.0390357, 55.7064748], [37.0388389, 55.7064689]]]}}, {"type": "Feature", "id": "way/1020392606", "properties": {"@id": "way/1020392606", "building": "yes", "is_living": false}, "geometry": {"type": "Polygon", "coordinates": [[[37.0377541, 55.7064098], [37.037778, 55.706157], [37.0387916, 55.7061875], [37.0387677, 55.7064403], [37.0377541, 55.7064098]]]}}, {"type": "Feature", "id": "way/1020392620", "properties": {"@id": "way/1020392620", "building": "yes", "is_living": false}, "geometry": {"type": "Polygon", "coordinates": [[[37.0411938, 55.7083821], [37.0411543, 55.7082947], [37.0415754, 55.7082343], [37.0416149, 55.7083217], [37.0411938, 55.7083821]]]}}, {"type": "Feature", "id": "way/1020392621", "properties": {"@id": "way/1020392621", "building": "yes", "is_living": false}, "geometry": {"type": "Polygon", "coordinates": [[[37.040526, 55.7079922], [37.040526, 55.7081161], [37.040306, 55.7081161], [37.040306, 55.7079922], [37.0402148, 55.7079922], [37.0402148, 55.7078079], [37.040306, 55.7078079], [37.040306, 55.7077535], [37.040526, 55.7077535], [37.040526, 55.7078079], [37.0406306, 55.7078079], [37.0406306, 55.7079922], [37.040526, 55.7079922]]]}}, {"type": "Feature", "id": "way/1020392622", "properties": {"@id": "way/1020392622", "building": "yes", "is_living": false}, "geometry": {"type": "Polygon", "coordinates": [[[37.0402175, 55.7076144], [37.0402229, 55.7073122], [37.0404376, 55.7073134], [37.0404323, 55.7076156], [37.0402175, 55.7076144]]]}}, {"type": "Feature", "id": "way/1020665938", "properties": {"@id": "way/1020665938", "addr:housenumber": "25А", "addr:place": "Горки-10", "building": "construction", "is_living": false}, "geometry": {"type": "Polygon", "coordinates": [[[37.0206992, 55.7049444], [37.0204958, 55.7047552], [37.0202427, 55.7048416], [37.0200506, 55.7046629], [37.0202156, 55.7046066], [37.0202605, 55.7046483], [37.020421, 55.7045935], [37.0204769, 55.7046456], [37.0206859, 55.7045742], [37.020783, 55.7046645], [37.0210408, 55.7045765], [37.021223, 55.704746], [37.0211835, 55.7047594], [37.0212268, 55.7047997], [37.0210068, 55.7048748], [37.0210448, 55.7049101], [37.0209468, 55.7049436], [37.0209602, 55.7053396], [37.0203584, 55.705346], [37.0203477, 55.7050287], [37.0207019, 55.7050249], [37.0206992, 55.7049444]]]}}, {"type": "Feature", "id": "way/1020665946", "properties": {"@id": "way/1020665946", "building": "kindergarten", "is_living": false}, "geometry": {"type": "Polygon", "coordinates": [[[37.020463, 55.7016568], [37.0206269, 55.7017055], [37.0204989, 55.7018421], [37.0206205, 55.7018783], [37.0206909, 55.7018032], [37.0208988, 55.7018651], [37.0207662, 55.7020067], [37.0207198, 55.7019929], [37.0204752, 55.7022542], [37.0202964, 55.702201], [37.020358, 55.7021352], [37.0202536, 55.7021041], [37.0201923, 55.7021695], [37.0200285, 55.7021208], [37.020463, 55.7016568]]]}}, {"type": "Feature", "id": "way/1020665948", "properties": {"@id": "way/1020665948", "addr:housenumber": "31Б", "addr:street": "Рублёво-Успенское шоссе", "building": "construction", "is_living": false}, "geometry": {"type": "Polygon", "coordinates": [[[37.0180236, 55.7062762], [37.0181604, 55.7062728], [37.0181802, 55.7065212], [37.0181748, 55.7065381], [37.0181569, 55.706552], [37.0181301, 55.7065601], [37.0180996, 55.7065609], [37.0180716, 55.7065541], [37.0180516, 55.7065412], [37.0180434, 55.7065246], [37.0180236, 55.7062762]]]}}, {"type": "Feature", "id": "way/1020665963", "properties": {"@id": "way/1020665963", "building": "yes", "is_living": false}, "geometry": {"type": "Polygon", "coordinates": [[[37.0149156, 55.7083428], [37.014907, 55.7082205], [37.0156968, 55.7082008], [37.0157064, 55.7083231], [37.0149156, 55.7083428]]]}}, {"type": "Feature", "id": "way/1020665964", "properties": {"@id": "way/1020665964", "building": "yes", "is_living": false}, "geometry": {"type": "Polygon", "coordinates": [[[37.0150799, 55.7081826], [37.0150535, 55.7078472], [37.0155412, 55.7078351], [37.0155675, 55.7081705], [37.0150799, 55.7081826]]]}}, {"type": "Feature", "id": "way/1020665967", "properties": {"@id": "way/1020665967", "building": "yes", "is_living": false}, "geometry": {"type": "Polygon", "coordinates": [[[37.0202054, 55.7074353], [37.0202139, 55.7075418], [37.0200312, 55.7075464], [37.0200227, 55.7074399], [37.0201068, 55.7074378], [37.0202054, 55.7074353]]]}}, {"type": "Feature", "id": "way/1020665968", "properties": {"@id": "way/1020665968", "building": "yes", "is_living": false}, "geometry": {"type": "Polygon", "coordinates": [[[37.019932, 55.7072215], [37.0202748, 55.7072128], [37.0202924, 55.7074331], [37.0202054, 55.7074353], [37.0201068, 55.7074378], [37.0200988, 55.7073378], [37.0200256, 55.707293], [37.0199379, 55.7072952], [37.019932, 55.7072215]]]}}, {"type": "Feature", "id": "way/1020665969", "properties": {"@id": "way/1020665969", "building": "yes", "is_living": false}, "geometry": {"type": "Polygon", "coordinates": [[[37.019307, 55.7074044], [37.0192936, 55.7072366], [37.0195723, 55.7072296], [37.0195783, 55.707305], [37.0194573, 55.7073081], [37.0194647, 55.7074004], [37.019307, 55.7074044]]]}}, {"type": "Feature", "id": "way/1020665970", "properties": {"@id": "way/1020665970", "addr:housenumber": "4", "addr:street": "Рублёво-Успенское шоссе, 25-й километр", "building": "retail", "is_living": false}, "geometry": {"type": "Polygon", "coordinates": [[[37.0194009, 55.7071837], [37.0193886, 55.7070579], [37.0195203, 55.7070538], [37.0196141, 55.7070303], [37.0197375, 55.7070152], [37.0198421, 55.707013], [37.0200004, 55.7070198], [37.020085, 55.7070363], [37.0202147, 55.7070323], [37.020227, 55.707158], [37.0194009, 55.7071837]]]}}, {"type": "Feature", "id": "way/1023926791", "properties": {"@id": "way/1023926791", "building": "service", "building:levels": "1", "is_living": false}, "geometry": {"type": "Polygon", "coordinates": [[[37.3725294, 55.7229904], [37.3723153, 55.7229962], [37.3723108, 55.7229437], [37.3725249, 55.7229379], [37.3725294, 55.7229904]]]}}, {"type": "Feature", "id": "way/1025131090", "properties": {"@id": "way/1025131090", "building": "service", "building:levels": "1", "power": "substation", "substation": "minor_distribution", "is_living": false}, "geometry": {"type": "Polygon", "coordinates": [[[37.3242071, 55.6937452], [37.3242361, 55.6936999], [37.3243063, 55.6937142], [37.3242773, 55.6937595], [37.3242071, 55.6937452]]]}}, {"type": "Feature", "id": "way/1027662081", "properties": {"@id": "way/1027662081", "building": "service", "is_living": false}, "geometry": {"type": "Polygon", "coordinates": [[[37.3576767, 55.7008264], [37.3577635, 55.7008275], [37.3577623, 55.7008577], [37.3576755, 55.7008566], [37.3576767, 55.7008264]]]}}, {"type": "Feature", "id": "way/1027662082", "properties": {"@id": "way/1027662082", "building": "service", "is_living": false}, "geometry": {"type": "Polygon", "coordinates": [[[37.35824, 55.700829], [37.3583648, 55.7008297], [37.3583637, 55.7008652], [37.358239, 55.700864], [37.35824, 55.700829]]]}}, {"type": "Feature", "id": "way/1027670696", "properties": {"@id": "way/1027670696", "building": "parking", "building:levels": "1", "is_living": false}, "geometry": {"type": "Polygon", "coordinates": [[[37.3599114, 55.7014902], [37.3599167, 55.7013149], [37.3600378, 55.701316], [37.3600324, 55.7014914], [37.3599678, 55.7014907], [37.3599114, 55.7014902]]]}}, {"type": "Feature", "id": "way/1039335549", "properties": {"@id": "way/1039335549", "building": "service", "building:levels": "1", "pipeline": "substation", "substance": "gas", "substation": "distribution", "is_living": false}, "geometry": {"type": "Polygon", "coordinates": [[[36.9608764, 55.6369912], [36.9608228, 55.6370397], [36.9607883, 55.6370275], [36.960842, 55.6369791], [36.9608764, 55.6369912]]]}}, {"type": "Feature", "id": "way/1040609102", "properties": {"@id": "way/1040609102", "building": "hotel", "building:levels": "1", "roof:levels": "1", "roof:shape": "gabled", "is_living": false}, "geometry": {"type": "Polygon", "coordinates": [[[37.1769798, 55.6664091], [37.1770708, 55.6664476], [37.1768777, 55.6665928], [37.1767867, 55.6665543], [37.1769798, 55.6664091]]]}}, {"type": "Feature", "id": "way/1042546629", "properties": {"@id": "way/1042546629", "building": "retail", "building:levels": "1", "is_living": false}, "geometry": {"type": "Polygon", "coordinates": [[[37.3784186, 55.7240279], [37.3784059, 55.7237916], [37.3784521, 55.7237514], [37.3786075, 55.7237488], [37.3786102, 55.7238007], [37.3785178, 55.7238022], [37.3785298, 55.724026], [37.3784186, 55.7240279]]]}}, {"type": "Feature", "id": "way/1044160223", "properties": {"@id": "way/1044160223", "building": "retail", "height": "4", "is_living": false}, "geometry": {"type": "Polygon", "coordinates": [[[36.9040516, 55.6060068], [36.9040581, 55.6059628], [36.9041366, 55.6059665], [36.9041301, 55.6060105], [36.9040516, 55.6060068]]]}}, {"type": "Feature", "id": "way/1050097489", "properties": {"@id": "way/1050097489", "building": "service", "building:levels": "1", "location": "indoor", "power": "substation", "substation": "minor_distribution", "is_living": false}, "geometry": {"type": "Polygon", "coordinates": [[[37.0125867, 55.6169955], [37.0125512, 55.6169665], [37.0126343, 55.6169339], [37.0126699, 55.6169629], [37.0125867, 55.6169955]]]}}, {"type": "Feature", "id": "way/1050958791", "properties": {"@id": "way/1050958791", "building": "industrial", "is_living": false}, "geometry": {"type": "Polygon", "coordinates": [[[37.1870929, 55.6547219], [37.186718, 55.6543979], [37.1870619, 55.6542713], [37.1874367, 55.6545952], [37.1870929, 55.6547219]]]}}, {"type": "Feature", "id": "way/1052699439", "properties": {"@id": "way/1052699439", "building": "service", "power": "substation", "substation": "minor_distribution", "is_living": false}, "geometry": {"type": "Polygon", "coordinates": [[[37.2870894, 55.7441065], [37.2870946, 55.7440524], [37.2871925, 55.7440554], [37.2871873, 55.7441095], [37.2870894, 55.7441065]]]}}, {"type": "Feature", "id": "way/1052699440", "properties": {"@id": "way/1052699440", "building": "service", "power": "plant", "is_living": false}, "geometry": {"type": "Polygon", "coordinates": [[[37.2877553, 55.7441179], [37.2877564, 55.7440762], [37.2878161, 55.7440692], [37.2879006, 55.7440286], [37.2879664, 55.7440292], [37.2879142, 55.7441193], [37.2877553, 55.7441179]]]}}, {"type": "Feature", "id": "way/1053056185", "properties": {"@id": "way/1053056185", "addr:housenumber": "10 к1 с1", "addr:postcode": "143006", "addr:street": "Каштановая улица", "building": "service", "building:levels": "1", "landuse": "industrial", "power": "plant", "start_date": "2018", "is_living": false}, "geometry": {"type": "Polygon", "coordinates": [[[37.270524, 55.6552044], [37.2704751, 55.6552843], [37.2701406, 55.6552233], [37.2701895, 55.6551434], [37.270524, 55.6552044]]]}}, {"type": "Feature", "id": "way/1053278469", "properties": {"@id": "way/1053278469", "building": "service", "building:levels": "1", "power": "substation", "substation": "minor_distribution", "is_living": false}, "geometry": {"type": "Polygon", "coordinates": [[[37.3794808, 55.7139526], [37.3794231, 55.7140116], [37.3793148, 55.7139779], [37.3793725, 55.713919], [37.3794808, 55.7139526]]]}}, {"type": "Feature", "id": "way/1053330976", "properties": {"@id": "way/1053330976", "building": "parking", "building:levels": "1", "is_living": false}, "geometry": {"type": "Polygon", "coordinates": [[[37.3582207, 55.7013158], [37.358226, 55.7011405], [37.3583471, 55.7011416], [37.3583417, 55.701317], [37.3582851, 55.7013165], [37.3582207, 55.7013158]]]}}, {"type": "Feature", "id": "way/1055996832", "properties": {"@id": "way/1055996832", "building": "yes", "is_living": false}, "geometry": {"type": "Polygon", "coordinates": [[[37.2972527, 55.6724138], [37.2969509, 55.6724108], [37.2969576, 55.67219], [37.2972594, 55.6721929], [37.2972527, 55.6724138]]]}}, {"type": "Feature", "id": "way/1056178636", "properties": {"@id": "way/1056178636", "building": "yes", "height": "4", "is_living": false}, "geometry": {"type": "Polygon", "coordinates": [[[36.9890244, 55.5765707], [36.9890444, 55.5764642], [36.9892403, 55.576476], [36.9892203, 55.5765825], [36.9890244, 55.5765707]]]}}, {"type": "Feature", "id": "way/1056651283", "properties": {"@id": "way/1056651283", "building": "service", "building:levels": "1", "pipeline": "substation", "substance": "gas", "substation": "distribution", "is_living": false}, "geometry": {"type": "Polygon", "coordinates": [[[36.6240079, 55.6035299], [36.6240783, 55.6034974], [36.6241466, 55.6035445], [36.6240762, 55.6035771], [36.6240079, 55.6035299]]]}}, {"type": "Feature", "id": "way/1062011214", "properties": {"@id": "way/1062011214", "building": "retail", "building:levels": "1", "shop": "doityourself", "is_living": false}, "geometry": {"type": "Polygon", "coordinates": [[[36.8706322, 55.6194696], [36.8708038, 55.61935], [36.8709242, 55.6194051], [36.8707526, 55.6195247], [36.8706322, 55.6194696]]]}}, {"type": "Feature", "id": "way/1062011215", "properties": {"@id": "way/1062011215", "building": "retail", "building:levels": "1", "shop": "convenience", "is_living": false}, "geometry": {"type": "Polygon", "coordinates": [[[36.8710265, 55.6195348], [36.8710952, 55.6194869], [36.8711945, 55.6195323], [36.8711257, 55.6195802], [36.8710265, 55.6195348]]]}}, {"type": "Feature", "id": "way/1062392596", "properties": {"@id": "way/1062392596", "building": "yes", "is_living": false}, "geometry": {"type": "Polygon", "coordinates": [[[36.9542259, 55.7697659], [36.9542274, 55.7695971], [36.9546711, 55.7695969], [36.9546711, 55.7693616], [36.9550198, 55.7693616], [36.9550466, 55.7696], [36.9553217, 55.7696001], [36.9553202, 55.7697689], [36.9542259, 55.7697659]]]}}, {"type": "Feature", "id": "way/1062392601", "properties": {"@id": "way/1062392601", "building": "yes", "is_living": false}, "geometry": {"type": "Polygon", "coordinates": [[[36.9541776, 55.7708824], [36.9544203, 55.7706315], [36.9547851, 55.7707431], [36.9545424, 55.7709941], [36.9541776, 55.7708824]]]}}, {"type": "Feature", "id": "way/1062392602", "properties": {"@id": "way/1062392602", "building": "yes", "is_living": false}, "geometry": {"type": "Polygon", "coordinates": [[[36.9561785, 55.7710303], [36.9563364, 55.7708857], [36.9566421, 55.7709913], [36.9564843, 55.7711359], [36.9561785, 55.7710303]]]}}, {"type": "Feature", "id": "way/1062392603", "properties": {"@id": "way/1062392603", "building": "yes", "is_living": false}, "geometry": {"type": "Polygon", "coordinates": [[[36.9546336, 55.7711178], [36.954915, 55.770864], [36.9554139, 55.771039], [36.9551325, 55.7712928], [36.9546336, 55.7711178]]]}}, {"type": "Feature", "id": "way/1062392604", "properties": {"@id": "way/1062392604", "building": "yes", "is_living": false}, "geometry": {"type": "Polygon", "coordinates": [[[36.9571522, 55.7720381], [36.9570264, 55.7719973], [36.9572383, 55.7717906], [36.9573641, 55.7718314], [36.9571522, 55.7720381]]]}}, {"type": "Feature", "id": "way/1062392605", "properties": {"@id": "way/1062392605", "building": "yes", "is_living": false}, "geometry": {"type": "Polygon", "coordinates": [[[36.9570422, 55.7726114], [36.9567338, 55.7725028], [36.9568366, 55.7724104], [36.957145, 55.772519], [36.9570422, 55.7726114]]]}}, {"type": "Feature", "id": "way/1062392606", "properties": {"@id": "way/1062392606", "building": "yes", "is_living": false}, "geometry": {"type": "Polygon", "coordinates": [[[36.9569725, 55.7724575], [36.9567835, 55.7723919], [36.9570088, 55.7721867], [36.9571978, 55.7722523], [36.9569725, 55.7724575]]]}}, {"type": "Feature", "id": "way/1062392607", "properties": {"@id": "way/1062392607", "building": "yes", "is_living": false}, "geometry": {"type": "Polygon", "coordinates": [[[36.9566882, 55.7729584], [36.9565243, 55.7729048], [36.9568676, 55.7725729], [36.9570315, 55.7726265], [36.9566882, 55.7729584]]]}}, {"type": "Feature", "id": "way/1062397480", "properties": {"@id": "way/1062397480", "addr:housenumber": "24А/1", "addr:street": "Парковая улица", "building": "yes", "is_living": false}, "geometry": {"type": "Polygon", "coordinates": [[[36.8706483, 55.7357217], [36.8705171, 55.7356745], [36.8707826, 55.7354405], [36.8709138, 55.7354876], [36.8706483, 55.7357217]]]}}, {"type": "Feature", "id": "way/1064863505", "properties": {"@id": "way/1064863505", "building": "yes", "is_living": false}, "geometry": {"type": "Polygon", "coordinates": [[[36.8701681, 55.7269983], [36.8701616, 55.7269225], [36.8704915, 55.7269135], [36.8704981, 55.7269893], [36.8701681, 55.7269983]]]}}, {"type": "Feature", "id": "way/1064869665", "properties": {"@id": "way/1064869665", "building": "yes", "is_living": false}, "geometry": {"type": "Polygon", "coordinates": [[[36.777994, 55.7272007], [36.7780601, 55.7270655], [36.7781673, 55.7270821], [36.7781013, 55.7272173], [36.777994, 55.7272007]]]}}, {"type": "Feature", "id": "way/1064869666", "properties": {"@id": "way/1064869666", "building": "yes", "is_living": false}, "geometry": {"type": "Polygon", "coordinates": [[[36.7768192, 55.7268896], [36.7779216, 55.7271327], [36.7778757, 55.7271988], [36.7767733, 55.7269556], [36.7768192, 55.7268896]]]}}, {"type": "Feature", "id": "way/1064869667", "properties": {"@id": "way/1064869667", "building": "yes", "is_living": false}, "geometry": {"type": "Polygon", "coordinates": [[[36.777117, 55.7261238], [36.7769235, 55.7259584], [36.7770415, 55.7259146], [36.777235, 55.7260799], [36.777117, 55.7261238]]]}}, {"type": "Feature", "id": "way/1064869668", "properties": {"@id": "way/1064869668", "building": "yes", "is_living": false}, "geometry": {"type": "Polygon", "coordinates": [[[36.7773154, 55.7259198], [36.777117, 55.7257174], [36.7772594, 55.7256731], [36.7774579, 55.7258755], [36.7773154, 55.7259198]]]}}, {"type": "Feature", "id": "way/1064869669", "properties": {"@id": "way/1064869669", "building": "yes", "is_living": false}, "geometry": {"type": "Polygon", "coordinates": [[[36.7778411, 55.7258262], [36.7777055, 55.7257935], [36.7778798, 55.7255639], [36.7780155, 55.7255966], [36.7778411, 55.7258262]]]}}, {"type": "Feature", "id": "way/1064869670", "properties": {"@id": "way/1064869670", "building": "yes", "is_living": false}, "geometry": {"type": "Polygon", "coordinates": [[[36.7778948, 55.7261283], [36.7777851, 55.7261007], [36.7779621, 55.7258772], [36.7780718, 55.7259047], [36.7778948, 55.7261283]]]}}, {"type": "Feature", "id": "way/1064869671", "properties": {"@id": "way/1064869671", "building": "yes", "is_living": false}, "geometry": {"type": "Polygon", "coordinates": [[[36.7795497, 55.7259818], [36.779611, 55.7259021], [36.7796915, 55.7259218], [36.7796302, 55.7260014], [36.7795497, 55.7259818]]]}}, {"type": "Feature", "id": "way/1064869672", "properties": {"@id": "way/1064869672", "building": "yes", "is_living": false}, "geometry": {"type": "Polygon", "coordinates": [[[36.7787102, 55.7254259], [36.7787662, 55.7253408], [36.7791712, 55.7254254], [36.7791152, 55.7255105], [36.7787102, 55.7254259]]]}}, {"type": "Feature", "id": "way/1064869673", "properties": {"@id": "way/1064869673", "building": "yes", "is_living": false}, "geometry": {"type": "Polygon", "coordinates": [[[36.7788792, 55.7252537], [36.7789339, 55.7251755], [36.7793014, 55.725257], [36.7792466, 55.7253353], [36.7788792, 55.7252537]]]}}, {"type": "Feature", "id": "way/1064869674", "properties": {"@id": "way/1064869674", "building": "yes", "is_living": false}, "geometry": {"type": "Polygon", "coordinates": [[[36.7789918, 55.7250815], [36.7790746, 55.7249701], [36.7794528, 55.7250592], [36.77937, 55.7251706], [36.7789918, 55.7250815]]]}}, {"type": "Feature", "id": "way/1064869675", "properties": {"@id": "way/1064869675", "building": "yes", "is_living": false}, "geometry": {"type": "Polygon", "coordinates": [[[36.7791662, 55.7248897], [36.7792218, 55.7248163], [36.7796108, 55.72491], [36.7795551, 55.7249833], [36.7791662, 55.7248897]]]}}, {"type": "Feature", "id": "way/1064869676", "properties": {"@id": "way/1064869676", "building": "yes", "is_living": false}, "geometry": {"type": "Polygon", "coordinates": [[[36.7799199, 55.725299], [36.7799642, 55.7251971], [36.7800956, 55.7252153], [36.7800513, 55.7253171], [36.7799199, 55.725299]]]}}, {"type": "Feature", "id": "way/1064869677", "properties": {"@id": "way/1064869677", "building": "yes", "is_living": false}, "geometry": {"type": "Polygon", "coordinates": [[[36.7792466, 55.7247069], [36.7793232, 55.7246021], [36.7797336, 55.7246973], [36.779657, 55.7248021], [36.7792466, 55.7247069]]]}}, {"type": "Feature", "id": "way/1064869678", "properties": {"@id": "way/1064869678", "building": "yes", "is_living": false}, "geometry": {"type": "Polygon", "coordinates": [[[36.7780745, 55.7254863], [36.7779639, 55.7254573], [36.7781812, 55.7251945], [36.7782918, 55.7252235], [36.7780745, 55.7254863]]]}}, {"type": "Feature", "id": "way/1064869679", "properties": {"@id": "way/1064869679", "building": "yes", "is_living": false}, "geometry": {"type": "Polygon", "coordinates": [[[36.7763606, 55.7249259], [36.7762673, 55.7248874], [36.7763853, 55.7247968], [36.7764786, 55.7248353], [36.7763606, 55.7249259]]]}}, {"type": "Feature", "id": "way/1064869680", "properties": {"@id": "way/1064869680", "building": "yes", "is_living": false}, "geometry": {"type": "Polygon", "coordinates": [[[36.7767844, 55.7249999], [36.7766384, 55.7249605], [36.7769522, 55.7245919], [36.7770982, 55.7246314], [36.7767844, 55.7249999]]]}}, {"type": "Feature", "id": "way/1064869681", "properties": {"@id": "way/1064869681", "building": "yes", "is_living": false}, "geometry": {"type": "Polygon", "coordinates": [[[36.7763472, 55.7247009], [36.7765062, 55.7244887], [36.7766269, 55.7245174], [36.7764679, 55.7247296], [36.7763472, 55.7247009]]]}}, {"type": "Feature", "id": "way/1064869683", "properties": {"@id": "way/1064869683", "building": "yes", "is_living": false}, "geometry": {"type": "Polygon", "coordinates": [[[36.7770848, 55.7242522], [36.7769487, 55.724218], [36.7770962, 55.7240322], [36.7772323, 55.7240664], [36.7770848, 55.7242522]]]}}, {"type": "Feature", "id": "way/1064869687", "properties": {"@id": "way/1064869687", "building": "yes", "is_living": false}, "geometry": {"type": "Polygon", "coordinates": [[[36.7755479, 55.7243187], [36.7753912, 55.7242406], [36.7757024, 55.7240427], [36.775859, 55.7241208], [36.7755479, 55.7243187]]]}}, {"type": "Feature", "id": "way/1064869688", "properties": {"@id": "way/1064869688", "building": "yes", "is_living": false}, "geometry": {"type": "Polygon", "coordinates": [[[36.775521, 55.7237311], [36.7753744, 55.7236678], [36.7755595, 55.7235318], [36.7757061, 55.7235951], [36.775521, 55.7237311]]]}}, {"type": "Feature", "id": "way/1064869689", "properties": {"@id": "way/1064869689", "building": "yes", "is_living": false}, "geometry": {"type": "Polygon", "coordinates": [[[36.7748773, 55.724148], [36.7746985, 55.7240682], [36.7748111, 55.7239881], [36.77499, 55.7240679], [36.7748773, 55.724148]]]}}, {"type": "Feature", "id": "way/1064869690", "properties": {"@id": "way/1064869690", "building": "yes", "is_living": false}, "geometry": {"type": "Polygon", "coordinates": [[[36.7773905, 55.7233489], [36.7770955, 55.7231963], [36.7773067, 55.7230668], [36.7776017, 55.7232194], [36.7773905, 55.7233489]]]}}, {"type": "Feature", "id": "way/1064869691", "properties": {"@id": "way/1064869691", "building": "yes", "is_living": false}, "geometry": {"type": "Polygon", "coordinates": [[[36.7758805, 55.7234939], [36.7757178, 55.7234175], [36.7761094, 55.7231531], [36.7762721, 55.7232296], [36.7758805, 55.7234939]]]}}, {"type": "Feature", "id": "way/1064869693", "properties": {"@id": "way/1064869693", "building": "yes", "is_living": false}, "geometry": {"type": "Polygon", "coordinates": [[[36.7758885, 55.7217567], [36.775972, 55.7216962], [36.7763099, 55.7218443], [36.7762265, 55.7219047], [36.7758885, 55.7217567]]]}}, {"type": "Feature", "id": "way/1064869705", "properties": {"@id": "way/1064869705", "building": "yes", "is_living": false}, "geometry": {"type": "Polygon", "coordinates": [[[36.781489, 55.7218881], [36.781327, 55.721854], [36.7814262, 55.7217045], [36.7815882, 55.7217386], [36.781489, 55.7218881]]]}}, {"type": "Feature", "id": "way/1064869706", "properties": {"@id": "way/1064869706", "building": "yes", "is_living": false}, "geometry": {"type": "Polygon", "coordinates": [[[36.7810437, 55.7218126], [36.7810667, 55.7217688], [36.7813483, 55.7218156], [36.7813253, 55.7218594], [36.7810437, 55.7218126]]]}}, {"type": "Feature", "id": "way/1064869707", "properties": {"@id": "way/1064869707", "building": "yes", "is_living": false}, "geometry": {"type": "Polygon", "coordinates": [[[36.7812046, 55.7210422], [36.7814353, 55.7206947], [36.7817017, 55.7207508], [36.7814711, 55.7210983], [36.7812046, 55.7210422]]]}}, {"type": "Feature", "id": "way/1064869708", "properties": {"@id": "way/1064869708", "building": "yes", "is_living": false}, "geometry": {"type": "Polygon", "coordinates": [[[36.7810035, 55.7213262], [36.7812046, 55.7210422], [36.7814586, 55.7210992], [36.7812575, 55.7213832], [36.7810035, 55.7213262]]]}}, {"type": "Feature", "id": "way/1064869709", "properties": {"@id": "way/1064869709", "building": "yes", "is_living": false}, "geometry": {"type": "Polygon", "coordinates": [[[36.7821836, 55.7209394], [36.7820451, 55.7209089], [36.7821953, 55.7206928], [36.7823338, 55.7207234], [36.7821836, 55.7209394]]]}}, {"type": "Feature", "id": "way/1064869710", "properties": {"@id": "way/1064869710", "building": "yes", "is_living": false}, "geometry": {"type": "Polygon", "coordinates": [[[36.7821032, 55.7205829], [36.7821904, 55.7204665], [36.7826035, 55.7205646], [36.7825162, 55.7206811], [36.7821032, 55.7205829]]]}}, {"type": "Feature", "id": "way/1064869711", "properties": {"@id": "way/1064869711", "building": "yes", "is_living": false}, "geometry": {"type": "Polygon", "coordinates": [[[36.7824626, 55.7211449], [36.7826262, 55.7209304], [36.7827576, 55.7209621], [36.7825939, 55.7211767], [36.7824626, 55.7211449]]]}}, {"type": "Feature", "id": "way/1064869712", "properties": {"@id": "way/1064869712", "building": "yes", "is_living": false}, "geometry": {"type": "Polygon", "coordinates": [[[36.78224, 55.721521], [36.7823929, 55.7212929], [36.7825268, 55.7213214], [36.7823739, 55.7215495], [36.78224, 55.721521]]]}}, {"type": "Feature", "id": "way/1064869713", "properties": {"@id": "way/1064869713", "building": "yes", "is_living": false}, "geometry": {"type": "Polygon", "coordinates": [[[36.7816097, 55.7215951], [36.7817048, 55.7214922], [36.7818335, 55.72153], [36.7817384, 55.7216328], [36.7816097, 55.7215951]]]}}, {"type": "Feature", "id": "way/1064869714", "properties": {"@id": "way/1064869714", "building": "yes", "is_living": false}, "geometry": {"type": "Polygon", "coordinates": [[[36.7817143, 55.7212234], [36.7819123, 55.7209746], [36.7821456, 55.7210335], [36.7819476, 55.7212824], [36.7817143, 55.7212234]]]}}, {"type": "Feature", "id": "way/1064869976", "properties": {"@id": "way/1064869976", "addr:housenumber": "21", "addr:street": "Полевая улица", "building": "retail", "building:levels": "1", "source:addr": "ЕГРН", "is_living": false}, "geometry": {"type": "Polygon", "coordinates": [[[36.7987114, 55.7242099], [36.7985118, 55.7240907], [36.7988873, 55.7238913], [36.7990869, 55.7240105], [36.7987114, 55.7242099]]]}}, {"type": "Feature", "id": "way/1065429701", "properties": {"@id": "way/1065429701", "building": "service", "building:levels": "1", "location": "indoor", "power": "substation", "substation": "minor_distribution", "is_living": false}, "geometry": {"type": "Polygon", "coordinates": [[[36.6927803, 55.5711989], [36.6927923, 55.5711517], [36.6928943, 55.5711601], [36.6928822, 55.5712073], [36.6927803, 55.5711989]]]}}, {"type": "Feature", "id": "way/1067603707", "properties": {"@id": "way/1067603707", "building": "roof", "is_living": false}, "geometry": {"type": "Polygon", "coordinates": [[[37.314232, 55.7188516], [37.3140945, 55.7187496], [37.3143204, 55.7186529], [37.314458, 55.7187549], [37.314232, 55.7188516]]]}}, {"type": "Feature", "id": "way/1067836113", "properties": {"@id": "way/1067836113", "building": "roof", "is_living": false}, "geometry": {"type": "Polygon", "coordinates": [[[37.1770826, 55.6416478], [37.1774409, 55.6416355], [37.1777853, 55.6416236], [37.1777961, 55.6417236], [37.178037, 55.6417153], [37.1783625, 55.6417041], [37.1783803, 55.6418681], [37.1780638, 55.641879], [37.1776537, 55.6418932], [37.1776423, 55.6417871], [37.1774519, 55.6417936], [37.1770997, 55.6418058], [37.1770826, 55.6416478]]]}}, {"type": "Feature", "id": "way/1067836122", "properties": {"@id": "way/1067836122", "addr:housenumber": "8 с1", "addr:place": "микрорайон Клубничное поле", "addr:postcode": "143009", "building": "service", "building:levels": "1", "power": "plant", "start_date": "2021", "is_living": false}, "geometry": {"type": "Polygon", "coordinates": [[[37.2374799, 55.6788886], [37.2373236, 55.678822], [37.2374977, 55.6786922], [37.2376539, 55.6787588], [37.2374799, 55.6788886]]]}}, {"type": "Feature", "id": "way/1068399828", "properties": {"@id": "way/1068399828", "building": "yes", "is_living": false}, "geometry": {"type": "Polygon", "coordinates": [[[37.2644153, 55.6501406], [37.2643214, 55.6499559], [37.2644961, 55.6499277], [37.2645899, 55.6501123], [37.2644153, 55.6501406]]]}}, {"type": "Feature", "id": "way/1069291019", "properties": {"@id": "way/1069291019", "addr:housenumber": "150", "addr:place": "Вырубово", "building": "retail", "building:levels": "1", "source:addr": "ЕГРН", "is_living": false}, "geometry": {"type": "Polygon", "coordinates": [[[37.3159701, 55.6743516], [37.3160988, 55.674484], [37.315958, 55.6745165], [37.3159114, 55.6744427], [37.3158318, 55.6744587], [37.3157853, 55.6743822], [37.3158703, 55.6743776], [37.3159701, 55.6743516]]]}}, {"type": "Feature", "id": "way/1069291031", "properties": {"@id": "way/1069291031", "building": "retail", "building:levels": "1", "is_living": false}, "geometry": {"type": "Polygon", "coordinates": [[[36.6824943, 55.7086963], [36.6825175, 55.7086514], [36.6826557, 55.7086741], [36.6826325, 55.708719], [36.6824943, 55.7086963]]]}}, {"type": "Feature", "id": "way/1069291068", "properties": {"@id": "way/1069291068", "building": "service", "building:levels": "1", "location": "indoor", "power": "substation", "substation": "minor_distribution", "is_living": false}, "geometry": {"type": "Polygon", "coordinates": [[[36.9645068, 55.598858], [36.9645261, 55.5988121], [36.964628, 55.5988257], [36.9646087, 55.5988716], [36.9645068, 55.598858]]]}}, {"type": "Feature", "id": "way/1069534604", "properties": {"@id": "way/1069534604", "building": "kindergarten", "is_living": false}, "geometry": {"type": "Polygon", "coordinates": [[[37.2040281, 55.6483638], [37.2039438, 55.6482755], [37.2042228, 55.6481908], [37.204307, 55.648279], [37.2040281, 55.6483638]]]}}, {"type": "Feature", "id": "way/1069610473", "properties": {"@id": "way/1069610473", "addr:country": "RU", "addr:housenumber": "6", "addr:postcode": "143002", "addr:street": "Триумфальная улица", "building": "kindergarten", "building:levels": "3", "is_living": false}, "geometry": {"type": "Polygon", "coordinates": [[[37.2310366, 55.6563413], [37.2312659, 55.6563431], [37.2312663, 55.6563265], [37.231489, 55.6563282], [37.2314886, 55.6563448], [37.2317246, 55.6563466], [37.2317205, 55.6565126], [37.2314886, 55.6565108], [37.2314878, 55.6565449], [37.2310317, 55.6565414], [37.2310366, 55.6563413]]]}}]}