{"type": "FeatureCollection", "features": [{"type": "Feature", "id": "way/1069933318", "properties": {"@id": "way/1069933318", "building": "commercial", "name": "Офис продаж ЖК \"Одинцовские кварталы\"", "office": "estate_agent", "is_living": false}, "geometry": {"type": "Polygon", "coordinates": [[[37.2090384, 55.6296329], [37.2091216, 55.6295648], [37.2092452, 55.6296128], [37.2091621, 55.629681], [37.2090384, 55.6296329]]]}}, {"type": "Feature", "id": "way/1078575811", "properties": {"@id": "way/1078575811", "building": "retail", "building:levels": "1", "is_living": false}, "geometry": {"type": "Polygon", "coordinates": [[[37.3357312, 55.7285939], [37.335579, 55.7286288], [37.3355511, 55.7285903], [37.3357034, 55.7285554], [37.3357312, 55.7285939]]]}}, {"type": "Feature", "id": "way/1080086918", "properties": {"@id": "way/1080086918", "building": "service", "building:levels": "1", "location": "indoor", "power": "substation", "substation": "minor_distribution", "is_living": false}, "geometry": {"type": "Polygon", "coordinates": [[[37.3671044, 55.7665413], [37.3670403, 55.7665193], [37.3670845, 55.7664784], [37.3671488, 55.7665003], [37.3671044, 55.7665413]]]}}, {"type": "Feature", "id": "way/1080919918", "properties": {"@id": "way/1080919918", "building": "service", "building:levels": "1", "is_living": false}, "geometry": {"type": "Polygon", "coordinates": [[[37.2147751, 55.6387525], [37.2148301, 55.6387081], [37.2149005, 55.6387359], [37.2148455, 55.6387803], [37.2147751, 55.6387525]]]}}, {"type": "Feature", "id": "way/1081666320", "properties": {"@id": "way/1081666320", "building": "service", "is_living": false}, "geometry": {"type": "Polygon", "coordinates": [[[37.2200987, 55.6367332], [37.2201763, 55.6366818], [37.2202868, 55.636735], [37.2202092, 55.6367864], [37.2200987, 55.6367332]]]}}, {"type": "Feature", "id": "way/1082100814", "properties": {"@id": "way/1082100814", "addr:city": "Одинцово", "addr:housenumber": "31А", "addr:postcode": "143011", "addr:street": "Вокзальная улица", "building": "apartments", "building:flats": "692", "building:levels": "25", "building:levels:underground": "1", "energy_class": "B", "start_date": "2022-05-16", "is_living": false}, "geometry": {"type": "Polygon", "coordinates": [[[37.2904665, 55.6795787], [37.2902649, 55.6794754], [37.2914104, 55.6787649], [37.2916119, 55.6788682], [37.291421, 55.6789866], [37.2910392, 55.6792234], [37.2906574, 55.6794603], [37.2904665, 55.6795787]]]}}, {"type": "Feature", "id": "way/1082245753", "properties": {"@id": "way/1082245753", "building": "service", "building:levels": "1", "power": "substation", "ref": "ТП304", "substation": "minor_distribution", "is_living": false}, "geometry": {"type": "Polygon", "coordinates": [[[37.3636578, 55.7020556], [37.3636585, 55.7020062], [37.3637299, 55.7020065], [37.3637292, 55.7020559], [37.3636578, 55.7020556]]]}}, {"type": "Feature", "id": "way/1084295088", "properties": {"@id": "way/1084295088", "building": "kiosk", "is_living": false}, "geometry": {"type": "Polygon", "coordinates": [[[37.3144259, 55.7495445], [37.3143121, 55.7494439], [37.3145411, 55.7493618], [37.3146549, 55.7494624], [37.3144259, 55.7495445]]]}}, {"type": "Feature", "id": "way/1085640334", "properties": {"@id": "way/1085640334", "building": "construction", "is_living": false}, "geometry": {"type": "Polygon", "coordinates": [[[37.0625429, 55.6425421], [37.06236, 55.6424761], [37.0624731, 55.6423762], [37.0626561, 55.6424423], [37.0625429, 55.6425421]]]}}, {"type": "Feature", "id": "way/1085640335", "properties": {"@id": "way/1085640335", "building": "construction", "is_living": false}, "geometry": {"type": "Polygon", "coordinates": [[[37.0628205, 55.6426451], [37.0626376, 55.642579], [37.0627507, 55.6424792], [37.0629337, 55.6425452], [37.0628205, 55.6426451]]]}}, {"type": "Feature", "id": "way/1085640336", "properties": {"@id": "way/1085640336", "building": "construction", "is_living": false}, "geometry": {"type": "Polygon", "coordinates": [[[37.0630633, 55.6427291], [37.0628803, 55.6426631], [37.0629935, 55.6425632], [37.0631764, 55.6426292], [37.0630633, 55.6427291]]]}}, {"type": "Feature", "id": "way/1085640337", "properties": {"@id": "way/1085640337", "building": "construction", "is_living": false}, "geometry": {"type": "Polygon", "coordinates": [[[37.0633382, 55.6428199], [37.0631552, 55.6427539], [37.0632684, 55.642654], [37.0634513, 55.64272], [37.0633382, 55.6428199]]]}}, {"type": "Feature", "id": "way/1085640338", "properties": {"@id": "way/1085640338", "building": "construction", "is_living": false}, "geometry": {"type": "Polygon", "coordinates": [[[37.0636037, 55.6429148], [37.0634207, 55.6428488], [37.0635339, 55.6427489], [37.0637168, 55.6428149], [37.0636037, 55.6429148]]]}}, {"type": "Feature", "id": "way/1086456990", "properties": {"@id": "way/1086456990", "building": "retail", "building:levels": "1", "is_living": false}, "geometry": {"type": "Polygon", "coordinates": [[[37.0053412, 55.6300286], [37.0053404, 55.6299773], [37.0055309, 55.6299765], [37.0055316, 55.6300277], [37.0053412, 55.6300286]]]}}, {"type": "Feature", "id": "way/1086456994", "properties": {"@id": "way/1086456994", "building": "garages", "is_living": false}, "geometry": {"type": "Polygon", "coordinates": [[[37.0052737, 55.6301537], [37.0052724, 55.6300778], [37.009326, 55.6300556], [37.0093272, 55.6301219], [37.0086654, 55.6301351], [37.0052737, 55.6301537]]]}}, {"type": "Feature", "id": "way/1087820939", "properties": {"@id": "way/1087820939", "addr:housenumber": "4", "addr:place": "Военно-патриотический парк культуры и отдыха ВС РФ", "addr:postcode": "143070", "building": "hotel", "start_date": "2022", "is_living": false}, "geometry": {"type": "Polygon", "coordinates": [[[36.8308979, 55.5655459], [36.8306833, 55.5653305], [36.8307692, 55.5653093], [36.8305868, 55.5651698], [36.8306833, 55.5651243], [36.8304473, 55.5649877], [36.829884, 55.5647936], [36.8293852, 55.5646389], [36.8286771, 55.5644994], [36.828661, 55.5644175], [36.8287253, 55.564281], [36.8291384, 55.5643629], [36.8289399, 55.5640656], [36.8291867, 55.5640383], [36.8293744, 55.5643052], [36.829251, 55.5643629], [36.8299967, 55.5645631], [36.8305653, 55.5647845], [36.8307638, 55.5649089], [36.8313163, 55.5649604], [36.8312949, 55.5651516], [36.8309087, 55.5651091], [36.8310428, 55.5652031], [36.83115, 55.5651789], [36.8313646, 55.5653973], [36.8308979, 55.5655459]]]}}, {"type": "Feature", "id": "way/1089551522", "properties": {"@id": "way/1089551522", "addr:housenumber": "26Б", "addr:place": "Таганьково", "building": "retail", "building:levels": "1", "is_living": false}, "geometry": {"type": "Polygon", "coordinates": [[[37.0737612, 55.6854252], [37.0736248, 55.6853869], [37.0739681, 55.6849983], [37.0741045, 55.6850366], [37.0737612, 55.6854252]]]}}, {"type": "Feature", "id": "way/1090144449", "properties": {"@id": "way/1090144449", "building": "service", "power": "substation", "ref": "510602", "substation": "minor_distribution", "is_living": false}, "geometry": {"type": "Polygon", "coordinates": [[[37.2599311, 55.6735925], [37.2600189, 55.673513], [37.260106, 55.6735437], [37.2600182, 55.6736231], [37.2599311, 55.6735925]]]}}, {"type": "Feature", "id": "way/1090205696", "properties": {"@id": "way/1090205696", "building": "service", "power": "substation", "substation": "minor_distribution", "is_living": false}, "geometry": {"type": "Polygon", "coordinates": [[[37.0969554, 55.6560765], [37.0969784, 55.656025], [37.0970511, 55.6560353], [37.0970282, 55.6560868], [37.0969554, 55.6560765]]]}}, {"type": "Feature", "id": "way/1090209406", "properties": {"@id": "way/1090209406", "building": "service", "power": "substation", "ref": "313255", "substation": "minor_distribution", "is_living": false}, "geometry": {"type": "Polygon", "coordinates": [[[37.1010395, 55.6553283], [37.1010382, 55.6552703], [37.1011436, 55.6552695], [37.1011449, 55.6553276], [37.1010395, 55.6553283]]]}}, {"type": "Feature", "id": "way/1091972735", "properties": {"@id": "way/1091972735", "building": "service", "is_living": false}, "geometry": {"type": "Polygon", "coordinates": [[[37.2186831, 55.6367326], [37.2185735, 55.6368091], [37.2184908, 55.6367694], [37.2186025, 55.6366947], [37.2186831, 55.6367326]]]}}, {"type": "Feature", "id": "way/1091973093", "properties": {"@id": "way/1091973093", "building": "service", "building:levels": "1", "is_living": false}, "geometry": {"type": "Polygon", "coordinates": [[[37.2191906, 55.6397389], [37.2192581, 55.6396934], [37.2193419, 55.6397329], [37.2192743, 55.6397785], [37.2191906, 55.6397389]]]}}, {"type": "Feature", "id": "way/1094413239", "properties": {"@id": "way/1094413239", "building": "yes", "is_living": false}, "geometry": {"type": "Polygon", "coordinates": [[[36.989096, 55.5847456], [36.9892459, 55.5840952], [36.9895481, 55.5841175], [36.989398, 55.5847679], [36.989096, 55.5847456]]]}}, {"type": "Feature", "id": "way/1094413240", "properties": {"@id": "way/1094413240", "building": "yes", "is_living": false}, "geometry": {"type": "Polygon", "coordinates": [[[36.9882479, 55.5841654], [36.9882773, 55.5840076], [36.9884689, 55.5840191], [36.9884396, 55.5841768], [36.9882479, 55.5841654]]]}}, {"type": "Feature", "id": "way/1094413241", "properties": {"@id": "way/1094413241", "building": "yes", "is_living": false}, "geometry": {"type": "Polygon", "coordinates": [[[36.9846961, 55.5839163], [36.9848189, 55.5833983], [36.9853121, 55.5834357], [36.9852801, 55.5835701], [36.9851005, 55.5835565], [36.9850397, 55.5838122], [36.9852358, 55.5838271], [36.9852055, 55.583955], [36.9846961, 55.5839163]]]}}, {"type": "Feature", "id": "way/1094413242", "properties": {"@id": "way/1094413242", "building": "yes", "is_living": false}, "geometry": {"type": "Polygon", "coordinates": [[[36.983119, 55.5832635], [36.9831687, 55.5830424], [36.9825457, 55.5829977], [36.9825947, 55.5827799], [36.9831658, 55.5828209], [36.9832141, 55.5826058], [36.9835395, 55.5826291], [36.9834913, 55.5828437], [36.9834284, 55.5828392], [36.9834076, 55.5829318], [36.9834894, 55.5829377], [36.9834766, 55.5829948], [36.9833936, 55.5829888], [36.9833769, 55.5830635], [36.9834318, 55.5830675], [36.9833835, 55.5832825], [36.983119, 55.5832635]]]}}, {"type": "Feature", "id": "way/1094413243", "properties": {"@id": "way/1094413243", "building": "yes", "is_living": false}, "geometry": {"type": "Polygon", "coordinates": [[[36.983828, 55.5833377], [36.983989, 55.5826148], [36.9842445, 55.5826329], [36.9841711, 55.5829621], [36.9842461, 55.5829675], [36.9842268, 55.583054], [36.9841635, 55.5830495], [36.9840951, 55.5833567], [36.983828, 55.5833377]]]}}, {"type": "Feature", "id": "way/1094413249", "properties": {"@id": "way/1094413249", "building": "yes", "is_living": false}, "geometry": {"type": "Polygon", "coordinates": [[[36.9828914, 55.5837995], [36.9829195, 55.5836394], [36.9830911, 55.5836491], [36.9830745, 55.5837434], [36.9830998, 55.5837449], [36.9830937, 55.58378], [36.9830514, 55.5837776], [36.983046, 55.5838082], [36.9828914, 55.5837995]]]}}, {"type": "Feature", "id": "way/1094413250", "properties": {"@id": "way/1094413250", "building": "yes", "is_living": false}, "geometry": {"type": "Polygon", "coordinates": [[[36.9850681, 55.5829238], [36.9851058, 55.5826904], [36.9850531, 55.5826876], [36.9850627, 55.5826279], [36.9851386, 55.5826318], [36.9851538, 55.582537], [36.9853451, 55.5825468], [36.9853384, 55.5825889], [36.98541, 55.5825925], [36.9854002, 55.5826531], [36.9853403, 55.58265], [36.9852942, 55.5829354], [36.9850681, 55.5829238]]]}}, {"type": "Feature", "id": "way/1094413252", "properties": {"@id": "way/1094413252", "building": "yes", "is_living": false}, "geometry": {"type": "Polygon", "coordinates": [[[36.984719, 55.5822049], [36.9847383, 55.582115], [36.9850228, 55.5821346], [36.9850061, 55.582212], [36.9850034, 55.5822244], [36.984719, 55.5822049]]]}}, {"type": "Feature", "id": "way/1094413254", "properties": {"@id": "way/1094413254", "building": "yes", "is_living": false}, "geometry": {"type": "Polygon", "coordinates": [[[36.9851105, 55.5822197], [36.9852054, 55.5817366], [36.9853989, 55.5817488], [36.9853041, 55.5822319], [36.9851105, 55.5822197]]]}}, {"type": "Feature", "id": "way/1094413255", "properties": {"@id": "way/1094413255", "building": "yes", "is_living": false}, "geometry": {"type": "Polygon", "coordinates": [[[36.9856789, 55.5821638], [36.9861181, 55.5821999], [36.9860926, 55.5822992], [36.9856534, 55.5822631], [36.9856789, 55.5821638]]]}}, {"type": "Feature", "id": "way/1094413256", "properties": {"@id": "way/1094413256", "building": "yes", "is_living": false}, "geometry": {"type": "Polygon", "coordinates": [[[36.986107, 55.5812341], [36.9865812, 55.5812645], [36.9865634, 55.5813531], [36.9860892, 55.5813226], [36.986107, 55.5812341]]]}}, {"type": "Feature", "id": "way/1094413258", "properties": {"@id": "way/1094413258", "building": "yes", "is_living": false}, "geometry": {"type": "Polygon", "coordinates": [[[36.986846, 55.5814978], [36.9868544, 55.5813489], [36.9869791, 55.5813511], [36.9869708, 55.5815], [36.986846, 55.5814978]]]}}, {"type": "Feature", "id": "way/1094413261", "properties": {"@id": "way/1094413261", "building": "yes", "is_living": false}, "geometry": {"type": "Polygon", "coordinates": [[[36.9826466, 55.5824253], [36.9827319, 55.5820603], [36.9829895, 55.5820795], [36.9829041, 55.5824446], [36.9826466, 55.5824253]]]}}, {"type": "Feature", "id": "way/1094413262", "properties": {"@id": "way/1094413262", "building": "yes", "is_living": false}, "geometry": {"type": "Polygon", "coordinates": [[[36.9834871, 55.5839392], [36.983558, 55.5835787], [36.9836048, 55.5835816], [36.9836129, 55.5835402], [36.9840807, 55.5835695], [36.9840017, 55.5839716], [36.9834871, 55.5839392]]]}}, {"type": "Feature", "id": "way/1094413263", "properties": {"@id": "way/1094413263", "building": "yes", "is_living": false}, "geometry": {"type": "Polygon", "coordinates": [[[36.9845152, 55.5847718], [36.984635, 55.5842478], [36.9851315, 55.584284], [36.9850989, 55.5844269], [36.9849248, 55.5844142], [36.9848665, 55.58467], [36.9850531, 55.5846836], [36.9850245, 55.584809], [36.9845152, 55.5847718]]]}}, {"type": "Feature", "id": "way/1094413268", "properties": {"@id": "way/1094413268", "building": "yes", "is_living": false}, "geometry": {"type": "Polygon", "coordinates": [[[36.987365, 55.5859389], [36.9869619, 55.5859147], [36.9870088, 55.5856658], [36.9869385, 55.5856616], [36.9869494, 55.5856038], [36.9869593, 55.5855513], [36.9870589, 55.5855573], [36.9871009, 55.5853338], [36.9872467, 55.5853425], [36.9872405, 55.5853753], [36.9874688, 55.585389], [36.987365, 55.5859389]]]}}, {"type": "Feature", "id": "way/1094413271", "properties": {"@id": "way/1094413271", "building": "yes", "is_living": false}, "geometry": {"type": "Polygon", "coordinates": [[[36.9880529, 55.5852321], [36.9880797, 55.5851112], [36.9882631, 55.5851242], [36.9882363, 55.5852451], [36.9880529, 55.5852321]]]}}, {"type": "Feature", "id": "way/1094413273", "properties": {"@id": "way/1094413273", "building": "yes", "is_living": false}, "geometry": {"type": "Polygon", "coordinates": [[[36.9896782, 55.5821979], [36.9896969, 55.58219], [36.989719, 55.5821861], [36.9897423, 55.5821864], [36.989764, 55.5821911], [36.9897819, 55.5821995], [36.9897939, 55.5822107], [36.9897987, 55.5822236], [36.9897958, 55.5822366], [36.9897854, 55.5822484], [36.9897689, 55.5822576], [36.9897479, 55.5822633], [36.9897254, 55.5822647], [36.9897034, 55.5822621], [36.989684, 55.5822556], [36.9896692, 55.582246], [36.9896606, 55.5822342], [36.9896591, 55.5822215], [36.9896652, 55.5822088], [36.9896782, 55.5821979]]]}}, {"type": "Feature", "id": "way/1094413275", "properties": {"@id": "way/1094413275", "building": "yes", "is_living": false}, "geometry": {"type": "Polygon", "coordinates": [[[36.9883238, 55.5823393], [36.9883776, 55.582076], [36.9887816, 55.5821023], [36.9887278, 55.5823656], [36.9883238, 55.5823393]]]}}, {"type": "Feature", "id": "way/1094413279", "properties": {"@id": "way/1094413279", "building": "yes", "is_living": false}, "geometry": {"type": "Polygon", "coordinates": [[[36.9868357, 55.5829429], [36.986868, 55.5827436], [36.9872513, 55.5827635], [36.9872685, 55.5826576], [36.9871904, 55.5826535], [36.9872111, 55.5825254], [36.9876605, 55.5825487], [36.9876406, 55.582672], [36.9875265, 55.5826661], [36.9875016, 55.5828193], [36.9878754, 55.5828386], [36.9878499, 55.5829955], [36.9868357, 55.5829429]]]}}, {"type": "Feature", "id": "way/1094413280", "properties": {"@id": "way/1094413280", "building": "yes", "is_living": false}, "geometry": {"type": "Polygon", "coordinates": [[[36.9863233, 55.5830065], [36.9863867, 55.5826657], [36.9865965, 55.5826782], [36.9865333, 55.583019], [36.9863233, 55.5830065]]]}}, {"type": "Feature", "id": "way/1094413288", "properties": {"@id": "way/1094413288", "building": "yes", "is_living": false}, "geometry": {"type": "Polygon", "coordinates": [[[36.9876728, 55.5817498], [36.9877791, 55.5812799], [36.9879529, 55.5812924], [36.9879268, 55.5814076], [36.988003, 55.5814131], [36.9879755, 55.581535], [36.9878962, 55.5815293], [36.9878876, 55.5815671], [36.9879804, 55.5815738], [36.9879643, 55.5816449], [36.9878644, 55.5816377], [36.9878364, 55.5817616], [36.9876728, 55.5817498]]]}}, {"type": "Feature", "id": "way/1094413292", "properties": {"@id": "way/1094413292", "building": "yes", "is_living": false}, "geometry": {"type": "Polygon", "coordinates": [[[36.9884336, 55.5853794], [36.9884511, 55.5853163], [36.988396, 55.5853114], [36.9884065, 55.5852737], [36.9884571, 55.5852782], [36.9884867, 55.5851717], [36.9886872, 55.5851895], [36.9886295, 55.5853968], [36.9884336, 55.5853794]]]}}, {"type": "Feature", "id": "way/1094413296", "properties": {"@id": "way/1094413296", "building": "yes", "is_living": false}, "geometry": {"type": "Polygon", "coordinates": [[[36.9862258, 55.5889139], [36.9862677, 55.5887261], [36.9875409, 55.588817], [36.987499, 55.5890046], [36.9862258, 55.5889139]]]}}, {"type": "Feature", "id": "way/1094413300", "properties": {"@id": "way/1094413300", "building": "yes", "is_living": false}, "geometry": {"type": "Polygon", "coordinates": [[[36.9854855, 55.5873462], [36.9855249, 55.5871691], [36.9859169, 55.587197], [36.9858774, 55.587374], [36.9854855, 55.5873462]]]}}, {"type": "Feature", "id": "way/1094413301", "properties": {"@id": "way/1094413301", "building": "yes", "is_living": false}, "geometry": {"type": "Polygon", "coordinates": [[[36.9866177, 55.5869241], [36.98665, 55.5867602], [36.9876019, 55.5868201], [36.9875696, 55.586984], [36.9866177, 55.5869241]]]}}, {"type": "Feature", "id": "way/1094413302", "properties": {"@id": "way/1094413302", "building": "yes", "is_living": false}, "geometry": {"type": "Polygon", "coordinates": [[[36.9861719, 55.5874188], [36.9862191, 55.5871908], [36.9866054, 55.5872164], [36.9865582, 55.5874444], [36.9861719, 55.5874188]]]}}, {"type": "Feature", "id": "way/1094413303", "properties": {"@id": "way/1094413303", "building": "yes", "is_living": false}, "geometry": {"type": "Polygon", "coordinates": [[[36.9870808, 55.5875809], [36.987104, 55.5874634], [36.9871891, 55.5874688], [36.9872271, 55.5872761], [36.9871433, 55.5872708], [36.9871643, 55.5871642], [36.9878015, 55.5872043], [36.9877818, 55.5873044], [36.9874568, 55.5872839], [36.9874155, 55.5874936], [36.9874876, 55.5874981], [36.9874829, 55.5875218], [36.9876349, 55.5875314], [36.9876184, 55.5876148], [36.9870808, 55.5875809]]]}}, {"type": "Feature", "id": "way/1094413307", "properties": {"@id": "way/1094413307", "building": "yes", "is_living": false}, "geometry": {"type": "Polygon", "coordinates": [[[36.9860612, 55.5897269], [36.9860974, 55.5895568], [36.9873856, 55.5896445], [36.9873494, 55.5898144], [36.9860612, 55.5897269]]]}}, {"type": "Feature", "id": "way/1094413308", "properties": {"@id": "way/1094413308", "building": "yes", "is_living": false}, "geometry": {"type": "Polygon", "coordinates": [[[36.9837176, 55.5903708], [36.9837469, 55.5901959], [36.9848972, 55.5902573], [36.984868, 55.5904323], [36.9837176, 55.5903708]]]}}, {"type": "Feature", "id": "way/1094413313", "properties": {"@id": "way/1094413313", "building": "yes", "is_living": false}, "geometry": {"type": "Polygon", "coordinates": [[[36.9886559, 55.5847195], [36.9883341, 55.5846948], [36.9884028, 55.5844091], [36.9887246, 55.5844338], [36.9886559, 55.5847195]]]}}, {"type": "Feature", "id": "way/1094413314", "properties": {"@id": "way/1094413314", "building": "yes", "is_living": false}, "geometry": {"type": "Polygon", "coordinates": [[[36.9834811, 55.584833], [36.9835415, 55.5845922], [36.9837664, 55.5846102], [36.9837059, 55.584851], [36.9834811, 55.584833]]]}}, {"type": "Feature", "id": "way/1094413315", "properties": {"@id": "way/1094413315", "building": "yes", "is_living": false}, "geometry": {"type": "Polygon", "coordinates": [[[36.9835441, 55.5843916], [36.9835847, 55.5841905], [36.9838445, 55.5842073], [36.9838278, 55.58429], [36.9838781, 55.5842933], [36.9838684, 55.5843413], [36.9838108, 55.5843376], [36.9837965, 55.5844079], [36.9835441, 55.5843916]]]}}, {"type": "Feature", "id": "way/1094413316", "properties": {"@id": "way/1094413316", "building": "yes", "is_living": false}, "geometry": {"type": "Polygon", "coordinates": [[[36.9833347, 55.5851883], [36.9833585, 55.5850725], [36.9834587, 55.5850791], [36.983435, 55.5851948], [36.9833347, 55.5851883]]]}}, {"type": "Feature", "id": "way/1094413317", "properties": {"@id": "way/1094413317", "building": "yes", "is_living": false}, "geometry": {"type": "Polygon", "coordinates": [[[36.9838772, 55.5852085], [36.9838867, 55.5851091], [36.9840268, 55.5851134], [36.9840204, 55.585181], [36.9839933, 55.5851802], [36.9839903, 55.5852119], [36.9838772, 55.5852085]]]}}, {"type": "Feature", "id": "way/1094413318", "properties": {"@id": "way/1094413318", "building": "yes", "is_living": false}, "geometry": {"type": "Polygon", "coordinates": [[[36.982675, 55.5846943], [36.982696, 55.5845523], [36.9829335, 55.5845635], [36.9829124, 55.5847055], [36.982675, 55.5846943]]]}}, {"type": "Feature", "id": "way/1094413319", "properties": {"@id": "way/1094413319", "building": "ruins", "is_living": false}, "geometry": {"type": "Polygon", "coordinates": [[[36.9868434, 55.581575], [36.9873221, 55.5816084], [36.9873033, 55.5816944], [36.9868247, 55.581661], [36.9868434, 55.581575]]]}}, {"type": "Feature", "id": "way/1094413332", "properties": {"@id": "way/1094413332", "building": "yes", "is_living": false}, "geometry": {"type": "Polygon", "coordinates": [[[36.9821527, 55.5846248], [36.9822022, 55.5843404], [36.9824521, 55.5843543], [36.9824027, 55.5846386], [36.9821527, 55.5846248]]]}}, {"type": "Feature", "id": "way/1094413335", "properties": {"@id": "way/1094413335", "building": "ruins", "is_living": false}, "geometry": {"type": "Polygon", "coordinates": [[[36.9864145, 55.587914], [36.9864569, 55.5877302], [36.9877364, 55.5878244], [36.987694, 55.5880083], [36.9864145, 55.587914]]]}}, {"type": "Feature", "id": "way/1094413336", "properties": {"@id": "way/1094413336", "building": "yes", "is_living": false}, "geometry": {"type": "Polygon", "coordinates": [[[36.9841309, 55.5872307], [36.9841552, 55.5871137], [36.9842662, 55.5871211], [36.9842607, 55.5871476], [36.9843083, 55.5871508], [36.9842928, 55.5872254], [36.9842429, 55.5872221], [36.9842396, 55.587238], [36.9841309, 55.5872307]]]}}, {"type": "Feature", "id": "way/1094413337", "properties": {"@id": "way/1094413337", "building": "yes", "is_living": false}, "geometry": {"type": "Polygon", "coordinates": [[[36.9845551, 55.5871823], [36.985155, 55.5872225], [36.9851446, 55.5872718], [36.9845448, 55.5872315], [36.9845551, 55.5871823]]]}}, {"type": "Feature", "id": "way/1094413338", "properties": {"@id": "way/1094413338", "building": "yes", "is_living": false}, "geometry": {"type": "Polygon", "coordinates": [[[36.9842294, 55.5861802], [36.9842496, 55.5860874], [36.9843516, 55.5860945], [36.9843313, 55.5861873], [36.9842294, 55.5861802]]]}}, {"type": "Feature", "id": "way/1094413347", "properties": {"@id": "way/1094413347", "building": "yes", "is_living": false}, "geometry": {"type": "Polygon", "coordinates": [[[36.9871227, 55.5822485], [36.9872166, 55.5820249], [36.9874029, 55.5820499], [36.9873856, 55.5820912], [36.9874343, 55.5820977], [36.9874225, 55.582126], [36.9873726, 55.5821193], [36.9873227, 55.5822383], [36.9873806, 55.5822461], [36.9873659, 55.5822811], [36.9871227, 55.5822485]]]}}, {"type": "Feature", "id": "way/1094413348", "properties": {"@id": "way/1094413348", "building": "yes", "is_living": false}, "geometry": {"type": "Polygon", "coordinates": [[[36.9922523, 55.578194], [36.9930783, 55.5773357], [36.9932728, 55.5773955], [36.9924464, 55.5782537], [36.9922523, 55.578194]]]}}, {"type": "Feature", "id": "way/1094413349", "properties": {"@id": "way/1094413349", "building": "yes", "is_living": false}, "geometry": {"type": "Polygon", "coordinates": [[[36.9901771, 55.5774951], [36.9904693, 55.5771846], [36.9907731, 55.577276], [36.990941, 55.5770977], [36.9913144, 55.57721], [36.9911641, 55.5773697], [36.9914367, 55.5774517], [36.9912722, 55.5776264], [36.9916801, 55.5777492], [36.992189, 55.5772088], [36.9924148, 55.5772767], [36.9915585, 55.578186], [36.9913366, 55.5781193], [36.9915754, 55.5778657], [36.9911736, 55.5777448], [36.991137, 55.5777837], [36.9901771, 55.5774951]]]}}, {"type": "Feature", "id": "way/1094413350", "properties": {"@id": "way/1094413350", "building": "yes", "is_living": false}, "geometry": {"type": "Polygon", "coordinates": [[[36.9904732, 55.5787177], [36.9909258, 55.5782426], [36.9911549, 55.5783123], [36.9907024, 55.5787874], [36.9904732, 55.5787177]]]}}, {"type": "Feature", "id": "way/1094413351", "properties": {"@id": "way/1094413351", "building": "yes", "is_living": false}, "geometry": {"type": "Polygon", "coordinates": [[[36.9916173, 55.5782827], [36.9919698, 55.5783049], [36.9919505, 55.5784027], [36.991598, 55.5783806], [36.9916173, 55.5782827]]]}}, {"type": "Feature", "id": "way/1094413352", "properties": {"@id": "way/1094413352", "building": "yes", "is_living": false}, "geometry": {"type": "Polygon", "coordinates": [[[36.9891591, 55.5780455], [36.9902554, 55.5781162], [36.9902209, 55.578287], [36.990086, 55.5782783], [36.9900774, 55.578321], [36.9899364, 55.5783119], [36.9899463, 55.5782628], [36.989126, 55.57821], [36.9891591, 55.5780455]]]}}, {"type": "Feature", "id": "way/1094413353", "properties": {"@id": "way/1094413353", "building": "yes", "is_living": false}, "geometry": {"type": "Polygon", "coordinates": [[[36.9861761, 55.5768329], [36.9874123, 55.5769171], [36.9873801, 55.5770681], [36.9861439, 55.5769838], [36.9861761, 55.5768329]]]}}, {"type": "Feature", "id": "way/1094413354", "properties": {"@id": "way/1094413354", "building": "yes", "is_living": false}, "geometry": {"type": "Polygon", "coordinates": [[[36.9866499, 55.5762103], [36.9872535, 55.5762577], [36.987224, 55.5763777], [36.9866204, 55.5763303], [36.9866499, 55.5762103]]]}}, {"type": "Feature", "id": "way/1094413355", "properties": {"@id": "way/1094413355", "building": "yes", "is_living": false}, "geometry": {"type": "Polygon", "coordinates": [[[36.9861709, 55.5763784], [36.9862106, 55.5762038], [36.9863813, 55.5762162], [36.9863416, 55.5763908], [36.9861709, 55.5763784]]]}}, {"type": "Feature", "id": "way/1094413356", "properties": {"@id": "way/1094413356", "building": "yes", "is_living": false}, "geometry": {"type": "Polygon", "coordinates": [[[36.9881435, 55.5781245], [36.9882053, 55.5777978], [36.9884108, 55.5778103], [36.9883488, 55.5781369], [36.9881435, 55.5781245]]]}}, {"type": "Feature", "id": "way/1094413357", "properties": {"@id": "way/1094413357", "building": "yes", "is_living": false}, "geometry": {"type": "Polygon", "coordinates": [[[36.9882903, 55.5782], [36.9882602, 55.578388], [36.9880828, 55.5783789], [36.988113, 55.5781909], [36.9882903, 55.5782]]]}}, {"type": "Feature", "id": "way/1094413358", "properties": {"@id": "way/1094413358", "building": "yes", "is_living": false}, "geometry": {"type": "Polygon", "coordinates": [[[36.9898245, 55.5784113], [36.9897814, 55.5785935], [36.9896583, 55.5785842], [36.9897015, 55.578402], [36.9898245, 55.5784113]]]}}, {"type": "Feature", "id": "way/1094419060", "properties": {"@id": "way/1094419060", "building": "yes", "is_living": false}, "geometry": {"type": "Polygon", "coordinates": [[[36.9870453, 55.5774621], [36.9870965, 55.5772408], [36.9871184, 55.5772424], [36.9871234, 55.5772209], [36.9872663, 55.5772315], [36.9872102, 55.5774743], [36.9870453, 55.5774621]]]}}, {"type": "Feature", "id": "way/1094419061", "properties": {"@id": "way/1094419061", "addr:housenumber": "2", "addr:place": "Алабинская территория", "building": "yes", "is_living": false}, "geometry": {"type": "Polygon", "coordinates": [[[36.9863127, 55.5772129], [36.9862196, 55.5777234], [36.986874, 55.5777615], [36.9868402, 55.577947], [36.986012, 55.5778989], [36.9860214, 55.5778469], [36.9858794, 55.5778387], [36.985997, 55.5771945], [36.9863127, 55.5772129]]]}}, {"type": "Feature", "id": "way/1094419062", "properties": {"@id": "way/1094419062", "building": "yes", "is_living": false}, "geometry": {"type": "Polygon", "coordinates": [[[36.9875087, 55.5778546], [36.9875284, 55.5777554], [36.9880888, 55.577791], [36.9880591, 55.5779405], [36.9879397, 55.5779329], [36.9879496, 55.5778827], [36.9875087, 55.5778546]]]}}, {"type": "Feature", "id": "way/1103223954", "properties": {"@id": "way/1103223954", "building": "garages", "is_living": false}, "geometry": {"type": "Polygon", "coordinates": [[[36.6941682, 55.681525], [36.6941787, 55.681458], [36.6950876, 55.6815034], [36.695077, 55.6815704], [36.6941682, 55.681525]]]}}, {"type": "Feature", "id": "way/1103616820", "properties": {"@id": "way/1103616820", "addr:housenumber": "123Б", "addr:place": "Жуковка", "addr:postcode": "143082", "building": "retail", "is_living": false}, "geometry": {"type": "Polygon", "coordinates": [[[37.2447784, 55.7379539], [37.244797, 55.7379863], [37.2448001, 55.7380203], [37.2447874, 55.7380536], [37.2447598, 55.738084], [37.2447178, 55.738111], [37.2446174, 55.7380945], [37.2446411, 55.7380488], [37.2442165, 55.7379792], [37.244081, 55.738241], [37.2438522, 55.7382035], [37.2440319, 55.7378562], [37.2441391, 55.7378738], [37.2441551, 55.7378598], [37.2441874, 55.7378471], [37.2442259, 55.7378424], [37.2442647, 55.7378464], [37.2442783, 55.7378513], [37.2442901, 55.7378285], [37.2446468, 55.7378869], [37.2447007, 55.7379024], [37.2447456, 55.7379253], [37.2447784, 55.7379539]]]}}, {"type": "Feature", "id": "way/1103616833", "properties": {"@id": "way/1103616833", "building": "construction", "is_living": false}, "geometry": {"type": "Polygon", "coordinates": [[[37.2430783, 55.7378479], [37.2435156, 55.7378764], [37.2434856, 55.7380223], [37.2435519, 55.7380266], [37.2434676, 55.7384366], [37.2429737, 55.7383568], [37.2430783, 55.7378479]]]}}, {"type": "Feature", "id": "way/1106550811", "properties": {"@id": "way/1106550811", "building": "yes", "is_living": false}, "geometry": {"type": "Polygon", "coordinates": [[[37.3852703, 55.7116869], [37.3852864, 55.7115796], [37.385424, 55.7115862], [37.3854079, 55.7116934], [37.3852703, 55.7116869]]]}}, {"type": "Feature", "id": "way/1107770862", "properties": {"@id": "way/1107770862", "building": "service", "description": "канализационная насосная станция", "is_living": false}, "geometry": {"type": "Polygon", "coordinates": [[[37.0551428, 55.64119], [37.0552468, 55.6412237], [37.0551815, 55.6412879], [37.0550775, 55.6412541], [37.0551428, 55.64119]]]}}, {"type": "Feature", "id": "way/1107770863", "properties": {"@id": "way/1107770863", "building": "service", "description": "Очистные сооружения бытовых стоков", "is_living": false}, "geometry": {"type": "Polygon", "coordinates": [[[37.0545651, 55.6407972], [37.0551455, 55.6409855], [37.0549966, 55.6411316], [37.0544163, 55.6409432], [37.0545651, 55.6407972]]]}}, {"type": "Feature", "id": "way/1119823583", "properties": {"@id": "way/1119823583", "addr:housenumber": "1А", "addr:place": "Восточный микрорайон", "building": "retail", "building:levels": "1", "source:addr": "ЕГРН", "start_date": "2020", "is_living": false}, "geometry": {"type": "Polygon", "coordinates": [[[36.8650156, 55.7273941], [36.8647686, 55.7276048], [36.8643397, 55.7274454], [36.8645867, 55.7272346], [36.8650156, 55.7273941]]]}}, {"type": "Feature", "id": "way/1120202256", "properties": {"@id": "way/1120202256", "building": "roof", "building:levels": "1", "is_living": false}, "geometry": {"type": "Polygon", "coordinates": [[[36.8270436, 55.5823366], [36.8270851, 55.5822003], [36.8272313, 55.5822146], [36.8271898, 55.5823508], [36.8270436, 55.5823366]]]}}, {"type": "Feature", "id": "way/1120202257", "properties": {"@id": "way/1120202257", "building": "retail", "building:levels": "1", "is_living": false}, "geometry": {"type": "Polygon", "coordinates": [[[36.8273815, 55.5823753], [36.8274231, 55.5822388], [36.8275974, 55.5822558], [36.8275558, 55.5823922], [36.8273815, 55.5823753]]]}}, {"type": "Feature", "id": "way/1121935973", "properties": {"@id": "way/1121935973", "building": "service", "description": "Пост дежурного по переезду", "is_living": false}, "geometry": {"type": "Polygon", "coordinates": [[[36.771326, 55.5937474], [36.7713416, 55.5937135], [36.7713964, 55.5937216], [36.7713808, 55.5937555], [36.771326, 55.5937474]]]}}, {"type": "Feature", "id": "way/1125361036", "properties": {"@id": "way/1125361036", "building": "service", "building:levels": "1", "power": "substation", "is_living": false}, "geometry": {"type": "Polygon", "coordinates": [[[37.268064, 55.6565159], [37.2683081, 55.6565604], [37.2682727, 55.6566222], [37.2680285, 55.6565776], [37.268064, 55.6565159]]]}}, {"type": "Feature", "id": "way/1125490587", "properties": {"@id": "way/1125490587", "building": "service", "description": "Пост дежурного по переезду", "is_living": false}, "geometry": {"type": "Polygon", "coordinates": [[[36.9660483, 55.6132559], [36.9660584, 55.613199], [36.9661347, 55.6132033], [36.9661246, 55.6132602], [36.9660483, 55.6132559]]]}}, {"type": "Feature", "id": "way/1125561199", "properties": {"@id": "way/1125561199", "building": "service", "building:levels": "1", "location": "indoor", "power": "substation", "substation": "minor_distribution", "is_living": false}, "geometry": {"type": "Polygon", "coordinates": [[[37.3214786, 55.7005504], [37.3214838, 55.7005282], [37.3215186, 55.7005308], [37.3215233, 55.7005107], [37.3215857, 55.7005153], [37.3215759, 55.7005576], [37.3214786, 55.7005504]]]}}, {"type": "Feature", "id": "way/1125561200", "properties": {"@id": "way/1125561200", "amenity": "place_of_worship", "building": "church", "denomination": "russian_orthodox", "religion": "christian", "is_living": false}, "geometry": {"type": "Polygon", "coordinates": [[[37.3205902, 55.7002179], [37.3205892, 55.7001953], [37.3205392, 55.700196], [37.320537, 55.7001466], [37.320587, 55.7001459], [37.320586, 55.7001229], [37.3207645, 55.7001204], [37.3207655, 55.7001434], [37.3208093, 55.7001428], [37.3208114, 55.7001922], [37.3207677, 55.7001928], [37.3207687, 55.7002154], [37.3205902, 55.7002179]]]}}, {"type": "Feature", "id": "way/1125561236", "properties": {"@id": "way/1125561236", "building": "service", "building:levels": "1", "power": "substation", "start_date": "2019", "substation": "minor_distribution", "is_living": false}, "geometry": {"type": "Polygon", "coordinates": [[[37.3207806, 55.6980149], [37.3207463, 55.6979747], [37.3208911, 55.6979354], [37.3209254, 55.6979756], [37.3207806, 55.6980149]]]}}, {"type": "Feature", "id": "way/1134811019", "properties": {"@id": "way/1134811019", "building": "service", "building:levels": "1", "power": "substation", "start_date": "2017", "substation": "minor_distribution", "is_living": false}, "geometry": {"type": "Polygon", "coordinates": [[[36.8760001, 55.7242098], [36.875943, 55.7242465], [36.8758769, 55.7242139], [36.8759341, 55.7241772], [36.8760001, 55.7242098]]]}}, {"type": "Feature", "id": "way/1134811024", "properties": {"@id": "way/1134811024", "building": "service", "building:levels": "1", "power": "substation", "start_date": "2017", "substation": "minor_distribution", "is_living": false}, "geometry": {"type": "Polygon", "coordinates": [[[36.8748135, 55.7237358], [36.8747518, 55.7237054], [36.8748287, 55.723656], [36.8748904, 55.7236864], [36.8748135, 55.7237358]]]}}, {"type": "Feature", "id": "way/1135188639", "properties": {"@id": "way/1135188639", "building": "service", "building:levels": "1", "power": "substation", "start_date": "2018", "substation": "minor_distribution", "is_living": false}, "geometry": {"type": "Polygon", "coordinates": [[[37.3238106, 55.6951872], [37.323737, 55.6951724], [37.3237632, 55.6951309], [37.3238368, 55.6951456], [37.3238106, 55.6951872]]]}}, {"type": "Feature", "id": "way/1135188641", "properties": {"@id": "way/1135188641", "addr:housenumber": "1Д", "addr:postcode": "143001", "addr:street": "Сколковская улица", "building": "service", "building:levels": "1", "building:levels:underground": "2", "start_date": "2018-10-12", "is_living": false}, "geometry": {"type": "Polygon", "coordinates": [[[37.3232844, 55.6951429], [37.3233293, 55.6950719], [37.3234611, 55.6950983], [37.3233592, 55.6952597], [37.3232932, 55.6952465], [37.3232273, 55.6952333], [37.3232844, 55.6951429]]]}}, {"type": "Feature", "id": "way/1135434409", "properties": {"@id": "way/1135434409", "building": "service", "building:levels": "1", "power": "substation", "substation": "minor_distribution", "is_living": false}, "geometry": {"type": "Polygon", "coordinates": [[[37.3186162, 55.698837], [37.3186313, 55.6988134], [37.3187015, 55.6988277], [37.3186864, 55.6988513], [37.3186162, 55.698837]]]}}, {"type": "Feature", "id": "way/1135434475", "properties": {"@id": "way/1135434475", "building": "roof", "is_living": false}, "geometry": {"type": "Polygon", "coordinates": [[[37.3224205, 55.6960001], [37.3224986, 55.6960161], [37.3224666, 55.6960658], [37.3223885, 55.6960498], [37.3224205, 55.6960001]]]}}, {"type": "Feature", "id": "way/1135434476", "properties": {"@id": "way/1135434476", "building": "roof", "is_living": false}, "geometry": {"type": "Polygon", "coordinates": [[[37.3225143, 55.6961432], [37.3226081, 55.6961624], [37.3225706, 55.6962205], [37.3224769, 55.6962013], [37.3225143, 55.6961432]]]}}, {"type": "Feature", "id": "way/1135434477", "properties": {"@id": "way/1135434477", "building": "roof", "is_living": false}, "geometry": {"type": "Polygon", "coordinates": [[[37.3223621, 55.6960763], [37.322448, 55.6960939], [37.3224124, 55.6961492], [37.3223265, 55.6961316], [37.3223621, 55.6960763]]]}}, {"type": "Feature", "id": "way/1135434478", "properties": {"@id": "way/1135434478", "building": "roof", "is_living": false}, "geometry": {"type": "Polygon", "coordinates": [[[37.3222808, 55.6962065], [37.3223605, 55.6962228], [37.3223193, 55.6962868], [37.3222396, 55.6962705], [37.3222808, 55.6962065]]]}}, {"type": "Feature", "id": "way/1135434479", "properties": {"@id": "way/1135434479", "building": "roof", "is_living": false}, "geometry": {"type": "Polygon", "coordinates": [[[37.3224621, 55.6962259], [37.322552, 55.6962443], [37.3225143, 55.6963028], [37.3224244, 55.6962844], [37.3224621, 55.6962259]]]}}, {"type": "Feature", "id": "way/1135434480", "properties": {"@id": "way/1135434480", "building": "roof", "is_living": false}, "geometry": {"type": "Polygon", "coordinates": [[[37.3221395, 55.696421], [37.322218, 55.6964371], [37.3221855, 55.6964876], [37.3221069, 55.6964715], [37.3221395, 55.696421]]]}}, {"type": "Feature", "id": "way/1135434481", "properties": {"@id": "way/1135434481", "building": "roof", "is_living": false}, "geometry": {"type": "Polygon", "coordinates": [[[37.3222112, 55.6963012], [37.3222948, 55.6963183], [37.3222576, 55.696376], [37.322174, 55.6963589], [37.3222112, 55.6963012]]]}}, {"type": "Feature", "id": "way/1135434482", "properties": {"@id": "way/1135434482", "building": "roof", "is_living": false}, "geometry": {"type": "Polygon", "coordinates": [[[37.3219458, 55.6965259], [37.3220448, 55.6965461], [37.3220122, 55.6965967], [37.3219133, 55.6965764], [37.3219458, 55.6965259]]]}}, {"type": "Feature", "id": "way/1135434491", "properties": {"@id": "way/1135434491", "building": "service", "building:levels": "1", "power": "substation", "is_living": false}, "geometry": {"type": "Polygon", "coordinates": [[[37.3217964, 55.6968823], [37.3217184, 55.6968664], [37.3217767, 55.6967759], [37.3218547, 55.6967918], [37.3217964, 55.6968823]]]}}, {"type": "Feature", "id": "way/1135434495", "properties": {"@id": "way/1135434495", "building": "service", "building:levels": "1", "power": "substation", "substation": "minor_distribution", "is_living": false}, "geometry": {"type": "Polygon", "coordinates": [[[37.3207613, 55.6954955], [37.3209989, 55.6954367], [37.3210689, 55.6955265], [37.3208313, 55.6955853], [37.3207613, 55.6954955]]]}}, {"type": "Feature", "id": "way/1135434497", "properties": {"@id": "way/1135434497", "building": "service", "building:levels": "1", "power": "substation", "start_date": "2017", "substation": "minor_distribution", "is_living": false}, "geometry": {"type": "Polygon", "coordinates": [[[37.3210483, 55.6956922], [37.3211186, 55.6956739], [37.3211549, 55.6957181], [37.3210846, 55.6957364], [37.3210483, 55.6956922]]]}}, {"type": "Feature", "id": "way/1135655994", "properties": {"@id": "way/1135655994", "building": "service", "power": "substation", "substation": "minor_distribution", "is_living": false}, "geometry": {"type": "Polygon", "coordinates": [[[37.265937, 55.6857154], [37.2660102, 55.6856757], [37.26607, 55.6857107], [37.2659968, 55.6857505], [37.265937, 55.6857154]]]}}, {"type": "Feature", "id": "way/1135666810", "properties": {"@id": "way/1135666810", "building": "service", "building:levels": "1", "power": "substation", "substation": "minor_distribution", "is_living": false}, "geometry": {"type": "Polygon", "coordinates": [[[37.264359, 55.6840734], [37.2644515, 55.6840734], [37.2644515, 55.6841203], [37.264359, 55.6841203], [37.264359, 55.6840734]]]}}, {"type": "Feature", "id": "way/1135722035", "properties": {"@id": "way/1135722035", "building": "service", "building:levels": "1", "power": "substation", "substation": "minor_distribution", "is_living": false}, "geometry": {"type": "Polygon", "coordinates": [[[37.2447802, 55.6815678], [37.2448768, 55.6815587], [37.2448936, 55.6816157], [37.2447971, 55.6816248], [37.2447802, 55.6815678]]]}}, {"type": "Feature", "id": "way/1135722059", "properties": {"@id": "way/1135722059", "building": "service", "building:levels": "1", "power": "substation", "substation": "minor_distribution", "is_living": false}, "geometry": {"type": "Polygon", "coordinates": [[[37.2450565, 55.6806461], [37.2450913, 55.6805871], [37.2451778, 55.6806033], [37.245143, 55.6806623], [37.2450565, 55.6806461]]]}}, {"type": "Feature", "id": "way/1135722082", "properties": {"@id": "way/1135722082", "building": "service", "building:levels": "1", "power": "substation", "substation": "minor_distribution", "is_living": false}, "geometry": {"type": "Polygon", "coordinates": [[[37.2456551, 55.6797149], [37.2457866, 55.6796482], [37.2459615, 55.6797579], [37.24583, 55.6798246], [37.2456551, 55.6797149]]]}}, {"type": "Feature", "id": "way/1136708890", "properties": {"@id": "way/1136708890", "building": "train_station", "is_living": false}, "geometry": {"type": "Polygon", "coordinates": [[[37.2185721, 55.6317474], [37.2185331, 55.6316109], [37.2186493, 55.6316004], [37.2186882, 55.6317368], [37.2186302, 55.6317421], [37.2185721, 55.6317474]]]}}, {"type": "Feature", "id": "way/1136708891", "properties": {"@id": "way/1136708891", "building": "train_station", "is_living": false}, "geometry": {"type": "Polygon", "coordinates": [[[37.2176223, 55.6317111], [37.2176147, 55.6316818], [37.217607, 55.6316525], [37.2178381, 55.6316333], [37.2178534, 55.6316919], [37.2176223, 55.6317111]]]}}, {"type": "Feature", "id": "way/1136709489", "properties": {"@id": "way/1136709489", "building": "yes", "is_living": false}, "geometry": {"type": "Polygon", "coordinates": [[[37.2169169, 55.6322438], [37.2168475, 55.6322274], [37.2168759, 55.6321892], [37.2169453, 55.6322056], [37.2169169, 55.6322438]]]}}, {"type": "Feature", "id": "way/1136709490", "properties": {"@id": "way/1136709490", "building": "yes", "is_living": false}, "geometry": {"type": "Polygon", "coordinates": [[[37.217414, 55.6327461], [37.2173618, 55.6326634], [37.2174311, 55.6326495], [37.2174833, 55.6327322], [37.217414, 55.6327461]]]}}, {"type": "Feature", "id": "way/1136709491", "properties": {"@id": "way/1136709491", "building": "yes", "is_living": false}, "geometry": {"type": "Polygon", "coordinates": [[[37.2175064, 55.6329332], [37.2173874, 55.6328174], [37.2174764, 55.6327883], [37.2176164, 55.6329245], [37.2175064, 55.6329332]]]}}, {"type": "Feature", "id": "way/1136709492", "properties": {"@id": "way/1136709492", "building": "yes", "is_living": false}, "geometry": {"type": "Polygon", "coordinates": [[[37.2175238, 55.6330675], [37.2174568, 55.6329984], [37.2176307, 55.6329446], [37.2176978, 55.6330138], [37.2175238, 55.6330675]]]}}, {"type": "Feature", "id": "way/1136709493", "properties": {"@id": "way/1136709493", "building": "yes", "is_living": false}, "geometry": {"type": "Polygon", "coordinates": [[[37.2188512, 55.6345335], [37.2188998, 55.6344982], [37.2190179, 55.6345499], [37.2189693, 55.6345852], [37.2188512, 55.6345335]]]}}, {"type": "Feature", "id": "way/1136709494", "properties": {"@id": "way/1136709494", "building": "yes", "is_living": false}, "geometry": {"type": "Polygon", "coordinates": [[[37.2192744, 55.6346097], [37.2193515, 55.6346681], [37.2192617, 55.6347058], [37.2192055, 55.6346721], [37.2192246, 55.6346641], [37.2191962, 55.6346425], [37.2192744, 55.6346097]]]}}, {"type": "Feature", "id": "way/1136709495", "properties": {"@id": "way/1136709495", "building": "yes", "is_living": false}, "geometry": {"type": "Polygon", "coordinates": [[[37.2191625, 55.6345248], [37.2192744, 55.6346097], [37.2191962, 55.6346425], [37.2191863, 55.6346467], [37.2190743, 55.6345618], [37.2191625, 55.6345248]]]}}, {"type": "Feature", "id": "way/1136709496", "properties": {"@id": "way/1136709496", "building": "yes", "is_living": false}, "geometry": {"type": "Polygon", "coordinates": [[[37.2191036, 55.6345137], [37.2190514, 55.6344741], [37.2190868, 55.6344593], [37.219139, 55.6344989], [37.2191036, 55.6345137]]]}}, {"type": "Feature", "id": "way/1136709497", "properties": {"@id": "way/1136709497", "building": "yes", "is_living": false}, "geometry": {"type": "Polygon", "coordinates": [[[37.2188503, 55.6344891], [37.2187969, 55.6344535], [37.2189117, 55.6343987], [37.218965, 55.6344343], [37.2188503, 55.6344891]]]}}, {"type": "Feature", "id": "way/1136709498", "properties": {"@id": "way/1136709498", "building": "yes", "is_living": false}, "geometry": {"type": "Polygon", "coordinates": [[[37.2187249, 55.6344788], [37.2186514, 55.6344298], [37.2188308, 55.634344], [37.2189043, 55.634393], [37.2187249, 55.6344788]]]}}, {"type": "Feature", "id": "way/1136709499", "properties": {"@id": "way/1136709499", "building": "yes", "is_living": false}, "geometry": {"type": "Polygon", "coordinates": [[[37.218562, 55.6343579], [37.2184062, 55.6342885], [37.2185436, 55.6341903], [37.2186993, 55.6342597], [37.218562, 55.6343579]]]}}, {"type": "Feature", "id": "way/1136709500", "properties": {"@id": "way/1136709500", "building": "yes", "is_living": false}, "geometry": {"type": "Polygon", "coordinates": [[[37.2177106, 55.634024], [37.2177786, 55.633974], [37.2181173, 55.6341208], [37.2180493, 55.6341708], [37.2177106, 55.634024]]]}}, {"type": "Feature", "id": "way/1136955765", "properties": {"@id": "way/1136955765", "building": "service", "is_living": false}, "geometry": {"type": "Polygon", "coordinates": [[[37.2440245, 55.6779258], [37.2440901, 55.6778821], [37.2441733, 55.6779218], [37.2441076, 55.6779655], [37.2440245, 55.6779258]]]}}, {"type": "Feature", "id": "way/1136955817", "properties": {"@id": "way/1136955817", "addr:housenumber": "9 с2", "addr:postcode": "143009", "addr:street": "Северная улица", "building": "service", "building:levels": "1", "power": "substation", "start_date": "2021", "substation": "minor_distribution", "is_living": false}, "geometry": {"type": "Polygon", "coordinates": [[[37.245953, 55.6828143], [37.2460105, 55.6827932], [37.2460609, 55.6828367], [37.2460034, 55.6828579], [37.245953, 55.6828143]]]}}, {"type": "Feature", "id": "way/1136986005", "properties": {"@id": "way/1136986005", "building": "service", "power": "substation", "substation": "minor_distribution", "is_living": false}, "geometry": {"type": "Polygon", "coordinates": [[[37.2379841, 55.6783585], [37.2379224, 55.6783321], [37.2379743, 55.6782934], [37.2380361, 55.6783197], [37.2379841, 55.6783585]]]}}, {"type": "Feature", "id": "way/1136986008", "properties": {"@id": "way/1136986008", "building": "service", "power": "substation", "substation": "minor_distribution", "is_living": false}, "geometry": {"type": "Polygon", "coordinates": [[[37.2357071, 55.6775336], [37.2358156, 55.6775346], [37.2358143, 55.6775779], [37.2357058, 55.6775769], [37.2357071, 55.6775336]]]}}, {"type": "Feature", "id": "way/1136986009", "properties": {"@id": "way/1136986009", "building": "service", "power": "substation", "substation": "minor_distribution", "is_living": false}, "geometry": {"type": "Polygon", "coordinates": [[[37.2351927, 55.678699], [37.2352785, 55.6787376], [37.2352275, 55.6787737], [37.2351416, 55.6787351], [37.2351927, 55.678699]]]}}, {"type": "Feature", "id": "way/1137015337", "properties": {"@id": "way/1137015337", "building": "service", "building:levels": "1", "power": "substation", "substation": "minor_distribution", "is_living": false}, "geometry": {"type": "Polygon", "coordinates": [[[37.2656639, 55.6550619], [37.2657428, 55.6550762], [37.2657029, 55.6551461], [37.2656508, 55.6551366], [37.2656595, 55.6551215], [37.2656326, 55.6551166], [37.2656639, 55.6550619]]]}}, {"type": "Feature", "id": "way/1137273886", "properties": {"@id": "way/1137273886", "building": "service", "building:levels": "1", "power": "substation", "substation": "minor_distribution", "is_living": false}, "geometry": {"type": "Polygon", "coordinates": [[[37.2644891, 55.6585588], [37.2644032, 55.6585431], [37.2644321, 55.6584927], [37.264518, 55.6585084], [37.2644891, 55.6585588]]]}}, {"type": "Feature", "id": "way/1137273905", "properties": {"@id": "way/1137273905", "building": "service", "building:levels": "1", "power": "substation", "substation": "minor_distribution", "is_living": false}, "geometry": {"type": "Polygon", "coordinates": [[[37.262643, 55.6564382], [37.2625548, 55.6564222], [37.2625827, 55.656373], [37.262671, 55.656389], [37.262643, 55.6564382]]]}}, {"type": "Feature", "id": "way/1137273906", "properties": {"@id": "way/1137273906", "building": "service", "building:levels": "1", "power": "substation", "substation": "minor_distribution", "is_living": false}, "geometry": {"type": "Polygon", "coordinates": [[[37.2646433, 55.6533934], [37.2645551, 55.6533775], [37.264583, 55.6533283], [37.2646713, 55.6533443], [37.2646433, 55.6533934]]]}}, {"type": "Feature", "id": "way/1137273938", "properties": {"@id": "way/1137273938", "building": "service", "power": "substation", "substation": "minor_distribution", "is_living": false}, "geometry": {"type": "Polygon", "coordinates": [[[37.2704175, 55.6540467], [37.2705078, 55.6540632], [37.270481, 55.6541101], [37.2703907, 55.6540937], [37.2704175, 55.6540467]]]}}, {"type": "Feature", "id": "way/1137273961", "properties": {"@id": "way/1137273961", "building": "service", "building:levels": "1", "power": "substation", "substation": "minor_distribution", "is_living": false}, "geometry": {"type": "Polygon", "coordinates": [[[37.266913, 55.6549301], [37.2670234, 55.65495], [37.2669599, 55.655062], [37.2668496, 55.6550422], [37.266913, 55.6549301]]]}}, {"type": "Feature", "id": "way/1137559540", "properties": {"@id": "way/1137559540", "building": "service", "building:levels": "1", "power": "substation", "substation": "minor_distribution", "is_living": false}, "geometry": {"type": "Polygon", "coordinates": [[[37.2640746, 55.6596523], [37.2639887, 55.6596366], [37.2640176, 55.6595863], [37.2641035, 55.6596019], [37.2640746, 55.6596523]]]}}, {"type": "Feature", "id": "way/1137604391", "properties": {"@id": "way/1137604391", "building": "service", "building:levels": "1", "power": "substation", "substation": "minor_distribution", "is_living": false}, "geometry": {"type": "Polygon", "coordinates": [[[37.1045878, 55.6078669], [37.1047049, 55.607891], [37.1046699, 55.6079454], [37.1045527, 55.6079214], [37.1045878, 55.6078669]]]}}, {"type": "Feature", "id": "way/1140712340", "properties": {"@id": "way/1140712340", "amenity": "place_of_worship", "building": "chapel", "denomination": "russian_orthodox", "name": "Часовня Иконы Божией Матери Тихвинская", "ref:temples.ru": "11916", "religion": "christian", "start_date": "~2008", "is_living": false}, "geometry": {"type": "Polygon", "coordinates": [[[36.8039838, 55.72193], [36.8040088, 55.7219195], [36.8040278, 55.7219338], [36.8040027, 55.7219443], [36.8039838, 55.72193]]]}}, {"type": "Feature", "id": "way/1143857333", "properties": {"@id": "way/1143857333", "addr:housenumber": "70", "addr:street": "Центральная улица", "alt_name": "Пятерочка", "brand": "Пятёрочка", "brand:en": "Pyaterochka", "brand:ru": "Пятёрочка", "brand:wikidata": "Q1768969", "brand:wikipedia": "ru:Пятёрочка", "building": "retail", "contact:email": "vopros@5ka.ru", "contact:facebook": "https://www.facebook.com/pyaterochka", "contact:ok": "https://ok.ru/pyaterochka", "contact:phone": "+7 800 5555505", "contact:vk": "https://vk.com/pyaterochka", "contact:website": "https://5ka.ru", "name": "Пятёрочка", "name:en": "Pyaterochka", "name:ru": "Пятёрочка", "shop": "supermarket", "is_living": false}, "geometry": {"type": "Polygon", "coordinates": [[[36.869582, 55.7559906], [36.8697364, 55.7556587], [36.8700045, 55.7556982], [36.8698501, 55.7560301], [36.869582, 55.7559906]]]}}, {"type": "Feature", "id": "way/1144617557", "properties": {"@id": "way/1144617557", "building": "roof", "layer": "1", "is_living": false}, "geometry": {"type": "Polygon", "coordinates": [[[37.1795714, 55.658012], [37.1794976, 55.6579808], [37.1793717, 55.6579277], [37.1792854, 55.6578912], [37.1793676, 55.6578293], [37.179486, 55.6578793], [37.1795551, 55.6579085], [37.1796535, 55.6579501], [37.1795714, 55.658012]]]}}, {"type": "Feature", "id": "way/1145073898", "properties": {"@id": "way/1145073898", "addr:city": "Одинцово", "addr:housenumber": "15/1", "addr:street": "Триумфальная улица", "building": "kindergarten", "building:levels": "3", "is_living": false}, "geometry": {"type": "Polygon", "coordinates": [[[37.2236148, 55.6588848], [37.2232931, 55.6583416], [37.223748, 55.6582559], [37.2240698, 55.658799], [37.2236148, 55.6588848]]]}}, {"type": "Feature", "id": "way/1145600228", "properties": {"@id": "way/1145600228", "building": "chapel", "denomination": "russian_orthodox", "name": "Часовня Артемия Веркольского", "ref:temples.ru": "14227", "religion": "christian", "is_living": false}, "geometry": {"type": "Polygon", "coordinates": [[[37.0247513, 55.5975], [37.0247734, 55.5975125], [37.0247734, 55.5975302], [37.0247512, 55.5975427], [37.0247199, 55.5975427], [37.0246978, 55.5975302], [37.0246978, 55.5975125], [37.02472, 55.5975], [37.0247513, 55.5975]]]}}, {"type": "Feature", "id": "way/1147586676", "properties": {"@id": "way/1147586676", "building": "retail", "denomination": "russian_orthodox", "name": "Церковная лавка", "name:ru": "Церковная лавка", "religion": "christian", "shop": "religion", "is_living": false}, "geometry": {"type": "Polygon", "coordinates": [[[36.8619257, 55.7030346], [36.8618997, 55.7029981], [36.8619649, 55.7029833], [36.8619909, 55.7030198], [36.8619257, 55.7030346]]]}}, {"type": "Feature", "id": "way/1151588234", "properties": {"@id": "way/1151588234", "addr:housenumber": "1А", "addr:street": "Восточная улица", "building": "warehouse", "is_living": false}, "geometry": {"type": "Polygon", "coordinates": [[[37.3001294, 55.6752616], [37.3002818, 55.675096], [37.301042, 55.6753184], [37.3008897, 55.675484], [37.3001294, 55.6752616]]]}}, {"type": "Feature", "id": "way/1153416392", "properties": {"@id": "way/1153416392", "building": "service", "power": "substation", "ref": "56064", "substation": "minor_distribution", "is_living": false}, "geometry": {"type": "Polygon", "coordinates": [[[37.2777012, 55.6655299], [37.2777452, 55.6654788], [37.2778288, 55.6655017], [37.2777848, 55.6655528], [37.2777012, 55.6655299]]]}}, {"type": "Feature", "id": "way/1156232511", "properties": {"@id": "way/1156232511", "building": "industrial", "is_living": false}, "geometry": {"type": "Polygon", "coordinates": [[[37.2743615, 55.666742], [37.2747821, 55.6663149], [37.2750224, 55.6663902], [37.274602, 55.6668173], [37.2743615, 55.666742]]]}}, {"type": "Feature", "id": "way/1156232513", "properties": {"@id": "way/1156232513", "building": "industrial", "is_living": false}, "geometry": {"type": "Polygon", "coordinates": [[[37.2741305, 55.6666121], [37.2743837, 55.6663551], [37.2746294, 55.6664321], [37.2743762, 55.6666891], [37.2741305, 55.6666121]]]}}, {"type": "Feature", "id": "way/1156763101", "properties": {"@id": "way/1156763101", "building": "construction", "is_living": false}, "geometry": {"type": "Polygon", "coordinates": [[[37.2639245, 55.7367078], [37.2640511, 55.7366984], [37.2640975, 55.7368966], [37.2644263, 55.7368722], [37.2644577, 55.7370062], [37.2640023, 55.73704], [37.2639245, 55.7367078]]]}}, {"type": "Feature", "id": "way/1157416942", "properties": {"@id": "way/1157416942", "building": "garage", "is_living": false}, "geometry": {"type": "Polygon", "coordinates": [[[36.9588106, 55.6911086], [36.9588074, 55.6910955], [36.9588037, 55.6910807], [36.9588924, 55.6910738], [36.9588976, 55.6910949], [36.9588993, 55.6911017], [36.9588106, 55.6911086]]]}}, {"type": "Feature", "id": "way/1159072165", "properties": {"@id": "way/1159072165", "building": "service", "building:levels": "1", "height": "2.5", "name": "Будка", "is_living": false}, "geometry": {"type": "Polygon", "coordinates": [[[36.9571794, 55.6838817], [36.9571597, 55.6838677], [36.9571823, 55.6838576], [36.957202, 55.6838715], [36.9571794, 55.6838817]]]}}, {"type": "Feature", "id": "way/1161173947", "properties": {"@id": "way/1161173947", "building": "ruins", "is_living": false}, "geometry": {"type": "Polygon", "coordinates": [[[36.9585134, 55.690145], [36.9584921, 55.6900828], [36.9585951, 55.6900716], [36.9586163, 55.6901338], [36.9585134, 55.690145]]]}}, {"type": "Feature", "id": "way/1161173953", "properties": {"@id": "way/1161173953", "addr:housenumber": "74", "addr:place": "Чигасово", "building": "ruins", "is_living": false}, "geometry": {"type": "Polygon", "coordinates": [[[36.9573765, 55.6882369], [36.9569784, 55.6882452], [36.9569694, 55.6881083], [36.9573676, 55.6881], [36.9573765, 55.6882369]]]}}, {"type": "Feature", "id": "way/1161173954", "properties": {"@id": "way/1161173954", "building": "ruins", "is_living": false}, "geometry": {"type": "Polygon", "coordinates": [[[36.9568666, 55.688248], [36.9564685, 55.6882562], [36.9564595, 55.6881193], [36.9568577, 55.688111], [36.9568666, 55.688248]]]}}, {"type": "Feature", "id": "way/1161173955", "properties": {"@id": "way/1161173955", "building": "ruins", "is_living": false}, "geometry": {"type": "Polygon", "coordinates": [[[36.9569082, 55.6884979], [36.9564782, 55.6885109], [36.9564641, 55.6883621], [36.956894, 55.6883491], [36.9569082, 55.6884979]]]}}, {"type": "Feature", "id": "way/1161471006", "properties": {"@id": "way/1161471006", "building": "greenhouse", "building:levels": "1", "height": "2", "is_living": false}, "geometry": {"type": "Polygon", "coordinates": [[[36.959152, 55.6911843], [36.9591397, 55.6911581], [36.959152, 55.6911563], [36.9591661, 55.6911542], [36.9591784, 55.6911804], [36.959152, 55.6911843]]]}}, {"type": "Feature", "id": "way/1161471007", "properties": {"@id": "way/1161471007", "building": "greenhouse", "building:levels": "1", "height": "2", "is_living": false}, "geometry": {"type": "Polygon", "coordinates": [[[36.9591518, 55.691124], [36.9591642, 55.6911502], [36.9591519, 55.6911521], [36.9591378, 55.6911542], [36.9591254, 55.691128], [36.9591518, 55.691124]]]}}, {"type": "Feature", "id": "way/1163468000", "properties": {"@id": "way/1163468000", "building": "service", "building:levels": "1", "location": "indoor", "power": "substation", "ref": "301", "substation": "minor_distribution", "is_living": false}, "geometry": {"type": "Polygon", "coordinates": [[[37.3579842, 55.7014021], [37.3579855, 55.7013606], [37.3580765, 55.7013615], [37.3580751, 55.7014031], [37.3579842, 55.7014021]]]}}, {"type": "Feature", "id": "way/1163468001", "properties": {"@id": "way/1163468001", "building": "service", "building:levels": "1", "location": "indoor", "operator": "Россети", "power": "substation", "ref": "РП-26154", "substation": "minor_distribution", "is_living": false}, "geometry": {"type": "Polygon", "coordinates": [[[37.3577441, 55.7014006], [37.3577468, 55.701356], [37.3578628, 55.7013583], [37.3578601, 55.7014028], [37.3577441, 55.7014006]]]}}, {"type": "Feature", "id": "way/1164816235", "properties": {"@id": "way/1164816235", "building": "shed", "is_living": false}, "geometry": {"type": "Polygon", "coordinates": [[[37.3826873, 55.7048184], [37.3826353, 55.7048012], [37.3826826, 55.704755], [37.3827331, 55.7047715], [37.3826873, 55.7048184]]]}}, {"type": "Feature", "id": "way/1164822249", "properties": {"@id": "way/1164822249", "addr:housenumber": "16Б", "building": "retail", "is_living": false}, "geometry": {"type": "Polygon", "coordinates": [[[37.3814703, 55.7014966], [37.3814522, 55.7014792], [37.3815816, 55.7014286], [37.3816842, 55.7015159], [37.3816493, 55.701528], [37.3816574, 55.7015374], [37.381587, 55.7015635], [37.381589, 55.7015805], [37.3815776, 55.701593], [37.3815514, 55.7016043], [37.3815078, 55.7016077], [37.3814783, 55.7016024], [37.3814495, 55.7015865], [37.3814441, 55.7015669], [37.3814495, 55.701551], [37.3814099, 55.70152], [37.3814703, 55.7014966]]]}}, {"type": "Feature", "id": "way/1165945026", "properties": {"@id": "way/1165945026", "addr:housenumber": "18Б", "addr:street": "3-я Запрудная улица", "building": "shed", "building:levels": "1", "is_living": false}, "geometry": {"type": "Polygon", "coordinates": [[[37.3707412, 55.7239658], [37.3707558, 55.7237451], [37.3708943, 55.723748], [37.3708897, 55.7238164], [37.3708796, 55.7239687], [37.3707412, 55.7239658]]]}}, {"type": "Feature", "id": "way/1167530986", "properties": {"@id": "way/1167530986", "building": "service", "building:levels": "1", "location": "indoor", "power": "substation", "ref": "ТП303", "substation": "minor_distribution", "is_living": false}, "geometry": {"type": "Polygon", "coordinates": [[[37.3623309, 55.7021298], [37.3623662, 55.702089], [37.3624371, 55.7021084], [37.3624019, 55.7021493], [37.3623309, 55.7021298]]]}}, {"type": "Feature", "id": "way/1174863901", "properties": {"@id": "way/1174863901", "addr:city": "Часцы", "addr:housenumber": "36", "addr:street": "Можайское шоссе", "brand": "Пятёрочка", "brand:en": "Pyaterochka", "brand:ru": "Пятёрочка", "brand:wikidata": "Q1768969", "building": "retail", "name": "Пятёрочка", "name:en": "Pyaterochka", "name:ru": "Пятёрочка", "shop": "supermarket", "is_living": false}, "geometry": {"type": "Polygon", "coordinates": [[[36.8718412, 55.6203677], [36.8720807, 55.6201235], [36.8722975, 55.6201913], [36.8720579, 55.6204355], [36.8718412, 55.6203677]]]}}, {"type": "Feature", "id": "way/1186595845", "properties": {"@id": "way/1186595845", "building": "service", "building:levels": "1", "power": "substation", "ref": "560806", "is_living": false}, "geometry": {"type": "Polygon", "coordinates": [[[37.3124443, 55.6718945], [37.3124926, 55.6718854], [37.3125063, 55.6719085], [37.312458, 55.6719176], [37.3124443, 55.6718945]]]}}, {"type": "Feature", "id": "way/1189958827", "properties": {"@id": "way/1189958827", "building": "bungalow", "is_living": false}, "geometry": {"type": "Polygon", "coordinates": [[[36.5687421, 55.5913141], [36.5688777, 55.5913264], [36.5688517, 55.5914177], [36.568716, 55.5914054], [36.5687421, 55.5913141]]]}}, {"type": "Feature", "id": "way/1189958828", "properties": {"@id": "way/1189958828", "building": "shed", "is_living": false}, "geometry": {"type": "Polygon", "coordinates": [[[36.5687832, 55.5915623], [36.5688315, 55.5915641], [36.568826, 55.591612], [36.5687777, 55.5916102], [36.5687832, 55.5915623]]]}}, {"type": "Feature", "id": "way/1191568184", "properties": {"@id": "way/1191568184", "building": "service", "building:levels": "1", "power": "substation", "substation": "minor_distribution", "is_living": false}, "geometry": {"type": "Polygon", "coordinates": [[[37.3430143, 55.7287227], [37.3429866, 55.7286809], [37.3430513, 55.7286673], [37.343079, 55.7287091], [37.3430143, 55.7287227]]]}}, {"type": "Feature", "id": "way/1191766977", "properties": {"@id": "way/1191766977", "addr:city": "Одинцово", "addr:housenumber": "37", "addr:street": "улица Чистяковой", "building": "retail", "is_living": false}, "geometry": {"type": "Polygon", "coordinates": [[[37.3220922, 55.6985414], [37.3223834, 55.6981041], [37.3224924, 55.6981271], [37.3224577, 55.6981792], [37.3229339, 55.69828], [37.3228891, 55.6983472], [37.3224328, 55.6982506], [37.3224108, 55.6982593], [37.3222209, 55.6985686], [37.3220922, 55.6985414]]]}}, {"type": "Feature", "id": "way/1191767465", "properties": {"@id": "way/1191767465", "building": "garages", "is_living": false}, "geometry": {"type": "Polygon", "coordinates": [[[37.0335046, 55.6758424], [37.0334893, 55.6759002], [37.0331608, 55.6758726], [37.033176, 55.6758148], [37.0335046, 55.6758424]]]}}, {"type": "Feature", "id": "way/1191767466", "properties": {"@id": "way/1191767466", "building": "garages", "is_living": false}, "geometry": {"type": "Polygon", "coordinates": [[[37.0328493, 55.6758523], [37.0323482, 55.6758034], [37.0323682, 55.6757379], [37.0328694, 55.6757867], [37.0328493, 55.6758523]]]}}, {"type": "Feature", "id": "way/1191767467", "properties": {"@id": "way/1191767467", "building": "garages", "is_living": false}, "geometry": {"type": "Polygon", "coordinates": [[[37.0318774, 55.6757611], [37.0319155, 55.6756932], [37.0322805, 55.6757585], [37.0322424, 55.6758262], [37.0318774, 55.6757611]]]}}, {"type": "Feature", "id": "way/1191767468", "properties": {"@id": "way/1191767468", "building": "garages", "is_living": false}, "geometry": {"type": "Polygon", "coordinates": [[[37.0317722, 55.6758056], [37.0316075, 55.6758103], [37.0316001, 55.6757297], [37.0317648, 55.6757249], [37.0317722, 55.6758056]]]}}, {"type": "Feature", "id": "way/1191771076", "properties": {"@id": "way/1191771076", "building": "greenhouse", "is_living": false}, "geometry": {"type": "Polygon", "coordinates": [[[37.0375158, 55.6761054], [37.0374934, 55.6760414], [37.0375275, 55.6760376], [37.0375499, 55.6761016], [37.0375158, 55.6761054]]]}}, {"type": "Feature", "id": "way/1191771077", "properties": {"@id": "way/1191771077", "building": "greenhouse", "is_living": false}, "geometry": {"type": "Polygon", "coordinates": [[[37.0376363, 55.6760207], [37.037655, 55.6760794], [37.0376184, 55.6760831], [37.0375997, 55.6760244], [37.0376363, 55.6760207]]]}}, {"type": "Feature", "id": "way/1191771749", "properties": {"@id": "way/1191771749", "building": "guardhouse", "is_living": false}, "geometry": {"type": "Polygon", "coordinates": [[[37.0318973, 55.6744652], [37.0318832, 55.6744042], [37.0320259, 55.6743937], [37.03204, 55.6744546], [37.0318973, 55.6744652]]]}}, {"type": "Feature", "id": "way/1191772255", "properties": {"@id": "way/1191772255", "building": "service", "power": "substation", "is_living": false}, "geometry": {"type": "Polygon", "coordinates": [[[37.0217702, 55.6723787], [37.0215891, 55.6723604], [37.0216329, 55.6722223], [37.021814, 55.6722406], [37.0217702, 55.6723787]]]}}, {"type": "Feature", "id": "way/1192029593", "properties": {"@id": "way/1192029593", "addr:city": "Звенигород", "addr:housenumber": "17", "addr:street": "Депутатская улица", "building": "retail", "building:levels": "1", "is_living": false}, "geometry": {"type": "Polygon", "coordinates": [[[36.8395055, 55.7250045], [36.8396025, 55.7249519], [36.8402552, 55.7253334], [36.8401581, 55.7253861], [36.8395055, 55.7250045]]]}}, {"type": "Feature", "id": "way/1199467267", "properties": {"@id": "way/1199467267", "addr:city": "Одинцово", "addr:housenumber": "45Б", "addr:street": "Можайское шоссе", "building": "retail", "is_living": false}, "geometry": {"type": "Polygon", "coordinates": [[[37.2680341, 55.6719936], [37.2681664, 55.6718395], [37.2683363, 55.6718858], [37.2682039, 55.6720399], [37.2680341, 55.6719936]]]}}, {"type": "Feature", "id": "way/1203404024", "properties": {"@id": "way/1203404024", "addr:housenumber": "2", "addr:street": "МКАД, 55-й километр", "building": "yes", "is_living": false}, "geometry": {"type": "Polygon", "coordinates": [[[37.3782833, 55.7241054], [37.3783944, 55.7241227], [37.3782532, 55.7244103], [37.3781421, 55.724393], [37.3782833, 55.7241054]]]}}, {"type": "Feature", "id": "way/1205161313", "properties": {"@id": "way/1205161313", "addr:housenumber": "4", "addr:postcode": "143080", "addr:street": "Киевская улица", "building": "semidetached_house", "is_living": false}, "geometry": {"type": "Polygon", "coordinates": [[[37.2326267, 55.6325654], [37.2325205, 55.6324862], [37.232679, 55.6324185], [37.2327852, 55.6324977], [37.2326267, 55.6325654]]]}}, {"type": "Feature", "id": "way/1205486399", "properties": {"@id": "way/1205486399", "addr:city": "Лесной Городок", "addr:housenumber": "21", "addr:postcode": "143080", "addr:street": "Весенний переулок", "building": "house", "building:levels": "2", "start_date": "2014", "is_living": false}, "geometry": {"type": "Polygon", "coordinates": [[[37.187929, 55.6448104], [37.1881107, 55.6447456], [37.1881936, 55.6448196], [37.1880118, 55.6448844], [37.187929, 55.6448104]]]}}, {"type": "Feature", "id": "way/1205486400", "properties": {"@id": "way/1205486400", "addr:city": "Лесной Городок", "addr:housenumber": "23", "addr:postcode": "143080", "addr:street": "Весенний переулок", "building": "house", "building:levels": "2", "start_date": "2014", "is_living": false}, "geometry": {"type": "Polygon", "coordinates": [[[37.1880118, 55.6448844], [37.1881936, 55.6448196], [37.1882764, 55.6448936], [37.1880947, 55.6449584], [37.1880118, 55.6448844]]]}}, {"type": "Feature", "id": "way/1205486401", "properties": {"@id": "way/1205486401", "addr:city": "Лесной Городок", "addr:housenumber": "25", "addr:postcode": "143080", "addr:street": "Весенний переулок", "building": "house", "building:levels": "2", "start_date": "2014", "is_living": false}, "geometry": {"type": "Polygon", "coordinates": [[[37.1880947, 55.6449584], [37.1882764, 55.6448936], [37.1883593, 55.6449676], [37.1881776, 55.6450324], [37.1880947, 55.6449584]]]}}, {"type": "Feature", "id": "way/1205486402", "properties": {"@id": "way/1205486402", "addr:city": "Лесной Городок", "addr:housenumber": "27", "addr:postcode": "143080", "addr:street": "Весенний переулок", "building": "house", "building:levels": "2", "start_date": "2014", "is_living": false}, "geometry": {"type": "Polygon", "coordinates": [[[37.1881776, 55.6450324], [37.1883593, 55.6449676], [37.1884422, 55.6450416], [37.1882604, 55.6451064], [37.1881776, 55.6450324]]]}}, {"type": "Feature", "id": "way/1205486403", "properties": {"@id": "way/1205486403", "addr:city": "Лесной Городок", "addr:housenumber": "29", "addr:postcode": "143080", "addr:street": "Весенний переулок", "building": "house", "building:levels": "2", "start_date": "2014", "is_living": false}, "geometry": {"type": "Polygon", "coordinates": [[[37.1882604, 55.6451064], [37.1884422, 55.6450416], [37.188525, 55.6451156], [37.1883433, 55.6451804], [37.1882604, 55.6451064]]]}}, {"type": "Feature", "id": "way/1205486404", "properties": {"@id": "way/1205486404", "addr:city": "Лесной Городок", "addr:housenumber": "3", "addr:postcode": "143080", "addr:street": "Весенний переулок", "building": "house", "building:levels": "2", "start_date": "2014", "is_living": false}, "geometry": {"type": "Polygon", "coordinates": [[[37.1871746, 55.64415], [37.1873563, 55.6440852], [37.1874412, 55.644161], [37.1872595, 55.6442258], [37.1871746, 55.64415]]]}}, {"type": "Feature", "id": "way/1205486405", "properties": {"@id": "way/1205486405", "addr:city": "Лесной Городок", "addr:housenumber": "5", "addr:postcode": "143080", "addr:street": "Весенний переулок", "building": "house", "building:levels": "2", "start_date": "2014", "is_living": false}, "geometry": {"type": "Polygon", "coordinates": [[[37.1872595, 55.6442258], [37.1874412, 55.644161], [37.1875261, 55.6442368], [37.1873444, 55.6443016], [37.1872595, 55.6442258]]]}}, {"type": "Feature", "id": "way/1205486406", "properties": {"@id": "way/1205486406", "addr:city": "Лесной Городок", "addr:housenumber": "7", "addr:postcode": "143080", "addr:street": "Весенний переулок", "building": "house", "building:levels": "2", "start_date": "2014", "is_living": false}, "geometry": {"type": "Polygon", "coordinates": [[[37.1873444, 55.6443016], [37.1875261, 55.6442368], [37.187611, 55.6443126], [37.1874292, 55.6443774], [37.1873444, 55.6443016]]]}}, {"type": "Feature", "id": "way/1205486407", "properties": {"@id": "way/1205486407", "addr:city": "Лесной Городок", "addr:housenumber": "9", "addr:postcode": "143080", "addr:street": "Весенний переулок", "building": "house", "building:levels": "2", "start_date": "2014", "is_living": false}, "geometry": {"type": "Polygon", "coordinates": [[[37.1874292, 55.6443774], [37.187611, 55.6443126], [37.1876959, 55.6443884], [37.1875141, 55.6444532], [37.1874292, 55.6443774]]]}}, {"type": "Feature", "id": "way/1205486408", "properties": {"@id": "way/1205486408", "addr:city": "Лесной Городок", "addr:housenumber": "11", "addr:postcode": "143080", "addr:street": "Весенний переулок", "building": "house", "building:levels": "2", "start_date": "2014", "is_living": false}, "geometry": {"type": "Polygon", "coordinates": [[[37.1875141, 55.6444532], [37.1876959, 55.6443884], [37.1877807, 55.6444642], [37.187599, 55.644529], [37.1875141, 55.6444532]]]}}, {"type": "Feature", "id": "way/1205486409", "properties": {"@id": "way/1205486409", "addr:city": "Лесной Городок", "addr:housenumber": "15", "addr:postcode": "143080", "addr:street": "Весенний переулок", "building": "house", "building:levels": "2", "start_date": "2014", "is_living": false}, "geometry": {"type": "Polygon", "coordinates": [[[37.187599, 55.644529], [37.1877807, 55.6444642], [37.1878656, 55.64454], [37.1876839, 55.6446048], [37.187599, 55.644529]]]}}, {"type": "Feature", "id": "way/1205486410", "properties": {"@id": "way/1205486410", "addr:city": "Лесной Городок", "addr:housenumber": "17", "addr:postcode": "143080", "addr:street": "Весенний переулок", "building": "house", "building:levels": "2", "start_date": "2014", "is_living": false}, "geometry": {"type": "Polygon", "coordinates": [[[37.1876839, 55.6446048], [37.1878656, 55.64454], [37.1879505, 55.6446158], [37.1877687, 55.6446806], [37.1876839, 55.6446048]]]}}, {"type": "Feature", "id": "way/1205486411", "properties": {"@id": "way/1205486411", "addr:city": "Лесной Городок", "addr:housenumber": "4", "addr:postcode": "143080", "addr:street": "Весенний переулок", "building": "house", "building:levels": "2", "start_date": "2014", "is_living": false}, "geometry": {"type": "Polygon", "coordinates": [[[37.1876362, 55.6439916], [37.1878179, 55.6439268], [37.1879017, 55.6440016], [37.18772, 55.6440665], [37.1876362, 55.6439916]]]}}, {"type": "Feature", "id": "way/1205486412", "properties": {"@id": "way/1205486412", "addr:city": "Лесной Городок", "addr:housenumber": "6", "addr:postcode": "143080", "addr:street": "Весенний переулок", "building": "house", "building:levels": "2", "start_date": "2014", "is_living": false}, "geometry": {"type": "Polygon", "coordinates": [[[37.18772, 55.6440665], [37.1879017, 55.6440016], [37.1879855, 55.6440765], [37.1878038, 55.6441413], [37.18772, 55.6440665]]]}}, {"type": "Feature", "id": "way/1205486413", "properties": {"@id": "way/1205486413", "addr:city": "Лесной Городок", "addr:housenumber": "8", "addr:postcode": "143080", "addr:street": "Весенний переулок", "building": "house", "building:levels": "2", "start_date": "2014", "is_living": false}, "geometry": {"type": "Polygon", "coordinates": [[[37.1878038, 55.6441413], [37.1879855, 55.6440765], [37.1880693, 55.6441513], [37.1878875, 55.6442161], [37.1878038, 55.6441413]]]}}, {"type": "Feature", "id": "way/1205486414", "properties": {"@id": "way/1205486414", "addr:city": "Лесной Городок", "addr:housenumber": "10", "addr:postcode": "143080", "addr:street": "Весенний переулок", "building": "house", "building:levels": "2", "start_date": "2014", "is_living": false}, "geometry": {"type": "Polygon", "coordinates": [[[37.1878875, 55.6442161], [37.1880693, 55.6441513], [37.1881531, 55.6442261], [37.1879713, 55.6442909], [37.1878875, 55.6442161]]]}}, {"type": "Feature", "id": "way/1205486415", "properties": {"@id": "way/1205486415", "addr:city": "Лесной Городок", "addr:housenumber": "12", "addr:postcode": "143080", "addr:street": "Весенний переулок", "building": "house", "building:levels": "2", "start_date": "2014", "is_living": false}, "geometry": {"type": "Polygon", "coordinates": [[[37.1879713, 55.6442909], [37.1881531, 55.6442261], [37.1882369, 55.6443009], [37.1880551, 55.6443657], [37.1879713, 55.6442909]]]}}, {"type": "Feature", "id": "way/1205486416", "properties": {"@id": "way/1205486416", "addr:city": "Лесной Городок", "addr:housenumber": "14", "addr:postcode": "143080", "addr:street": "Весенний переулок", "building": "house", "building:levels": "2", "start_date": "2014", "is_living": false}, "geometry": {"type": "Polygon", "coordinates": [[[37.1880551, 55.6443657], [37.1882369, 55.6443009], [37.1883206, 55.6443758], [37.1881389, 55.6444406], [37.1880551, 55.6443657]]]}}, {"type": "Feature", "id": "way/1205486417", "properties": {"@id": "way/1205486417", "addr:city": "Лесной Городок", "addr:housenumber": "16", "addr:postcode": "143080", "addr:street": "Весенний переулок", "building": "house", "building:levels": "2", "start_date": "2014", "is_living": false}, "geometry": {"type": "Polygon", "coordinates": [[[37.1881389, 55.6444406], [37.1883206, 55.6443758], [37.1884044, 55.6444506], [37.1882227, 55.6445154], [37.1881389, 55.6444406]]]}}, {"type": "Feature", "id": "way/1205486418", "properties": {"@id": "way/1205486418", "addr:city": "Лесной Городок", "addr:housenumber": "28", "addr:postcode": "143080", "addr:street": "Весенний переулок", "building": "house", "building:levels": "2", "start_date": "2014", "is_living": false}, "geometry": {"type": "Polygon", "coordinates": [[[37.1886894, 55.6449316], [37.1888711, 55.6448668], [37.1889559, 55.6449425], [37.1887741, 55.6450073], [37.1886894, 55.6449316]]]}}, {"type": "Feature", "id": "way/1205486419", "properties": {"@id": "way/1205486419", "addr:city": "Лесной Городок", "addr:housenumber": "26", "addr:postcode": "143080", "addr:street": "Весенний переулок", "building": "house", "building:levels": "2", "start_date": "2014", "is_living": false}, "geometry": {"type": "Polygon", "coordinates": [[[37.1886046, 55.644856], [37.1887864, 55.6447911], [37.1888711, 55.6448668], [37.1886894, 55.6449316], [37.1886046, 55.644856]]]}}, {"type": "Feature", "id": "way/1205486420", "properties": {"@id": "way/1205486420", "addr:city": "Лесной Городок", "addr:housenumber": "24", "addr:postcode": "143080", "addr:street": "Весенний переулок", "building": "house", "building:levels": "2", "start_date": "2014", "is_living": false}, "geometry": {"type": "Polygon", "coordinates": [[[37.1885199, 55.6447803], [37.1887016, 55.6447155], [37.1887864, 55.6447911], [37.1886046, 55.644856], [37.1885199, 55.6447803]]]}}, {"type": "Feature", "id": "way/1205486421", "properties": {"@id": "way/1205486421", "addr:city": "Лесной Городок", "addr:housenumber": "22", "addr:postcode": "143080", "addr:street": "Весенний переулок", "building": "house", "building:levels": "2", "start_date": "2014", "is_living": false}, "geometry": {"type": "Polygon", "coordinates": [[[37.1884351, 55.6447046], [37.1886168, 55.6446398], [37.1887016, 55.6447155], [37.1885199, 55.6447803], [37.1884351, 55.6447046]]]}}, {"type": "Feature", "id": "way/1205486422", "properties": {"@id": "way/1205486422", "addr:city": "Лесной Городок", "addr:housenumber": "20", "addr:postcode": "143080", "addr:street": "Весенний переулок", "building": "house", "building:levels": "2", "start_date": "2014", "is_living": false}, "geometry": {"type": "Polygon", "coordinates": [[[37.1883503, 55.6446289], [37.1885321, 55.6445641], [37.1886168, 55.6446398], [37.1884351, 55.6447046], [37.1883503, 55.6446289]]]}}, {"type": "Feature", "id": "way/1205486423", "properties": {"@id": "way/1205486423", "addr:city": "Лесной Городок", "addr:housenumber": "27", "addr:postcode": "143080", "addr:street": "Осенний переулок", "building": "house", "building:levels": "2", "is_living": false}, "geometry": {"type": "Polygon", "coordinates": [[[37.1890287, 55.6447408], [37.1892104, 55.644676], [37.1893087, 55.6447637], [37.1891269, 55.6448286], [37.1890287, 55.6447408]]]}}, {"type": "Feature", "id": "way/1205486424", "properties": {"@id": "way/1205486424", "addr:city": "Лесной Городок", "addr:housenumber": "25", "addr:postcode": "143080", "addr:street": "Осенний переулок", "building": "house", "building:levels": "2", "is_living": false}, "geometry": {"type": "Polygon", "coordinates": [[[37.1889304, 55.6446531], [37.1891122, 55.6445883], [37.1892104, 55.644676], [37.1890287, 55.6447408], [37.1889304, 55.6446531]]]}}, {"type": "Feature", "id": "way/1205486425", "properties": {"@id": "way/1205486425", "addr:city": "Лесной Городок", "addr:housenumber": "23", "addr:postcode": "143080", "addr:street": "Осенний переулок", "building": "house", "building:levels": "2", "is_living": false}, "geometry": {"type": "Polygon", "coordinates": [[[37.1888322, 55.6445653], [37.1890139, 55.6445005], [37.1891122, 55.6445883], [37.1889304, 55.6446531], [37.1888322, 55.6445653]]]}}, {"type": "Feature", "id": "way/1205486426", "properties": {"@id": "way/1205486426", "addr:city": "Лесной Городок", "addr:housenumber": "21", "addr:postcode": "143080", "addr:street": "Осенний переулок", "building": "house", "building:levels": "2", "is_living": false}, "geometry": {"type": "Polygon", "coordinates": [[[37.1888322, 55.6445653], [37.1887339, 55.6444776], [37.1889156, 55.6444128], [37.1890139, 55.6445005], [37.1888322, 55.6445653]]]}}, {"type": "Feature", "id": "way/1205486427", "properties": {"@id": "way/1205486427", "addr:city": "Лесной Городок", "addr:housenumber": "17", "addr:postcode": "143080", "addr:street": "Осенний переулок", "building": "house", "building:levels": "2", "start_date": "2014", "is_living": false}, "geometry": {"type": "Polygon", "coordinates": [[[37.1885772, 55.6443447], [37.188759, 55.6442799], [37.1888416, 55.6443536], [37.1886599, 55.6444184], [37.1885772, 55.6443447]]]}}, {"type": "Feature", "id": "way/1205486428", "properties": {"@id": "way/1205486428", "addr:city": "Лесной Городок", "addr:housenumber": "15", "addr:postcode": "143080", "addr:street": "Осенний переулок", "building": "house", "building:levels": "2", "start_date": "2014", "is_living": false}, "geometry": {"type": "Polygon", "coordinates": [[[37.188759, 55.6442799], [37.1885772, 55.6443447], [37.1884946, 55.6442709], [37.1886764, 55.6442061], [37.188759, 55.6442799]]]}}, {"type": "Feature", "id": "way/1205486429", "properties": {"@id": "way/1205486429", "addr:city": "Лесной Городок", "addr:housenumber": "11", "addr:postcode": "143080", "addr:street": "Осенний переулок", "building": "house", "building:levels": "2", "start_date": "2014", "is_living": false}, "geometry": {"type": "Polygon", "coordinates": [[[37.1886764, 55.6442061], [37.1884946, 55.6442709], [37.188412, 55.6441971], [37.1885938, 55.6441323], [37.1886764, 55.6442061]]]}}, {"type": "Feature", "id": "way/1205486430", "properties": {"@id": "way/1205486430", "addr:city": "Лесной Городок", "addr:housenumber": "9", "addr:postcode": "143080", "addr:street": "Осенний переулок", "building": "house", "building:levels": "2", "start_date": "2014", "is_living": false}, "geometry": {"type": "Polygon", "coordinates": [[[37.1885938, 55.6441323], [37.188412, 55.6441971], [37.1883294, 55.6441233], [37.1885112, 55.6440585], [37.1885938, 55.6441323]]]}}, {"type": "Feature", "id": "way/1205486431", "properties": {"@id": "way/1205486431", "addr:city": "Лесной Городок", "addr:housenumber": "7", "addr:postcode": "143080", "addr:street": "Осенний переулок", "building": "house", "building:levels": "2", "start_date": "2014", "is_living": false}, "geometry": {"type": "Polygon", "coordinates": [[[37.1885112, 55.6440585], [37.1883294, 55.6441233], [37.1882468, 55.6440496], [37.1884286, 55.6439848], [37.1885112, 55.6440585]]]}}, {"type": "Feature", "id": "way/1205486432", "properties": {"@id": "way/1205486432", "addr:city": "Лесной Городок", "addr:housenumber": "5", "addr:postcode": "143080", "addr:street": "Осенний переулок", "building": "house", "building:levels": "2", "start_date": "2014", "is_living": false}, "geometry": {"type": "Polygon", "coordinates": [[[37.1884286, 55.6439848], [37.1882468, 55.6440496], [37.1881642, 55.6439758], [37.1883459, 55.643911], [37.1884286, 55.6439848]]]}}, {"type": "Feature", "id": "way/1205486433", "properties": {"@id": "way/1205486433", "addr:city": "Лесной Городок", "addr:housenumber": "3", "addr:postcode": "143080", "addr:street": "Осенний переулок", "building": "house", "building:levels": "2", "start_date": "2014", "is_living": false}, "geometry": {"type": "Polygon", "coordinates": [[[37.1883459, 55.643911], [37.1881642, 55.6439758], [37.1880816, 55.643902], [37.1882633, 55.6438372], [37.1883459, 55.643911]]]}}, {"type": "Feature", "id": "way/1205486434", "properties": {"@id": "way/1205486434", "addr:city": "Лесной Городок", "addr:housenumber": "20", "addr:postcode": "143080", "addr:street": "Осенний переулок", "building": "house", "building:levels": "2", "start_date": "2014", "is_living": false}, "geometry": {"type": "Polygon", "coordinates": [[[37.189261, 55.6443827], [37.1894428, 55.6443179], [37.1895247, 55.644391], [37.1893429, 55.6444558], [37.189261, 55.6443827]]]}}, {"type": "Feature", "id": "way/1205486435", "properties": {"@id": "way/1205486435", "addr:city": "Лесной Городок", "addr:housenumber": "22", "addr:postcode": "143080", "addr:street": "Осенний переулок", "building": "house", "building:levels": "2", "start_date": "2014", "is_living": false}, "geometry": {"type": "Polygon", "coordinates": [[[37.1893429, 55.6444558], [37.1895247, 55.644391], [37.1896065, 55.6444641], [37.1894248, 55.6445289], [37.1893429, 55.6444558]]]}}, {"type": "Feature", "id": "way/1205486436", "properties": {"@id": "way/1205486436", "addr:city": "Лесной Городок", "addr:housenumber": "24", "addr:postcode": "143080", "addr:street": "Осенний переулок", "building": "house", "building:levels": "2", "start_date": "2014", "is_living": false}, "geometry": {"type": "Polygon", "coordinates": [[[37.1894248, 55.6445289], [37.1896065, 55.6444641], [37.1896884, 55.6445372], [37.1895067, 55.644602], [37.1894248, 55.6445289]]]}}, {"type": "Feature", "id": "way/1205486437", "properties": {"@id": "way/1205486437", "addr:city": "Лесной Городок", "addr:housenumber": "26", "addr:postcode": "143080", "addr:street": "Осенний переулок", "building": "house", "building:levels": "2", "start_date": "2014", "is_living": false}, "geometry": {"type": "Polygon", "coordinates": [[[37.1895067, 55.644602], [37.1896884, 55.6445372], [37.1897703, 55.6446104], [37.1895886, 55.6446752], [37.1895067, 55.644602]]]}}, {"type": "Feature", "id": "way/1205486438", "properties": {"@id": "way/1205486438", "addr:city": "Лесной Городок", "addr:housenumber": "28", "addr:postcode": "143080", "addr:street": "Осенний переулок", "building": "house", "building:levels": "2", "start_date": "2014", "is_living": false}, "geometry": {"type": "Polygon", "coordinates": [[[37.1895886, 55.6446752], [37.1897703, 55.6446104], [37.1898522, 55.6446835], [37.1896704, 55.6447483], [37.1895886, 55.6446752]]]}}, {"type": "Feature", "id": "way/1205486439", "properties": {"@id": "way/1205486439", "addr:city": "Лесной Городок", "addr:housenumber": "14", "addr:postcode": "143080", "addr:street": "Осенний переулок", "building": "house", "building:levels": "2", "start_date": "2014", "is_living": false}, "geometry": {"type": "Polygon", "coordinates": [[[37.189215, 55.6441164], [37.1890332, 55.6441812], [37.1889506, 55.6441074], [37.1891324, 55.6440426], [37.189215, 55.6441164]]]}}, {"type": "Feature", "id": "way/1205486440", "properties": {"@id": "way/1205486440", "addr:city": "Лесной Городок", "addr:housenumber": "12", "addr:postcode": "143080", "addr:street": "Осенний переулок", "building": "house", "building:levels": "2", "start_date": "2014", "is_living": false}, "geometry": {"type": "Polygon", "coordinates": [[[37.1891324, 55.6440426], [37.1889506, 55.6441074], [37.188868, 55.6440336], [37.1890497, 55.6439688], [37.1891324, 55.6440426]]]}}, {"type": "Feature", "id": "way/1205486441", "properties": {"@id": "way/1205486441", "addr:city": "Лесной Городок", "addr:housenumber": "10", "addr:postcode": "143080", "addr:street": "Осенний переулок", "building": "house", "building:levels": "2", "start_date": "2014", "is_living": false}, "geometry": {"type": "Polygon", "coordinates": [[[37.1890497, 55.6439688], [37.188868, 55.6440336], [37.1887854, 55.6439599], [37.1889671, 55.6438951], [37.1890497, 55.6439688]]]}}, {"type": "Feature", "id": "way/1205486442", "properties": {"@id": "way/1205486442", "addr:city": "Лесной Городок", "addr:housenumber": "8", "addr:postcode": "143080", "addr:street": "Осенний переулок", "building": "house", "building:levels": "2", "start_date": "2014", "is_living": false}, "geometry": {"type": "Polygon", "coordinates": [[[37.1889671, 55.6438951], [37.1887854, 55.6439599], [37.1887028, 55.6438861], [37.1888845, 55.6438213], [37.1889671, 55.6438951]]]}}, {"type": "Feature", "id": "way/1205486443", "properties": {"@id": "way/1205486443", "addr:city": "Лесной Городок", "addr:housenumber": "6", "addr:postcode": "143080", "addr:street": "Осенний переулок", "building": "house", "building:levels": "2", "start_date": "2014", "is_living": false}, "geometry": {"type": "Polygon", "coordinates": [[[37.1888845, 55.6438213], [37.1887028, 55.6438861], [37.1886202, 55.6438123], [37.1888019, 55.6437475], [37.1888845, 55.6438213]]]}}, {"type": "Feature", "id": "way/1205486444", "properties": {"@id": "way/1205486444", "addr:city": "Лесной Городок", "addr:housenumber": "4", "addr:postcode": "143080", "addr:street": "Осенний переулок", "building": "house", "building:levels": "2", "start_date": "2014", "is_living": false}, "geometry": {"type": "Polygon", "coordinates": [[[37.1888019, 55.6437475], [37.1886202, 55.6438123], [37.1885376, 55.6437386], [37.1887193, 55.6436737], [37.1888019, 55.6437475]]]}}, {"type": "Feature", "id": "way/1205486445", "properties": {"@id": "way/1205486445", "addr:city": "Лесной Городок", "addr:housenumber": "2", "addr:postcode": "143080", "addr:street": "Осенний переулок", "building": "house", "building:levels": "2", "start_date": "2014", "is_living": false}, "geometry": {"type": "Polygon", "coordinates": [[[37.1887193, 55.6436737], [37.1885376, 55.6437386], [37.188455, 55.6436648], [37.1886367, 55.6436], [37.1887193, 55.6436737]]]}}, {"type": "Feature", "id": "way/1205486446", "properties": {"@id": "way/1205486446", "addr:city": "Лесной Городок", "addr:housenumber": "1", "addr:postcode": "143080", "addr:street": "Летний переулок", "building": "house", "building:levels": "2", "start_date": "2014", "is_living": false}, "geometry": {"type": "Polygon", "coordinates": [[[37.1891109, 55.6435254], [37.1889292, 55.6435903], [37.1888466, 55.6435165], [37.1890283, 55.6434517], [37.1891109, 55.6435254]]]}}, {"type": "Feature", "id": "way/1205486447", "properties": {"@id": "way/1205486447", "addr:city": "Лесной Городок", "addr:housenumber": "3", "addr:postcode": "143080", "addr:street": "Летний переулок", "building": "house", "building:levels": "2", "start_date": "2014", "is_living": false}, "geometry": {"type": "Polygon", "coordinates": [[[37.1891935, 55.6435992], [37.1890118, 55.643664], [37.1889292, 55.6435903], [37.1891109, 55.6435254], [37.1891935, 55.6435992]]]}}, {"type": "Feature", "id": "way/1205486448", "properties": {"@id": "way/1205486448", "addr:city": "Лесной Городок", "addr:housenumber": "5", "addr:postcode": "143080", "addr:street": "Летний переулок", "building": "house", "building:levels": "2", "start_date": "2014", "is_living": false}, "geometry": {"type": "Polygon", "coordinates": [[[37.1892761, 55.643673], [37.1890944, 55.6437378], [37.1890118, 55.643664], [37.1891935, 55.6435992], [37.1892761, 55.643673]]]}}, {"type": "Feature", "id": "way/1205486449", "properties": {"@id": "way/1205486449", "addr:city": "Лесной Городок", "addr:housenumber": "7", "addr:postcode": "143080", "addr:street": "Летний переулок", "building": "house", "building:levels": "2", "start_date": "2014", "is_living": false}, "geometry": {"type": "Polygon", "coordinates": [[[37.1893588, 55.6437468], [37.189177, 55.6438116], [37.1890944, 55.6437378], [37.1892761, 55.643673], [37.1893588, 55.6437468]]]}}, {"type": "Feature", "id": "way/1205486450", "properties": {"@id": "way/1205486450", "addr:city": "Лесной Городок", "addr:housenumber": "9", "addr:postcode": "143080", "addr:street": "Летний переулок", "building": "house", "building:levels": "2", "start_date": "2014", "is_living": false}, "geometry": {"type": "Polygon", "coordinates": [[[37.1894414, 55.6438205], [37.1892596, 55.6438853], [37.189177, 55.6438116], [37.1893588, 55.6437468], [37.1894414, 55.6438205]]]}}, {"type": "Feature", "id": "way/1205486451", "properties": {"@id": "way/1205486451", "addr:city": "Лесной Городок", "addr:housenumber": "11", "addr:postcode": "143080", "addr:street": "Летний переулок", "building": "house", "building:levels": "2", "start_date": "2014", "is_living": false}, "geometry": {"type": "Polygon", "coordinates": [[[37.189524, 55.6438943], [37.1893422, 55.6439591], [37.1892596, 55.6438853], [37.1894414, 55.6438205], [37.189524, 55.6438943]]]}}, {"type": "Feature", "id": "way/1205486452", "properties": {"@id": "way/1205486452", "addr:city": "Лесной Городок", "addr:housenumber": "15", "addr:postcode": "143080", "addr:street": "Летний переулок", "building": "house", "building:levels": "2", "start_date": "2014", "is_living": false}, "geometry": {"type": "Polygon", "coordinates": [[[37.1896066, 55.6439681], [37.1894248, 55.6440329], [37.1893422, 55.6439591], [37.189524, 55.6438943], [37.1896066, 55.6439681]]]}}, {"type": "Feature", "id": "way/1205486453", "properties": {"@id": "way/1205486453", "addr:city": "Лесной Городок", "addr:housenumber": "29", "addr:postcode": "143080", "addr:street": "Летний переулок", "building": "house", "building:levels": "2", "start_date": "2014", "is_living": false}, "geometry": {"type": "Polygon", "coordinates": [[[37.1899822, 55.6445245], [37.1901639, 55.6444597], [37.1902487, 55.6445354], [37.190067, 55.6446002], [37.1899822, 55.6445245]]]}}, {"type": "Feature", "id": "way/1205486454", "properties": {"@id": "way/1205486454", "addr:city": "Лесной Городок", "addr:housenumber": "27", "addr:postcode": "143080", "addr:street": "Летний переулок", "building": "house", "building:levels": "2", "start_date": "2014", "is_living": false}, "geometry": {"type": "Polygon", "coordinates": [[[37.1898974, 55.6444488], [37.1900792, 55.644384], [37.1901639, 55.6444597], [37.1899822, 55.6445245], [37.1898974, 55.6444488]]]}}, {"type": "Feature", "id": "way/1205486455", "properties": {"@id": "way/1205486455", "addr:city": "Лесной Городок", "addr:housenumber": "25", "addr:postcode": "143080", "addr:street": "Летний переулок", "building": "house", "building:levels": "2", "start_date": "2014", "is_living": false}, "geometry": {"type": "Polygon", "coordinates": [[[37.1898127, 55.6443731], [37.1899944, 55.6443083], [37.1900792, 55.644384], [37.1898974, 55.6444488], [37.1898127, 55.6443731]]]}}, {"type": "Feature", "id": "way/1205486456", "properties": {"@id": "way/1205486456", "addr:city": "Лесной Городок", "addr:housenumber": "23", "addr:postcode": "143080", "addr:street": "Летний переулок", "building": "house", "building:levels": "2", "start_date": "2014", "is_living": false}, "geometry": {"type": "Polygon", "coordinates": [[[37.1897279, 55.6442974], [37.1899097, 55.6442326], [37.1899944, 55.6443083], [37.1898127, 55.6443731], [37.1897279, 55.6442974]]]}}, {"type": "Feature", "id": "way/1205486457", "properties": {"@id": "way/1205486457", "addr:city": "Лесной Городок", "addr:housenumber": "21", "addr:postcode": "143080", "addr:street": "Летний переулок", "building": "house", "building:levels": "2", "start_date": "2014", "is_living": false}, "geometry": {"type": "Polygon", "coordinates": [[[37.1896432, 55.6442217], [37.1898249, 55.6441569], [37.1899097, 55.6442326], [37.1897279, 55.6442974], [37.1896432, 55.6442217]]]}}, {"type": "Feature", "id": "way/1205486458", "properties": {"@id": "way/1205486458", "addr:city": "Лесной Городок", "addr:housenumber": "24", "addr:postcode": "143080", "addr:street": "Летний переулок", "building": "house", "building:levels": "2", "start_date": "2014", "is_living": false}, "geometry": {"type": "Polygon", "coordinates": [[[37.1904395, 55.6443625], [37.1906213, 55.6442977], [37.190706, 55.6443734], [37.1905243, 55.6444382], [37.1904395, 55.6443625]]]}}, {"type": "Feature", "id": "way/1205486459", "properties": {"@id": "way/1205486459", "addr:city": "Лесной Городок", "addr:housenumber": "22", "addr:postcode": "143080", "addr:street": "Летний переулок", "building": "house", "building:levels": "2", "start_date": "2014", "is_living": false}, "geometry": {"type": "Polygon", "coordinates": [[[37.1903548, 55.6442868], [37.1905365, 55.644222], [37.1906213, 55.6442977], [37.1904395, 55.6443625], [37.1903548, 55.6442868]]]}}, {"type": "Feature", "id": "way/1205486460", "properties": {"@id": "way/1205486460", "addr:city": "Лесной Городок", "addr:housenumber": "20", "addr:postcode": "143080", "addr:street": "Летний переулок", "building": "house", "building:levels": "2", "start_date": "2014", "is_living": false}, "geometry": {"type": "Polygon", "coordinates": [[[37.19027, 55.6442111], [37.1904517, 55.6441463], [37.1905365, 55.644222], [37.1903548, 55.6442868], [37.19027, 55.6442111]]]}}, {"type": "Feature", "id": "way/1205486461", "properties": {"@id": "way/1205486461", "addr:city": "Лесной Городок", "addr:housenumber": "18", "addr:postcode": "143080", "addr:street": "Летний переулок", "building": "house", "building:levels": "2", "start_date": "2014", "is_living": false}, "geometry": {"type": "Polygon", "coordinates": [[[37.1901852, 55.6441354], [37.190367, 55.6440706], [37.1904517, 55.6441463], [37.19027, 55.6442111], [37.1901852, 55.6441354]]]}}, {"type": "Feature", "id": "way/1205486462", "properties": {"@id": "way/1205486462", "addr:city": "Лесной Городок", "addr:housenumber": "16", "addr:postcode": "143080", "addr:street": "Летний переулок", "building": "house", "building:levels": "2", "start_date": "2014", "is_living": false}, "geometry": {"type": "Polygon", "coordinates": [[[37.1901005, 55.6440598], [37.1902822, 55.6439949], [37.190367, 55.6440706], [37.1901852, 55.6441354], [37.1901005, 55.6440598]]]}}, {"type": "Feature", "id": "way/1205486463", "properties": {"@id": "way/1205486463", "addr:city": "Лесной Городок", "addr:housenumber": "12", "addr:postcode": "143080", "addr:street": "Летний переулок", "building": "house", "building:levels": "2", "start_date": "2014", "is_living": false}, "geometry": {"type": "Polygon", "coordinates": [[[37.1898749, 55.643863], [37.1900567, 55.6437982], [37.1901414, 55.6438739], [37.1899597, 55.6439387], [37.1898749, 55.643863]]]}}, {"type": "Feature", "id": "way/1205486464", "properties": {"@id": "way/1205486464", "addr:city": "Лесной Городок", "addr:housenumber": "10", "addr:postcode": "143080", "addr:street": "Летний переулок", "building": "house", "building:levels": "2", "start_date": "2014", "is_living": false}, "geometry": {"type": "Polygon", "coordinates": [[[37.1897902, 55.6437873], [37.1899719, 55.6437225], [37.1900567, 55.6437982], [37.1898749, 55.643863], [37.1897902, 55.6437873]]]}}, {"type": "Feature", "id": "way/1205486465", "properties": {"@id": "way/1205486465", "addr:city": "Лесной Городок", "addr:housenumber": "8", "addr:postcode": "143080", "addr:street": "Летний переулок", "building": "house", "building:levels": "2", "start_date": "2014", "is_living": false}, "geometry": {"type": "Polygon", "coordinates": [[[37.1897054, 55.6437116], [37.1898871, 55.6436468], [37.1899719, 55.6437225], [37.1897902, 55.6437873], [37.1897054, 55.6437116]]]}}, {"type": "Feature", "id": "way/1205486466", "properties": {"@id": "way/1205486466", "addr:city": "Лесной Городок", "addr:housenumber": "6", "addr:postcode": "143080", "addr:street": "Летний переулок", "building": "house", "building:levels": "2", "start_date": "2014", "is_living": false}, "geometry": {"type": "Polygon", "coordinates": [[[37.1896206, 55.6436359], [37.1898024, 55.6435711], [37.1898871, 55.6436468], [37.1897054, 55.6437116], [37.1896206, 55.6436359]]]}}, {"type": "Feature", "id": "way/1205486467", "properties": {"@id": "way/1205486467", "addr:city": "Лесной Городок", "addr:housenumber": "4", "addr:postcode": "143080", "addr:street": "Летний переулок", "building": "house", "building:levels": "2", "start_date": "2014", "is_living": false}, "geometry": {"type": "Polygon", "coordinates": [[[37.1895359, 55.6435602], [37.1897176, 55.6434954], [37.1898024, 55.6435711], [37.1896206, 55.6436359], [37.1895359, 55.6435602]]]}}, {"type": "Feature", "id": "way/1205486468", "properties": {"@id": "way/1205486468", "addr:city": "Лесной Городок", "addr:housenumber": "15", "addr:postcode": "143080", "addr:street": "Южная аллея", "building": "house", "building:levels": "2", "start_date": "2014", "is_living": false}, "geometry": {"type": "Polygon", "coordinates": [[[37.1904934, 55.643919], [37.1904087, 55.6438433], [37.1905904, 55.6437785], [37.1906752, 55.6438542], [37.1904934, 55.643919]]]}}, {"type": "Feature", "id": "way/1205486469", "properties": {"@id": "way/1205486469", "addr:city": "Лесной Городок", "addr:housenumber": "17", "addr:postcode": "143080", "addr:street": "Южная аллея", "building": "house", "building:levels": "2", "start_date": "2014", "is_living": false}, "geometry": {"type": "Polygon", "coordinates": [[[37.1904934, 55.643919], [37.1906752, 55.6438542], [37.1907599, 55.6439299], [37.1905782, 55.6439947], [37.1904934, 55.643919]]]}}, {"type": "Feature", "id": "way/1205486470", "properties": {"@id": "way/1205486470", "addr:city": "Лесной Городок", "addr:housenumber": "19", "addr:postcode": "143080", "addr:street": "Южная аллея", "building": "house", "building:levels": "2", "start_date": "2014", "is_living": false}, "geometry": {"type": "Polygon", "coordinates": [[[37.1905782, 55.6439947], [37.1907599, 55.6439299], [37.1908447, 55.6440056], [37.1906629, 55.6440704], [37.1905782, 55.6439947]]]}}, {"type": "Feature", "id": "way/1205486471", "properties": {"@id": "way/1205486471", "addr:city": "Лесной Городок", "addr:housenumber": "21", "addr:postcode": "143080", "addr:street": "Южная аллея", "building": "house", "building:levels": "2", "start_date": "2014", "is_living": false}, "geometry": {"type": "Polygon", "coordinates": [[[37.1906629, 55.6440704], [37.1908447, 55.6440056], [37.1909294, 55.6440812], [37.1907477, 55.6441461], [37.1906629, 55.6440704]]]}}, {"type": "Feature", "id": "way/1205486472", "properties": {"@id": "way/1205486472", "addr:city": "Лесной Городок", "addr:housenumber": "23", "addr:postcode": "143080", "addr:street": "Южная аллея", "building": "house", "building:levels": "2", "start_date": "2014", "is_living": false}, "geometry": {"type": "Polygon", "coordinates": [[[37.1907477, 55.6441461], [37.1909294, 55.6440812], [37.1910142, 55.6441569], [37.1908325, 55.6442218], [37.1907477, 55.6441461]]]}}, {"type": "Feature", "id": "way/1205486473", "properties": {"@id": "way/1205486473", "addr:city": "Лесной Городок", "addr:housenumber": "9", "addr:postcode": "143080", "addr:street": "Южная аллея", "building": "house", "building:levels": "2", "start_date": "2014", "is_living": false}, "geometry": {"type": "Polygon", "coordinates": [[[37.1901797, 55.6436445], [37.1903614, 55.6435797], [37.1904462, 55.6436554], [37.1902645, 55.6437202], [37.1901797, 55.6436445]]]}}, {"type": "Feature", "id": "way/1205486474", "properties": {"@id": "way/1205486474", "addr:city": "Лесной Городок", "addr:housenumber": "7", "addr:postcode": "143080", "addr:street": "Южная аллея", "building": "house", "building:levels": "2", "start_date": "2014", "is_living": false}, "geometry": {"type": "Polygon", "coordinates": [[[37.1900949, 55.6435688], [37.1902767, 55.643504], [37.1903614, 55.6435797], [37.1901797, 55.6436445], [37.1900949, 55.6435688]]]}}, {"type": "Feature", "id": "way/1205486475", "properties": {"@id": "way/1205486475", "addr:city": "Лесной Городок", "addr:housenumber": "5", "addr:postcode": "143080", "addr:street": "Южная аллея", "building": "house", "building:levels": "2", "start_date": "2014", "is_living": false}, "geometry": {"type": "Polygon", "coordinates": [[[37.1900102, 55.6434931], [37.1901919, 55.6434283], [37.1902767, 55.643504], [37.1900949, 55.6435688], [37.1900102, 55.6434931]]]}}, {"type": "Feature", "id": "way/1205486476", "properties": {"@id": "way/1205486476", "addr:city": "Лесной Городок", "addr:housenumber": "3", "addr:postcode": "143080", "addr:street": "Южная аллея", "building": "house", "building:levels": "2", "start_date": "2014", "is_living": false}, "geometry": {"type": "Polygon", "coordinates": [[[37.1899254, 55.6434174], [37.1901072, 55.6433526], [37.1901919, 55.6434283], [37.1900102, 55.6434931], [37.1899254, 55.6434174]]]}}, {"type": "Feature", "id": "way/1205486477", "properties": {"@id": "way/1205486477", "addr:city": "Лесной Городок", "addr:housenumber": "1", "addr:postcode": "143080", "addr:street": "Южная аллея", "building": "house", "building:levels": "2", "start_date": "2014", "is_living": false}, "geometry": {"type": "Polygon", "coordinates": [[[37.1899254, 55.6434174], [37.1898407, 55.6433417], [37.1900224, 55.6432769], [37.1901072, 55.6433526], [37.1899254, 55.6434174]]]}}, {"type": "Feature", "id": "way/1209329922", "properties": {"@id": "way/1209329922", "addr:housenumber": "160 с2", "addr:place": "Вырубово", "addr:postcode": "143005", "building": "warehouse", "is_living": false}, "geometry": {"type": "Polygon", "coordinates": [[[37.3142681, 55.6673154], [37.3136784, 55.6660645], [37.3150361, 55.6658609], [37.3156258, 55.6671118], [37.3142681, 55.6673154]]]}}, {"type": "Feature", "id": "way/1209712067", "properties": {"@id": "way/1209712067", "addr:housenumber": "2А", "addr:postcode": "143025", "addr:street": "Бородинская улица", "building": "semidetached_house", "is_living": false}, "geometry": {"type": "Polygon", "coordinates": [[[37.3575194, 55.7174796], [37.357636, 55.717481], [37.3576319, 55.7175933], [37.3575153, 55.717592], [37.3575194, 55.7174796]]]}}, {"type": "Feature", "id": "way/1211534097", "properties": {"@id": "way/1211534097", "addr:housenumber": "21", "addr:postcode": "143083", "addr:street": "Ягодная улица", "building": "semidetached_house", "is_living": false}, "geometry": {"type": "Polygon", "coordinates": [[[37.2857297, 55.7280257], [37.2854523, 55.7280084], [37.28547, 55.7279183], [37.2857474, 55.7279355], [37.2857297, 55.7280257]]]}}, {"type": "Feature", "id": "way/1211534098", "properties": {"@id": "way/1211534098", "addr:housenumber": "17", "addr:postcode": "143083", "addr:street": "Ягодная улица", "building": "semidetached_house", "is_living": false}, "geometry": {"type": "Polygon", "coordinates": [[[37.2856861, 55.7277573], [37.285409, 55.7277385], [37.2854283, 55.7276484], [37.2857054, 55.7276672], [37.2856861, 55.7277573]]]}}, {"type": "Feature", "id": "way/1211534099", "properties": {"@id": "way/1211534099", "addr:housenumber": "13", "addr:postcode": "143083", "addr:street": "Ягодная улица", "building": "semidetached_house", "is_living": false}, "geometry": {"type": "Polygon", "coordinates": [[[37.2856319, 55.7274845], [37.2853599, 55.7274492], [37.2853961, 55.7273608], [37.2856681, 55.7273961], [37.2856319, 55.7274845]]]}}, {"type": "Feature", "id": "way/1211534100", "properties": {"@id": "way/1211534100", "addr:housenumber": "9", "addr:postcode": "143083", "addr:street": "Ягодная улица", "building": "semidetached_house", "is_living": false}, "geometry": {"type": "Polygon", "coordinates": [[[37.2857188, 55.7272041], [37.2854646, 55.7271392], [37.285531, 55.7270566], [37.2857853, 55.7271214], [37.2857188, 55.7272041]]]}}, {"type": "Feature", "id": "way/1211534101", "properties": {"@id": "way/1211534101", "addr:housenumber": "5", "addr:postcode": "143083", "addr:street": "Ягодная улица", "building": "semidetached_house", "is_living": false}, "geometry": {"type": "Polygon", "coordinates": [[[37.2859571, 55.7269777], [37.2857029, 55.7269128], [37.2857693, 55.7268302], [37.2860236, 55.726895], [37.2859571, 55.7269777]]]}}, {"type": "Feature", "id": "way/1211534102", "properties": {"@id": "way/1211534102", "addr:housenumber": "1", "addr:postcode": "143083", "addr:street": "Ягодная улица", "building": "semidetached_house", "is_living": false}, "geometry": {"type": "Polygon", "coordinates": [[[37.2861772, 55.7267527], [37.2859099, 55.7267075], [37.2859561, 55.7266207], [37.2862235, 55.7266658], [37.2861772, 55.7267527]]]}}, {"type": "Feature", "id": "way/1211534103", "properties": {"@id": "way/1211534103", "addr:housenumber": "17", "addr:postcode": "143083", "addr:street": "Фруктовая улица", "building": "semidetached_house", "is_living": false}, "geometry": {"type": "Polygon", "coordinates": [[[37.2838978, 55.7271239], [37.2839936, 55.727051], [37.2842181, 55.7271443], [37.2841224, 55.7272173], [37.2838978, 55.7271239]]]}}, {"type": "Feature", "id": "way/1211534104", "properties": {"@id": "way/1211534104", "addr:housenumber": "9", "addr:postcode": "143083", "addr:street": "Фруктовая улица", "building": "semidetached_house", "is_living": false}, "geometry": {"type": "Polygon", "coordinates": [[[37.2847103, 55.726604], [37.2844995, 55.726501], [37.2846049, 55.7264325], [37.2848158, 55.7265354], [37.2847103, 55.726604]]]}}, {"type": "Feature", "id": "way/1211534105", "properties": {"@id": "way/1211534105", "addr:housenumber": "13", "addr:postcode": "143083", "addr:street": "Фруктовая улица", "building": "semidetached_house", "is_living": false}, "geometry": {"type": "Polygon", "coordinates": [[[37.2841914, 55.7266976], [37.2842884, 55.7266252], [37.2845111, 55.7267199], [37.2844141, 55.7267923], [37.2841914, 55.7266976]]]}}, {"type": "Feature", "id": "way/1211534106", "properties": {"@id": "way/1211534106", "addr:housenumber": "1", "addr:postcode": "143083", "addr:street": "Фруктовая улица", "building": "semidetached_house", "is_living": false}, "geometry": {"type": "Polygon", "coordinates": [[[37.2854658, 55.7263215], [37.2853754, 55.7261728], [37.2855278, 55.7261434], [37.2856182, 55.7262921], [37.2854658, 55.7263215]]]}}, {"type": "Feature", "id": "way/1211534107", "properties": {"@id": "way/1211534107", "addr:housenumber": "5", "addr:postcode": "143083", "addr:street": "Фруктовая улица", "building": "semidetached_house", "is_living": false}, "geometry": {"type": "Polygon", "coordinates": [[[37.2850657, 55.7264274], [37.2849159, 55.7262947], [37.2850517, 55.7262461], [37.2852015, 55.7263787], [37.2850657, 55.7264274]]]}}, {"type": "Feature", "id": "way/1214355578", "properties": {"@id": "way/1214355578", "addr:city": "Горки-2", "addr:housenumber": "32/1", "addr:place": "Коттеджный посёлок «Знаменские просторы»", "addr:postcode": "143033", "building": "semidetached_house", "is_living": false}, "geometry": {"type": "Polygon", "coordinates": [[[37.169407, 55.7287044], [37.1692854, 55.7286281], [37.1694142, 55.7285631], [37.1695357, 55.7286395], [37.169407, 55.7287044]]]}}, {"type": "Feature", "id": "way/1215573640", "properties": {"@id": "way/1215573640", "addr:housenumber": "с1/2", "addr:place": "посёлок дома отдыха «Успенское»", "building": "retail", "is_living": false}, "geometry": {"type": "Polygon", "coordinates": [[[37.1084717, 55.702674], [37.1083669, 55.702564], [37.1088928, 55.702405], [37.1089976, 55.702515], [37.1084717, 55.702674]]]}}, {"type": "Feature", "id": "way/1215573641", "properties": {"@id": "way/1215573641", "building": "retail", "building:levels": "2", "is_living": false}, "geometry": {"type": "Polygon", "coordinates": [[[37.1091288, 55.7024639], [37.1090201, 55.7023498], [37.1095473, 55.7021904], [37.109656, 55.7023045], [37.1091288, 55.7024639]]]}}, {"type": "Feature", "id": "way/1215573642", "properties": {"@id": "way/1215573642", "building": "retail", "building:levels": "1", "is_living": false}, "geometry": {"type": "Polygon", "coordinates": [[[37.1102875, 55.7018994], [37.1105531, 55.7018971], [37.1105554, 55.7019846], [37.1105497, 55.7019974], [37.1105333, 55.7020069], [37.1105107, 55.7020106], [37.1104879, 55.7020073], [37.110471, 55.7019981], [37.1104646, 55.7019854], [37.1103479, 55.7019864], [37.1102884, 55.7019319], [37.1102875, 55.7018994]]]}}, {"type": "Feature", "id": "way/1217133773", "properties": {"@id": "way/1217133773", "addr:street": "Продукты", "building": "office", "is_living": false}, "geometry": {"type": "Polygon", "coordinates": [[[37.2821226, 55.6699319], [37.2821709, 55.669891], [37.2822748, 55.6699224], [37.2824485, 55.6699708], [37.2823935, 55.6700204], [37.2821226, 55.6699319]]]}}, {"type": "Feature", "id": "way/1217990261", "properties": {"@id": "way/1217990261", "addr:housenumber": "31", "addr:place": "Коттеджный посёлок «Полянка Де Люкс»", "addr:postcode": "143081", "building": "semidetached_house", "building:levels": "2", "building:levels:underground": "1", "building:use": "residential", "start_date": "2010", "is_living": false}, "geometry": {"type": "Polygon", "coordinates": [[[37.1568055, 55.6919875], [37.1568822, 55.6920124], [37.1568913, 55.6920035], [37.1569547, 55.6920241], [37.1570182, 55.6920448], [37.1569087, 55.6921517], [37.1567818, 55.6921105], [37.1567974, 55.6920953], [37.1567207, 55.6920704], [37.1568055, 55.6919875]]]}}, {"type": "Feature", "id": "way/1218049793", "properties": {"@id": "way/1218049793", "addr:housenumber": "72Б", "addr:place": "Европа-3", "addr:postcode": "143030", "building": "semidetached_house", "is_living": false}, "geometry": {"type": "Polygon", "coordinates": [[[37.1104182, 55.7438158], [37.1102092, 55.7438626], [37.1101523, 55.7437822], [37.1103612, 55.7437353], [37.1104182, 55.7438158]]]}}, {"type": "Feature", "id": "way/1218049794", "properties": {"@id": "way/1218049794", "addr:housenumber": "88Б", "addr:place": "Европа-3", "addr:postcode": "143030", "building": "semidetached_house", "is_living": false}, "geometry": {"type": "Polygon", "coordinates": [[[37.1085915, 55.741697], [37.1085295, 55.7416118], [37.1087312, 55.7415653], [37.1087931, 55.7416504], [37.1085915, 55.741697]]]}}, {"type": "Feature", "id": "way/1218049795", "properties": {"@id": "way/1218049795", "addr:housenumber": "105А", "addr:place": "Европа-3", "addr:postcode": "143030", "building": "semidetached_house", "is_living": false}, "geometry": {"type": "Polygon", "coordinates": [[[37.1082898, 55.7424725], [37.1084927, 55.7424211], [37.108559, 55.742504], [37.1083561, 55.7425554], [37.1082898, 55.7424725]]]}}, {"type": "Feature", "id": "way/1218049796", "properties": {"@id": "way/1218049796", "addr:housenumber": "101Б", "addr:place": "Европа-3", "addr:postcode": "143030", "building": "semidetached_house", "is_living": false}, "geometry": {"type": "Polygon", "coordinates": [[[37.1087042, 55.74298], [37.1088856, 55.7429335], [37.1089354, 55.7429949], [37.108754, 55.7430415], [37.1087042, 55.74298]]]}}, {"type": "Feature", "id": "way/1218049797", "properties": {"@id": "way/1218049797", "addr:housenumber": "95Б", "addr:place": "Европа-3", "addr:postcode": "143030", "building": "semidetached_house", "is_living": false}, "geometry": {"type": "Polygon", "coordinates": [[[37.109506, 55.7437625], [37.1092988, 55.7438125], [37.1092446, 55.7437414], [37.1094519, 55.7436914], [37.109506, 55.7437625]]]}}, {"type": "Feature", "id": "way/1218049798", "properties": {"@id": "way/1218049798", "addr:housenumber": "93Б", "addr:place": "Европа-3", "addr:postcode": "143030", "building": "semidetached_house", "is_living": false}, "geometry": {"type": "Polygon", "coordinates": [[[37.109659, 55.7439852], [37.1094704, 55.7440299], [37.1094148, 55.7439554], [37.1096034, 55.7439108], [37.109659, 55.7439852]]]}}, {"type": "Feature", "id": "way/1218049799", "properties": {"@id": "way/1218049799", "addr:housenumber": "96А", "addr:place": "Европа-3", "addr:postcode": "143030", "building": "semidetached_house", "is_living": false}, "geometry": {"type": "Polygon", "coordinates": [[[37.1087024, 55.7435899], [37.1087549, 55.7436642], [37.1085603, 55.7437077], [37.1085078, 55.7436334], [37.1087024, 55.7435899]]]}}, {"type": "Feature", "id": "way/1218049800", "properties": {"@id": "way/1218049800", "addr:housenumber": "94Б", "addr:place": "Европа-3", "addr:postcode": "143030", "building": "semidetached_house", "is_living": false}, "geometry": {"type": "Polygon", "coordinates": [[[37.1088692, 55.7438207], [37.1086697, 55.7438668], [37.1086154, 55.7437924], [37.108815, 55.7437463], [37.1088692, 55.7438207]]]}}, {"type": "Feature", "id": "way/1218049801", "properties": {"@id": "way/1218049801", "addr:housenumber": "92Б", "addr:place": "Европа-3", "addr:postcode": "143030", "building": "semidetached_house", "is_living": false}, "geometry": {"type": "Polygon", "coordinates": [[[37.1090756, 55.7440674], [37.1088642, 55.7441146], [37.1088041, 55.7440291], [37.1090155, 55.743982], [37.1090756, 55.7440674]]]}}, {"type": "Feature", "id": "way/1218049802", "properties": {"@id": "way/1218049802", "addr:housenumber": "98Б", "addr:place": "Европа-3", "addr:postcode": "143030", "building": "semidetached_house", "is_living": false}, "geometry": {"type": "Polygon", "coordinates": [[[37.1085186, 55.7433319], [37.1083189, 55.743378], [37.1082646, 55.7433036], [37.1084644, 55.7432575], [37.1085186, 55.7433319]]]}}, {"type": "Feature", "id": "way/1218049803", "properties": {"@id": "way/1218049803", "addr:housenumber": "131Г", "addr:place": "Европа-3", "addr:postcode": "143030", "building": "semidetached_house", "is_living": false}, "geometry": {"type": "Polygon", "coordinates": [[[37.1069306, 55.742379], [37.1067267, 55.7424348], [37.1066743, 55.7423742], [37.1068781, 55.7423183], [37.1069306, 55.742379]]]}}, {"type": "Feature", "id": "way/1218049804", "properties": {"@id": "way/1218049804", "addr:housenumber": "131Б", "addr:place": "Европа-3", "addr:postcode": "143030", "building": "semidetached_house", "is_living": false}, "geometry": {"type": "Polygon", "coordinates": [[[37.1070919, 55.7425503], [37.1068746, 55.7426047], [37.1068225, 55.7425387], [37.1070398, 55.7424843], [37.1070919, 55.7425503]]]}}, {"type": "Feature", "id": "way/1218049805", "properties": {"@id": "way/1218049805", "addr:housenumber": "129Б", "addr:place": "Европа-3", "addr:postcode": "143030", "building": "semidetached_house", "is_living": false}, "geometry": {"type": "Polygon", "coordinates": [[[37.1072277, 55.7427588], [37.1070507, 55.7428086], [37.1069975, 55.7427488], [37.1071746, 55.742699], [37.1072277, 55.7427588]]]}}, {"type": "Feature", "id": "way/1218049806", "properties": {"@id": "way/1218049806", "addr:housenumber": "127Г", "addr:place": "Европа-3", "addr:postcode": "143030", "building": "semidetached_house", "is_living": false}, "geometry": {"type": "Polygon", "coordinates": [[[37.1073781, 55.7429489], [37.1071796, 55.7429942], [37.1071267, 55.7429207], [37.1073251, 55.7428754], [37.1073781, 55.7429489]]]}}, {"type": "Feature", "id": "way/1218049807", "properties": {"@id": "way/1218049807", "addr:housenumber": "127Б", "addr:place": "Европа-3", "addr:postcode": "143030", "building": "semidetached_house", "is_living": false}, "geometry": {"type": "Polygon", "coordinates": [[[37.1075605, 55.7431268], [37.1073378, 55.7431901], [37.1072742, 55.7431193], [37.1074968, 55.7430559], [37.1075605, 55.7431268]]]}}, {"type": "Feature", "id": "way/1218049808", "properties": {"@id": "way/1218049808", "addr:housenumber": "123Б", "addr:place": "Европа-3", "addr:postcode": "143030", "building": "semidetached_house", "is_living": false}, "geometry": {"type": "Polygon", "coordinates": [[[37.1078806, 55.7435281], [37.1076791, 55.7435795], [37.1076268, 55.7435146], [37.1078283, 55.7434632], [37.1078806, 55.7435281]]]}}, {"type": "Feature", "id": "way/1218049809", "properties": {"@id": "way/1218049809", "addr:housenumber": "125Б", "addr:place": "Европа-3", "addr:postcode": "143030", "building": "semidetached_house", "is_living": false}, "geometry": {"type": "Polygon", "coordinates": [[[37.107745, 55.7433267], [37.1074887, 55.7433953], [37.1074364, 55.7433334], [37.1076927, 55.7432648], [37.107745, 55.7433267]]]}}, {"type": "Feature", "id": "way/1218049810", "properties": {"@id": "way/1218049810", "addr:housenumber": "121Б", "addr:place": "Европа-3", "addr:postcode": "143030", "building": "semidetached_house", "is_living": false}, "geometry": {"type": "Polygon", "coordinates": [[[37.1081576, 55.7439318], [37.1079431, 55.7439726], [37.1079026, 55.7439051], [37.1081172, 55.7438643], [37.1081576, 55.7439318]]]}}, {"type": "Feature", "id": "way/1218049811", "properties": {"@id": "way/1218049811", "addr:housenumber": "121Г", "addr:place": "Европа-3", "addr:postcode": "143030", "building": "semidetached_house", "is_living": false}, "geometry": {"type": "Polygon", "coordinates": [[[37.1077945, 55.7437879], [37.1077341, 55.7437215], [37.1079865, 55.7436488], [37.1080468, 55.7437152], [37.1077945, 55.7437879]]]}}, {"type": "Feature", "id": "way/1218049812", "properties": {"@id": "way/1218049812", "addr:housenumber": "122Б", "addr:place": "Европа-3", "addr:postcode": "143030", "building": "semidetached_house", "is_living": false}, "geometry": {"type": "Polygon", "coordinates": [[[37.1072041, 55.7436668], [37.1070163, 55.7437197], [37.1069664, 55.7436635], [37.1071542, 55.7436106], [37.1072041, 55.7436668]]]}}, {"type": "Feature", "id": "way/1218049813", "properties": {"@id": "way/1218049813", "addr:housenumber": "118Б", "addr:place": "Европа-3", "addr:postcode": "143030", "building": "semidetached_house", "is_living": false}, "geometry": {"type": "Polygon", "coordinates": [[[37.1076952, 55.7442311], [37.1074967, 55.7442825], [37.1074444, 55.7442184], [37.1076429, 55.7441671], [37.1076952, 55.7442311]]]}}, {"type": "Feature", "id": "way/1218049814", "properties": {"@id": "way/1218049814", "addr:housenumber": "130Б", "addr:place": "Европа-3", "addr:postcode": "143030", "building": "semidetached_house", "is_living": false}, "geometry": {"type": "Polygon", "coordinates": [[[37.1065111, 55.7427271], [37.1063205, 55.7427755], [37.1062642, 55.7427053], [37.1064547, 55.7426569], [37.1065111, 55.7427271]]]}}, {"type": "Feature", "id": "way/1218049815", "properties": {"@id": "way/1218049815", "addr:housenumber": "128Б", "addr:place": "Европа-3", "addr:postcode": "143030", "building": "semidetached_house", "is_living": false}, "geometry": {"type": "Polygon", "coordinates": [[[37.1066559, 55.7429203], [37.1064909, 55.7429628], [37.1064413, 55.7429016], [37.1066063, 55.7428592], [37.1066559, 55.7429203]]]}}, {"type": "Feature", "id": "way/1218049816", "properties": {"@id": "way/1218049816", "addr:housenumber": "132Б", "addr:place": "Европа-3", "addr:postcode": "143030", "building": "semidetached_house", "is_living": false}, "geometry": {"type": "Polygon", "coordinates": [[[37.1063583, 55.742539], [37.1061865, 55.7425869], [37.1061301, 55.7425227], [37.106302, 55.7424749], [37.1063583, 55.742539]]]}}, {"type": "Feature", "id": "way/1218049817", "properties": {"@id": "way/1218049817", "addr:housenumber": "147Б", "addr:place": "Европа-3", "addr:postcode": "143030", "building": "semidetached_house", "is_living": false}, "geometry": {"type": "Polygon", "coordinates": [[[37.1058001, 55.7428869], [37.1056097, 55.7429398], [37.1055479, 55.7428692], [37.1057383, 55.7428164], [37.1058001, 55.7428869]]]}}, {"type": "Feature", "id": "way/1218049818", "properties": {"@id": "way/1218049818", "addr:housenumber": "149Б", "addr:place": "Европа-3", "addr:postcode": "143030", "building": "semidetached_house", "is_living": false}, "geometry": {"type": "Polygon", "coordinates": [[[37.1056386, 55.7427156], [37.1054481, 55.7427669], [37.1053965, 55.7427062], [37.1055869, 55.7426548], [37.1056386, 55.7427156]]]}}, {"type": "Feature", "id": "way/1218049819", "properties": {"@id": "way/1218049819", "addr:housenumber": "135Б", "addr:place": "Европа-3", "addr:postcode": "143030", "building": "semidetached_house", "is_living": false}, "geometry": {"type": "Polygon", "coordinates": [[[37.107073, 55.7443715], [37.1068691, 55.7444259], [37.1068089, 55.7443543], [37.1070127, 55.7442999], [37.107073, 55.7443715]]]}}, {"type": "Feature", "id": "way/1218049820", "properties": {"@id": "way/1218049820", "addr:housenumber": "133Б", "addr:place": "Европа-3", "addr:postcode": "143030", "building": "semidetached_house", "is_living": false}, "geometry": {"type": "Polygon", "coordinates": [[[37.1072331, 55.7445623], [37.1070374, 55.7446122], [37.1069924, 55.7445562], [37.1071882, 55.7445064], [37.1072331, 55.7445623]]]}}, {"type": "Feature", "id": "way/1218049821", "properties": {"@id": "way/1218049821", "addr:housenumber": "146Г", "addr:place": "Европа-3", "addr:postcode": "143030", "building": "semidetached_house", "is_living": false}, "geometry": {"type": "Polygon", "coordinates": [[[37.1055106, 55.74327], [37.1053307, 55.7433158], [37.1052798, 55.7432524], [37.1054596, 55.7432066], [37.1055106, 55.74327]]]}}, {"type": "Feature", "id": "way/1218049822", "properties": {"@id": "way/1218049822", "addr:housenumber": "146Б", "addr:place": "Европа-3", "addr:postcode": "143030", "building": "semidetached_house", "is_living": false}, "geometry": {"type": "Polygon", "coordinates": [[[37.1056527, 55.7434505], [37.1054749, 55.7434985], [37.105424, 55.7434389], [37.1056017, 55.7433908], [37.1056527, 55.7434505]]]}}, {"type": "Feature", "id": "way/1218049823", "properties": {"@id": "way/1218049823", "addr:housenumber": "144Б", "addr:place": "Европа-3", "addr:postcode": "143030", "building": "semidetached_house", "is_living": false}, "geometry": {"type": "Polygon", "coordinates": [[[37.1057881, 55.7436316], [37.1056298, 55.7436712], [37.1055828, 55.7436115], [37.1057412, 55.743572], [37.1057881, 55.7436316]]]}}, {"type": "Feature", "id": "way/1218049824", "properties": {"@id": "way/1218049824", "addr:housenumber": "142Б", "addr:place": "Европа-3", "addr:postcode": "143030", "building": "semidetached_house", "is_living": false}, "geometry": {"type": "Polygon", "coordinates": [[[37.1059217, 55.7438061], [37.1057768, 55.7438589], [37.1057213, 55.7438107], [37.1058662, 55.7437578], [37.1059217, 55.7438061]]]}}, {"type": "Feature", "id": "way/1218049825", "properties": {"@id": "way/1218049825", "addr:housenumber": "115В", "addr:place": "Европа-3", "addr:postcode": "143030", "building": "semidetached_house", "is_living": false}, "geometry": {"type": "Polygon", "coordinates": [[[37.1053161, 55.7425045], [37.1052237, 55.7423993], [37.1053377, 55.7423676], [37.1054301, 55.7424728], [37.1053161, 55.7425045]]]}}, {"type": "Feature", "id": "way/1218049826", "properties": {"@id": "way/1218049826", "addr:housenumber": "115А", "addr:place": "Европа-3", "addr:postcode": "143030", "building": "semidetached_house", "is_living": false}, "geometry": {"type": "Polygon", "coordinates": [[[37.1056473, 55.7424185], [37.1055445, 55.7422997], [37.1056491, 55.742271], [37.1057519, 55.7423898], [37.1056473, 55.7424185]]]}}, {"type": "Feature", "id": "way/1218049827", "properties": {"@id": "way/1218049827", "addr:housenumber": "114А", "addr:place": "Европа-3", "addr:postcode": "143030", "building": "semidetached_house", "is_living": false}, "geometry": {"type": "Polygon", "coordinates": [[[37.105937, 55.7423407], [37.1058527, 55.7422267], [37.1059653, 55.7422003], [37.1060497, 55.7423143], [37.105937, 55.7423407]]]}}, {"type": "Feature", "id": "way/1218049828", "properties": {"@id": "way/1218049828", "addr:housenumber": "110А", "addr:place": "Европа-3", "addr:postcode": "143030", "building": "semidetached_house", "is_living": false}, "geometry": {"type": "Polygon", "coordinates": [[[37.1073297, 55.7419368], [37.1072356, 55.7418316], [37.1073234, 55.7418067], [37.1074176, 55.7419119], [37.1073297, 55.7419368]]]}}, {"type": "Feature", "id": "way/1218049829", "properties": {"@id": "way/1218049829", "addr:housenumber": "113А", "addr:place": "Европа-3", "addr:postcode": "143030", "building": "semidetached_house", "is_living": false}, "geometry": {"type": "Polygon", "coordinates": [[[37.1063273, 55.7422305], [37.1062343, 55.7421213], [37.1063322, 55.7420949], [37.1064252, 55.7422041], [37.1063273, 55.7422305]]]}}, {"type": "Feature", "id": "way/1218049832", "properties": {"@id": "way/1218049832", "addr:housenumber": "67В", "addr:place": "Европа-3", "addr:postcode": "143030", "building": "semidetached_house", "is_living": false}, "geometry": {"type": "Polygon", "coordinates": [[[37.1095969, 55.7407516], [37.1094473, 55.7406453], [37.1095184, 55.7406136], [37.109668, 55.7407199], [37.1095969, 55.7407516]]]}}, {"type": "Feature", "id": "way/1218049833", "properties": {"@id": "way/1218049833", "addr:housenumber": "67А", "addr:place": "Европа-3", "addr:postcode": "143030", "building": "semidetached_house", "is_living": false}, "geometry": {"type": "Polygon", "coordinates": [[[37.1096837, 55.7405163], [37.1097602, 55.7404755], [37.1099147, 55.7405674], [37.1098383, 55.7406081], [37.1096837, 55.7405163]]]}}, {"type": "Feature", "id": "way/1218049834", "properties": {"@id": "way/1218049834", "addr:housenumber": "64А", "addr:place": "Европа-3", "addr:postcode": "143030", "building": "semidetached_house", "is_living": false}, "geometry": {"type": "Polygon", "coordinates": [[[37.1099047, 55.7410715], [37.1099691, 55.7411701], [37.1097571, 55.741214], [37.1096927, 55.7411154], [37.1099047, 55.7410715]]]}}, {"type": "Feature", "id": "way/1218049835", "properties": {"@id": "way/1218049835", "addr:housenumber": "62Б", "addr:place": "Европа-3", "addr:postcode": "143030", "building": "semidetached_house", "is_living": false}, "geometry": {"type": "Polygon", "coordinates": [[[37.1099109, 55.7414034], [37.1098545, 55.7413252], [37.1100593, 55.7412784], [37.1101157, 55.7413567], [37.1099109, 55.7414034]]]}}, {"type": "Feature", "id": "way/1218049836", "properties": {"@id": "way/1218049836", "addr:housenumber": "56Б", "addr:place": "Европа-3", "addr:postcode": "143030", "building": "semidetached_house", "is_living": false}, "geometry": {"type": "Polygon", "coordinates": [[[37.1105711, 55.7422894], [37.1105127, 55.7422041], [37.1107248, 55.7421581], [37.1107831, 55.7422433], [37.1105711, 55.7422894]]]}}, {"type": "Feature", "id": "way/1218049837", "properties": {"@id": "way/1218049837", "addr:housenumber": "54Б", "addr:place": "Европа-3", "addr:postcode": "143030", "building": "semidetached_house", "is_living": false}, "geometry": {"type": "Polygon", "coordinates": [[[37.1107307, 55.7425049], [37.1106731, 55.7424227], [37.1108637, 55.7423804], [37.1109213, 55.7424626], [37.1107307, 55.7425049]]]}}, {"type": "Feature", "id": "way/1218049838", "properties": {"@id": "way/1218049838", "addr:housenumber": "52Б", "addr:place": "Европа-3", "addr:postcode": "143030", "building": "semidetached_house", "is_living": false}, "geometry": {"type": "Polygon", "coordinates": [[[37.1110979, 55.7426763], [37.1108948, 55.7427231], [37.1108343, 55.7426398], [37.1110375, 55.7425931], [37.1110979, 55.7426763]]]}}, {"type": "Feature", "id": "way/1218049839", "properties": {"@id": "way/1218049839", "addr:housenumber": "50Б", "addr:place": "Европа-3", "addr:postcode": "143030", "building": "semidetached_house", "is_living": false}, "geometry": {"type": "Polygon", "coordinates": [[[37.1112374, 55.7429102], [37.1110382, 55.7429519], [37.1109894, 55.7428781], [37.1111886, 55.7428364], [37.1112374, 55.7429102]]]}}, {"type": "Feature", "id": "way/1218049840", "properties": {"@id": "way/1218049840", "addr:housenumber": "46Б", "addr:place": "Европа-3", "addr:postcode": "143030", "building": "semidetached_house", "is_living": false}, "geometry": {"type": "Polygon", "coordinates": [[[37.1113841, 55.743383], [37.1113295, 55.7433055], [37.1115167, 55.7432637], [37.1115714, 55.7433412], [37.1113841, 55.743383]]]}}, {"type": "Feature", "id": "way/1218049841", "properties": {"@id": "way/1218049841", "addr:housenumber": "48Б", "addr:place": "Европа-3", "addr:postcode": "143030", "building": "semidetached_house", "is_living": false}, "geometry": {"type": "Polygon", "coordinates": [[[37.1114165, 55.7431232], [37.1112333, 55.7431655], [37.1111729, 55.7430827], [37.1113562, 55.7430404], [37.1114165, 55.7431232]]]}}, {"type": "Feature", "id": "way/1218049842", "properties": {"@id": "way/1218049842", "addr:housenumber": "44Б", "addr:place": "Европа-3", "addr:postcode": "143030", "building": "semidetached_house", "is_living": false}, "geometry": {"type": "Polygon", "coordinates": [[[37.1115289, 55.7436045], [37.1114721, 55.7435274], [37.1116702, 55.7434812], [37.111727, 55.7435583], [37.1115289, 55.7436045]]]}}, {"type": "Feature", "id": "way/1218049843", "properties": {"@id": "way/1218049843", "addr:housenumber": "43Б", "addr:place": "Европа-3", "addr:postcode": "143030", "building": "semidetached_house", "is_living": false}, "geometry": {"type": "Polygon", "coordinates": [[[37.1123041, 55.743417], [37.1121078, 55.7434628], [37.1120499, 55.743384], [37.1122462, 55.7433383], [37.1123041, 55.743417]]]}}, {"type": "Feature", "id": "way/1218049844", "properties": {"@id": "way/1218049844", "addr:housenumber": "61Б", "addr:place": "Европа-3", "addr:postcode": "143030", "building": "semidetached_house", "is_living": false}, "geometry": {"type": "Polygon", "coordinates": [[[37.1105989, 55.7411248], [37.1103986, 55.7411657], [37.1103478, 55.741087], [37.1105481, 55.741046], [37.1105989, 55.7411248]]]}}, {"type": "Feature", "id": "way/1218049845", "properties": {"@id": "way/1218049845", "addr:housenumber": "45Б", "addr:place": "Европа-3", "addr:postcode": "143030", "building": "semidetached_house", "is_living": false}, "geometry": {"type": "Polygon", "coordinates": [[[37.1121457, 55.7431948], [37.1119565, 55.7432351], [37.1119091, 55.7431645], [37.1120983, 55.7431242], [37.1121457, 55.7431948]]]}}, {"type": "Feature", "id": "way/1221519145", "properties": {"@id": "way/1221519145", "abandoned": "yes", "building": "security_booth", "is_living": false}, "geometry": {"type": "Polygon", "coordinates": [[[36.6149877, 55.5762023], [36.614777, 55.576242], [36.6146909, 55.576096], [36.6149015, 55.5760563], [36.6149877, 55.5762023]]]}}, {"type": "Feature", "id": "way/1221519148", "properties": {"@id": "way/1221519148", "building": "construction", "ruins": "yes", "is_living": false}, "geometry": {"type": "Polygon", "coordinates": [[[36.6111917, 55.5755131], [36.6115324, 55.5751624], [36.6123298, 55.5754099], [36.6119892, 55.5757606], [36.6111917, 55.5755131]]]}}, {"type": "Feature", "id": "way/1221519153", "properties": {"@id": "way/1221519153", "building": "service", "building:levels": "1", "location": "indoor", "power": "substation", "substation": "minor_distribution", "is_living": false}, "geometry": {"type": "Polygon", "coordinates": [[[36.6124266, 55.5764706], [36.612215, 55.5766751], [36.6120656, 55.5766257], [36.6122772, 55.5764212], [36.6124266, 55.5764706]]]}}, {"type": "Feature", "id": "way/1221957003", "properties": {"@id": "way/1221957003", "addr:city": "Папушево", "addr:housenumber": "146/1", "addr:place": "ГП-4", "addr:postcode": "143032", "building": "semidetached_house", "is_living": false}, "geometry": {"type": "Polygon", "coordinates": [[[37.0392794, 55.6928758], [37.0394068, 55.6929789], [37.0393003, 55.6930207], [37.0391729, 55.6929176], [37.0392794, 55.6928758]]]}}, {"type": "Feature", "id": "way/1221957004", "properties": {"@id": "way/1221957004", "addr:city": "Папушево", "addr:housenumber": "145/5", "addr:place": "ГП-4", "addr:postcode": "143032", "building": "semidetached_house", "is_living": false}, "geometry": {"type": "Polygon", "coordinates": [[[37.0389468, 55.6931056], [37.0390742, 55.6932087], [37.0389677, 55.6932505], [37.0388403, 55.6931474], [37.0389468, 55.6931056]]]}}, {"type": "Feature", "id": "way/1221957005", "properties": {"@id": "way/1221957005", "addr:city": "Папушево", "addr:housenumber": "145/1", "addr:place": "ГП-4", "addr:postcode": "143032", "building": "semidetached_house", "is_living": false}, "geometry": {"type": "Polygon", "coordinates": [[[37.0385849, 55.6933281], [37.0387623, 55.6932584], [37.0388317, 55.6933146], [37.0386543, 55.6933842], [37.0385849, 55.6933281]]]}}, {"type": "Feature", "id": "way/1221957006", "properties": {"@id": "way/1221957006", "addr:city": "Папушево", "addr:housenumber": "145/3", "addr:place": "ГП-4", "addr:postcode": "143032", "building": "semidetached_house", "is_living": false}, "geometry": {"type": "Polygon", "coordinates": [[[37.0383139, 55.6930617], [37.0384952, 55.6929905], [37.0385646, 55.6930467], [37.0383833, 55.6931179], [37.0383139, 55.6930617]]]}}, {"type": "Feature", "id": "way/1221957007", "properties": {"@id": "way/1221957007", "addr:city": "Папушево", "addr:housenumber": "146/3", "addr:place": "ГП-4", "addr:postcode": "143032", "building": "semidetached_house", "is_living": false}, "geometry": {"type": "Polygon", "coordinates": [[[37.0387081, 55.6927715], [37.0388355, 55.6928746], [37.038729, 55.6929164], [37.0386015, 55.6928133], [37.0387081, 55.6927715]]]}}, {"type": "Feature", "id": "way/1221957008", "properties": {"@id": "way/1221957008", "addr:city": "Папушево", "addr:housenumber": "146/5", "addr:place": "ГП-4", "addr:postcode": "143032", "building": "semidetached_house", "is_living": false}, "geometry": {"type": "Polygon", "coordinates": [[[37.0390782, 55.6926203], [37.0392057, 55.6927234], [37.0390991, 55.6927652], [37.0389717, 55.6926621], [37.0390782, 55.6926203]]]}}, {"type": "Feature", "id": "way/1221957009", "properties": {"@id": "way/1221957009", "addr:city": "Папушево", "addr:housenumber": "144/1", "addr:place": "ГП-4", "addr:postcode": "143032", "building": "semidetached_house", "is_living": false}, "geometry": {"type": "Polygon", "coordinates": [[[37.0378498, 55.6927307], [37.0379772, 55.6928337], [37.0378707, 55.6928756], [37.0377432, 55.6927725], [37.0378498, 55.6927307]]]}}, {"type": "Feature", "id": "way/1221957010", "properties": {"@id": "way/1221957010", "addr:city": "Папушево", "addr:housenumber": "144/3", "addr:place": "ГП-4", "addr:postcode": "143032", "building": "semidetached_house", "is_living": false}, "geometry": {"type": "Polygon", "coordinates": [[[37.0381985, 55.692587], [37.0383259, 55.6926901], [37.0382194, 55.692732], [37.0380919, 55.6926289], [37.0381985, 55.692587]]]}}, {"type": "Feature", "id": "way/1221957011", "properties": {"@id": "way/1221957011", "addr:city": "Папушево", "addr:housenumber": "147/1", "addr:place": "ГП-4", "addr:postcode": "143032", "building": "semidetached_house", "is_living": false}, "geometry": {"type": "Polygon", "coordinates": [[[37.0385418, 55.692454], [37.0386692, 55.6925571], [37.0385627, 55.6925989], [37.0384352, 55.6924958], [37.0385418, 55.692454]]]}}, {"type": "Feature", "id": "way/1221957012", "properties": {"@id": "way/1221957012", "addr:city": "Папушево", "addr:housenumber": "147/4", "addr:place": "ГП-4", "addr:postcode": "143032", "building": "semidetached_house", "is_living": false}, "geometry": {"type": "Polygon", "coordinates": [[[37.0390153, 55.6924137], [37.0388878, 55.6923107], [37.0389944, 55.6922688], [37.0391218, 55.6923719], [37.0390153, 55.6924137]]]}}, {"type": "Feature", "id": "way/1222528696", "properties": {"@id": "way/1222528696", "addr:city": "Дунино", "addr:housenumber": "2", "addr:place": "КИЗ «Лесное подворье»", "building": "semidetached_house", "is_living": false}, "geometry": {"type": "Polygon", "coordinates": [[[36.9542729, 55.715941], [36.9541582, 55.7158493], [36.9543848, 55.7157594], [36.9544995, 55.7158511], [36.9542729, 55.715941]]]}}, {"type": "Feature", "id": "way/1223152784", "properties": {"@id": "way/1223152784", "addr:city": "Звенигород", "addr:housenumber": "24", "addr:place": "ДСК «Поречье»", "building": "semidetached_house", "is_living": false}, "geometry": {"type": "Polygon", "coordinates": [[[36.9340476, 55.7158722], [36.9340677, 55.7157742], [36.9342072, 55.7157833], [36.9341871, 55.7158813], [36.9340476, 55.7158722]]]}}, {"type": "Feature", "id": "way/1224989525", "properties": {"@id": "way/1224989525", "addr:housenumber": "вл5", "addr:place": "квартал Введенское", "building": "retail", "building:levels": "1", "is_living": false}, "geometry": {"type": "Polygon", "coordinates": [[[36.8793206, 55.699564], [36.8793333, 55.699448], [36.8801081, 55.6994942], [36.8801203, 55.6994482], [36.8794605, 55.6993636], [36.8794858, 55.6993066], [36.8808365, 55.6994691], [36.8808188, 55.6995152], [36.8803371, 55.6995491], [36.8802424, 55.6995389], [36.8798035, 55.6995847], [36.8793206, 55.699564]]]}}, {"type": "Feature", "id": "way/1225724612", "properties": {"@id": "way/1225724612", "addr:housenumber": "8 к1", "addr:street": "улица Энергетиков", "building": "yes", "office": "company", "is_living": false}, "geometry": {"type": "Polygon", "coordinates": [[[37.2256352, 55.6389251], [37.2258573, 55.6390282], [37.2257256, 55.6391186], [37.2255035, 55.6390155], [37.2256352, 55.6389251]]]}}, {"type": "Feature", "id": "way/1228994313", "properties": {"@id": "way/1228994313", "addr:housenumber": "55Е с1", "addr:place": "Юдино", "building": "retail", "name": "Одипарк", "shop": "mall", "website": "https://odpark.ru/", "is_living": false}, "geometry": {"type": "Polygon", "coordinates": [[[37.1792891, 55.6545632], [37.1793886, 55.6543632], [37.1798385, 55.6534591], [37.1825387, 55.6538832], [37.1819055, 55.6549752], [37.1814704, 55.6549087], [37.1797133, 55.6546304], [37.1792891, 55.6545632]]]}}, {"type": "Feature", "id": "way/1240237303", "properties": {"@id": "way/1240237303", "building": "retail", "is_living": false}, "geometry": {"type": "Polygon", "coordinates": [[[36.9070807, 55.6826853], [36.9069499, 55.6825245], [36.9071319, 55.6824774], [36.9072627, 55.6826382], [36.9070807, 55.6826853]]]}}, {"type": "Feature", "id": "way/1240237304", "properties": {"@id": "way/1240237304", "addr:housenumber": "44А", "addr:place": "Скоротово", "building": "retail", "shop": "convenience", "is_living": false}, "geometry": {"type": "Polygon", "coordinates": [[[36.9069788, 55.6824872], [36.9069228, 55.6824184], [36.9071508, 55.6823594], [36.9072068, 55.6824282], [36.9069788, 55.6824872]]]}}, {"type": "Feature", "id": "way/1255002723", "properties": {"@id": "way/1255002723", "building": "service", "building:levels": "1", "location": "indoor", "power": "substation", "substation": "minor_distribution", "is_living": false}, "geometry": {"type": "Polygon", "coordinates": [[[37.1754357, 55.6281186], [37.1753587, 55.6281319], [37.1753443, 55.6281053], [37.1753141, 55.6281105], [37.175299, 55.6280826], [37.1754062, 55.6280641], [37.1754357, 55.6281186]]]}}, {"type": "Feature", "id": "way/1265053379", "properties": {"@id": "way/1265053379", "addr:city": "Татарки", "addr:housenumber": "51", "addr:place": "Татарки", "addr:postcode": "143063", "building": "retail", "is_living": false}, "geometry": {"type": "Polygon", "coordinates": [[[36.82659, 55.6083364], [36.8266717, 55.6082581], [36.8268449, 55.6083158], [36.8267631, 55.6083941], [36.82659, 55.6083364]]]}}, {"type": "Feature", "id": "way/1265221827", "properties": {"@id": "way/1265221827", "building": "service", "building:levels": "1", "is_living": false}, "geometry": {"type": "Polygon", "coordinates": [[[37.373449, 55.6744869], [37.3735331, 55.674425], [37.3737173, 55.6745047], [37.3736331, 55.6745666], [37.373449, 55.6744869]]]}}, {"type": "Feature", "id": "way/1267041050", "properties": {"@id": "way/1267041050", "building": "kiosk", "check_date": "2024-03-26", "height": "3", "shop": "coffee", "is_living": false}, "geometry": {"type": "Polygon", "coordinates": [[[36.6904021, 55.5785768], [36.690414, 55.5785754], [36.6904243, 55.5785791], [36.6904268, 55.5785858], [36.6904202, 55.5785916], [36.6904083, 55.5785931], [36.6903981, 55.5785893], [36.6903955, 55.5785826], [36.6904021, 55.5785768]]]}}, {"type": "Feature", "id": "way/1267132373", "properties": {"@id": "way/1267132373", "building": "kiosk", "height": "3", "roof:shape": "flat", "shop": "newsagent", "is_living": false}, "geometry": {"type": "Polygon", "coordinates": [[[36.6919223, 55.5789218], [36.6919351, 55.5788984], [36.6920145, 55.5789123], [36.6920017, 55.5789357], [36.6919223, 55.5789218]]]}}, {"type": "Feature", "id": "way/1267179276", "properties": {"@id": "way/1267179276", "building": "service", "is_living": false}, "geometry": {"type": "Polygon", "coordinates": [[[37.2514428, 55.6812381], [37.2515208, 55.6811595], [37.2515481, 55.681132], [37.2516856, 55.6811754], [37.2515804, 55.6812815], [37.2514428, 55.6812381]]]}}, {"type": "Feature", "id": "way/1267179277", "properties": {"@id": "way/1267179277", "building": "service", "is_living": false}, "geometry": {"type": "Polygon", "coordinates": [[[37.2512001, 55.6810574], [37.2512639, 55.6809937], [37.2515844, 55.6810958], [37.2515481, 55.681132], [37.2515208, 55.6811595], [37.2512001, 55.6810574]]]}}, {"type": "Feature", "id": "way/1267179278", "properties": {"@id": "way/1267179278", "building": "industrial", "is_living": false}, "geometry": {"type": "Polygon", "coordinates": [[[37.2507951, 55.6807277], [37.2510217, 55.6804918], [37.2512714, 55.6805681], [37.2510448, 55.680804], [37.2507951, 55.6807277]]]}}, {"type": "Feature", "id": "way/1271966751", "properties": {"@id": "way/1271966751", "building": "roof", "layer": "1", "is_living": false}, "geometry": {"type": "Polygon", "coordinates": [[[37.3743899, 55.7156887], [37.3744293, 55.7156532], [37.3746533, 55.7157322], [37.3746334, 55.71575], [37.3746139, 55.7157676], [37.3743899, 55.7156887]]]}}, {"type": "Feature", "id": "way/1271966756", "properties": {"@id": "way/1271966756", "building": "roof", "layer": "1", "is_living": false}, "geometry": {"type": "Polygon", "coordinates": [[[37.3734104, 55.7155338], [37.37343, 55.7155163], [37.3734489, 55.7154994], [37.3736972, 55.7155877], [37.3736587, 55.715622], [37.3734952, 55.7155639], [37.3734104, 55.7155338]]]}}, {"type": "Feature", "id": "way/1271966757", "properties": {"@id": "way/1271966757", "building": "roof", "layer": "1", "is_living": false}, "geometry": {"type": "Polygon", "coordinates": [[[37.3740699, 55.7152628], [37.3740922, 55.7152429], [37.3741116, 55.7152256], [37.3743768, 55.71532], [37.374335, 55.7153571], [37.3740699, 55.7152628]]]}}, {"type": "Feature", "id": "way/1272662237", "properties": {"@id": "way/1272662237", "building": "roof", "layer": "1", "is_living": false}, "geometry": {"type": "Polygon", "coordinates": [[[37.1790109, 55.6579694], [37.1789371, 55.6579382], [37.1788112, 55.6578851], [37.1787249, 55.6578486], [37.1788071, 55.6577867], [37.1789255, 55.6578367], [37.1789946, 55.6578659], [37.179093, 55.6579075], [37.1790109, 55.6579694]]]}}, {"type": "Feature", "id": "way/1273611311", "properties": {"@id": "way/1273611311", "addr:city": "Одинцово", "addr:housenumber": "2 с3", "building": "yes", "is_living": false}, "geometry": {"type": "Polygon", "coordinates": [[[37.2916618, 55.6717323], [37.2919084, 55.6709279], [37.2920826, 55.6709449], [37.292035, 55.6711001], [37.2920822, 55.6711047], [37.2920496, 55.6712111], [37.2920988, 55.6712159], [37.2920296, 55.671442], [37.2921099, 55.6714498], [37.2920129, 55.6717665], [37.2916618, 55.6717323]]]}}, {"type": "Feature", "id": "way/1273839306", "properties": {"@id": "way/1273839306", "addr:housenumber": "15/1", "addr:place": "Сетунь Малая", "building": "retail", "building:levels": "3", "is_living": false}, "geometry": {"type": "Polygon", "coordinates": [[[37.3818012, 55.7141408], [37.3815292, 55.7140612], [37.3817764, 55.7137932], [37.3820483, 55.7138728], [37.3818012, 55.7141408]]]}}, {"type": "Feature", "id": "way/1274070589", "properties": {"@id": "way/1274070589", "building": "garage", "is_living": false}, "geometry": {"type": "Polygon", "coordinates": [[[37.3669991, 55.710945], [37.3670608, 55.7108483], [37.3671877, 55.710874], [37.367126, 55.7109707], [37.3669991, 55.710945]]]}}, {"type": "Feature", "id": "way/1274108297", "properties": {"@id": "way/1274108297", "building": "roof", "building:levels": "1", "is_living": false}, "geometry": {"type": "Polygon", "coordinates": [[[37.3787585, 55.7081925], [37.3787613, 55.7080988], [37.3789048, 55.7081002], [37.378902, 55.7081939], [37.3787585, 55.7081925]]]}}, {"type": "Feature", "id": "way/1274108298", "properties": {"@id": "way/1274108298", "building": "roof", "building:levels": "1", "is_living": false}, "geometry": {"type": "Polygon", "coordinates": [[[37.3787665, 55.7080437], [37.3787694, 55.70795], [37.3789129, 55.7079514], [37.37891, 55.708045], [37.3787665, 55.7080437]]]}}, {"type": "Feature", "id": "way/1274108299", "properties": {"@id": "way/1274108299", "building": "roof", "building:levels": "1", "is_living": false}, "geometry": {"type": "Polygon", "coordinates": [[[37.37878, 55.7078868], [37.3787828, 55.7077931], [37.3789263, 55.7077945], [37.3789234, 55.7078882], [37.37878, 55.7078868]]]}}, {"type": "Feature", "id": "way/1274108308", "properties": {"@id": "way/1274108308", "building": "service", "building:levels": "1", "location": "indoor", "power": "substation", "substation": "minor_distribution", "is_living": false}, "geometry": {"type": "Polygon", "coordinates": [[[37.378955, 55.7083254], [37.3789564, 55.7082704], [37.3790342, 55.708271], [37.3790325, 55.7083392], [37.3789923, 55.7083389], [37.3789926, 55.7083257], [37.378955, 55.7083254]]]}}, {"type": "Feature", "id": "way/1274108309", "properties": {"@id": "way/1274108309", "building": "service", "building:levels": "1", "location": "indoor", "power": "substation", "substation": "minor_distribution", "is_living": false}, "geometry": {"type": "Polygon", "coordinates": [[[37.3787847, 55.7083254], [37.3787861, 55.7082682], [37.3788612, 55.7082688], [37.3788597, 55.708326], [37.3787847, 55.7083254]]]}}, {"type": "Feature", "id": "way/1274108314", "properties": {"@id": "way/1274108314", "building": "roof", "is_living": false}, "geometry": {"type": "Polygon", "coordinates": [[[37.3798782, 55.708963], [37.3798457, 55.7089813], [37.3798043, 55.7089926], [37.3797586, 55.7089955], [37.3797138, 55.7089898], [37.3796748, 55.7089761], [37.3796468, 55.7089568], [37.3796312, 55.7089334], [37.3796296, 55.7089085], [37.3796421, 55.7088846], [37.3796675, 55.7088641], [37.379703, 55.7088493], [37.3797452, 55.7088416], [37.3797894, 55.7088418], [37.3798328, 55.7088504], [37.3798687, 55.7088666], [37.3798931, 55.7088886], [37.3799033, 55.7089139], [37.3798982, 55.7089396], [37.3798782, 55.708963]]]}}, {"type": "Feature", "id": "way/1274108367", "properties": {"@id": "way/1274108367", "building": "yes", "is_living": false}, "geometry": {"type": "Polygon", "coordinates": [[[37.3811115, 55.7119036], [37.3811599, 55.7117754], [37.3812594, 55.7117873], [37.3812282, 55.7118699], [37.381197, 55.7118662], [37.3811798, 55.7119118], [37.3811115, 55.7119036]]]}}, {"type": "Feature", "id": "way/1274108368", "properties": {"@id": "way/1274108368", "building": "yes", "is_living": false}, "geometry": {"type": "Polygon", "coordinates": [[[37.3814428, 55.7116869], [37.3812143, 55.7116593], [37.3812341, 55.7116072], [37.3814626, 55.7116348], [37.3814428, 55.7116869]]]}}, {"type": "Feature", "id": "way/1274108369", "properties": {"@id": "way/1274108369", "building": "yes", "is_living": false}, "geometry": {"type": "Polygon", "coordinates": [[[37.3814428, 55.7116869], [37.3814626, 55.7116348], [37.3816185, 55.7116537], [37.3815986, 55.7117057], [37.3814428, 55.7116869]]]}}, {"type": "Feature", "id": "way/1274855924", "properties": {"@id": "way/1274855924", "building": "service", "power": "substation", "ref": "310311", "substation": "minor_distribution", "is_living": false}, "geometry": {"type": "Polygon", "coordinates": [[[37.0936364, 55.6474385], [37.0936348, 55.6472791], [37.0938014, 55.6472786], [37.0938031, 55.6474379], [37.0936364, 55.6474385]]]}}, {"type": "Feature", "id": "way/1276090469", "properties": {"@id": "way/1276090469", "building": "service", "building:levels": "1", "contact:phone": "+78003506620", "location": "indoor", "operator": "ООО «Р-сеть»", "power": "substation", "ref": "ТП 302", "substation": "minor_distribution", "is_living": false}, "geometry": {"type": "Polygon", "coordinates": [[[37.3601675, 55.7015427], [37.3601689, 55.7014959], [37.3602455, 55.7014966], [37.3602441, 55.7015434], [37.3601675, 55.7015427]]]}}, {"type": "Feature", "id": "way/1277660123", "properties": {"@id": "way/1277660123", "addr:city": "Звенигород", "addr:housenumber": "17", "addr:postcode": "143180", "addr:street": "Московская улица", "building": "retail", "building:levels": "2", "is_living": false}, "geometry": {"type": "Polygon", "coordinates": [[[36.8558463, 55.730107], [36.8561501, 55.730067], [36.8562055, 55.7302014], [36.8559022, 55.730241], [36.8558463, 55.730107]]]}}, {"type": "Feature", "id": "way/1277799958", "properties": {"@id": "way/1277799958", "building": "service", "building:levels": "1", "location": "indoor", "power": "substation", "substation": "minor_distribution", "is_living": false}, "geometry": {"type": "Polygon", "coordinates": [[[37.3741847, 55.7169083], [37.3742219, 55.7168716], [37.374297, 55.7168958], [37.3742598, 55.7169325], [37.3741847, 55.7169083]]]}}, {"type": "Feature", "id": "way/1278551534", "properties": {"@id": "way/1278551534", "addr:housenumber": "77Б", "addr:postcode": "143055", "addr:unit": "2", "building": "commercial", "mobile": "+7 (926) 423-43-93", "name": "Концепт ПВХ", "office": "company", "opening_hours": "08:30-12:30,15:30-20:00", "phone": "+7 (909) 971-27-72", "website": "https://conceptpvc.ru/", "wheelchair": "no", "is_living": false}, "geometry": {"type": "Polygon", "coordinates": [[[36.8534089, 55.7693957], [36.8538144, 55.7694554], [36.8537811, 55.7695269], [36.8533756, 55.7694671], [36.8534089, 55.7693957]]]}}, {"type": "Feature", "id": "way/1279196799", "properties": {"@id": "way/1279196799", "building": "service", "building:levels": "1", "location": "indoor", "power": "substation", "substation": "minor_distribution", "is_living": false}, "geometry": {"type": "Polygon", "coordinates": [[[37.3715176, 55.718416], [37.3714664, 55.7183985], [37.3714893, 55.7183771], [37.3715406, 55.7183946], [37.3715176, 55.718416]]]}}, {"type": "Feature", "id": "way/1280374193", "properties": {"@id": "way/1280374193", "addr:housenumber": "4А", "addr:street": "5-й просек", "building": "house", "is_living": false}, "geometry": {"type": "Polygon", "coordinates": [[[37.3644156, 55.7189388], [37.3644177, 55.7189202], [37.3649083, 55.7189385], [37.3649061, 55.7189571], [37.3650012, 55.7189607], [37.3649906, 55.7190512], [37.3648955, 55.7190476], [37.3648933, 55.7190663], [37.3644027, 55.719048], [37.3644049, 55.7190293], [37.3641917, 55.7190213], [37.3641805, 55.7191165], [37.3641318, 55.7191147], [37.364123, 55.7191902], [37.3640342, 55.7191869], [37.3640317, 55.7192083], [37.3638322, 55.7192008], [37.3638347, 55.7191794], [37.3637381, 55.7191758], [37.3637469, 55.7191004], [37.3637, 55.7190986], [37.3637013, 55.7190875], [37.3636521, 55.7190856], [37.3636636, 55.718988], [37.3637128, 55.7189898], [37.3637143, 55.7189764], [37.3637613, 55.7189782], [37.3637688, 55.7189147], [37.3644156, 55.7189388]]]}}, {"type": "Feature", "id": "way/1280595010", "properties": {"@id": "way/1280595010", "building": "guardhouse", "is_living": false}, "geometry": {"type": "Polygon", "coordinates": [[[37.373942, 55.7235268], [37.373942, 55.723483], [37.3740111, 55.723483], [37.3740111, 55.7235268], [37.373942, 55.7235268]]]}}, {"type": "Feature", "id": "way/1280595016", "properties": {"@id": "way/1280595016", "building": "yes", "is_living": false}, "geometry": {"type": "Polygon", "coordinates": [[[37.3717613, 55.7262143], [37.3717793, 55.726055], [37.3721811, 55.7260694], [37.3721632, 55.7262286], [37.3720918, 55.7262261], [37.3717613, 55.7262143]]]}}, {"type": "Feature", "id": "way/1280595017", "properties": {"@id": "way/1280595017", "building": "yes", "is_living": false}, "geometry": {"type": "Polygon", "coordinates": [[[37.3715642, 55.7263911], [37.3715849, 55.726208], [37.3717613, 55.7262143], [37.3720918, 55.7262261], [37.3720711, 55.7264092], [37.3715642, 55.7263911]]]}}, {"type": "Feature", "id": "way/1280595019", "properties": {"@id": "way/1280595019", "building": "yes", "is_living": false}, "geometry": {"type": "Polygon", "coordinates": [[[37.3712128, 55.7275073], [37.3712645, 55.7273683], [37.3714107, 55.7273855], [37.371359, 55.7275245], [37.3712128, 55.7275073]]]}}, {"type": "Feature", "id": "way/1280595020", "properties": {"@id": "way/1280595020", "building": "yes", "is_living": false}, "geometry": {"type": "Polygon", "coordinates": [[[37.3715588, 55.7275028], [37.3716486, 55.727261], [37.3718807, 55.7272883], [37.3717909, 55.7275301], [37.3715588, 55.7275028]]]}}, {"type": "Feature", "id": "way/1280595021", "properties": {"@id": "way/1280595021", "building": "yes", "is_living": false}, "geometry": {"type": "Polygon", "coordinates": [[[37.3716232, 55.7265316], [37.3721308, 55.7265914], [37.3719266, 55.7271412], [37.3717565, 55.7271211], [37.3717273, 55.7271997], [37.3713899, 55.7271599], [37.3716232, 55.7265316]]]}}, {"type": "Feature", "id": "way/1280595031", "properties": {"@id": "way/1280595031", "building": "yes", "is_living": false}, "geometry": {"type": "Polygon", "coordinates": [[[37.3767275, 55.7252409], [37.3767476, 55.7251872], [37.3768232, 55.7251962], [37.3768031, 55.7252499], [37.3767275, 55.7252409]]]}}, {"type": "Feature", "id": "way/1280595038", "properties": {"@id": "way/1280595038", "addr:city": "Москва", "addr:postcode": "121596", "addr:street": "улица Горбунова", "addr:unit": "14", "building": "retail", "is_living": false}, "geometry": {"type": "Polygon", "coordinates": [[[37.3769943, 55.7242764], [37.3772045, 55.7238556], [37.3772813, 55.7238678], [37.3770712, 55.7242886], [37.3769943, 55.7242764]]]}}, {"type": "Feature", "id": "way/1280595039", "properties": {"@id": "way/1280595039", "building": "retail", "is_living": false}, "geometry": {"type": "Polygon", "coordinates": [[[37.377978, 55.7238024], [37.3779679, 55.7237555], [37.3780712, 55.7237484], [37.3781668, 55.7237896], [37.377978, 55.7238024]]]}}, {"type": "Feature", "id": "way/1280595040", "properties": {"@id": "way/1280595040", "building": "retail", "is_living": false}, "geometry": {"type": "Polygon", "coordinates": [[[37.3772357, 55.7238383], [37.3772296, 55.7238097], [37.3774147, 55.723797], [37.3774209, 55.7238257], [37.3772357, 55.7238383]]]}}, {"type": "Feature", "id": "way/1280595041", "properties": {"@id": "way/1280595041", "building": "retail", "is_living": false}, "geometry": {"type": "Polygon", "coordinates": [[[37.3774517, 55.7238421], [37.3774416, 55.7237954], [37.3779362, 55.7237616], [37.3779463, 55.7238083], [37.3774517, 55.7238421]]]}}, {"type": "Feature", "id": "way/1280595042", "properties": {"@id": "way/1280595042", "building": "house", "is_living": false}, "geometry": {"type": "Polygon", "coordinates": [[[37.3780417, 55.7239373], [37.3780334, 55.7238849], [37.3780032, 55.7238864], [37.3779914, 55.7238119], [37.3781918, 55.7238018], [37.3782119, 55.7239287], [37.3780417, 55.7239373]]]}}, {"type": "Feature", "id": "way/1280595088", "properties": {"@id": "way/1280595088", "building": "yes", "is_living": false}, "geometry": {"type": "Polygon", "coordinates": [[[37.3767033, 55.7229539], [37.376735, 55.7229519], [37.3767651, 55.7229579], [37.3767876, 55.7229706], [37.376798, 55.7229876], [37.3767944, 55.7230055], [37.3767773, 55.7230206], [37.3767503, 55.7230302], [37.3767185, 55.7230321], [37.3766885, 55.7230261], [37.376666, 55.7230134], [37.3766555, 55.7229964], [37.3766592, 55.7229786], [37.3766763, 55.7229634], [37.3767033, 55.7229539]]]}}, {"type": "Feature", "id": "way/1280595089", "properties": {"@id": "way/1280595089", "building": "yes", "is_living": false}, "geometry": {"type": "Polygon", "coordinates": [[[37.3768602, 55.722648], [37.3769461, 55.7225203], [37.3770976, 55.7225656], [37.3770279, 55.7226797], [37.3768602, 55.722648]]]}}, {"type": "Feature", "id": "way/1280701606", "properties": {"@id": "way/1280701606", "building": "service", "building:levels": "1", "location": "indoor", "power": "substation", "substation": "minor_distribution", "is_living": false}, "geometry": {"type": "Polygon", "coordinates": [[[37.3676448, 55.7236631], [37.3676461, 55.723635], [37.3677079, 55.7236359], [37.3677066, 55.723664], [37.3676448, 55.7236631]]]}}, {"type": "Feature", "id": "way/1280701635", "properties": {"@id": "way/1280701635", "addr:housenumber": "26А", "addr:street": "1-я Запрудная улица", "building": "retail", "building:levels": "2", "source:addr": "ЕГРН", "is_living": false}, "geometry": {"type": "Polygon", "coordinates": [[[37.36765, 55.723958], [37.3676599, 55.7237757], [37.3680424, 55.7237822], [37.3680415, 55.7237997], [37.3682975, 55.7238041], [37.3682886, 55.7239689], [37.36765, 55.723958]]]}}, {"type": "Feature", "id": "way/1280701669", "properties": {"@id": "way/1280701669", "building": "garage", "is_living": false}, "geometry": {"type": "Polygon", "coordinates": [[[37.3689504, 55.7235], [37.368953, 55.7234478], [37.3690054, 55.7234486], [37.3690027, 55.7235008], [37.3689504, 55.7235]]]}}, {"type": "Feature", "id": "way/1281162169", "properties": {"@id": "way/1281162169", "building": "retail", "building:levels": "1", "is_living": false}, "geometry": {"type": "Polygon", "coordinates": [[[37.3609353, 55.7233731], [37.3609386, 55.7232518], [37.3609876, 55.7232523], [37.3609842, 55.7233735], [37.3609353, 55.7233731]]]}}, {"type": "Feature", "id": "way/1281162195", "properties": {"@id": "way/1281162195", "building": "retail", "building:levels": "1", "is_living": false}, "geometry": {"type": "Polygon", "coordinates": [[[37.3608515, 55.7232356], [37.3608622, 55.7230468], [37.3609881, 55.723049], [37.3609774, 55.7232379], [37.3608515, 55.7232356]]]}}, {"type": "Feature", "id": "way/1281162199", "properties": {"@id": "way/1281162199", "building": "service", "is_living": false}, "geometry": {"type": "Polygon", "coordinates": [[[37.3623575, 55.7206766], [37.3623601, 55.7206125], [37.3625278, 55.7206146], [37.3625253, 55.7206787], [37.3623575, 55.7206766]]]}}, {"type": "Feature", "id": "way/1281162225", "properties": {"@id": "way/1281162225", "building": "guardhouse", "is_living": false}, "geometry": {"type": "Polygon", "coordinates": [[[37.3674061, 55.7250817], [37.3674091, 55.7250269], [37.3674568, 55.7250278], [37.3674538, 55.7250825], [37.3674061, 55.7250817]]]}}, {"type": "Feature", "id": "way/1281237861", "properties": {"@id": "way/1281237861", "building": "retail", "building:levels": "1", "is_living": false}, "geometry": {"type": "Polygon", "coordinates": [[[37.3536163, 55.723494], [37.3536288, 55.7234574], [37.3537502, 55.7234705], [37.3537377, 55.7235071], [37.3536163, 55.723494]]]}}, {"type": "Feature", "id": "way/1282329928", "properties": {"@id": "way/1282329928", "building": "service", "is_living": false}, "geometry": {"type": "Polygon", "coordinates": [[[37.1579236, 55.620857], [37.1580846, 55.6208588], [37.1580804, 55.6209789], [37.1581592, 55.6209798], [37.1581566, 55.6210555], [37.1579168, 55.6210529], [37.1579236, 55.620857]]]}}, {"type": "Feature", "id": "way/1282329931", "properties": {"@id": "way/1282329931", "building": "service", "is_living": false}, "geometry": {"type": "Polygon", "coordinates": [[[37.15828, 55.61935], [37.15836, 55.61935], [37.15836, 55.6194], [37.15828, 55.6194], [37.15828, 55.61935]]]}}, {"type": "Feature", "id": "way/1282488925", "properties": {"@id": "way/1282488925", "building": "yes", "is_living": false}, "geometry": {"type": "Polygon", "coordinates": [[[37.3699723, 55.7265459], [37.3700289, 55.7265387], [37.3700869, 55.72654], [37.3701424, 55.7265496], [37.3701915, 55.726567], [37.3702309, 55.726591], [37.370258, 55.7266199], [37.3702708, 55.7266518], [37.3702686, 55.7266845], [37.3702514, 55.7267157], [37.3702205, 55.7267434], [37.3701779, 55.7267656], [37.3701265, 55.7267808], [37.3700699, 55.726788], [37.3700119, 55.7267868], [37.3699565, 55.7267771], [37.3699074, 55.7267597], [37.369868, 55.7267357], [37.3698409, 55.7267068], [37.369828, 55.7266749], [37.3698303, 55.7266423], [37.3698474, 55.726611], [37.3698784, 55.7265834], [37.369921, 55.7265612], [37.3699723, 55.7265459]]]}}, {"type": "Feature", "id": "way/1282488927", "properties": {"@id": "way/1282488927", "building": "yes", "is_living": false}, "geometry": {"type": "Polygon", "coordinates": [[[37.3706431, 55.7270592], [37.3705509, 55.7270572], [37.3705576, 55.7269602], [37.3706498, 55.7269622], [37.3706431, 55.7270592]]]}}, {"type": "Feature", "id": "way/1282488928", "properties": {"@id": "way/1282488928", "building": "yes", "is_living": false}, "geometry": {"type": "Polygon", "coordinates": [[[37.3706431, 55.7270592], [37.3706498, 55.7269622], [37.3708601, 55.7268767], [37.3710628, 55.7269712], [37.3710561, 55.7270683], [37.3710033, 55.7270942], [37.3706921, 55.7270874], [37.3706431, 55.7270592]]]}}, {"type": "Feature", "id": "way/1282488929", "properties": {"@id": "way/1282488929", "building": "yes", "is_living": false}, "geometry": {"type": "Polygon", "coordinates": [[[37.3706415, 55.7266464], [37.370643, 55.7265954], [37.3712745, 55.7266011], [37.3712731, 55.7266521], [37.3706415, 55.7266464]]]}}, {"type": "Feature", "id": "way/1282488930", "properties": {"@id": "way/1282488930", "building": "yes", "is_living": false}, "geometry": {"type": "Polygon", "coordinates": [[[37.3709956, 55.7264953], [37.3710063, 55.7263911], [37.3712093, 55.7263977], [37.3711986, 55.726502], [37.3709956, 55.7264953]]]}}, {"type": "Feature", "id": "way/1282488931", "properties": {"@id": "way/1282488931", "building": "yes", "is_living": false}, "geometry": {"type": "Polygon", "coordinates": [[[37.3710331, 55.7262808], [37.3710353, 55.7262052], [37.3713706, 55.7262083], [37.3713644, 55.726424], [37.3712627, 55.7264231], [37.3712666, 55.7262829], [37.3710331, 55.7262808]]]}}, {"type": "Feature", "id": "way/1282488932", "properties": {"@id": "way/1282488932", "addr:housenumber": "36", "addr:street": "2-я Запрудная улица", "building": "yes", "is_living": false}, "geometry": {"type": "Polygon", "coordinates": [[[37.3707837, 55.7262083], [37.3707808, 55.7263151], [37.36937, 55.726303], [37.3693728, 55.7261963], [37.3707837, 55.7262083]]]}}, {"type": "Feature", "id": "way/1282488933", "properties": {"@id": "way/1282488933", "addr:housenumber": "46", "addr:street": "2-я Запрудная улица", "building": "yes", "is_living": false}, "geometry": {"type": "Polygon", "coordinates": [[[37.369346, 55.7263715], [37.3695806, 55.7263775], [37.3695296, 55.7270087], [37.370225, 55.7270265], [37.37022, 55.7270881], [37.3692901, 55.7270643], [37.3693345, 55.726514], [37.369346, 55.7263715]]]}}, {"type": "Feature", "id": "way/1282488936", "properties": {"@id": "way/1282488936", "building": "guardhouse", "is_living": false}, "geometry": {"type": "Polygon", "coordinates": [[[37.3720215, 55.7238946], [37.3720248, 55.7238497], [37.3721013, 55.7238515], [37.372098, 55.7238964], [37.3720215, 55.7238946]]]}}, {"type": "Feature", "id": "way/1283203585", "properties": {"@id": "way/1283203585", "building": "industrial", "is_living": false}, "geometry": {"type": "Polygon", "coordinates": [[[37.0060623, 55.6306307], [37.0060743, 55.6308934], [37.0055017, 55.6309017], [37.0054897, 55.630639], [37.0060623, 55.6306307]]]}}, {"type": "Feature", "id": "way/1283203586", "properties": {"@id": "way/1283203586", "building": "industrial", "is_living": false}, "geometry": {"type": "Polygon", "coordinates": [[[37.0066577, 55.6306277], [37.0066695, 55.6308851], [37.0063573, 55.6308896], [37.0063456, 55.6306322], [37.0066577, 55.6306277]]]}}, {"type": "Feature", "id": "way/1283203587", "properties": {"@id": "way/1283203587", "building": "industrial", "is_living": false}, "geometry": {"type": "Polygon", "coordinates": [[[37.0071003, 55.6305641], [37.0070832, 55.6301894], [37.0076582, 55.630181], [37.0076753, 55.6305557], [37.0071003, 55.6305641]]]}}, {"type": "Feature", "id": "way/1283298497", "properties": {"@id": "way/1283298497", "building": "retail", "building:levels": "1", "is_living": false}, "geometry": {"type": "Polygon", "coordinates": [[[37.369764, 55.7158952], [37.3697427, 55.7158456], [37.3698197, 55.7158351], [37.3698061, 55.7158033], [37.3699323, 55.7157862], [37.3699672, 55.7158676], [37.369764, 55.7158952]]]}}, {"type": "Feature", "id": "way/1283892220", "properties": {"@id": "way/1283892220", "building": "garages", "is_living": false}, "geometry": {"type": "Polygon", "coordinates": [[[37.3708293, 55.7037728], [37.3687962, 55.7032695], [37.3688369, 55.7032173], [37.37087, 55.7037205], [37.3708293, 55.7037728]]]}}, {"type": "Feature", "id": "way/1283892221", "properties": {"@id": "way/1283892221", "building": "garages", "is_living": false}, "geometry": {"type": "Polygon", "coordinates": [[[37.3689035, 55.7034705], [37.368946, 55.7034176], [37.370719, 55.703871], [37.3706764, 55.7039239], [37.3689035, 55.7034705]]]}}, {"type": "Feature", "id": "way/1283892222", "properties": {"@id": "way/1283892222", "building": "garages", "is_living": false}, "geometry": {"type": "Polygon", "coordinates": [[[37.3687372, 55.7035627], [37.3687817, 55.703506], [37.3706136, 55.7039624], [37.3704769, 55.7041118], [37.370413, 55.7040959], [37.3704889, 55.7039991], [37.3687372, 55.7035627]]]}}, {"type": "Feature", "id": "way/1283892223", "properties": {"@id": "way/1283892223", "building": "garages", "is_living": false}, "geometry": {"type": "Polygon", "coordinates": [[[37.3686607, 55.7037199], [37.3687009, 55.7036682], [37.3703451, 55.704074], [37.3703049, 55.7041257], [37.3686607, 55.7037199]]]}}, {"type": "Feature", "id": "way/1284436788", "properties": {"@id": "way/1284436788", "addr:housenumber": "1А", "addr:street": "улица Агрохимиков", "building": "kindergarten", "source:addr": "ЕГРН", "is_living": false}, "geometry": {"type": "Polygon", "coordinates": [[[37.3574236, 55.7032121], [37.3576851, 55.7032091], [37.358125, 55.7033923], [37.3580962, 55.7034115], [37.3581773, 55.7034488], [37.3582451, 55.7034495], [37.3582518, 55.7032217], [37.3585655, 55.7032246], [37.3585541, 55.7036131], [37.3580487, 55.7036084], [37.3578474, 55.7035207], [37.357842, 55.7035071], [37.3576348, 55.7034184], [37.3576342, 55.703404], [37.3574249, 55.7033201], [37.3574236, 55.7032121]]]}}, {"type": "Feature", "id": "way/1285206697", "properties": {"@id": "way/1285206697", "building": "industrial", "is_living": false}, "geometry": {"type": "Polygon", "coordinates": [[[37.3634103, 55.7655682], [37.3632148, 55.7655388], [37.363252, 55.7654606], [37.3633097, 55.7653834], [37.3633826, 55.7653893], [37.3634257, 55.7652989], [37.363531, 55.7653147], [37.3634103, 55.7655682]]]}}, {"type": "Feature", "id": "way/1285329145", "properties": {"@id": "way/1285329145", "addr:housenumber": "129", "addr:place": "СНТ «Сокол»", "building": "allotment_house", "is_living": false}, "geometry": {"type": "Polygon", "coordinates": [[[36.6265744, 55.585136], [36.6264445, 55.5850876], [36.6265327, 55.5850118], [36.6266627, 55.5850602], [36.6265744, 55.585136]]]}}, {"type": "Feature", "id": "way/1285348140", "properties": {"@id": "way/1285348140", "building": "guardhouse", "is_living": false}, "geometry": {"type": "Polygon", "coordinates": [[[37.3807772, 55.7067641], [37.380798, 55.7067082], [37.3808531, 55.7067147], [37.3808323, 55.7067706], [37.3807772, 55.7067641]]]}}, {"type": "Feature", "id": "way/1285348141", "properties": {"@id": "way/1285348141", "building": "guardhouse", "is_living": false}, "geometry": {"type": "Polygon", "coordinates": [[[37.3806548, 55.7072748], [37.3806755, 55.7072189], [37.3807306, 55.7072254], [37.3807099, 55.7072813], [37.3806548, 55.7072748]]]}}, {"type": "Feature", "id": "way/1285629744", "properties": {"@id": "way/1285629744", "building": "service", "building:levels": "1", "location": "indoor", "official_short_type": "КТП", "power": "substation", "ref": "23967", "substation": "minor_distribution", "is_living": false}, "geometry": {"type": "Polygon", "coordinates": [[[37.3836229, 55.7028874], [37.3835876, 55.7028713], [37.3836326, 55.7028399], [37.3836679, 55.702856], [37.3836229, 55.7028874]]]}}, {"type": "Feature", "id": "way/1285832606", "properties": {"@id": "way/1285832606", "addr:housenumber": "130", "addr:place": "Вырубово", "building": "hotel", "source:addr": "ЕГРН", "is_living": false}, "geometry": {"type": "Polygon", "coordinates": [[[37.3143709, 55.6742556], [37.3143364, 55.6740925], [37.3145311, 55.6740795], [37.3145435, 55.6741386], [37.314455, 55.6741445], [37.3144769, 55.6742485], [37.3143709, 55.6742556]]]}}, {"type": "Feature", "id": "way/1285836502", "properties": {"@id": "way/1285836502", "addr:housenumber": "90", "addr:place": "СНТ «Луч»", "building": "allotment_house", "note": "адрес из ЕГРН разобран вручную", "source:addr": "ЕГРН", "is_living": false}, "geometry": {"type": "Polygon", "coordinates": [[[36.5647406, 55.5639507], [36.5648561, 55.5639034], [36.5649922, 55.5640095], [36.5648767, 55.5640568], [36.5647406, 55.5639507]]]}}, {"type": "Feature", "id": "way/1285864775", "properties": {"@id": "way/1285864775", "building": "yes", "is_living": false}, "geometry": {"type": "Polygon", "coordinates": [[[36.6045687, 55.6002783], [36.6044829, 55.6002536], [36.6048025, 55.5998994], [36.6048719, 55.5999194], [36.6050877, 55.5996802], [36.6051869, 55.5997088], [36.6048074, 55.6001294], [36.6047245, 55.6001056], [36.6045687, 55.6002783]]]}}, {"type": "Feature", "id": "way/1285979360", "properties": {"@id": "way/1285979360", "building": "service", "building:levels": "1", "location": "indoor", "power": "substation", "substation": "minor_distribution", "is_living": false}, "geometry": {"type": "Polygon", "coordinates": [[[37.3287957, 55.6844601], [37.328757, 55.6844243], [37.3288784, 55.6843827], [37.3289171, 55.6844186], [37.3287957, 55.6844601]]]}}, {"type": "Feature", "id": "way/1286110023", "properties": {"@id": "way/1286110023", "building": "construction", "construction": "apartments", "is_living": false}, "geometry": {"type": "Polygon", "coordinates": [[[37.3158105, 55.6781894], [37.3158112, 55.6781571], [37.3156683, 55.6781561], [37.315669, 55.6781234], [37.3155608, 55.6781227], [37.3155589, 55.678206], [37.3154524, 55.6782052], [37.3154532, 55.6781708], [37.3153961, 55.6781704], [37.3153974, 55.6781103], [37.3154545, 55.6781107], [37.3154754, 55.6781109], [37.3154777, 55.6780063], [37.3155932, 55.6780071], [37.3155919, 55.6780676], [37.3157745, 55.6780689], [37.3157738, 55.6781004], [37.31584, 55.6781009], [37.3158396, 55.6781169], [37.3159204, 55.6781175], [37.3159191, 55.6781765], [37.3160264, 55.6781773], [37.3160257, 55.6782064], [37.316182, 55.6782075], [37.3161805, 55.6782715], [37.3159195, 55.6782697], [37.3159191, 55.6782836], [37.3158973, 55.6782834], [37.3158967, 55.6783125], [37.3158024, 55.6783119], [37.3158031, 55.6782828], [37.3157461, 55.6782824], [37.3157474, 55.6782237], [37.3158362, 55.6782243], [37.3158369, 55.6781895], [37.3158105, 55.6781894]]]}}, {"type": "Feature", "id": "way/1286110024", "properties": {"@id": "way/1286110024", "building": "construction", "construction": "apartments", "is_living": false}, "geometry": {"type": "Polygon", "coordinates": [[[37.3161297, 55.6781122], [37.3161317, 55.6780194], [37.316227, 55.6780201], [37.3162263, 55.6780535], [37.3164046, 55.6780548], [37.3164039, 55.6780865], [37.3164735, 55.678087], [37.3164731, 55.6781077], [37.3165873, 55.6781085], [37.3165845, 55.6782323], [37.3165099, 55.6782317], [37.316509, 55.678272], [37.3163827, 55.6782712], [37.3163841, 55.67821], [37.3164596, 55.6782105], [37.3164609, 55.67815], [37.3163006, 55.6781489], [37.3163014, 55.6781134], [37.3161297, 55.6781122]]]}}, {"type": "Feature", "id": "way/1286266592", "properties": {"@id": "way/1286266592", "building": "service", "building:levels": "1", "location": "indoor", "power": "substation", "substation": "minor_distribution", "is_living": false}, "geometry": {"type": "Polygon", "coordinates": [[[37.316295, 55.6821943], [37.3162985, 55.6821389], [37.3163833, 55.6821406], [37.3163797, 55.682196], [37.316295, 55.6821943]]]}}, {"type": "Feature", "id": "way/1286801940", "properties": {"@id": "way/1286801940", "addr:housenumber": "208", "addr:place": "СНТ «Заря»", "building": "allotment_house", "note": "адрес из ЕГРН разобран вручную", "source:addr": "ЕГРН", "is_living": false}, "geometry": {"type": "Polygon", "coordinates": [[[36.5143273, 55.5491882], [36.5143192, 55.5491041], [36.5144398, 55.5491003], [36.5144479, 55.5491844], [36.5143273, 55.5491882]]]}}, {"type": "Feature", "id": "way/1287414692", "properties": {"@id": "way/1287414692", "addr:housenumber": "111", "addr:place": "Вырубово", "building": "hotel", "source:addr": "ЕГРН", "is_living": false}, "geometry": {"type": "Polygon", "coordinates": [[[37.314972, 55.6756908], [37.3149018, 55.6755734], [37.3149913, 55.6755564], [37.3152024, 55.6755162], [37.3152726, 55.6756336], [37.314972, 55.6756908]]]}}, {"type": "Feature", "id": "way/1287414775", "properties": {"@id": "way/1287414775", "building": "service", "building:levels": "1", "location": "indoor", "power": "substation", "substation": "minor_distribution", "is_living": false}, "geometry": {"type": "Polygon", "coordinates": [[[37.3085108, 55.6810597], [37.3085484, 55.6810091], [37.3087214, 55.68105], [37.3086838, 55.6811005], [37.3085108, 55.6810597]]]}}, {"type": "Feature", "id": "way/1287806617", "properties": {"@id": "way/1287806617", "building": "garage", "is_living": false}, "geometry": {"type": "Polygon", "coordinates": [[[37.3132342, 55.6732323], [37.3132165, 55.6731678], [37.31343, 55.6731492], [37.3134478, 55.6732137], [37.3132342, 55.6732323]]]}}, {"type": "Feature", "id": "way/1287806646", "properties": {"@id": "way/1287806646", "building": "retail", "is_living": false}, "geometry": {"type": "Polygon", "coordinates": [[[37.311244, 55.6715595], [37.3109812, 55.6713121], [37.3112917, 55.6712072], [37.3115545, 55.6714545], [37.311244, 55.6715595]]]}}, {"type": "Feature", "id": "way/1289147912", "properties": {"@id": "way/1289147912", "addr:housenumber": "22А", "addr:place": "Вырубово", "building": "public", "source:addr": "ЕГРН", "is_living": false}, "geometry": {"type": "Polygon", "coordinates": [[[37.3155985, 55.6731669], [37.3155848, 55.6730944], [37.3156199, 55.6730923], [37.3156149, 55.673066], [37.3157056, 55.6730606], [37.3157106, 55.6730869], [37.3158529, 55.6730783], [37.3158666, 55.6731509], [37.3155985, 55.6731669]]]}}, {"type": "Feature", "id": "way/1289147942", "properties": {"@id": "way/1289147942", "building": "industrial", "is_living": false}, "geometry": {"type": "Polygon", "coordinates": [[[37.3098987, 55.6754018], [37.3099874, 55.6753966], [37.3100178, 55.6755618], [37.3099292, 55.675567], [37.3099255, 55.6755472], [37.3098987, 55.6754018]]]}}, {"type": "Feature", "id": "way/1289147943", "properties": {"@id": "way/1289147943", "building": "industrial", "is_living": false}, "geometry": {"type": "Polygon", "coordinates": [[[37.3096708, 55.6752394], [37.30966, 55.6751807], [37.3099512, 55.6751636], [37.309962, 55.6752223], [37.3098667, 55.6752279], [37.3096708, 55.6752394]]]}}, {"type": "Feature", "id": "way/1289147944", "properties": {"@id": "way/1289147944", "building": "industrial", "is_living": false}, "geometry": {"type": "Polygon", "coordinates": [[[37.3098667, 55.6752279], [37.309962, 55.6752223], [37.3101057, 55.6752139], [37.3101377, 55.6753878], [37.3099874, 55.6753966], [37.3098987, 55.6754018], [37.3098667, 55.6752279]]]}}, {"type": "Feature", "id": "way/1289744400", "properties": {"@id": "way/1289744400", "building": "yes", "is_living": false}, "geometry": {"type": "Polygon", "coordinates": [[[37.3173273, 55.6690734], [37.3175184, 55.6694754], [37.3173071, 55.6695074], [37.317116, 55.6691054], [37.3173273, 55.6690734]]]}}, {"type": "Feature", "id": "way/1289744401", "properties": {"@id": "way/1289744401", "building": "yes", "is_living": false}, "geometry": {"type": "Polygon", "coordinates": [[[37.3175149, 55.6700408], [37.3172644, 55.6695138], [37.3173071, 55.6695074], [37.3175184, 55.6694754], [37.3176084, 55.6694618], [37.3179081, 55.6700921], [37.3177428, 55.6701171], [37.3176937, 55.6700137], [37.3175149, 55.6700408]]]}}, {"type": "Feature", "id": "way/1289744415", "properties": {"@id": "way/1289744415", "building": "yes", "is_living": false}, "geometry": {"type": "Polygon", "coordinates": [[[37.3125154, 55.6674662], [37.3124295, 55.6672816], [37.3125169, 55.6672687], [37.3126028, 55.6674532], [37.3125154, 55.6674662]]]}}, {"type": "Feature", "id": "way/1289744419", "properties": {"@id": "way/1289744419", "building": "yes", "is_living": false}, "geometry": {"type": "Polygon", "coordinates": [[[37.3118837, 55.6671893], [37.3118448, 55.6671318], [37.3119183, 55.667116], [37.3119572, 55.6671735], [37.3118837, 55.6671893]]]}}, {"type": "Feature", "id": "way/1289744427", "properties": {"@id": "way/1289744427", "building": "yes", "is_living": false}, "geometry": {"type": "Polygon", "coordinates": [[[37.3116598, 55.6684468], [37.3116098, 55.6684109], [37.3117285, 55.6683584], [37.3117784, 55.6683942], [37.3116598, 55.6684468]]]}}, {"type": "Feature", "id": "way/1289744432", "properties": {"@id": "way/1289744432", "building": "yes", "is_living": false}, "geometry": {"type": "Polygon", "coordinates": [[[37.3132127, 55.6655593], [37.3131744, 55.6654781], [37.3132583, 55.6654655], [37.3132966, 55.6655467], [37.3132127, 55.6655593]]]}}, {"type": "Feature", "id": "way/1289744433", "properties": {"@id": "way/1289744433", "building": "yes", "is_living": false}, "geometry": {"type": "Polygon", "coordinates": [[[37.3130196, 55.6654973], [37.3129712, 55.6653945], [37.3131028, 55.6653747], [37.3131513, 55.6654775], [37.3130196, 55.6654973]]]}}, {"type": "Feature", "id": "way/1289744434", "properties": {"@id": "way/1289744434", "building": "yes", "is_living": false}, "geometry": {"type": "Polygon", "coordinates": [[[37.3144584, 55.665316], [37.3143869, 55.6651644], [37.314495, 55.6651482], [37.3144278, 55.6650057], [37.3145617, 55.6649856], [37.3147004, 55.6652797], [37.3144584, 55.665316]]]}}, {"type": "Feature", "id": "way/1289744436", "properties": {"@id": "way/1289744436", "building": "yes", "is_living": false}, "geometry": {"type": "Polygon", "coordinates": [[[37.3172572, 55.6667136], [37.3172122, 55.6666207], [37.3171641, 55.6665216], [37.3174399, 55.6664791], [37.317533, 55.6666711], [37.3172572, 55.6667136]]]}}, {"type": "Feature", "id": "way/1289744437", "properties": {"@id": "way/1289744437", "building": "yes", "plant:method": "combustion", "plant:output:hot_water": "yes", "plant:source": "gas", "power": "plant", "is_living": false}, "geometry": {"type": "Polygon", "coordinates": [[[37.3171583, 55.6663989], [37.3170323, 55.6661319], [37.317279, 55.6660948], [37.317405, 55.6663619], [37.3171583, 55.6663989]]]}}, {"type": "Feature", "id": "way/1289744438", "properties": {"@id": "way/1289744438", "building": "yes", "is_living": false}, "geometry": {"type": "Polygon", "coordinates": [[[37.316249, 55.6663233], [37.3162077, 55.6662357], [37.3163402, 55.6662159], [37.3163815, 55.6663034], [37.316249, 55.6663233]]]}}, {"type": "Feature", "id": "way/1289744439", "properties": {"@id": "way/1289744439", "building": "yes", "is_living": false}, "geometry": {"type": "Polygon", "coordinates": [[[37.3159057, 55.6670312], [37.3158653, 55.6669457], [37.3159808, 55.6669284], [37.3160211, 55.6670139], [37.3159057, 55.6670312]]]}}, {"type": "Feature", "id": "way/1289744440", "properties": {"@id": "way/1289744440", "building": "yes", "is_living": false}, "geometry": {"type": "Polygon", "coordinates": [[[37.315844, 55.6668724], [37.3157929, 55.6667641], [37.3158976, 55.6667484], [37.3159487, 55.6668567], [37.315844, 55.6668724]]]}}, {"type": "Feature", "id": "way/1289744444", "properties": {"@id": "way/1289744444", "building": "yes", "is_living": false}, "geometry": {"type": "Polygon", "coordinates": [[[37.3157233, 55.6649451], [37.3156718, 55.6648478], [37.3158306, 55.664821], [37.3158821, 55.6649183], [37.3157233, 55.6649451]]]}}, {"type": "Feature", "id": "way/1290100567", "properties": {"@id": "way/1290100567", "building": "guardhouse", "is_living": false}, "geometry": {"type": "Polygon", "coordinates": [[[37.3290284, 55.6708913], [37.3289707, 55.6708228], [37.3290579, 55.6707994], [37.3291156, 55.6708679], [37.3290284, 55.6708913]]]}}, {"type": "Feature", "id": "way/1290100568", "properties": {"@id": "way/1290100568", "building": "service", "building:levels": "1", "location": "indoor", "power": "substation", "substation": "minor_distribution", "is_living": false}, "geometry": {"type": "Polygon", "coordinates": [[[37.3306981, 55.6682301], [37.3306749, 55.6681897], [37.3307477, 55.6681764], [37.3307709, 55.6682168], [37.3306981, 55.6682301]]]}}, {"type": "Feature", "id": "way/1290100576", "properties": {"@id": "way/1290100576", "amenity": "place_of_worship", "building": "church", "denomination": "russian_orthodox", "religion": "christian", "is_living": false}, "geometry": {"type": "Polygon", "coordinates": [[[37.3331821, 55.6697592], [37.3331819, 55.6697696], [37.3330886, 55.6697691], [37.3330884, 55.6697849], [37.3329006, 55.6697839], [37.3329024, 55.6696803], [37.3330902, 55.6696813], [37.3330899, 55.669698], [37.3331831, 55.6696985], [37.333183, 55.6697081], [37.3332361, 55.6697084], [37.3332352, 55.6697595], [37.3331821, 55.6697592]]]}}, {"type": "Feature", "id": "way/1292688965", "properties": {"@id": "way/1292688965", "addr:city": "Гигирево", "addr:housenumber": "кК", "addr:place": "ОК «Жемчужина»", "building": "retail", "building:levels": "2", "is_living": false}, "geometry": {"type": "Polygon", "coordinates": [[[36.6893318, 55.6897544], [36.6892809, 55.6894926], [36.6893509, 55.6894883], [36.6893412, 55.6894384], [36.6893731, 55.6894161], [36.6894835, 55.6894093], [36.6895098, 55.6895441], [36.6894154, 55.6895499], [36.6894537, 55.6897468], [36.6893318, 55.6897544]]]}}, {"type": "Feature", "id": "way/1292729183", "properties": {"@id": "way/1292729183", "building": "guardhouse", "is_living": false}, "geometry": {"type": "Polygon", "coordinates": [[[37.3543917, 55.7033513], [37.3544335, 55.7033277], [37.3544884, 55.7033585], [37.3544466, 55.7033822], [37.3543917, 55.7033513]]]}}, {"type": "Feature", "id": "way/1293279877", "properties": {"@id": "way/1293279877", "building": "service", "building:levels": "1", "location": "indoor", "power": "substation", "substation": "minor_distribution", "is_living": false}, "geometry": {"type": "Polygon", "coordinates": [[[37.3120607, 55.6848469], [37.3119615, 55.6848249], [37.3119958, 55.6847756], [37.312095, 55.6847975], [37.3120607, 55.6848469]]]}}, {"type": "Feature", "id": "way/1293450820", "properties": {"@id": "way/1293450820", "addr:city": "Сивково", "addr:housenumber": "9", "addr:street": "Главная улица", "building": "retail", "building:levels": "2", "is_living": false}, "geometry": {"type": "Polygon", "coordinates": [[[36.8853836, 55.5797927], [36.8854834, 55.5796483], [36.8857069, 55.5796978], [36.8856071, 55.5798421], [36.8853836, 55.5797927]]]}}, {"type": "Feature", "id": "way/1293450821", "properties": {"@id": "way/1293450821", "addr:city": "Сивково", "addr:housenumber": "10", "addr:street": "Главная улица", "building": "retail", "is_living": false}, "geometry": {"type": "Polygon", "coordinates": [[[36.8852877, 55.5800709], [36.8854232, 55.5798635], [36.885981, 55.5799799], [36.8858455, 55.5801873], [36.8852877, 55.5800709]]]}}, {"type": "Feature", "id": "way/1293472846", "properties": {"@id": "way/1293472846", "amenity": "fast_food", "building": "retail", "building:levels": "1", "cuisine": "coffee_shop", "name": "Будильник", "takeaway": "yes", "is_living": false}, "geometry": {"type": "Polygon", "coordinates": [[[37.3105433, 55.686873], [37.3105634, 55.6868356], [37.3106519, 55.6868507], [37.3106318, 55.6868881], [37.3105433, 55.686873]]]}}, {"type": "Feature", "id": "way/1294645225", "properties": {"@id": "way/1294645225", "addr:housenumber": "2 с1", "addr:street": "Утренняя улица", "building": "dormitory", "is_living": false}, "geometry": {"type": "Polygon", "coordinates": [[[37.3164091, 55.7585828], [37.3162759, 55.7583334], [37.3166858, 55.7582641], [37.316819, 55.7585135], [37.3164091, 55.7585828]]]}}, {"type": "Feature", "id": "way/1294918905", "properties": {"@id": "way/1294918905", "amenity": "place_of_worship", "building": "chapel", "building:levels": "1", "denomination": "russian_orthodox", "name": "Часовня Пантелеимона Целителя", "name:ru": "Часовня Пантелеимона Целителя", "ref:sobory.ru": "27893", "religion": "christian", "is_living": false}, "geometry": {"type": "Polygon", "coordinates": [[[37.05308, 55.69842], [37.05315, 55.69842], [37.05315, 55.69846], [37.05308, 55.69846], [37.05308, 55.69842]]]}}, {"type": "Feature", "id": "way/1295010010", "properties": {"@id": "way/1295010010", "addr:housenumber": "5", "addr:street": "Московская улица", "building": "retail", "building:levels": "1", "source:addr": "ЕГРН", "is_living": false}, "geometry": {"type": "Polygon", "coordinates": [[[36.8520122, 55.7309293], [36.8519387, 55.7309399], [36.8517953, 55.7306248], [36.8518688, 55.7306142], [36.8520122, 55.7309293]]]}}, {"type": "Feature", "id": "way/1295010097", "properties": {"@id": "way/1295010097", "building": "garages", "is_living": false}, "geometry": {"type": "Polygon", "coordinates": [[[36.806628, 55.7377105], [36.8065173, 55.7377288], [36.8063953, 55.7374955], [36.8065059, 55.7374772], [36.806628, 55.7377105]]]}}, {"type": "Feature", "id": "way/1295044765", "properties": {"@id": "way/1295044765", "building": "shed", "is_living": false}, "geometry": {"type": "Polygon", "coordinates": [[[36.8066145, 55.7380615], [36.8065737, 55.7379783], [36.8066843, 55.7379611], [36.8067251, 55.7380444], [36.8066145, 55.7380615]]]}}, {"type": "Feature", "id": "way/1295044766", "properties": {"@id": "way/1295044766", "building": "shed", "is_living": false}, "geometry": {"type": "Polygon", "coordinates": [[[36.8065532, 55.7381789], [36.8066019, 55.7381713], [36.8066397, 55.7381654], [36.8067604, 55.7384116], [36.806674, 55.738425], [36.8065532, 55.7381789]]]}}, {"type": "Feature", "id": "way/1295044767", "properties": {"@id": "way/1295044767", "building": "shed", "is_living": false}, "geometry": {"type": "Polygon", "coordinates": [[[36.8065653, 55.7380967], [36.8066019, 55.7381713], [36.8065532, 55.7381789], [36.8065155, 55.7381847], [36.8064789, 55.7381101], [36.8065653, 55.7380967]]]}}, {"type": "Feature", "id": "way/1295044768", "properties": {"@id": "way/1295044768", "building": "shed", "is_living": false}, "geometry": {"type": "Polygon", "coordinates": [[[36.8065488, 55.7380434], [36.8065725, 55.7380758], [36.8065041, 55.7380916], [36.8064804, 55.7380593], [36.8065488, 55.7380434]]]}}, {"type": "Feature", "id": "way/1295044769", "properties": {"@id": "way/1295044769", "building": "shed", "is_living": false}, "geometry": {"type": "Polygon", "coordinates": [[[36.8065059, 55.7379823], [36.8065354, 55.7380321], [36.806463, 55.7380457], [36.8064335, 55.7379959], [36.8065059, 55.7379823]]]}}, {"type": "Feature", "id": "way/1295044770", "properties": {"@id": "way/1295044770", "building": "shed", "is_living": false}, "geometry": {"type": "Polygon", "coordinates": [[[36.8064415, 55.7379053], [36.8064818, 55.737977], [36.8063952, 55.7379924], [36.806355, 55.7379207], [36.8064415, 55.7379053]]]}}, {"type": "Feature", "id": "way/1295044771", "properties": {"@id": "way/1295044771", "building": "industrial", "building:levels": "1", "description": "Котельная", "plant:output:hot_water": "yes", "power": "plant", "is_living": false}, "geometry": {"type": "Polygon", "coordinates": [[[36.8058937, 55.738122], [36.8058816, 55.7380893], [36.8059714, 55.7380787], [36.8059836, 55.7381114], [36.8058937, 55.738122]]]}}, {"type": "Feature", "id": "way/1295044778", "properties": {"@id": "way/1295044778", "building": "retail", "opening_hours": "Tu-Su 10:00-19:00", "phone": "+7 965 4120479", "seasonal": "summer", "shop": "convenience", "is_living": false}, "geometry": {"type": "Polygon", "coordinates": [[[36.8055578, 55.7380125], [36.8055864, 55.7380728], [36.8054161, 55.7380984], [36.8053874, 55.7380381], [36.8055578, 55.7380125]]]}}, {"type": "Feature", "id": "way/1296569478", "properties": {"@id": "way/1296569478", "addr:housenumber": "54", "addr:place": "СНТ «Астра»", "building": "allotment_house", "note": "адрес из ЕГРН разобран вручную", "source:addr": "ЕГРН", "is_living": false}, "geometry": {"type": "Polygon", "coordinates": [[[36.4916173, 55.5707587], [36.4916532, 55.5706573], [36.4917849, 55.5706722], [36.491749, 55.5707736], [36.4916173, 55.5707587]]]}}, {"type": "Feature", "id": "way/1296702832", "properties": {"@id": "way/1296702832", "addr:housenumber": "158", "addr:place": "СНТ «Урожай»", "building": "allotment_house", "note": "адрес из ЕГРН разобран вручную", "source:addr": "ЕГРН", "is_living": false}, "geometry": {"type": "Polygon", "coordinates": [[[36.4117299, 55.5533135], [36.4116492, 55.5532368], [36.411821, 55.553179], [36.4119018, 55.5532556], [36.4117299, 55.5533135]]]}}, {"type": "Feature", "id": "way/1298028469", "properties": {"@id": "way/1298028469", "addr:housenumber": "15Б", "addr:place": "СНТ «Мичуринец»", "building": "allotment_house", "note": "адрес из ЕГРН разобран вручную", "source:addr": "ЕГРН", "is_living": false}, "geometry": {"type": "Polygon", "coordinates": [[[36.5959131, 55.5633224], [36.5957695, 55.5633108], [36.5957857, 55.5632467], [36.5959293, 55.5632584], [36.5959131, 55.5633224]]]}}, {"type": "Feature", "id": "way/1298950027", "properties": {"@id": "way/1298950027", "addr:housenumber": "87", "addr:place": "ДПК «Коммунар»", "building": "allotment_house", "note": "адрес из ЕГРН разобран вручную", "source:addr": "ЕГРН", "is_living": false}, "geometry": {"type": "Polygon", "coordinates": [[[36.5968248, 55.5660291], [36.5966925, 55.565985], [36.5967922, 55.5658893], [36.5969245, 55.5659333], [36.5968248, 55.5660291]]]}}, {"type": "Feature", "id": "way/1299129034", "properties": {"@id": "way/1299129034", "building": "yes", "is_living": false}, "geometry": {"type": "Polygon", "coordinates": [[[37.3048268, 55.6764199], [37.3047819, 55.6762416], [37.3049355, 55.6762293], [37.3049804, 55.6764076], [37.3048268, 55.6764199]]]}}, {"type": "Feature", "id": "way/1299129035", "properties": {"@id": "way/1299129035", "building": "yes", "is_living": false}, "geometry": {"type": "Polygon", "coordinates": [[[37.3047343, 55.676159], [37.3046873, 55.675973], [37.3048368, 55.675961], [37.3048837, 55.676147], [37.3047343, 55.676159]]]}}, {"type": "Feature", "id": "way/1299129038", "properties": {"@id": "way/1299129038", "building": "yes", "is_living": false}, "geometry": {"type": "Polygon", "coordinates": [[[37.3040681, 55.675959], [37.3041665, 55.6758678], [37.3042717, 55.6759039], [37.3041732, 55.6759951], [37.3040681, 55.675959]]]}}, {"type": "Feature", "id": "way/1299354695", "properties": {"@id": "way/1299354695", "addr:housenumber": "40", "addr:place": "СНТ «Надежда»", "building": "allotment_house", "building:levels": "3", "building:underground:levels": "1", "fixme": "resurvey building:levels", "note": "адрес из ЕГРН разобран вручную", "source:addr": "ЕГРН", "start_date": "2017", "is_living": false}, "geometry": {"type": "Polygon", "coordinates": [[[36.5446079, 55.6000486], [36.5445372, 55.5999893], [36.5446607, 55.5999423], [36.5447314, 55.6000016], [36.5446079, 55.6000486]]]}}, {"type": "Feature", "id": "way/1299608791", "properties": {"@id": "way/1299608791", "building": "service", "building:levels": "1", "location": "indoor", "operator": "ТП 305", "power": "substation", "substation": "minor_distribution", "is_living": false}, "geometry": {"type": "Polygon", "coordinates": [[[37.3596264, 55.7018078], [37.359627, 55.7017596], [37.3597085, 55.7017599], [37.3597079, 55.7018081], [37.3596264, 55.7018078]]]}}, {"type": "Feature", "id": "way/1299995215", "properties": {"@id": "way/1299995215", "addr:housenumber": "190", "addr:place": "ПСК «Руза-1»", "building": "allotment_house", "is_living": false}, "geometry": {"type": "Polygon", "coordinates": [[[36.4325115, 55.565739], [36.4325382, 55.5656088], [36.4326593, 55.5656168], [36.4326326, 55.565747], [36.4325115, 55.565739]]]}}, {"type": "Feature", "id": "way/1300098316", "properties": {"@id": "way/1300098316", "building": "retail", "building:levels": "1", "roof:shape": "flat", "is_living": false}, "geometry": {"type": "Polygon", "coordinates": [[[36.860012, 55.7287844], [36.8599623, 55.7286711], [36.86003, 55.7286617], [36.8600796, 55.728775], [36.860012, 55.7287844]]]}}, {"type": "Feature", "id": "way/1306030849", "properties": {"@id": "way/1306030849", "building": "construction", "is_living": false}, "geometry": {"type": "Polygon", "coordinates": [[[37.3016578, 55.6734736], [37.3011538, 55.6730445], [37.3023929, 55.6725816], [37.302897, 55.6730108], [37.3016578, 55.6734736]]]}}, {"type": "Feature", "id": "way/1306030855", "properties": {"@id": "way/1306030855", "building": "yes", "is_living": false}, "geometry": {"type": "Polygon", "coordinates": [[[37.3051178, 55.672644], [37.3051769, 55.6725608], [37.3052765, 55.6725833], [37.3052175, 55.6726665], [37.3051178, 55.672644]]]}}, {"type": "Feature", "id": "way/1306030859", "properties": {"@id": "way/1306030859", "building": "yes", "is_living": false}, "geometry": {"type": "Polygon", "coordinates": [[[37.305598, 55.6733261], [37.3055202, 55.6732792], [37.3055798, 55.6732478], [37.3056576, 55.6732947], [37.305598, 55.6733261]]]}}, {"type": "Feature", "id": "way/1306030869", "properties": {"@id": "way/1306030869", "building": "yes", "is_living": false}, "geometry": {"type": "Polygon", "coordinates": [[[37.3051434, 55.6731464], [37.3050037, 55.6730638], [37.3051675, 55.6729756], [37.305272, 55.6729611], [37.305344, 55.6730037], [37.3053073, 55.6730582], [37.3051434, 55.6731464]]]}}, {"type": "Feature", "id": "way/1306030880", "properties": {"@id": "way/1306030880", "building": "yes", "is_living": false}, "geometry": {"type": "Polygon", "coordinates": [[[37.3066936, 55.6724254], [37.3065864, 55.6723294], [37.3066962, 55.6722903], [37.3068035, 55.6723864], [37.3066936, 55.6724254]]]}}, {"type": "Feature", "id": "way/1306187248", "properties": {"@id": "way/1306187248", "building": "service", "building:levels": "1", "location": "indoor", "power": "substation", "substation": "minor_distribution", "is_living": false}, "geometry": {"type": "Polygon", "coordinates": [[[37.3010778, 55.6722594], [37.3010542, 55.6722381], [37.3010951, 55.6722237], [37.3011187, 55.672245], [37.3010778, 55.6722594]]]}}, {"type": "Feature", "id": "way/1306372468", "properties": {"@id": "way/1306372468", "building": "industrial", "is_living": false}, "geometry": {"type": "Polygon", "coordinates": [[[37.2841808, 55.6602231], [37.2838986, 55.660054], [37.2848514, 55.6595479], [37.2851337, 55.659717], [37.2841808, 55.6602231]]]}}, {"type": "Feature", "id": "way/1306372469", "properties": {"@id": "way/1306372469", "building": "industrial", "is_living": false}, "geometry": {"type": "Polygon", "coordinates": [[[37.2854075, 55.659226], [37.2857186, 55.659398], [37.2852711, 55.6596555], [37.28496, 55.6594834], [37.2854075, 55.659226]]]}}, {"type": "Feature", "id": "way/1306372477", "properties": {"@id": "way/1306372477", "building": "retail", "is_living": false}, "geometry": {"type": "Polygon", "coordinates": [[[37.2841967, 55.6556916], [37.2842373, 55.65562], [37.2845259, 55.655672], [37.2844853, 55.6557437], [37.2841967, 55.6556916]]]}}, {"type": "Feature", "id": "way/1306372478", "properties": {"@id": "way/1306372478", "building": "retail", "is_living": false}, "geometry": {"type": "Polygon", "coordinates": [[[37.284228, 55.6555641], [37.2843045, 55.655429], [37.2845641, 55.6554759], [37.2844876, 55.6556109], [37.284228, 55.6555641]]]}}, {"type": "Feature", "id": "way/1306372479", "properties": {"@id": "way/1306372479", "building": "retail", "is_living": false}, "geometry": {"type": "Polygon", "coordinates": [[[37.2846865, 55.655669], [37.2847216, 55.6555984], [37.2849598, 55.6556362], [37.2849247, 55.6557067], [37.2846865, 55.655669]]]}}, {"type": "Feature", "id": "way/1306372480", "properties": {"@id": "way/1306372480", "building": "retail", "is_living": false}, "geometry": {"type": "Polygon", "coordinates": [[[37.285278, 55.6558924], [37.2853984, 55.6556886], [37.2855678, 55.6557205], [37.2854474, 55.6559243], [37.285278, 55.6558924]]]}}, {"type": "Feature", "id": "way/1306372551", "properties": {"@id": "way/1306372551", "addr:housenumber": "13", "addr:street": "Сосновая улица", "building": "construction", "construction": "apartments", "is_living": false}, "geometry": {"type": "Polygon", "coordinates": [[[37.2896039, 55.6607512], [37.2883755, 55.6612959], [37.2880375, 55.6612203], [37.2881139, 55.6611117], [37.2883536, 55.6611653], [37.2893869, 55.6607072], [37.2893542, 55.6605272], [37.289561, 55.6605152], [37.2896039, 55.6607512]]]}}, {"type": "Feature", "id": "way/1306600503", "properties": {"@id": "way/1306600503", "building": "retail", "is_living": false}, "geometry": {"type": "Polygon", "coordinates": [[[37.1830887, 55.661521], [37.1830308, 55.6615008], [37.1830711, 55.6614641], [37.183129, 55.6614843], [37.1830887, 55.661521]]]}}, {"type": "Feature", "id": "way/1306600683", "properties": {"@id": "way/1306600683", "building": "retail", "is_living": false}, "geometry": {"type": "Polygon", "coordinates": [[[37.184853, 55.6605296], [37.1846665, 55.6604615], [37.1847395, 55.660398], [37.1849259, 55.660466], [37.184853, 55.6605296]]]}}, {"type": "Feature", "id": "way/1307126578", "properties": {"@id": "way/1307126578", "amenity": "cafe", "building": "retail", "building:levels": "1", "name": "Малевич", "is_living": false}, "geometry": {"type": "Polygon", "coordinates": [[[37.2989474, 55.7380993], [37.298929, 55.7380282], [37.2992133, 55.7380048], [37.2992317, 55.7380759], [37.2989474, 55.7380993]]]}}, {"type": "Feature", "id": "way/1307126579", "properties": {"@id": "way/1307126579", "amenity": "cafe", "building": "retail", "building:levels": "1", "name": "Спортсмены", "is_living": false}, "geometry": {"type": "Polygon", "coordinates": [[[37.2992545, 55.7377203], [37.2993263, 55.7376729], [37.2995825, 55.737796], [37.2995107, 55.7378434], [37.2992545, 55.7377203]]]}}, {"type": "Feature", "id": "way/1307721962", "properties": {"@id": "way/1307721962", "building": "house", "is_living": false}, "geometry": {"type": "Polygon", "coordinates": [[[37.1747491, 55.6465687], [37.1746776, 55.6464334], [37.1749807, 55.6463825], [37.1750041, 55.6464268], [37.175106, 55.6464096], [37.1751317, 55.6464582], [37.1752247, 55.6464426], [37.1753441, 55.6466687], [37.1751953, 55.6466938], [37.1750982, 55.64651], [37.1747491, 55.6465687]]]}}, {"type": "Feature", "id": "way/1307721963", "properties": {"@id": "way/1307721963", "building": "house", "is_living": false}, "geometry": {"type": "Polygon", "coordinates": [[[37.1729144, 55.6455622], [37.1726623, 55.645373], [37.1727995, 55.6453148], [37.1728522, 55.6453543], [37.1729871, 55.645297], [37.1731177, 55.645395], [37.1729828, 55.6454523], [37.1730853, 55.6455292], [37.1729948, 55.6455676], [37.1729612, 55.6455424], [37.1729144, 55.6455622]]]}}, {"type": "Feature", "id": "way/1307721964", "properties": {"@id": "way/1307721964", "building": "house", "is_living": false}, "geometry": {"type": "Polygon", "coordinates": [[[37.1724363, 55.6445517], [37.1723378, 55.6445443], [37.1723615, 55.6444435], [37.17257, 55.6444591], [37.172603, 55.6444363], [37.1729449, 55.6445938], [37.1728594, 55.644653], [37.1729856, 55.6447111], [37.172834, 55.644816], [37.172618, 55.6447165], [37.1726644, 55.6446844], [37.1725174, 55.6446167], [37.1724982, 55.64463], [37.172393, 55.6445816], [37.1724363, 55.6445517]]]}}, {"type": "Feature", "id": "way/1307743448", "properties": {"@id": "way/1307743448", "building": "service", "building:levels": "1", "location": "indoor", "power": "substation", "substation": "minor_distribution", "is_living": false}, "geometry": {"type": "Polygon", "coordinates": [[[37.2941208, 55.7439781], [37.2941557, 55.743923], [37.2942557, 55.7439431], [37.2942208, 55.7439982], [37.2941208, 55.7439781]]]}}, {"type": "Feature", "id": "way/1307973393", "properties": {"@id": "way/1307973393", "building": "gatehouse", "is_living": false}, "geometry": {"type": "Polygon", "coordinates": [[[37.2506758, 55.6489683], [37.2506291, 55.6488974], [37.2508131, 55.6488588], [37.2509751, 55.6488247], [37.2511509, 55.6487878], [37.2511976, 55.6488587], [37.2510218, 55.6488956], [37.2508598, 55.6489296], [37.2506758, 55.6489683]]]}}, {"type": "Feature", "id": "way/1310848295", "properties": {"@id": "way/1310848295", "addr:housenumber": "17", "addr:street": "Триумфальная улица", "building": "retail", "building:levels": "1", "is_living": false}, "geometry": {"type": "Polygon", "coordinates": [[[37.2268845, 55.6578291], [37.2269034, 55.6577709], [37.2274096, 55.6577815], [37.2275384, 55.6578057], [37.2276155, 55.6578073], [37.2277644, 55.657789], [37.2280125, 55.6577942], [37.2280086, 55.6578527], [37.2268845, 55.6578291]]]}}, {"type": "Feature", "id": "way/1311028613", "properties": {"@id": "way/1311028613", "building": "commercial", "is_living": false}, "geometry": {"type": "Polygon", "coordinates": [[[37.264654, 55.665998], [37.2645508, 55.6659641], [37.2646983, 55.6658211], [37.2648016, 55.665855], [37.264654, 55.665998]]]}}, {"type": "Feature", "id": "way/1311028615", "properties": {"@id": "way/1311028615", "building": "service", "building:levels": "1", "location": "indoor", "power": "substation", "substation": "minor_distribution", "is_living": false}, "geometry": {"type": "Polygon", "coordinates": [[[37.2640304, 55.6661162], [37.2640799, 55.6660702], [37.2641489, 55.6660939], [37.2640994, 55.6661398], [37.2640304, 55.6661162]]]}}, {"type": "Feature", "id": "way/1311119130", "properties": {"@id": "way/1311119130", "addr:housenumber": "12", "addr:street": "Южная улица", "building": "industrial", "building:levels": "1", "source:addr": "ЕГРН", "start_date": "2016", "is_living": false}, "geometry": {"type": "Polygon", "coordinates": [[[37.267292, 55.6618631], [37.2672899, 55.6618075], [37.2670732, 55.6618098], [37.2670549, 55.6611649], [37.2672312, 55.6611632], [37.2672299, 55.6611083], [37.2674875, 55.6611061], [37.2675089, 55.6618611], [37.2674032, 55.6618619], [37.2674013, 55.6618064], [37.267336, 55.6618071], [37.2673368, 55.6618627], [37.267292, 55.6618631]]]}}, {"type": "Feature", "id": "way/1311285696", "properties": {"@id": "way/1311285696", "building": "commercial", "building:levels": "2", "is_living": false}, "geometry": {"type": "Polygon", "coordinates": [[[37.2302575, 55.6597863], [37.2302875, 55.6596915], [37.230623, 55.6597253], [37.230593, 55.6598201], [37.2302575, 55.6597863]]]}}, {"type": "Feature", "id": "way/1311285757", "properties": {"@id": "way/1311285757", "building": "grandstand", "is_living": false}, "geometry": {"type": "Polygon", "coordinates": [[[37.2386939, 55.6646398], [37.2387144, 55.664622], [37.2387318, 55.6646068], [37.2394585, 55.6648727], [37.2394503, 55.6648798], [37.2394206, 55.6649056], [37.2386939, 55.6646398]]]}}, {"type": "Feature", "id": "way/1311285770", "properties": {"@id": "way/1311285770", "building": "industrial", "is_living": false}, "geometry": {"type": "Polygon", "coordinates": [[[37.2386873, 55.6662405], [37.2385252, 55.6661927], [37.2387299, 55.665972], [37.2388919, 55.6660198], [37.2386873, 55.6662405]]]}}, {"type": "Feature", "id": "way/1311285771", "properties": {"@id": "way/1311285771", "building": "industrial", "is_living": false}, "geometry": {"type": "Polygon", "coordinates": [[[37.2388575, 55.6658184], [37.2390188, 55.6656474], [37.239198, 55.6657012], [37.2390367, 55.6658722], [37.2388575, 55.6658184]]]}}, {"type": "Feature", "id": "way/1311285789", "properties": {"@id": "way/1311285789", "amenity": "place_of_worship", "building": "church", "denomination": "russian_orthodox", "religion": "christian", "is_living": false}, "geometry": {"type": "Polygon", "coordinates": [[[37.239437, 55.6661653], [37.2395474, 55.6660137], [37.2397937, 55.6660708], [37.2396833, 55.6662224], [37.239437, 55.6661653]]]}}, {"type": "Feature", "id": "way/1311285823", "properties": {"@id": "way/1311285823", "addr:housenumber": "34", "addr:street": "Центральная улица", "building": "commercial", "building:levels": "4", "is_living": false}, "geometry": {"type": "Polygon", "coordinates": [[[37.2380839, 55.6631754], [37.2378789, 55.6631412], [37.2379309, 55.6630422], [37.237891, 55.6630356], [37.2379256, 55.6629698], [37.2379654, 55.6629764], [37.2380194, 55.6628736], [37.2382244, 55.6629078], [37.2380839, 55.6631754]]]}}, {"type": "Feature", "id": "way/1311285825", "properties": {"@id": "way/1311285825", "building": "commercial", "building:levels": "4", "is_living": false}, "geometry": {"type": "Polygon", "coordinates": [[[37.2381553, 55.6627831], [37.2382292, 55.6626834], [37.2381848, 55.6626729], [37.2382312, 55.6626103], [37.2382755, 55.6626208], [37.2383488, 55.6625219], [37.2385486, 55.662569], [37.2383551, 55.6628302], [37.2381553, 55.6627831]]]}}, {"type": "Feature", "id": "way/1311286006", "properties": {"@id": "way/1311286006", "building": "hangar", "is_living": false}, "geometry": {"type": "Polygon", "coordinates": [[[37.2569722, 55.6669677], [37.2569769, 55.6668943], [37.2570902, 55.6668966], [37.2570855, 55.66697], [37.2569722, 55.6669677]]]}}, {"type": "Feature", "id": "way/1311286007", "properties": {"@id": "way/1311286007", "building": "hangar", "is_living": false}, "geometry": {"type": "Polygon", "coordinates": [[[37.2569615, 55.6667423], [37.256966, 55.6666716], [37.2570929, 55.6666742], [37.2570883, 55.6667449], [37.2569615, 55.6667423]]]}}, {"type": "Feature", "id": "way/1311286008", "properties": {"@id": "way/1311286008", "building": "hangar", "is_living": false}, "geometry": {"type": "Polygon", "coordinates": [[[37.2569641, 55.6665169], [37.2569696, 55.6664329], [37.2570822, 55.6664352], [37.2570768, 55.6665192], [37.2569641, 55.6665169]]]}}, {"type": "Feature", "id": "way/1311286009", "properties": {"@id": "way/1311286009", "building": "hangar", "is_living": false}, "geometry": {"type": "Polygon", "coordinates": [[[37.2574013, 55.6667423], [37.2574073, 55.6666493], [37.2575167, 55.6666515], [37.2575107, 55.6667445], [37.2574013, 55.6667423]]]}}, {"type": "Feature", "id": "way/1311286010", "properties": {"@id": "way/1311286010", "building": "hangar", "is_living": false}, "geometry": {"type": "Polygon", "coordinates": [[[37.257573, 55.6660827], [37.2575768, 55.6660241], [37.2575007, 55.6660226], [37.257507, 55.6659249], [37.2576776, 55.6659284], [37.2576674, 55.6660847], [37.257573, 55.6660827]]]}}, {"type": "Feature", "id": "way/1311286011", "properties": {"@id": "way/1311286011", "addr:housenumber": "74А", "addr:street": "улица Старое Яскино", "building": "hangar", "source:addr": "ЕГРН", "is_living": false}, "geometry": {"type": "Polygon", "coordinates": [[[37.258375, 55.6662143], [37.2583777, 55.6661236], [37.2585361, 55.6661251], [37.2585335, 55.6662158], [37.258375, 55.6662143]]]}}, {"type": "Feature", "id": "way/1311286015", "properties": {"@id": "way/1311286015", "building": "roof", "building:levels": "1", "is_living": false}, "geometry": {"type": "Polygon", "coordinates": [[[37.2549874, 55.6633346], [37.2550121, 55.6632714], [37.2553615, 55.6633149], [37.2553368, 55.6633781], [37.2549874, 55.6633346]]]}}, {"type": "Feature", "id": "way/1311286016", "properties": {"@id": "way/1311286016", "building": "retail", "building:levels": "1", "is_living": false}, "geometry": {"type": "Polygon", "coordinates": [[[37.2549613, 55.663501], [37.2549841, 55.6634428], [37.2552939, 55.6634814], [37.2552711, 55.6635395], [37.2549613, 55.663501]]]}}, {"type": "Feature", "id": "way/1311366966", "properties": {"@id": "way/1311366966", "building": "guardhouse", "is_living": false}, "geometry": {"type": "Polygon", "coordinates": [[[37.2375745, 55.6630018], [37.2376094, 55.6629399], [37.237663, 55.6629496], [37.237628, 55.6630114], [37.2375745, 55.6630018]]]}}, {"type": "Feature", "id": "way/1311366971", "properties": {"@id": "way/1311366971", "building": "retail", "building:levels": "1", "is_living": false}, "geometry": {"type": "Polygon", "coordinates": [[[37.2374631, 55.6622521], [37.23749, 55.6622045], [37.2377045, 55.662243], [37.2376776, 55.6622907], [37.2374631, 55.6622521]]]}}, {"type": "Feature", "id": "way/1311541443", "properties": {"@id": "way/1311541443", "addr:housenumber": "8", "addr:place": "Сколково", "building": "retail", "building:levels": "1", "is_living": false}, "geometry": {"type": "Polygon", "coordinates": [[[37.365815, 55.6853938], [37.3657584, 55.6853564], [37.3658703, 55.6853026], [37.3659269, 55.68534], [37.365815, 55.6853938]]]}}, {"type": "Feature", "id": "way/1311583773", "properties": {"@id": "way/1311583773", "building": "service", "is_living": false}, "geometry": {"type": "Polygon", "coordinates": [[[37.3437554, 55.7276015], [37.3437551, 55.727556], [37.3438037, 55.7275559], [37.3438041, 55.7276014], [37.3437554, 55.7276015]]]}}, {"type": "Feature", "id": "way/1311583774", "properties": {"@id": "way/1311583774", "building": "service", "is_living": false}, "geometry": {"type": "Polygon", "coordinates": [[[37.3438774, 55.7276001], [37.3438771, 55.7275546], [37.3439292, 55.7275545], [37.3439295, 55.7276], [37.3438774, 55.7276001]]]}}, {"type": "Feature", "id": "way/1311583775", "properties": {"@id": "way/1311583775", "building": "service", "is_living": false}, "geometry": {"type": "Polygon", "coordinates": [[[37.3434026, 55.7276016], [37.3434023, 55.727556], [37.3434745, 55.7275558], [37.3434749, 55.7276014], [37.3434026, 55.7276016]]]}}, {"type": "Feature", "id": "way/1311583782", "properties": {"@id": "way/1311583782", "building": "service", "is_living": false}, "geometry": {"type": "Polygon", "coordinates": [[[37.3422466, 55.7276164], [37.3422462, 55.7275708], [37.3423185, 55.7275707], [37.3423188, 55.7276162], [37.3422466, 55.7276164]]]}}, {"type": "Feature", "id": "way/1311921380", "properties": {"@id": "way/1311921380", "addr:housenumber": "22", "addr:street": "МКАД, 55-й километр", "building": "retail", "is_living": false}, "geometry": {"type": "Polygon", "coordinates": [[[37.3781305, 55.7244166], [37.3782615, 55.724437], [37.378186, 55.7245907], [37.3781698, 55.7246237], [37.3780388, 55.7246033], [37.3781305, 55.7244166]]]}}, {"type": "Feature", "id": "way/1311921381", "properties": {"@id": "way/1311921381", "addr:housenumber": "3", "addr:street": "МКАД, 55-й километр", "building": "retail", "is_living": false}, "geometry": {"type": "Polygon", "coordinates": [[[37.3780388, 55.7246033], [37.3779941, 55.7245963], [37.3780847, 55.7244119], [37.3782508, 55.7240735], [37.3782955, 55.7240805], [37.3782833, 55.7241054], [37.3781421, 55.724393], [37.3781305, 55.7244166], [37.3780388, 55.7246033]]]}}, {"type": "Feature", "id": "way/1312046770", "properties": {"@id": "way/1312046770", "addr:housenumber": "1 с9", "addr:street": "улица Махмуда Эсамбаева", "building": "retail", "is_living": false}, "geometry": {"type": "Polygon", "coordinates": [[[37.2285622, 55.6332047], [37.2283772, 55.6331517], [37.2284705, 55.6330478], [37.2286556, 55.6331008], [37.2285622, 55.6332047]]]}}, {"type": "Feature", "id": "way/1312244003", "properties": {"@id": "way/1312244003", "building": "retail", "building:levels": "1", "is_living": false}, "geometry": {"type": "Polygon", "coordinates": [[[37.2089849, 55.6295648], [37.2088897, 55.6295261], [37.2089236, 55.6294995], [37.2090188, 55.6295382], [37.2089849, 55.6295648]]]}}, {"type": "Feature", "id": "way/1312244004", "properties": {"@id": "way/1312244004", "building": "retail", "building:levels": "1", "is_living": false}, "geometry": {"type": "Polygon", "coordinates": [[[37.2087202, 55.6294888], [37.2087571, 55.6294599], [37.2088518, 55.6294984], [37.2088149, 55.6295273], [37.2087202, 55.6294888]]]}}, {"type": "Feature", "id": "way/1313842423", "properties": {"@id": "way/1313842423", "building": "service", "building:levels": "1", "power": "substation", "substation": "minor_distribution", "is_living": false}, "geometry": {"type": "Polygon", "coordinates": [[[37.3406008, 55.7271779], [37.3406652, 55.7271773], [37.3406665, 55.7272204], [37.3406021, 55.727221], [37.3406008, 55.7271779]]]}}, {"type": "Feature", "id": "way/1313842428", "properties": {"@id": "way/1313842428", "building": "service", "is_living": false}, "geometry": {"type": "Polygon", "coordinates": [[[37.3404844, 55.7276238], [37.340484, 55.7275783], [37.3405563, 55.7275781], [37.3405566, 55.7276237], [37.3404844, 55.7276238]]]}}, {"type": "Feature", "id": "way/1313842429", "properties": {"@id": "way/1313842429", "building": "service", "is_living": false}, "geometry": {"type": "Polygon", "coordinates": [[[37.3428099, 55.7276079], [37.3428095, 55.7275624], [37.3428818, 55.7275622], [37.3428821, 55.7276078], [37.3428099, 55.7276079]]]}}, {"type": "Feature", "id": "way/1313842432", "properties": {"@id": "way/1313842432", "building": "service", "is_living": false}, "geometry": {"type": "Polygon", "coordinates": [[[37.3410707, 55.7276172], [37.3410712, 55.7275716], [37.3411434, 55.7275719], [37.341143, 55.7276174], [37.3410707, 55.7276172]]]}}, {"type": "Feature", "id": "way/1313842433", "properties": {"@id": "way/1313842433", "building": "service", "is_living": false}, "geometry": {"type": "Polygon", "coordinates": [[[37.3416465, 55.7276181], [37.3416461, 55.7275726], [37.3417184, 55.7275724], [37.3417187, 55.727618], [37.3416465, 55.7276181]]]}}, {"type": "Feature", "id": "way/1314118218", "properties": {"@id": "way/1314118218", "building": "service", "building:levels": "1", "power": "substation", "substation": "minor_distribution", "is_living": false}, "geometry": {"type": "Polygon", "coordinates": [[[37.3389043, 55.7272324], [37.3389041, 55.7271872], [37.3389754, 55.7271871], [37.3389755, 55.7272323], [37.3389043, 55.7272324]]]}}, {"type": "Feature", "id": "way/1314118224", "properties": {"@id": "way/1314118224", "building": "service", "is_living": false}, "geometry": {"type": "Polygon", "coordinates": [[[37.3400177, 55.7276284], [37.3400173, 55.7275829], [37.3400896, 55.7275827], [37.3400899, 55.7276283], [37.3400177, 55.7276284]]]}}, {"type": "Feature", "id": "way/1314572038", "properties": {"@id": "way/1314572038", "building": "garage", "is_living": false}, "geometry": {"type": "Polygon", "coordinates": [[[37.2337604, 55.7279033], [37.2338543, 55.7278261], [37.2340215, 55.7278638], [37.2339498, 55.7279497], [37.2337604, 55.7279033]]]}}, {"type": "Feature", "id": "way/1315496002", "properties": {"@id": "way/1315496002", "building": "service", "building:levels": "1", "power": "substation", "substation": "minor_distribution", "is_living": false}, "geometry": {"type": "Polygon", "coordinates": [[[37.3438168, 55.7269521], [37.3438812, 55.7269515], [37.3438825, 55.7269946], [37.3438181, 55.7269952], [37.3438168, 55.7269521]]]}}, {"type": "Feature", "id": "way/1315655602", "properties": {"@id": "way/1315655602", "building": "garage", "is_living": false}, "geometry": {"type": "Polygon", "coordinates": [[[37.2547169, 55.6784309], [37.2546577, 55.6783939], [37.2550074, 55.6782162], [37.2545379, 55.6779225], [37.2542492, 55.6780693], [37.2541887, 55.6780315], [37.2545449, 55.6778505], [37.2551338, 55.678219], [37.2547169, 55.6784309]]]}}, {"type": "Feature", "id": "way/1315655603", "properties": {"@id": "way/1315655603", "building": "garage", "is_living": false}, "geometry": {"type": "Polygon", "coordinates": [[[37.254554, 55.6784073], [37.2541706, 55.6781675], [37.2542532, 55.6781255], [37.2546366, 55.6783654], [37.254554, 55.6784073]]]}}, {"type": "Feature", "id": "way/1315655604", "properties": {"@id": "way/1315655604", "addr:city": "Одинцово", "addr:housenumber": "11", "addr:street": "улица Маршала Жукова", "building": "garage", "is_living": false}, "geometry": {"type": "Polygon", "coordinates": [[[37.2547054, 55.678298], [37.2543868, 55.6780987], [37.2545402, 55.6780208], [37.2548588, 55.6782201], [37.2547054, 55.678298]]]}}, {"type": "Feature", "id": "way/1316192389", "properties": {"@id": "way/1316192389", "addr:housenumber": "7с1", "addr:place": "КП \"Ландшафт\"", "building": "garage", "is_living": false}, "geometry": {"type": "Polygon", "coordinates": [[[37.2347729, 55.7224614], [37.2345206, 55.7224029], [37.2345716, 55.7223332], [37.2346974, 55.7223623], [37.2347591, 55.722278], [37.2348855, 55.7223073], [37.2347729, 55.7224614]]]}}, {"type": "Feature", "id": "way/1316192394", "properties": {"@id": "way/1316192394", "building": "garage", "is_living": false}, "geometry": {"type": "Polygon", "coordinates": [[[37.2366464, 55.7209205], [37.2365183, 55.7209205], [37.2365183, 55.7208477], [37.2366464, 55.7208477], [37.2366464, 55.7209205]]]}}, {"type": "Feature", "id": "way/1316192480", "properties": {"@id": "way/1316192480", "building": "garage", "is_living": false}, "geometry": {"type": "Polygon", "coordinates": [[[37.2318332, 55.7272959], [37.2317955, 55.7272066], [37.2319538, 55.7271854], [37.2319598, 55.7271996], [37.2320202, 55.7271915], [37.2320519, 55.7272666], [37.2318332, 55.7272959]]]}}, {"type": "Feature", "id": "way/1316192481", "properties": {"@id": "way/1316192481", "building": "garage", "is_living": false}, "geometry": {"type": "Polygon", "coordinates": [[[37.2318412, 55.7273102], [37.2320612, 55.7272808], [37.2320927, 55.7273553], [37.2320106, 55.7273663], [37.2320152, 55.7273774], [37.2318774, 55.7273959], [37.2318412, 55.7273102]]]}}, {"type": "Feature", "id": "way/1316192484", "properties": {"@id": "way/1316192484", "building": "garage", "is_living": false}, "geometry": {"type": "Polygon", "coordinates": [[[37.2330469, 55.7265452], [37.232926, 55.7265166], [37.2329515, 55.7264824], [37.23293, 55.7264773], [37.2329915, 55.7263948], [37.2331339, 55.7264285], [37.2330469, 55.7265452]]]}}, {"type": "Feature", "id": "way/1316192485", "properties": {"@id": "way/1316192485", "building": "garage", "is_living": false}, "geometry": {"type": "Polygon", "coordinates": [[[37.2338784, 55.726737], [37.2339601, 55.7266274], [37.234101, 55.7266607], [37.2340193, 55.7267703], [37.2338784, 55.726737]]]}}, {"type": "Feature", "id": "way/1316192486", "properties": {"@id": "way/1316192486", "building": "garage", "is_living": false}, "geometry": {"type": "Polygon", "coordinates": [[[37.2338462, 55.7267287], [37.233697, 55.7266934], [37.2337845, 55.7265761], [37.2339337, 55.7266114], [37.2338462, 55.7267287]]]}}, {"type": "Feature", "id": "way/1316192491", "properties": {"@id": "way/1316192491", "building": "garage", "is_living": false}, "geometry": {"type": "Polygon", "coordinates": [[[37.2325078, 55.7246737], [37.2325963, 55.724549], [37.2327491, 55.7245835], [37.2326606, 55.7247081], [37.2325078, 55.7246737]]]}}, {"type": "Feature", "id": "way/1316193269", "properties": {"@id": "way/1316193269", "building": "yes", "is_living": false}, "geometry": {"type": "Polygon", "coordinates": [[[37.2335554, 55.7175459], [37.233437, 55.7175614], [37.2334257, 55.7175342], [37.2333914, 55.7175387], [37.2333539, 55.7174479], [37.2333902, 55.7174432], [37.2333788, 55.7174156], [37.2334952, 55.7174003], [37.2335554, 55.7175459]]]}}, {"type": "Feature", "id": "way/1316193270", "properties": {"@id": "way/1316193270", "building": "yes", "is_living": false}, "geometry": {"type": "Polygon", "coordinates": [[[37.2326054, 55.717337], [37.23254, 55.7173484], [37.2324809, 55.7172403], [37.2326736, 55.717207], [37.2326923, 55.7172412], [37.2327505, 55.7171769], [37.2330764, 55.7172706], [37.2330077, 55.7173464], [37.2330652, 55.7173376], [37.2331099, 55.7174307], [37.2329114, 55.7174609], [37.2328835, 55.7174216], [37.2328544, 55.7174303], [37.2328531, 55.717405], [37.2328115, 55.7173941], [37.2327948, 55.717413], [37.2327751, 55.7174064], [37.2326923, 55.7174969], [37.2326888, 55.7175372], [37.2327451, 55.7175901], [37.2326518, 55.7176174], [37.2326057, 55.7175674], [37.2325413, 55.7175478], [37.2325543, 55.7175342], [37.2324898, 55.7175549], [37.2324534, 55.7175191], [37.2326201, 55.7174655], [37.232698, 55.7173876], [37.232666, 55.7173763], [37.2326841, 55.7173589], [37.2326526, 55.7173476], [37.2326154, 55.717356], [37.2326054, 55.717337]]]}}, {"type": "Feature", "id": "way/1318102381", "properties": {"@id": "way/1318102381", "addr:housenumber": "8", "addr:street": "Торговая улица", "building": "school", "is_living": false}, "geometry": {"type": "Polygon", "coordinates": [[[37.4057288, 55.6854132], [37.4057592, 55.6847536], [37.4060333, 55.6847576], [37.4060223, 55.6849971], [37.4064889, 55.685004], [37.4064999, 55.6847645], [37.4068203, 55.6847692], [37.4067898, 55.6854313], [37.406606, 55.6854286], [37.40661, 55.6853417], [37.4060281, 55.6853332], [37.4060249, 55.6854033], [37.4058833, 55.6854012], [37.4058826, 55.6854154], [37.4057288, 55.6854132]]]}}, {"type": "Feature", "id": "way/1324198123", "properties": {"@id": "way/1324198123", "building": "garage", "capacity": "1", "is_living": false}, "geometry": {"type": "Polygon", "coordinates": [[[37.0698177, 55.6237751], [37.0697513, 55.6237361], [37.06988, 55.623668], [37.0699465, 55.6237085], [37.0698177, 55.6237751]]]}}, {"type": "Feature", "id": "way/1324198149", "properties": {"@id": "way/1324198149", "building": "garage", "is_living": false}, "geometry": {"type": "Polygon", "coordinates": [[[37.0672502, 55.6228146], [37.0671336, 55.6227419], [37.0672332, 55.622686], [37.0673491, 55.6227618], [37.0672502, 55.6228146]]]}}, {"type": "Feature", "id": "way/1325251268", "properties": {"@id": "way/1325251268", "building": "service", "building:levels": "1", "location": "indoor", "power": "substation", "substation": "minor_distribution", "is_living": false}, "geometry": {"type": "Polygon", "coordinates": [[[37.1972251, 55.6356263], [37.1971866, 55.6356135], [37.1972172, 55.6355842], [37.1972557, 55.6355971], [37.1972251, 55.6356263]]]}}, {"type": "Feature", "id": "way/1325251274", "properties": {"@id": "way/1325251274", "building": "service", "building:levels": "1", "location": "indoor", "power": "substation", "substation": "minor_distribution", "is_living": false}, "geometry": {"type": "Polygon", "coordinates": [[[37.2010584, 55.6377087], [37.2010118, 55.6376876], [37.2010438, 55.6376651], [37.2010903, 55.6376863], [37.2010584, 55.6377087]]]}}, {"type": "Feature", "id": "way/1329109391", "properties": {"@id": "way/1329109391", "building": "service", "building:levels": "1", "location": "indoor", "power": "substation", "substation": "minor_distribution", "is_living": false}, "geometry": {"type": "Polygon", "coordinates": [[[36.6788297, 55.712363], [36.678747, 55.7123175], [36.6788259, 55.712272], [36.6789086, 55.7123176], [36.6788297, 55.712363]]]}}, {"type": "Feature", "id": "way/1329109469", "properties": {"@id": "way/1329109469", "building": "service", "building:levels": "1", "location": "indoor", "power": "substation", "substation": "minor_distribution", "is_living": false}, "geometry": {"type": "Polygon", "coordinates": [[[36.6886616, 55.712047], [36.688649, 55.7119546], [36.6887785, 55.711949], [36.6887912, 55.7120414], [36.6886616, 55.712047]]]}}, {"type": "Feature", "id": "way/1329109470", "properties": {"@id": "way/1329109470", "building": "service", "building:levels": "1", "location": "indoor", "power": "substation", "substation": "minor_distribution", "is_living": false}, "geometry": {"type": "Polygon", "coordinates": [[[36.6856796, 55.7110721], [36.6857159, 55.7110037], [36.6858734, 55.7110303], [36.6858371, 55.7110986], [36.6856796, 55.7110721]]]}}, {"type": "Feature", "id": "way/1329641710", "properties": {"@id": "way/1329641710", "building": "yes", "is_living": false}, "geometry": {"type": "Polygon", "coordinates": [[[36.6689435, 55.7015661], [36.6695228, 55.7014195], [36.6696425, 55.7015697], [36.6690631, 55.7017163], [36.6689435, 55.7015661]]]}}, {"type": "Feature", "id": "way/1329641711", "properties": {"@id": "way/1329641711", "building": "yes", "is_living": false}, "geometry": {"type": "Polygon", "coordinates": [[[36.6686162, 55.7023566], [36.6682648, 55.702243], [36.6683416, 55.7021676], [36.6679974, 55.7020563], [36.6680313, 55.702023], [36.667988, 55.702009], [36.6683962, 55.7016081], [36.6686968, 55.7017053], [36.6686473, 55.7017539], [36.6690856, 55.7018956], [36.6686162, 55.7023566]]]}}, {"type": "Feature", "id": "way/1329641712", "properties": {"@id": "way/1329641712", "building": "yes", "is_living": false}, "geometry": {"type": "Polygon", "coordinates": [[[36.6716686, 55.7021707], [36.6719742, 55.7024392], [36.6721179, 55.7023873], [36.6722421, 55.7024964], [36.6715267, 55.702755], [36.6714363, 55.7026756], [36.6713279, 55.7027148], [36.6709884, 55.7024165], [36.6716686, 55.7021707]]]}}, {"type": "Feature", "id": "way/1329641713", "properties": {"@id": "way/1329641713", "building": "yes", "is_living": false}, "geometry": {"type": "Polygon", "coordinates": [[[36.670137, 55.7024926], [36.6700933, 55.7024542], [36.6699966, 55.7024891], [36.6699665, 55.7024627], [36.6700632, 55.7024277], [36.6700192, 55.7023891], [36.6703141, 55.7022825], [36.6706122, 55.7025444], [36.6707692, 55.7024877], [36.6708983, 55.702601], [36.670603, 55.7027077], [36.6702937, 55.702436], [36.670137, 55.7024926]]]}}, {"type": "Feature", "id": "way/1329641714", "properties": {"@id": "way/1329641714", "building": "yes", "is_living": false}, "geometry": {"type": "Polygon", "coordinates": [[[36.6697562, 55.7026271], [36.6696222, 55.7025095], [36.6697776, 55.7024533], [36.6699116, 55.702571], [36.6697562, 55.7026271]]]}}, {"type": "Feature", "id": "way/1337929842", "properties": {"@id": "way/1337929842", "amenity": "parking", "building": "service", "layer": "-1", "parking": "underground", "is_living": false}, "geometry": {"type": "Polygon", "coordinates": [[[37.291857, 55.6865283], [37.2919069, 55.6865389], [37.2919571, 55.6865496], [37.2918324, 55.6867356], [37.2917323, 55.6867142], [37.291857, 55.6865283]]]}}, {"type": "Feature", "id": "way/1337929844", "properties": {"@id": "way/1337929844", "amenity": "parking", "building": "service", "layer": "-1", "parking": "underground", "is_living": false}, "geometry": {"type": "Polygon", "coordinates": [[[37.2916509, 55.6870309], [37.2914616, 55.6873162], [37.2914609, 55.6873173], [37.2914539, 55.6873277], [37.2913989, 55.6873161], [37.291341, 55.6873039], [37.291538, 55.6870071], [37.2916509, 55.6870309]]]}}, {"type": "Feature", "id": "way/1338012012", "properties": {"@id": "way/1338012012", "building": "farm", "is_living": false}, "geometry": {"type": "Polygon", "coordinates": [[[36.6226941, 55.6612626], [36.6225159, 55.6606221], [36.6229033, 55.6605878], [36.6229769, 55.6608522], [36.6233295, 55.660821], [36.6233607, 55.660933], [36.6230081, 55.6609642], [36.6230954, 55.6612783], [36.6228163, 55.661303], [36.6228024, 55.661253], [36.6226941, 55.6612626]]]}}, {"type": "Feature", "id": "way/1338012013", "properties": {"@id": "way/1338012013", "building": "farm", "is_living": false}, "geometry": {"type": "Polygon", "coordinates": [[[36.6222006, 55.6612505], [36.6220128, 55.6605757], [36.6222305, 55.6605565], [36.6224182, 55.6612313], [36.6222006, 55.6612505]]]}}, {"type": "Feature", "id": "way/1342821735", "properties": {"@id": "way/1342821735", "addr:place": "СНТ \"Урожайное\"", "building": "allotment_house", "is_living": false}, "geometry": {"type": "Polygon", "coordinates": [[[36.6195694, 55.7233036], [36.6193977, 55.7232386], [36.6195002, 55.7231527], [36.6196719, 55.7232176], [36.6195694, 55.7233036]]]}}, {"type": "Feature", "id": "way/1342821736", "properties": {"@id": "way/1342821736", "addr:housenumber": "476", "addr:place": "СНТ \"Урожайное\"", "building": "allotment_house", "source:addr": "ЕГРН", "is_living": false}, "geometry": {"type": "Polygon", "coordinates": [[[36.6186735, 55.7230241], [36.6184824, 55.7229718], [36.6185763, 55.722863], [36.6187674, 55.7229154], [36.6186735, 55.7230241]]]}}, {"type": "Feature", "id": "way/1342821737", "properties": {"@id": "way/1342821737", "addr:place": "СНТ \"Урожайное\"", "building": "allotment_house", "is_living": false}, "geometry": {"type": "Polygon", "coordinates": [[[36.6183838, 55.7228851], [36.6182497, 55.7228398], [36.6183484, 55.7227472], [36.6184825, 55.7227925], [36.6183838, 55.7228851]]]}}, {"type": "Feature", "id": "way/1342821738", "properties": {"@id": "way/1342821738", "addr:place": "СНТ \"Урожайное\"", "building": "allotment_house", "is_living": false}, "geometry": {"type": "Polygon", "coordinates": [[[36.6180325, 55.7227492], [36.6178867, 55.7226895], [36.6179949, 55.7226057], [36.6181407, 55.7226654], [36.6180325, 55.7227492]]]}}, {"type": "Feature", "id": "way/1342821739", "properties": {"@id": "way/1342821739", "addr:place": "СНТ \"Урожайное\"", "building": "allotment_house", "is_living": false}, "geometry": {"type": "Polygon", "coordinates": [[[36.6179185, 55.7221094], [36.6177855, 55.722055], [36.6178742, 55.7219863], [36.6180071, 55.7220408], [36.6179185, 55.7221094]]]}}, {"type": "Feature", "id": "way/1342821740", "properties": {"@id": "way/1342821740", "addr:place": "СНТ \"Урожайное\"", "building": "allotment_house", "is_living": false}, "geometry": {"type": "Polygon", "coordinates": [[[36.6180861, 55.7221887], [36.6179386, 55.7221283], [36.6180412, 55.7220488], [36.6181887, 55.7221093], [36.6180861, 55.7221887]]]}}, {"type": "Feature", "id": "way/1342821741", "properties": {"@id": "way/1342821741", "addr:place": "СНТ \"Урожайное\"", "building": "allotment_house", "is_living": false}, "geometry": {"type": "Polygon", "coordinates": [[[36.6160288, 55.7221359], [36.6160439, 55.7220837], [36.6161522, 55.7220936], [36.6161372, 55.7221458], [36.6160288, 55.7221359]]]}}, {"type": "Feature", "id": "way/1342821742", "properties": {"@id": "way/1342821742", "addr:place": "СНТ \"Урожайное\"", "building": "allotment_house", "is_living": false}, "geometry": {"type": "Polygon", "coordinates": [[[36.6165867, 55.7220286], [36.6166215, 55.7219079], [36.6167852, 55.7219229], [36.6167505, 55.7220436], [36.6165867, 55.7220286]]]}}, {"type": "Feature", "id": "way/1342821743", "properties": {"@id": "way/1342821743", "addr:place": "СНТ \"Урожайное\"", "building": "allotment_house", "is_living": false}, "geometry": {"type": "Polygon", "coordinates": [[[36.6162837, 55.7219138], [36.6163094, 55.7218243], [36.6164795, 55.7218398], [36.6164537, 55.7219293], [36.6162837, 55.7219138]]]}}, {"type": "Feature", "id": "way/1342821744", "properties": {"@id": "way/1342821744", "addr:housenumber": "467", "addr:place": "СНТ \"Урожайное\"", "building": "allotment_house", "source:addr": "ЕГРН", "is_living": false}, "geometry": {"type": "Polygon", "coordinates": [[[36.6150391, 55.72145], [36.6150621, 55.7213703], [36.6152242, 55.7213851], [36.6152012, 55.7214648], [36.6150391, 55.72145]]]}}, {"type": "Feature", "id": "way/1342821745", "properties": {"@id": "way/1342821745", "addr:place": "СНТ \"Урожайное\"", "building": "allotment_house", "is_living": false}, "geometry": {"type": "Polygon", "coordinates": [[[36.6144866, 55.7214228], [36.6145128, 55.7213319], [36.6146985, 55.7213488], [36.6146723, 55.7214398], [36.6144866, 55.7214228]]]}}, {"type": "Feature", "id": "way/1342821746", "properties": {"@id": "way/1342821746", "addr:place": "СНТ \"Урожайное\"", "building": "allotment_house", "is_living": false}, "geometry": {"type": "Polygon", "coordinates": [[[36.6141567, 55.7214032], [36.6141826, 55.7213129], [36.6143605, 55.7213292], [36.6143345, 55.7214194], [36.6141567, 55.7214032]]]}}, {"type": "Feature", "id": "way/1342821747", "properties": {"@id": "way/1342821747", "addr:place": "СНТ \"Урожайное\"", "building": "allotment_house", "is_living": false}, "geometry": {"type": "Polygon", "coordinates": [[[36.6138589, 55.721379], [36.6138818, 55.7212996], [36.6139651, 55.7213072], [36.613972, 55.721283], [36.6140644, 55.7212914], [36.6140345, 55.7213951], [36.6138589, 55.721379]]]}}, {"type": "Feature", "id": "way/1342821748", "properties": {"@id": "way/1342821748", "addr:place": "СНТ \"Урожайное\"", "building": "allotment_house", "is_living": false}, "geometry": {"type": "Polygon", "coordinates": [[[36.6135263, 55.7213352], [36.6135522, 55.7212454], [36.6137248, 55.7212612], [36.613699, 55.721351], [36.6135263, 55.7213352]]]}}, {"type": "Feature", "id": "way/1342821749", "properties": {"@id": "way/1342821749", "addr:place": "СНТ \"Урожайное\"", "building": "allotment_house", "is_living": false}, "geometry": {"type": "Polygon", "coordinates": [[[36.6153315, 55.7217567], [36.6153596, 55.7216588], [36.6155219, 55.7216736], [36.6154937, 55.7217715], [36.6153315, 55.7217567]]]}}, {"type": "Feature", "id": "way/1342821750", "properties": {"@id": "way/1342821750", "addr:housenumber": "440", "addr:place": "СНТ \"Урожайное\"", "building": "allotment_house", "source:addr": "ЕГРН", "is_living": false}, "geometry": {"type": "Polygon", "coordinates": [[[36.6152564, 55.7222613], [36.6152833, 55.7221676], [36.6154817, 55.7221857], [36.6154547, 55.7222794], [36.6152564, 55.7222613]]]}}, {"type": "Feature", "id": "way/1342821751", "properties": {"@id": "way/1342821751", "addr:housenumber": "439", "addr:place": "СНТ \"Урожайное\"", "building": "allotment_house", "source:addr": "ЕГРН", "is_living": false}, "geometry": {"type": "Polygon", "coordinates": [[[36.6149372, 55.7222205], [36.6149602, 55.7221406], [36.615074, 55.722151], [36.615051, 55.7222309], [36.6149372, 55.7222205]]]}}, {"type": "Feature", "id": "way/1342821752", "properties": {"@id": "way/1342821752", "addr:place": "СНТ \"Урожайное\"", "building": "allotment_house", "is_living": false}, "geometry": {"type": "Polygon", "coordinates": [[[36.6146475, 55.7221857], [36.6146655, 55.7221233], [36.6148031, 55.7221359], [36.6147851, 55.7221983], [36.6146475, 55.7221857]]]}}, {"type": "Feature", "id": "way/1342821753", "properties": {"@id": "way/1342821753", "addr:place": "СНТ \"Урожайное\"", "building": "allotment_house", "is_living": false}, "geometry": {"type": "Polygon", "coordinates": [[[36.6150284, 55.7217023], [36.6150484, 55.7216329], [36.6152135, 55.7216479], [36.6151935, 55.7217174], [36.6150284, 55.7217023]]]}}, {"type": "Feature", "id": "way/1342821754", "properties": {"@id": "way/1342821754", "addr:place": "СНТ \"Урожайное\"", "building": "allotment_house", "is_living": false}, "geometry": {"type": "Polygon", "coordinates": [[[36.6144571, 55.7216374], [36.6144797, 55.7215588], [36.6146448, 55.7215739], [36.6146222, 55.7216524], [36.6144571, 55.7216374]]]}}, {"type": "Feature", "id": "way/1342821755", "properties": {"@id": "way/1342821755", "addr:housenumber": "452", "addr:place": "СНТ \"Урожайное\"", "building": "allotment_house", "source:addr": "ЕГРН", "is_living": false}, "geometry": {"type": "Polygon", "coordinates": [[[36.6141182, 55.7216031], [36.6141384, 55.7215328], [36.6143185, 55.7215493], [36.6142983, 55.7216195], [36.6141182, 55.7216031]]]}}, {"type": "Feature", "id": "way/1342821756", "properties": {"@id": "way/1342821756", "addr:housenumber": "451", "addr:place": "СНТ \"Урожайное\"", "building": "allotment_house", "is_living": false}, "geometry": {"type": "Polygon", "coordinates": [[[36.6137651, 55.7215981], [36.6137888, 55.7215048], [36.6139528, 55.721518], [36.6139291, 55.7216113], [36.6137651, 55.7215981]]]}}, {"type": "Feature", "id": "way/1342821757", "properties": {"@id": "way/1342821757", "addr:place": "СНТ \"Урожайное\"", "building": "allotment_house", "is_living": false}, "geometry": {"type": "Polygon", "coordinates": [[[36.6143364, 55.7221782], [36.6143639, 55.7220699], [36.6144893, 55.72208], [36.6144617, 55.7221883], [36.6143364, 55.7221782]]]}}, {"type": "Feature", "id": "way/1342821758", "properties": {"@id": "way/1342821758", "addr:place": "СНТ \"Урожайное\"", "building": "allotment_house", "is_living": false}, "geometry": {"type": "Polygon", "coordinates": [[[36.6141352, 55.7221616], [36.61415, 55.7221034], [36.6142344, 55.7221102], [36.6142196, 55.7221684], [36.6141352, 55.7221616]]]}}, {"type": "Feature", "id": "way/1342821759", "properties": {"@id": "way/1342821759", "addr:place": "СНТ \"Урожайное\"", "building": "allotment_house", "is_living": false}, "geometry": {"type": "Polygon", "coordinates": [[[36.6131213, 55.7220739], [36.6131486, 55.7219669], [36.6132957, 55.7219788], [36.6132684, 55.7220858], [36.6131213, 55.7220739]]]}}, {"type": "Feature", "id": "way/1342821760", "properties": {"@id": "way/1342821760", "addr:place": "СНТ \"Урожайное\"", "building": "allotment_house", "is_living": false}, "geometry": {"type": "Polygon", "coordinates": [[[36.6127941, 55.7220498], [36.6128082, 55.7219945], [36.6129497, 55.722006], [36.6129356, 55.7220612], [36.6127941, 55.7220498]]]}}, {"type": "Feature", "id": "way/1342821761", "properties": {"@id": "way/1342821761", "addr:place": "СНТ \"Урожайное\"", "building": "allotment_house", "is_living": false}, "geometry": {"type": "Polygon", "coordinates": [[[36.6125956, 55.7215437], [36.6126173, 55.7214586], [36.612829, 55.7214757], [36.6128073, 55.7215608], [36.6125956, 55.7215437]]]}}, {"type": "Feature", "id": "way/1342821762", "properties": {"@id": "way/1342821762", "addr:place": "СНТ \"Урожайное\"", "building": "allotment_house", "is_living": false}, "geometry": {"type": "Polygon", "coordinates": [[[36.6124588, 55.7219591], [36.6124898, 55.7218375], [36.6127098, 55.7218553], [36.6126868, 55.7219455], [36.6126075, 55.7219391], [36.6125995, 55.7219705], [36.6124588, 55.7219591]]]}}, {"type": "Feature", "id": "way/1342821763", "properties": {"@id": "way/1342821763", "addr:housenumber": "473", "addr:place": "СНТ \"Урожайное\"", "building": "allotment_house", "source:addr": "ЕГРН", "is_living": false}, "geometry": {"type": "Polygon", "coordinates": [[[36.6173002, 55.722654], [36.617347, 55.7225514], [36.6174719, 55.7225694], [36.6174251, 55.7226721], [36.6173002, 55.722654]]]}}, {"type": "Feature", "id": "way/1342821764", "properties": {"@id": "way/1342821764", "addr:housenumber": "472", "addr:place": "СНТ \"Урожайное\"", "building": "allotment_house", "source:addr": "ЕГРН", "is_living": false}, "geometry": {"type": "Polygon", "coordinates": [[[36.6169676, 55.722651], [36.6169967, 55.7225873], [36.6170627, 55.7225968], [36.6170769, 55.7225658], [36.6172093, 55.7225849], [36.6171661, 55.7226797], [36.6169676, 55.722651]]]}}, {"type": "Feature", "id": "way/1342821765", "properties": {"@id": "way/1342821765", "addr:place": "СНТ \"Урожайное\"", "building": "allotment_house", "is_living": false}, "geometry": {"type": "Polygon", "coordinates": [[[36.6159913, 55.72258], [36.6160187, 55.7224725], [36.6162086, 55.7224878], [36.6161812, 55.7225953], [36.6159913, 55.72258]]]}}, {"type": "Feature", "id": "way/1342821766", "properties": {"@id": "way/1342821766", "addr:place": "СНТ \"Урожайное\"", "building": "allotment_house", "is_living": false}, "geometry": {"type": "Polygon", "coordinates": [[[36.6156936, 55.7225785], [36.615724, 55.722459], [36.615876, 55.7224712], [36.6158455, 55.7225908], [36.6156936, 55.7225785]]]}}, {"type": "Feature", "id": "way/1342821767", "properties": {"@id": "way/1342821767", "addr:place": "СНТ \"Урожайное\"", "building": "allotment_house", "is_living": false}, "geometry": {"type": "Polygon", "coordinates": [[[36.6152939, 55.7225226], [36.6153176, 55.7224297], [36.6154575, 55.722441], [36.6154339, 55.7225339], [36.6152939, 55.7225226]]]}}, {"type": "Feature", "id": "way/1342821768", "properties": {"@id": "way/1342821768", "addr:housenumber": "427", "addr:place": "СНТ \"Урожайное\"", "building": "allotment_house", "source:addr": "ЕГРН", "is_living": false}, "geometry": {"type": "Polygon", "coordinates": [[[36.6149935, 55.7224878], [36.6150142, 55.7224066], [36.6151598, 55.7224184], [36.6151391, 55.7224996], [36.6149935, 55.7224878]]]}}, {"type": "Feature", "id": "way/1342821769", "properties": {"@id": "way/1342821769", "addr:place": "СНТ \"Урожайное\"", "building": "allotment_house", "is_living": false}, "geometry": {"type": "Polygon", "coordinates": [[[36.6147119, 55.7224591], [36.6147361, 55.7223642], [36.6148835, 55.7223761], [36.6148594, 55.7224711], [36.6147119, 55.7224591]]]}}, {"type": "Feature", "id": "way/1342821770", "properties": {"@id": "way/1342821770", "addr:place": "СНТ \"Урожайное\"", "building": "allotment_house", "is_living": false}, "geometry": {"type": "Polygon", "coordinates": [[[36.6143364, 55.7224456], [36.6143537, 55.7223776], [36.6144651, 55.7223866], [36.6144478, 55.7224546], [36.6143364, 55.7224456]]]}}, {"type": "Feature", "id": "way/1342821771", "properties": {"@id": "way/1342821771", "addr:place": "СНТ \"Урожайное\"", "building": "allotment_house", "is_living": false}, "geometry": {"type": "Polygon", "coordinates": [[[36.6140279, 55.7223942], [36.6140485, 55.7223134], [36.6141888, 55.7223247], [36.6141683, 55.7224055], [36.6140279, 55.7223942]]]}}, {"type": "Feature", "id": "way/1342821772", "properties": {"@id": "way/1342821772", "addr:place": "СНТ \"Урожайное\"", "building": "allotment_house", "is_living": false}, "geometry": {"type": "Polygon", "coordinates": [[[36.6137168, 55.7223458], [36.6137349, 55.7222745], [36.6138884, 55.7222869], [36.6138703, 55.7223582], [36.6137168, 55.7223458]]]}}, {"type": "Feature", "id": "way/1342821773", "properties": {"@id": "way/1342821773", "addr:place": "СНТ \"Урожайное\"", "building": "allotment_house", "is_living": false}, "geometry": {"type": "Polygon", "coordinates": [[[36.6144088, 55.7228519], [36.6144267, 55.7227814], [36.614626, 55.7227975], [36.6146081, 55.722868], [36.6144088, 55.7228519]]]}}, {"type": "Feature", "id": "way/1342821774", "properties": {"@id": "way/1342821774", "addr:housenumber": "415", "addr:place": "СНТ \"Урожайное\"", "building": "allotment_house", "source:addr": "ЕГРН", "is_living": false}, "geometry": {"type": "Polygon", "coordinates": [[[36.6137677, 55.7229138], [36.6138043, 55.7227704], [36.6139528, 55.7227824], [36.6139163, 55.7229258], [36.6137677, 55.7229138]]]}}, {"type": "Feature", "id": "way/1342821775", "properties": {"@id": "way/1342821775", "addr:place": "СНТ \"Урожайное\"", "building": "allotment_house", "is_living": false}, "geometry": {"type": "Polygon", "coordinates": [[[36.6134056, 55.7228836], [36.6134281, 55.7227954], [36.613529, 55.7228036], [36.6135222, 55.7228304], [36.6135771, 55.7228349], [36.6135614, 55.7228962], [36.6134056, 55.7228836]]]}}, {"type": "Feature", "id": "way/1342821776", "properties": {"@id": "way/1342821776", "addr:place": "СНТ \"Урожайное\"", "building": "allotment_house", "is_living": false}, "geometry": {"type": "Polygon", "coordinates": [[[36.6130543, 55.7227839], [36.6130699, 55.7227224], [36.6131964, 55.7227326], [36.6131808, 55.7227941], [36.6130543, 55.7227839]]]}}, {"type": "Feature", "id": "way/1342821777", "properties": {"@id": "way/1342821777", "addr:place": "СНТ \"Урожайное\"", "building": "allotment_house", "is_living": false}, "geometry": {"type": "Polygon", "coordinates": [[[36.6130559, 55.722302], [36.613076, 55.722223], [36.6132284, 55.7222353], [36.6132083, 55.7223143], [36.6130559, 55.722302]]]}}, {"type": "Feature", "id": "way/1342821778", "properties": {"@id": "way/1342821778", "addr:housenumber": "419", "addr:place": "СНТ \"Урожайное\"", "building": "allotment_house", "source:addr": "ЕГРН", "is_living": false}, "geometry": {"type": "Polygon", "coordinates": [[[36.6125125, 55.7222492], [36.612527, 55.7221501], [36.6127549, 55.7221607], [36.6127405, 55.7222597], [36.6125125, 55.7222492]]]}}, {"type": "Feature", "id": "way/1342821779", "properties": {"@id": "way/1342821779", "addr:housenumber": "412", "addr:place": "СНТ \"Урожайное\"", "building": "allotment_house", "source:addr": "ЕГРН", "is_living": false}, "geometry": {"type": "Polygon", "coordinates": [[[36.612711, 55.722796], [36.6127244, 55.722719], [36.6128385, 55.7227253], [36.6128251, 55.7228023], [36.612711, 55.722796]]]}}, {"type": "Feature", "id": "way/1342821780", "properties": {"@id": "way/1342821780", "addr:housenumber": "411", "addr:place": "СНТ \"Урожайное\"", "building": "allotment_house", "source:addr": "ЕГРН", "is_living": false}, "geometry": {"type": "Polygon", "coordinates": [[[36.6124159, 55.722787], [36.6124186, 55.7226661], [36.6125876, 55.7226673], [36.6125849, 55.7227881], [36.6124159, 55.722787]]]}}, {"type": "Feature", "id": "way/1342821781", "properties": {"@id": "way/1342821781", "addr:place": "СНТ \"Урожайное\"", "building": "allotment_house", "is_living": false}, "geometry": {"type": "Polygon", "coordinates": [[[36.6120887, 55.7216933], [36.6120793, 55.7216144], [36.6122, 55.7216099], [36.6122094, 55.7216887], [36.6120887, 55.7216933]]]}}, {"type": "Feature", "id": "way/1342821782", "properties": {"@id": "way/1342821782", "addr:housenumber": "356", "addr:place": "СНТ \"Урожайное\"", "building": "allotment_house", "source:addr": "ЕГРН", "is_living": false}, "geometry": {"type": "Polygon", "coordinates": [[[36.6120136, 55.7219138], [36.6120246, 55.7218108], [36.6122472, 55.7218183], [36.6122362, 55.7219214], [36.6120136, 55.7219138]]]}}, {"type": "Feature", "id": "way/1342821783", "properties": {"@id": "way/1342821783", "addr:place": "СНТ \"Урожайное\"", "building": "allotment_house", "is_living": false}, "geometry": {"type": "Polygon", "coordinates": [[[36.6113591, 55.7217476], [36.6113484, 55.7216434], [36.6115022, 55.7216384], [36.6115129, 55.7217426], [36.6113591, 55.7217476]]]}}, {"type": "Feature", "id": "way/1342821785", "properties": {"@id": "way/1342821785", "addr:housenumber": "384", "addr:place": "СНТ \"Урожайное\"", "building": "allotment_house", "source:addr": "ЕГРН", "is_living": false}, "geometry": {"type": "Polygon", "coordinates": [[[36.6116703, 55.7222144], [36.6116767, 55.7221417], [36.611791, 55.7221449], [36.6117845, 55.7222176], [36.6116703, 55.7222144]]]}}, {"type": "Feature", "id": "way/1342821786", "properties": {"@id": "way/1342821786", "addr:housenumber": "385", "addr:place": "СНТ \"Урожайное\"", "building": "allotment_house", "source:addr": "ЕГРН", "is_living": false}, "geometry": {"type": "Polygon", "coordinates": [[[36.6120619, 55.7224063], [36.6120707, 55.7223063], [36.6121879, 55.7223096], [36.6121791, 55.7224096], [36.6120619, 55.7224063]]]}}, {"type": "Feature", "id": "way/1342821787", "properties": {"@id": "way/1342821787", "addr:place": "СНТ \"Урожайное\"", "building": "allotment_house", "is_living": false}, "geometry": {"type": "Polygon", "coordinates": [[[36.6121048, 55.7226978], [36.6121147, 55.7225852], [36.6122523, 55.7225891], [36.6122423, 55.7227017], [36.6121048, 55.7226978]]]}}, {"type": "Feature", "id": "way/1342821788", "properties": {"@id": "way/1342821788", "addr:place": "СНТ \"Урожайное\"", "building": "allotment_house", "is_living": false}, "geometry": {"type": "Polygon", "coordinates": [[[36.6117024, 55.7227447], [36.6117098, 55.7226618], [36.6118634, 55.7226661], [36.6118561, 55.722749], [36.6117024, 55.7227447]]]}}, {"type": "Feature", "id": "way/1342821789", "properties": {"@id": "way/1342821789", "addr:place": "СНТ \"Урожайное\"", "building": "allotment_house", "is_living": false}, "geometry": {"type": "Polygon", "coordinates": [[[36.6113162, 55.7226314], [36.611325, 55.7225319], [36.6115335, 55.7225377], [36.6115247, 55.7226372], [36.6113162, 55.7226314]]]}}, {"type": "Feature", "id": "way/1342821790", "properties": {"@id": "way/1342821790", "addr:place": "СНТ \"Урожайное\"", "building": "allotment_house", "is_living": false}, "geometry": {"type": "Polygon", "coordinates": [[[36.6112009, 55.7222114], [36.6112085, 55.7221248], [36.6113886, 55.7221298], [36.611381, 55.7222164], [36.6112009, 55.7222114]]]}}, {"type": "Feature", "id": "way/1342821791", "properties": {"@id": "way/1342821791", "addr:place": "СНТ \"Урожайное\"", "building": "allotment_house", "is_living": false}, "geometry": {"type": "Polygon", "coordinates": [[[36.6108495, 55.722225], [36.6108587, 55.7221205], [36.6109756, 55.7221238], [36.6109663, 55.7222283], [36.6108495, 55.722225]]]}}, {"type": "Feature", "id": "way/1342821792", "properties": {"@id": "way/1342821792", "addr:place": "СНТ \"Урожайное\"", "building": "allotment_house", "is_living": false}, "geometry": {"type": "Polygon", "coordinates": [[[36.6104928, 55.7226706], [36.6105017, 55.7225698], [36.610651, 55.722574], [36.6106421, 55.7226748], [36.6104928, 55.7226706]]]}}, {"type": "Feature", "id": "way/1342821793", "properties": {"@id": "way/1342821793", "addr:place": "СНТ \"Урожайное\"", "building": "allotment_house", "is_living": false}, "geometry": {"type": "Polygon", "coordinates": [[[36.6101199, 55.7221616], [36.6101274, 55.7220768], [36.6102943, 55.7220815], [36.6102868, 55.7221662], [36.6101199, 55.7221616]]]}}, {"type": "Feature", "id": "way/1342821794", "properties": {"@id": "way/1342821794", "addr:place": "СНТ \"Урожайное\"", "building": "allotment_house", "is_living": false}, "geometry": {"type": "Polygon", "coordinates": [[[36.609723, 55.7222054], [36.6097312, 55.7221119], [36.6098329, 55.7221147], [36.6098247, 55.7222082], [36.609723, 55.7222054]]]}}, {"type": "Feature", "id": "way/1342821795", "properties": {"@id": "way/1342821795", "addr:place": "СНТ \"Урожайное\"", "building": "allotment_house", "is_living": false}, "geometry": {"type": "Polygon", "coordinates": [[[36.6092724, 55.7226495], [36.609284, 55.7225179], [36.6094521, 55.7225226], [36.6094404, 55.7226542], [36.6092724, 55.7226495]]]}}, {"type": "Feature", "id": "way/1342821796", "properties": {"@id": "way/1342821796", "addr:place": "СНТ \"Урожайное\"", "building": "allotment_house", "is_living": false}, "geometry": {"type": "Polygon", "coordinates": [[[36.6083041, 55.7225785], [36.6083119, 55.7224895], [36.6084704, 55.7224939], [36.6084625, 55.7225829], [36.6083041, 55.7225785]]]}}, {"type": "Feature", "id": "way/1342821797", "properties": {"@id": "way/1342821797", "addr:place": "СНТ \"Урожайное\"", "building": "allotment_house", "is_living": false}, "geometry": {"type": "Polygon", "coordinates": [[[36.6079098, 55.7225679], [36.6079164, 55.7224933], [36.6080466, 55.7224969], [36.60804, 55.7225716], [36.6079098, 55.7225679]]]}}, {"type": "Feature", "id": "way/1342821798", "properties": {"@id": "way/1342821798", "addr:housenumber": "388", "addr:place": "СНТ \"Урожайное\"", "building": "allotment_house", "source:addr": "ЕГРН", "is_living": false}, "geometry": {"type": "Polygon", "coordinates": [[[36.6075262, 55.7225966], [36.6075316, 55.7225355], [36.607663, 55.7225392], [36.6076576, 55.7226003], [36.6075262, 55.7225966]]]}}, {"type": "Feature", "id": "way/1342821799", "properties": {"@id": "way/1342821799", "addr:place": "СНТ \"Урожайное\"", "building": "allotment_house", "is_living": false}, "geometry": {"type": "Polygon", "coordinates": [[[36.6071212, 55.7224244], [36.607128, 55.7223479], [36.6072714, 55.7223519], [36.6072647, 55.7224284], [36.6071212, 55.7224244]]]}}, {"type": "Feature", "id": "way/1342821800", "properties": {"@id": "way/1342821800", "addr:place": "СНТ \"Урожайное\"", "building": "allotment_house", "is_living": false}, "geometry": {"type": "Polygon", "coordinates": [[[36.6067886, 55.7224909], [36.6067941, 55.7224294], [36.6069925, 55.722435], [36.6069871, 55.7224964], [36.6067886, 55.7224909]]]}}, {"type": "Feature", "id": "way/1342821801", "properties": {"@id": "way/1342821801", "addr:place": "СНТ \"Урожайное\"", "building": "allotment_house", "is_living": false}, "geometry": {"type": "Polygon", "coordinates": [[[36.6078213, 55.7221117], [36.6078287, 55.7220282], [36.60795, 55.7220316], [36.6079427, 55.7221151], [36.6078213, 55.7221117]]]}}, {"type": "Feature", "id": "way/1342821802", "properties": {"@id": "way/1342821802", "addr:place": "СНТ \"Урожайное\"", "building": "allotment_house", "is_living": false}, "geometry": {"type": "Polygon", "coordinates": [[[36.6075423, 55.7221057], [36.6075489, 55.7220316], [36.6077113, 55.7220362], [36.6077048, 55.7221102], [36.6075423, 55.7221057]]]}}, {"type": "Feature", "id": "way/1342821803", "properties": {"@id": "way/1342821803", "addr:place": "СНТ \"Урожайное\"", "building": "allotment_house", "is_living": false}, "geometry": {"type": "Polygon", "coordinates": [[[36.6068724, 55.7220774], [36.6068787, 55.7220057], [36.6070129, 55.7220095], [36.6070066, 55.7220811], [36.6068724, 55.7220774]]]}}, {"type": "Feature", "id": "way/1342821804", "properties": {"@id": "way/1342821804", "addr:place": "СНТ \"Урожайное\"", "building": "allotment_house", "is_living": false}, "geometry": {"type": "Polygon", "coordinates": [[[36.6104525, 55.7217416], [36.6104767, 55.7216102], [36.6106472, 55.7216201], [36.610623, 55.7217515], [36.6104525, 55.7217416]]]}}, {"type": "Feature", "id": "way/1342821805", "properties": {"@id": "way/1342821805", "addr:place": "СНТ \"Урожайное\"", "building": "allotment_house", "is_living": false}, "geometry": {"type": "Polygon", "coordinates": [[[36.608921, 55.7218262], [36.6087547, 55.721799], [36.6087967, 55.7217175], [36.608963, 55.7217447], [36.608921, 55.7218262]]]}}, {"type": "Feature", "id": "way/1342821806", "properties": {"@id": "way/1342821806", "addr:place": "СНТ \"Урожайное\"", "building": "allotment_house", "is_living": false}, "geometry": {"type": "Polygon", "coordinates": [[[36.6085026, 55.7217507], [36.6083417, 55.7216927], [36.6084355, 55.7216102], [36.6085963, 55.7216682], [36.6085026, 55.7217507]]]}}, {"type": "Feature", "id": "way/1342821807", "properties": {"@id": "way/1342821807", "addr:place": "СНТ \"Урожайное\"", "building": "allotment_house", "is_living": false}, "geometry": {"type": "Polygon", "coordinates": [[[36.6078025, 55.7218186], [36.6078442, 55.7217512], [36.6079675, 55.7217754], [36.6079259, 55.7218428], [36.6078025, 55.7218186]]]}}, {"type": "Feature", "id": "way/1342821808", "properties": {"@id": "way/1342821808", "addr:place": "СНТ \"Урожайное\"", "building": "allotment_house", "is_living": false}, "geometry": {"type": "Polygon", "coordinates": [[[36.6075531, 55.7217189], [36.6074291, 55.7216742], [36.6074967, 55.7216147], [36.6076207, 55.7216594], [36.6075531, 55.7217189]]]}}, {"type": "Feature", "id": "way/1342821809", "properties": {"@id": "way/1342821809", "addr:place": "СНТ \"Урожайное\"", "building": "allotment_house", "is_living": false}, "geometry": {"type": "Polygon", "coordinates": [[[36.6074404, 55.721518], [36.6073502, 55.7214855], [36.6074163, 55.7214274], [36.6075065, 55.7214599], [36.6074404, 55.721518]]]}}, {"type": "Feature", "id": "way/1342821810", "properties": {"@id": "way/1342821810", "addr:place": "СНТ \"Урожайное\"", "building": "allotment_house", "is_living": false}, "geometry": {"type": "Polygon", "coordinates": [[[36.6070756, 55.7214017], [36.6069627, 55.721361], [36.6070434, 55.7212899], [36.6071564, 55.7213306], [36.6070756, 55.7214017]]]}}, {"type": "Feature", "id": "way/1342821811", "properties": {"@id": "way/1342821811", "addr:place": "СНТ \"Урожайное\"", "building": "allotment_house", "is_living": false}, "geometry": {"type": "Polygon", "coordinates": [[[36.6071749, 55.721657], [36.607027, 55.7216037], [36.6071159, 55.7215256], [36.6072637, 55.7215789], [36.6071749, 55.721657]]]}}, {"type": "Feature", "id": "way/1342821812", "properties": {"@id": "way/1342821812", "addr:place": "СНТ \"Урожайное\"", "building": "allotment_house", "is_living": false}, "geometry": {"type": "Polygon", "coordinates": [[[36.6068959, 55.7215377], [36.6067315, 55.7214784], [36.6068101, 55.7214092], [36.6069745, 55.7214685], [36.6068959, 55.7215377]]]}}, {"type": "Feature", "id": "way/1342821813", "properties": {"@id": "way/1342821813", "addr:place": "СНТ \"Урожайное\"", "building": "allotment_house", "is_living": false}, "geometry": {"type": "Polygon", "coordinates": [[[36.6063997, 55.7215739], [36.606243, 55.7215174], [36.6063058, 55.7214621], [36.6064626, 55.7215186], [36.6063997, 55.7215739]]]}}, {"type": "Feature", "id": "way/1342821814", "properties": {"@id": "way/1342821814", "addr:place": "СНТ \"Урожайное\"", "building": "allotment_house", "is_living": false}, "geometry": {"type": "Polygon", "coordinates": [[[36.606845, 55.7211192], [36.6067265, 55.7210765], [36.6067913, 55.7210195], [36.6069098, 55.7210622], [36.606845, 55.7211192]]]}}, {"type": "Feature", "id": "way/1342821815", "properties": {"@id": "way/1342821815", "addr:place": "СНТ \"Урожайное\"", "building": "allotment_house", "is_living": false}, "geometry": {"type": "Polygon", "coordinates": [[[36.606499, 55.7209999], [36.6064059, 55.7209663], [36.6064829, 55.7208986], [36.6065759, 55.7209322], [36.606499, 55.7209999]]]}}, {"type": "Feature", "id": "way/1342821816", "properties": {"@id": "way/1342821816", "addr:place": "СНТ \"Урожайное\"", "building": "allotment_house", "is_living": false}, "geometry": {"type": "Polygon", "coordinates": [[[36.6061717, 55.721237], [36.606007, 55.7211776], [36.6060752, 55.7211177], [36.6062399, 55.7211771], [36.6061717, 55.721237]]]}}, {"type": "Feature", "id": "way/1342821817", "properties": {"@id": "way/1342821817", "addr:place": "СНТ \"Урожайное\"", "building": "allotment_house", "is_living": false}, "geometry": {"type": "Polygon", "coordinates": [[[36.6059384, 55.720808], [36.6058273, 55.7207679], [36.6059089, 55.7206962], [36.6060199, 55.7207363], [36.6059384, 55.720808]]]}}, {"type": "Feature", "id": "way/1342821818", "properties": {"@id": "way/1342821818", "addr:place": "СНТ \"Урожайное\"", "building": "allotment_house", "is_living": false}, "geometry": {"type": "Polygon", "coordinates": [[[36.6053322, 55.7211268], [36.6052174, 55.7210854], [36.6052785, 55.7210316], [36.6053933, 55.721073], [36.6053322, 55.7211268]]]}}, {"type": "Feature", "id": "way/1342821819", "properties": {"@id": "way/1342821819", "addr:place": "СНТ \"Урожайное\"", "building": "allotment_house", "is_living": false}, "geometry": {"type": "Polygon", "coordinates": [[[36.6051444, 55.7210875], [36.6049959, 55.7210339], [36.6050827, 55.7209576], [36.6052313, 55.7210111], [36.6051444, 55.7210875]]]}}, {"type": "Feature", "id": "way/1342821820", "properties": {"@id": "way/1342821820", "addr:place": "СНТ \"Урожайное\"", "building": "allotment_house", "is_living": false}, "geometry": {"type": "Polygon", "coordinates": [[[36.6046, 55.7207234], [36.604509, 55.7206906], [36.6045919, 55.7206176], [36.6046829, 55.7206505], [36.6046, 55.7207234]]]}}, {"type": "Feature", "id": "way/1342821821", "properties": {"@id": "way/1342821821", "addr:place": "СНТ \"Урожайное\"", "building": "allotment_house", "is_living": false}, "geometry": {"type": "Polygon", "coordinates": [[[36.6047904, 55.7209938], [36.6046319, 55.7209367], [36.6047421, 55.7208397], [36.6049006, 55.7208969], [36.6047904, 55.7209938]]]}}, {"type": "Feature", "id": "way/1342821822", "properties": {"@id": "way/1342821822", "addr:housenumber": "329", "addr:place": "СНТ \"Урожайное\"", "building": "allotment_house", "source:addr": "ЕГРН", "is_living": false}, "geometry": {"type": "Polygon", "coordinates": [[[36.6055173, 55.7206841], [36.6053749, 55.7206328], [36.6054556, 55.7205618], [36.605598, 55.7206131], [36.6055173, 55.7206841]]]}}, {"type": "Feature", "id": "way/1342821823", "properties": {"@id": "way/1342821823", "addr:place": "СНТ \"Урожайное\"", "building": "allotment_house", "is_living": false}, "geometry": {"type": "Polygon", "coordinates": [[[36.6048172, 55.7205285], [36.6045946, 55.7204636], [36.6046814, 55.7203691], [36.6049041, 55.7204341], [36.6048172, 55.7205285]]]}}, {"type": "Feature", "id": "way/1342821824", "properties": {"@id": "way/1342821824", "addr:place": "СНТ \"Урожайное\"", "building": "allotment_house", "is_living": false}, "geometry": {"type": "Polygon", "coordinates": [[[36.6039616, 55.72074], [36.6040107, 55.7206549], [36.6042172, 55.7206926], [36.6041681, 55.7207778], [36.6039616, 55.72074]]]}}, {"type": "Feature", "id": "way/1342821825", "properties": {"@id": "way/1342821825", "addr:place": "СНТ \"Урожайное\"", "building": "allotment_house", "is_living": false}, "geometry": {"type": "Polygon", "coordinates": [[[36.6042083, 55.7202959], [36.6041601, 55.7201916], [36.6043043, 55.7201704], [36.6043526, 55.7202747], [36.6042083, 55.7202959]]]}}, {"type": "Feature", "id": "way/1342821826", "properties": {"@id": "way/1342821826", "addr:place": "СНТ \"Урожайное\"", "building": "allotment_house", "is_living": false}, "geometry": {"type": "Polygon", "coordinates": [[[36.6032696, 55.7204983], [36.6032429, 55.7204096], [36.6034173, 55.720393], [36.6034439, 55.7204817], [36.6032696, 55.7204983]]]}}, {"type": "Feature", "id": "way/1342821827", "properties": {"@id": "way/1342821827", "addr:place": "СНТ \"Урожайное\"", "building": "allotment_house", "is_living": false}, "geometry": {"type": "Polygon", "coordinates": [[[36.6029584, 55.7205527], [36.6029182, 55.7204454], [36.6030702, 55.7204273], [36.6031105, 55.7205346], [36.6029584, 55.7205527]]]}}, {"type": "Feature", "id": "way/1342821828", "properties": {"@id": "way/1342821828", "addr:place": "СНТ \"Урожайное\"", "building": "allotment_house", "is_living": false}, "geometry": {"type": "Polygon", "coordinates": [[[36.6046268, 55.7194091], [36.604512, 55.7193677], [36.6045731, 55.7193139], [36.6046879, 55.7193553], [36.6046268, 55.7194091]]]}}, {"type": "Feature", "id": "way/1342821829", "properties": {"@id": "way/1342821829", "addr:housenumber": "324", "addr:place": "СНТ \"Урожайное\"", "building": "allotment_house", "source:addr": "ЕГРН", "is_living": false}, "geometry": {"type": "Polygon", "coordinates": [[[36.6048092, 55.7201101], [36.6046674, 55.7200589], [36.6047502, 55.7199862], [36.6048919, 55.7200373], [36.6048092, 55.7201101]]]}}, {"type": "Feature", "id": "way/1342821830", "properties": {"@id": "way/1342821830", "addr:housenumber": "326", "addr:place": "СНТ \"Урожайное\"", "building": "allotment_house", "source:addr": "ЕГРН", "is_living": false}, "geometry": {"type": "Polygon", "coordinates": [[[36.6053402, 55.7201765], [36.6051773, 55.7201177], [36.6052839, 55.7200239], [36.6054469, 55.7200827], [36.6053402, 55.7201765]]]}}, {"type": "Feature", "id": "way/1342821831", "properties": {"@id": "way/1342821831", "addr:place": "СНТ \"Урожайное\"", "building": "allotment_house", "is_living": false}, "geometry": {"type": "Polygon", "coordinates": [[[36.605072, 55.7198079], [36.6049527, 55.7197649], [36.6050291, 55.7196976], [36.6051485, 55.7197407], [36.605072, 55.7198079]]]}}, {"type": "Feature", "id": "way/1342821832", "properties": {"@id": "way/1342821832", "addr:place": "СНТ \"Урожайное\"", "building": "allotment_house", "is_living": false}, "geometry": {"type": "Polygon", "coordinates": [[[36.6058794, 55.719894], [36.6057721, 55.7198553], [36.6058552, 55.7197822], [36.6059625, 55.7198209], [36.6058794, 55.719894]]]}}, {"type": "Feature", "id": "way/1342821833", "properties": {"@id": "way/1342821833", "addr:place": "СНТ \"Урожайное\"", "building": "allotment_house", "is_living": false}, "geometry": {"type": "Polygon", "coordinates": [[[36.6059008, 55.7205285], [36.6057484, 55.7204735], [36.6058284, 55.7204031], [36.6059809, 55.7204581], [36.6059008, 55.7205285]]]}}, {"type": "Feature", "id": "way/1342821834", "properties": {"@id": "way/1342821834", "addr:place": "СНТ \"Урожайное\"", "building": "allotment_house", "is_living": false}, "geometry": {"type": "Polygon", "coordinates": [[[36.6060671, 55.7201599], [36.60595, 55.7201176], [36.6060805, 55.7200028], [36.6061977, 55.720045], [36.6060671, 55.7201599]]]}}, {"type": "Feature", "id": "way/1342821835", "properties": {"@id": "way/1342821835", "addr:place": "СНТ \"Урожайное\"", "building": "allotment_house", "is_living": false}, "geometry": {"type": "Polygon", "coordinates": [[[36.6065204, 55.7207143], [36.6063649, 55.7206582], [36.6064694, 55.7205663], [36.606625, 55.7206224], [36.6065204, 55.7207143]]]}}, {"type": "Feature", "id": "way/1342821836", "properties": {"@id": "way/1342821836", "addr:place": "СНТ \"Урожайное\"", "building": "allotment_house", "is_living": false}, "geometry": {"type": "Polygon", "coordinates": [[[36.6068637, 55.7208443], [36.6067216, 55.720793], [36.6068128, 55.7207128], [36.6069549, 55.7207641], [36.6068637, 55.7208443]]]}}, {"type": "Feature", "id": "way/1342821837", "properties": {"@id": "way/1342821837", "addr:place": "СНТ \"Урожайное\"", "building": "allotment_house", "is_living": false}, "geometry": {"type": "Polygon", "coordinates": [[[36.607199, 55.7203774], [36.6070411, 55.7203205], [36.607148, 55.7202264], [36.607306, 55.7202833], [36.607199, 55.7203774]]]}}, {"type": "Feature", "id": "way/1342821838", "properties": {"@id": "way/1342821838", "addr:place": "СНТ \"Урожайное\"", "building": "allotment_house", "is_living": false}, "geometry": {"type": "Polygon", "coordinates": [[[36.6075101, 55.7204923], [36.6073703, 55.7204418], [36.6074538, 55.7203684], [36.6075936, 55.7204188], [36.6075101, 55.7204923]]]}}, {"type": "Feature", "id": "way/1342821839", "properties": {"@id": "way/1342821839", "addr:place": "СНТ \"Урожайное\"", "building": "allotment_house", "is_living": false}, "geometry": {"type": "Polygon", "coordinates": [[[36.6078266, 55.7205889], [36.6077284, 55.7205535], [36.6078186, 55.7204741], [36.6079169, 55.7205096], [36.6078266, 55.7205889]]]}}, {"type": "Feature", "id": "way/1342821840", "properties": {"@id": "way/1342821840", "addr:place": "СНТ \"Урожайное\"", "building": "allotment_house", "is_living": false}, "geometry": {"type": "Polygon", "coordinates": [[[36.6074753, 55.7210603], [36.6072965, 55.7209958], [36.607376, 55.7209258], [36.6075548, 55.7209903], [36.6074753, 55.7210603]]]}}, {"type": "Feature", "id": "way/1342821841", "properties": {"@id": "way/1342821841", "addr:place": "СНТ \"Урожайное\"", "building": "allotment_house", "is_living": false}, "geometry": {"type": "Polygon", "coordinates": [[[36.607832, 55.7211796], [36.60769, 55.7211284], [36.6077864, 55.7210437], [36.6079284, 55.7210949], [36.607832, 55.7211796]]]}}, {"type": "Feature", "id": "way/1342821842", "properties": {"@id": "way/1342821842", "addr:place": "СНТ \"Урожайное\"", "building": "allotment_house", "is_living": false}, "geometry": {"type": "Polygon", "coordinates": [[[36.6081163, 55.7212733], [36.6079437, 55.721211], [36.6080412, 55.7211252], [36.6082139, 55.7211875], [36.6081163, 55.7212733]]]}}, {"type": "Feature", "id": "way/1342821843", "properties": {"@id": "way/1342821843", "addr:place": "СНТ \"Урожайное\"", "building": "allotment_house", "is_living": false}, "geometry": {"type": "Polygon", "coordinates": [[[36.6085052, 55.7208548], [36.60835, 55.7207989], [36.6084221, 55.7207355], [36.6085773, 55.7207915], [36.6085052, 55.7208548]]]}}, {"type": "Feature", "id": "way/1342821844", "properties": {"@id": "way/1342821844", "addr:place": "СНТ \"Урожайное\"", "building": "allotment_house", "is_living": false}, "geometry": {"type": "Polygon", "coordinates": [[[36.6087332, 55.7209576], [36.6086233, 55.7209179], [36.6086796, 55.7208684], [36.6087895, 55.7209081], [36.6087332, 55.7209576]]]}}, {"type": "Feature", "id": "way/1342821845", "properties": {"@id": "way/1342821845", "addr:place": "СНТ \"Урожайное\"", "building": "allotment_house", "is_living": false}, "geometry": {"type": "Polygon", "coordinates": [[[36.6090068, 55.7211343], [36.6088733, 55.7210862], [36.60898, 55.7209923], [36.6091135, 55.7210405], [36.6090068, 55.7211343]]]}}, {"type": "Feature", "id": "way/1342821846", "properties": {"@id": "way/1342821846", "addr:place": "СНТ \"Урожайное\"", "building": "allotment_house", "is_living": false}, "geometry": {"type": "Polygon", "coordinates": [[[36.608516, 55.7213926], [36.6083729, 55.721341], [36.6084516, 55.7212718], [36.6085947, 55.7213234], [36.608516, 55.7213926]]]}}, {"type": "Feature", "id": "way/1342821847", "properties": {"@id": "way/1342821847", "addr:housenumber": "348", "addr:place": "СНТ \"Урожайное\"", "building": "allotment_house", "source:addr": "ЕГРН", "is_living": false}, "geometry": {"type": "Polygon", "coordinates": [[[36.6087922, 55.7215301], [36.6085927, 55.7214581], [36.6086689, 55.7213911], [36.6088684, 55.7214631], [36.6087922, 55.7215301]]]}}, {"type": "Feature", "id": "way/1342821848", "properties": {"@id": "way/1342821848", "addr:place": "СНТ \"Урожайное\"", "building": "allotment_house", "is_living": false}, "geometry": {"type": "Polygon", "coordinates": [[[36.6091785, 55.7212944], [36.6090697, 55.7212552], [36.6091436, 55.7211902], [36.6092524, 55.7212294], [36.6091785, 55.7212944]]]}}, {"type": "Feature", "id": "way/1342821849", "properties": {"@id": "way/1342821849", "addr:place": "СНТ \"Урожайное\"", "building": "allotment_house", "is_living": false}, "geometry": {"type": "Polygon", "coordinates": [[[36.609334, 55.7214893], [36.6091893, 55.7214371], [36.6092777, 55.7213594], [36.6094224, 55.7214116], [36.609334, 55.7214893]]]}}, {"type": "Feature", "id": "way/1342821850", "properties": {"@id": "way/1342821850", "addr:housenumber": "291", "addr:place": "СНТ \"Урожайное\"", "building": "allotment_house", "is_living": false}, "geometry": {"type": "Polygon", "coordinates": [[[36.609672, 55.7212703], [36.6095124, 55.7212127], [36.609605, 55.7211313], [36.6097646, 55.7211888], [36.609672, 55.7212703]]]}}, {"type": "Feature", "id": "way/1342821851", "properties": {"@id": "way/1342821851", "addr:place": "СНТ \"Урожайное\"", "building": "allotment_house", "is_living": false}, "geometry": {"type": "Polygon", "coordinates": [[[36.6101146, 55.7214334], [36.6099543, 55.7213756], [36.6100448, 55.7212959], [36.6102051, 55.7213538], [36.6101146, 55.7214334]]]}}, {"type": "Feature", "id": "way/1342821852", "properties": {"@id": "way/1342821852", "addr:place": "СНТ \"Урожайное\"", "building": "allotment_house", "is_living": false}, "geometry": {"type": "Polygon", "coordinates": [[[36.6044766, 55.7190556], [36.604505, 55.7189754], [36.6046257, 55.718989], [36.6045973, 55.7190692], [36.6044766, 55.7190556]]]}}, {"type": "Feature", "id": "way/1342821853", "properties": {"@id": "way/1342821853", "addr:place": "СНТ \"Урожайное\"", "building": "allotment_house", "is_living": false}, "geometry": {"type": "Polygon", "coordinates": [[[36.6048628, 55.7186416], [36.6047145, 55.7185881], [36.6047877, 55.7185238], [36.604936, 55.7185772], [36.6048628, 55.7186416]]]}}, {"type": "Feature", "id": "way/1342821854", "properties": {"@id": "way/1342821854", "addr:place": "СНТ \"Урожайное\"", "building": "allotment_house", "is_living": false}, "geometry": {"type": "Polygon", "coordinates": [[[36.605072, 55.7193124], [36.6049989, 55.719286], [36.6050479, 55.7192429], [36.605121, 55.7192693], [36.605072, 55.7193124]]]}}, {"type": "Feature", "id": "way/1342821855", "properties": {"@id": "way/1342821855", "addr:place": "СНТ \"Урожайное\"", "building": "allotment_house", "is_living": false}, "geometry": {"type": "Polygon", "coordinates": [[[36.6048789, 55.7190752], [36.6047704, 55.7190361], [36.6048548, 55.7189619], [36.6049632, 55.719001], [36.6048789, 55.7190752]]]}}, {"type": "Feature", "id": "way/1342821856", "properties": {"@id": "way/1342821856", "addr:place": "СНТ \"Урожайное\"", "building": "allotment_house", "is_living": false}, "geometry": {"type": "Polygon", "coordinates": [[[36.6051176, 55.7188229], [36.604944, 55.7187603], [36.6050291, 55.7186854], [36.6052027, 55.718748], [36.6051176, 55.7188229]]]}}, {"type": "Feature", "id": "way/1342821857", "properties": {"@id": "way/1342821857", "addr:place": "СНТ \"Урожайное\"", "building": "allotment_house", "is_living": false}, "geometry": {"type": "Polygon", "coordinates": [[[36.605249, 55.7189966], [36.605111, 55.7189468], [36.605233, 55.7188395], [36.605371, 55.7188893], [36.605249, 55.7189966]]]}}, {"type": "Feature", "id": "way/1342821858", "properties": {"@id": "way/1342821858", "addr:place": "СНТ \"Урожайное\"", "building": "allotment_house", "is_living": false}, "geometry": {"type": "Polygon", "coordinates": [[[36.6057399, 55.7189755], [36.6056093, 55.7189284], [36.6056862, 55.7188607], [36.6058169, 55.7189078], [36.6057399, 55.7189755]]]}}, {"type": "Feature", "id": "way/1342821859", "properties": {"@id": "way/1342821859", "addr:housenumber": "272", "addr:place": "СНТ \"Урожайное\"", "building": "allotment_house", "source:addr": "ЕГРН", "is_living": false}, "geometry": {"type": "Polygon", "coordinates": [[[36.6058284, 55.7195979], [36.6057488, 55.7195692], [36.6058123, 55.7195133], [36.6058919, 55.719542], [36.6058284, 55.7195979]]]}}, {"type": "Feature", "id": "way/1342821860", "properties": {"@id": "way/1342821860", "addr:place": "СНТ \"Урожайное\"", "building": "allotment_house", "is_living": false}, "geometry": {"type": "Polygon", "coordinates": [[[36.6055065, 55.7194348], [36.6053637, 55.7193833], [36.6054529, 55.7193048], [36.6055957, 55.7193563], [36.6055065, 55.7194348]]]}}, {"type": "Feature", "id": "way/1342821861", "properties": {"@id": "way/1342821861", "addr:place": "СНТ \"Урожайное\"", "building": "allotment_house", "is_living": false}, "geometry": {"type": "Polygon", "coordinates": [[[36.6058901, 55.7192429], [36.6057269, 55.719184], [36.6058043, 55.719116], [36.6059675, 55.7191748], [36.6058901, 55.7192429]]]}}, {"type": "Feature", "id": "way/1342821862", "properties": {"@id": "way/1342821862", "addr:place": "СНТ \"Урожайное\"", "building": "allotment_house", "is_living": false}, "geometry": {"type": "Polygon", "coordinates": [[[36.6062683, 55.7192761], [36.6061317, 55.7192269], [36.60622, 55.7191492], [36.6063566, 55.7191985], [36.6062683, 55.7192761]]]}}, {"type": "Feature", "id": "way/1342821863", "properties": {"@id": "way/1342821863", "addr:place": "СНТ \"Урожайное\"", "building": "allotment_house", "is_living": false}, "geometry": {"type": "Polygon", "coordinates": [[[36.6069952, 55.7194861], [36.6068488, 55.7194333], [36.6069227, 55.7193683], [36.6070691, 55.7194211], [36.6069952, 55.7194861]]]}}, {"type": "Feature", "id": "way/1342821864", "properties": {"@id": "way/1342821864", "addr:place": "СНТ \"Урожайное\"", "building": "allotment_house", "is_living": false}, "geometry": {"type": "Polygon", "coordinates": [[[36.6068181, 55.7199378], [36.6066651, 55.7198826], [36.6067672, 55.7197928], [36.6069203, 55.719848], [36.6068181, 55.7199378]]]}}, {"type": "Feature", "id": "way/1342821865", "properties": {"@id": "way/1342821865", "addr:place": "СНТ \"Урожайное\"", "building": "allotment_house", "is_living": false}, "geometry": {"type": "Polygon", "coordinates": [[[36.6070864, 55.7200451], [36.606919, 55.7199847], [36.6070032, 55.7199106], [36.6071706, 55.719971], [36.6070864, 55.7200451]]]}}, {"type": "Feature", "id": "way/1342821866", "properties": {"@id": "way/1342821866", "addr:housenumber": "207", "addr:place": "СНТ \"Урожайное\"", "building": "allotment_house", "source:addr": "ЕГРН", "is_living": false}, "geometry": {"type": "Polygon", "coordinates": [[[36.6073492, 55.7197112], [36.6072363, 55.7196705], [36.6073412, 55.7195783], [36.6074541, 55.719619], [36.6073492, 55.7197112]]]}}, {"type": "Feature", "id": "way/1342821867", "properties": {"@id": "way/1342821867", "addr:place": "СНТ \"Урожайное\"", "building": "allotment_house", "is_living": false}, "geometry": {"type": "Polygon", "coordinates": [[[36.6076899, 55.7198593], [36.607491, 55.7197876], [36.6075933, 55.7196976], [36.6077921, 55.7197693], [36.6076899, 55.7198593]]]}}, {"type": "Feature", "id": "way/1342821868", "properties": {"@id": "way/1342821868", "addr:place": "СНТ \"Урожайное\"", "building": "allotment_house", "is_living": false}, "geometry": {"type": "Polygon", "coordinates": [[[36.6080976, 55.7197988], [36.6079709, 55.7197532], [36.6080546, 55.7196795], [36.6081813, 55.7197252], [36.6080976, 55.7197988]]]}}, {"type": "Feature", "id": "way/1342821869", "properties": {"@id": "way/1342821869", "addr:place": "СНТ \"Урожайное\"", "building": "allotment_house", "is_living": false}, "geometry": {"type": "Polygon", "coordinates": [[[36.6078669, 55.7202868], [36.6077911, 55.7202595], [36.6078562, 55.7202022], [36.607932, 55.7202296], [36.6078669, 55.7202868]]]}}, {"type": "Feature", "id": "way/1342821870", "properties": {"@id": "way/1342821870", "addr:place": "СНТ \"Урожайное\"", "building": "allotment_house", "is_living": false}, "geometry": {"type": "Polygon", "coordinates": [[[36.6076228, 55.7200134], [36.6075364, 55.7199822], [36.607604, 55.7199227], [36.6076904, 55.7199539], [36.6076228, 55.7200134]]]}}, {"type": "Feature", "id": "way/1342821871", "properties": {"@id": "way/1342821871", "addr:place": "СНТ \"Урожайное\"", "building": "allotment_house", "is_living": false}, "geometry": {"type": "Polygon", "coordinates": [[[36.6082853, 55.7200678], [36.6081168, 55.720007], [36.6082263, 55.7199106], [36.6083948, 55.7199714], [36.6082853, 55.7200678]]]}}, {"type": "Feature", "id": "way/1342821872", "properties": {"@id": "way/1342821872", "addr:place": "СНТ \"Урожайное\"", "building": "allotment_house", "is_living": false}, "geometry": {"type": "Polygon", "coordinates": [[[36.608744, 55.7200889], [36.6085635, 55.7200238], [36.6086715, 55.7199288], [36.608852, 55.7199939], [36.608744, 55.7200889]]]}}, {"type": "Feature", "id": "way/1342821873", "properties": {"@id": "way/1342821873", "addr:place": "СНТ \"Урожайное\"", "building": "allotment_house", "is_living": false}, "geometry": {"type": "Polygon", "coordinates": [[[36.6088647, 55.7202883], [36.608697, 55.7202278], [36.6087708, 55.7201629], [36.6089385, 55.7202234], [36.6088647, 55.7202883]]]}}, {"type": "Feature", "id": "way/1342821874", "properties": {"@id": "way/1342821874", "addr:place": "СНТ \"Урожайное\"", "building": "allotment_house", "is_living": false}, "geometry": {"type": "Polygon", "coordinates": [[[36.6100126, 55.7206554], [36.6099169, 55.7206209], [36.6099858, 55.7205602], [36.6100816, 55.7205948], [36.6100126, 55.7206554]]]}}, {"type": "Feature", "id": "way/1342821875", "properties": {"@id": "way/1342821875", "addr:place": "СНТ \"Урожайное\"", "building": "allotment_house", "is_living": false}, "geometry": {"type": "Polygon", "coordinates": [[[36.6099188, 55.7207868], [36.6098057, 55.7207461], [36.6098812, 55.7206796], [36.6099943, 55.7207204], [36.6099188, 55.7207868]]]}}, {"type": "Feature", "id": "way/1342821876", "properties": {"@id": "way/1342821876", "addr:place": "СНТ \"Урожайное\"", "building": "allotment_house", "is_living": false}, "geometry": {"type": "Polygon", "coordinates": [[[36.6094923, 55.7208473], [36.6094137, 55.7208189], [36.6094896, 55.7207521], [36.6095683, 55.7207805], [36.6094923, 55.7208473]]]}}, {"type": "Feature", "id": "way/1342821877", "properties": {"@id": "way/1342821877", "addr:place": "СНТ \"Урожайное\"", "building": "allotment_house", "is_living": false}, "geometry": {"type": "Polygon", "coordinates": [[[36.6091946, 55.7207385], [36.6090235, 55.7206768], [36.6091114, 55.7205995], [36.6092825, 55.7206612], [36.6091946, 55.7207385]]]}}, {"type": "Feature", "id": "way/1342821878", "properties": {"@id": "way/1342821878", "addr:housenumber": "221", "addr:place": "СНТ \"Урожайное\"", "building": "allotment_house", "source:addr": "ЕГРН", "is_living": false}, "geometry": {"type": "Polygon", "coordinates": [[[36.609712, 55.7204181], [36.609628, 55.7203878], [36.6096604, 55.7203592], [36.6095845, 55.7203319], [36.6096666, 55.7202596], [36.6098266, 55.7203173], [36.609712, 55.7204181]]]}}, {"type": "Feature", "id": "way/1342821879", "properties": {"@id": "way/1342821879", "addr:housenumber": "161", "addr:place": "СНТ \"Урожайное\"", "building": "allotment_house", "source:addr": "ЕГРН", "is_living": false}, "geometry": {"type": "Polygon", "coordinates": [[[36.609157, 55.7188576], [36.6090051, 55.7188029], [36.6090819, 55.7187353], [36.6092338, 55.7187901], [36.609157, 55.7188576]]]}}, {"type": "Feature", "id": "way/1342821880", "properties": {"@id": "way/1342821880", "addr:place": "СНТ \"Урожайное\"", "building": "allotment_house", "is_living": false}, "geometry": {"type": "Polygon", "coordinates": [[[36.6086662, 55.7185389], [36.6085506, 55.7184972], [36.6086286, 55.7184286], [36.6087442, 55.7184703], [36.6086662, 55.7185389]]]}}, {"type": "Feature", "id": "way/1342821881", "properties": {"@id": "way/1342821881", "addr:place": "СНТ \"Урожайное\"", "building": "allotment_house", "is_living": false}, "geometry": {"type": "Polygon", "coordinates": [[[36.6083792, 55.7187413], [36.6082642, 55.7186999], [36.6083631, 55.7186129], [36.608478, 55.7186544], [36.6083792, 55.7187413]]]}}, {"type": "Feature", "id": "way/1342821882", "properties": {"@id": "way/1342821882", "addr:place": "СНТ \"Урожайное\"", "building": "allotment_house", "is_living": false}, "geometry": {"type": "Polygon", "coordinates": [[[36.6078588, 55.718554], [36.6076807, 55.7184897], [36.6077623, 55.718418], [36.6078626, 55.7184542], [36.6079207, 55.718403], [36.6079985, 55.7184311], [36.6078588, 55.718554]]]}}, {"type": "Feature", "id": "way/1342821883", "properties": {"@id": "way/1342821883", "addr:housenumber": "220", "addr:place": "СНТ \"Урожайное\"", "building": "allotment_house", "source:addr": "ЕГРН", "is_living": false}, "geometry": {"type": "Polygon", "coordinates": [[[36.6098356, 55.7201282], [36.6096689, 55.7200681], [36.6097552, 55.7199922], [36.6099218, 55.7200523], [36.6098356, 55.7201282]]]}}, {"type": "Feature", "id": "way/1342821884", "properties": {"@id": "way/1342821884", "addr:place": "СНТ \"Урожайное\"", "building": "allotment_house", "is_living": false}, "geometry": {"type": "Polygon", "coordinates": [[[36.6100422, 55.7198275], [36.6098919, 55.7197734], [36.6099831, 55.7196931], [36.6101334, 55.7197473], [36.6100422, 55.7198275]]]}}, {"type": "Feature", "id": "way/1342821885", "properties": {"@id": "way/1342821885", "addr:place": "СНТ \"Урожайное\"", "building": "allotment_house", "is_living": false}, "geometry": {"type": "Polygon", "coordinates": [[[36.609495, 55.7194348], [36.6093653, 55.719388], [36.6094306, 55.7193305], [36.6095603, 55.7193773], [36.609495, 55.7194348]]]}}, {"type": "Feature", "id": "way/1342821886", "properties": {"@id": "way/1342821886", "addr:place": "СНТ \"Урожайное\"", "building": "allotment_house", "is_living": false}, "geometry": {"type": "Polygon", "coordinates": [[[36.6092348, 55.7199152], [36.6090918, 55.7198636], [36.6091946, 55.7197732], [36.6093376, 55.7198247], [36.6092348, 55.7199152]]]}}, {"type": "Feature", "id": "way/1342821887", "properties": {"@id": "way/1342821887", "addr:place": "СНТ \"Урожайное\"", "building": "allotment_house", "is_living": false}, "geometry": {"type": "Polygon", "coordinates": [[[36.6088191, 55.7197656], [36.6087062, 55.7197249], [36.608811, 55.7196327], [36.6089239, 55.7196734], [36.6088191, 55.7197656]]]}}, {"type": "Feature", "id": "way/1342821888", "properties": {"@id": "way/1342821888", "addr:place": "СНТ \"Урожайное\"", "building": "allotment_house", "is_living": false}, "geometry": {"type": "Polygon", "coordinates": [[[36.6091275, 55.7194846], [36.6089878, 55.7194342], [36.6090766, 55.7193562], [36.6092162, 55.7194066], [36.6091275, 55.7194846]]]}}, {"type": "Feature", "id": "way/1342821889", "properties": {"@id": "way/1342821889", "addr:place": "СНТ \"Урожайное\"", "building": "allotment_house", "is_living": false}, "geometry": {"type": "Polygon", "coordinates": [[[36.6089666, 55.7192263], [36.6088405, 55.7191808], [36.6089022, 55.7191266], [36.6090283, 55.719172], [36.6089666, 55.7192263]]]}}, {"type": "Feature", "id": "way/1342821890", "properties": {"@id": "way/1342821890", "addr:housenumber": "160", "addr:place": "СНТ \"Урожайное\"", "building": "allotment_house", "source:addr": "ЕГРН", "is_living": false}, "geometry": {"type": "Polygon", "coordinates": [[[36.6085884, 55.7192172], [36.6084433, 55.7191649], [36.6085401, 55.7190797], [36.6086852, 55.7191321], [36.6085884, 55.7192172]]]}}, {"type": "Feature", "id": "way/1342821891", "properties": {"@id": "way/1342821891", "addr:place": "СНТ \"Урожайное\"", "building": "allotment_house", "is_living": false}, "geometry": {"type": "Polygon", "coordinates": [[[36.608178, 55.7195496], [36.6080995, 55.7195213], [36.6081807, 55.7194499], [36.6082592, 55.7194782], [36.608178, 55.7195496]]]}}, {"type": "Feature", "id": "way/1342821892", "properties": {"@id": "way/1342821892", "addr:place": "СНТ \"Урожайное\"", "building": "allotment_house", "is_living": false}, "geometry": {"type": "Polygon", "coordinates": [[[36.6079366, 55.719474], [36.6078237, 55.7194333], [36.6078857, 55.7193789], [36.6079985, 55.7194196], [36.6079366, 55.719474]]]}}, {"type": "Feature", "id": "way/1342821893", "properties": {"@id": "way/1342821893", "addr:place": "СНТ \"Урожайное\"", "building": "allotment_house", "is_living": false}, "geometry": {"type": "Polygon", "coordinates": [[[36.6083121, 55.7190314], [36.6082522, 55.7190098], [36.6083255, 55.7189453], [36.6083855, 55.7189669], [36.6083121, 55.7190314]]]}}, {"type": "Feature", "id": "way/1342821894", "properties": {"@id": "way/1342821894", "addr:place": "СНТ \"Урожайное\"", "building": "allotment_house", "is_living": false}, "geometry": {"type": "Polygon", "coordinates": [[[36.6080037, 55.7188803], [36.6078835, 55.718837], [36.6079527, 55.7187761], [36.6080729, 55.7188194], [36.6080037, 55.7188803]]]}}, {"type": "Feature", "id": "way/1342821895", "properties": {"@id": "way/1342821895", "addr:housenumber": "204", "addr:place": "СНТ \"Урожайное\"", "building": "allotment_house", "source:addr": "ЕГРН", "is_living": false}, "geometry": {"type": "Polygon", "coordinates": [[[36.6072956, 55.7192263], [36.6072109, 55.7191957], [36.6072741, 55.7191402], [36.6073588, 55.7191707], [36.6072956, 55.7192263]]]}}, {"type": "Feature", "id": "way/1342821896", "properties": {"@id": "way/1342821896", "addr:place": "СНТ \"Урожайное\"", "building": "allotment_house", "is_living": false}, "geometry": {"type": "Polygon", "coordinates": [[[36.6076148, 55.7193607], [36.6075108, 55.7193232], [36.6075557, 55.7192837], [36.6076597, 55.7193212], [36.6076148, 55.7193607]]]}}, {"type": "Feature", "id": "way/1342821897", "properties": {"@id": "way/1342821897", "addr:place": "СНТ \"Урожайное\"", "building": "allotment_house", "is_living": false}, "geometry": {"type": "Polygon", "coordinates": [[[36.6066438, 55.7190027], [36.6065013, 55.7189513], [36.6066009, 55.7188637], [36.6067434, 55.7189151], [36.6066438, 55.7190027]]]}}, {"type": "Feature", "id": "way/1342821898", "properties": {"@id": "way/1342821898", "addr:place": "СНТ \"Урожайное\"", "building": "allotment_house", "is_living": false}, "geometry": {"type": "Polygon", "coordinates": [[[36.6069201, 55.7191145], [36.6067132, 55.7190399], [36.6067967, 55.7189664], [36.6070036, 55.719041], [36.6069201, 55.7191145]]]}}, {"type": "Feature", "id": "way/1342821899", "properties": {"@id": "way/1342821899", "addr:place": "СНТ \"Урожайное\"", "building": "allotment_house", "is_living": false}, "geometry": {"type": "Polygon", "coordinates": [[[36.6072044, 55.7188048], [36.607024, 55.7187397], [36.6071132, 55.7186612], [36.6072936, 55.7187263], [36.6072044, 55.7188048]]]}}, {"type": "Feature", "id": "way/1342821900", "properties": {"@id": "way/1342821900", "addr:place": "СНТ \"Урожайное\"", "building": "allotment_house", "is_living": false}, "geometry": {"type": "Polygon", "coordinates": [[[36.6070032, 55.7185555], [36.6069445, 55.7185343], [36.6070166, 55.7184709], [36.6070753, 55.7184921], [36.6070032, 55.7185555]]]}}, {"type": "Feature", "id": "way/1342821901", "properties": {"@id": "way/1342821901", "addr:place": "СНТ \"Урожайное\"", "building": "allotment_house", "is_living": false}, "geometry": {"type": "Polygon", "coordinates": [[[36.6066438, 55.7186114], [36.6064923, 55.7185567], [36.6065606, 55.7184966], [36.6067122, 55.7185512], [36.6066438, 55.7186114]]]}}, {"type": "Feature", "id": "way/1342821902", "properties": {"@id": "way/1342821902", "addr:place": "СНТ \"Урожайное\"", "building": "allotment_house", "is_living": false}, "geometry": {"type": "Polygon", "coordinates": [[[36.6060054, 55.718767], [36.605874, 55.7187196], [36.6059437, 55.7186582], [36.6060752, 55.7187056], [36.6060054, 55.718767]]]}}, {"type": "Feature", "id": "way/1342821903", "properties": {"@id": "way/1342821903", "addr:housenumber": "194", "addr:place": "СНТ \"Урожайное\"", "building": "allotment_house", "source:addr": "ЕГРН", "is_living": false}, "geometry": {"type": "Polygon", "coordinates": [[[36.6057801, 55.7184271], [36.6056845, 55.7183926], [36.6057587, 55.7183274], [36.6058543, 55.7183618], [36.6057801, 55.7184271]]]}}, {"type": "Feature", "id": "way/1342821904", "properties": {"@id": "way/1342821904", "addr:housenumber": "148", "addr:place": "СНТ \"Урожайное\"", "building": "allotment_house", "source:addr": "ЕГРН", "is_living": false}, "geometry": {"type": "Polygon", "coordinates": [[[36.606271, 55.718279], [36.6062128, 55.718258], [36.6062817, 55.7181974], [36.6063399, 55.7182184], [36.606271, 55.718279]]]}}, {"type": "Feature", "id": "way/1342821905", "properties": {"@id": "way/1342821905", "addr:place": "СНТ \"Урожайное\"", "building": "allotment_house", "is_living": false}, "geometry": {"type": "Polygon", "coordinates": [[[36.6053134, 55.7185207], [36.6051798, 55.7184726], [36.6052625, 55.7183999], [36.605396, 55.7184481], [36.6053134, 55.7185207]]]}}, {"type": "Feature", "id": "way/1342821906", "properties": {"@id": "way/1342821906", "addr:housenumber": "190", "addr:place": "СНТ \"Урожайное\"", "building": "allotment_house", "source:addr": "ЕГРН", "is_living": false}, "geometry": {"type": "Polygon", "coordinates": [[[36.6050184, 55.7184497], [36.6049082, 55.71841], [36.6049781, 55.7183485], [36.6050883, 55.7183882], [36.6050184, 55.7184497]]]}}, {"type": "Feature", "id": "way/1342821907", "properties": {"@id": "way/1342821907", "addr:place": "СНТ \"Урожайное\"", "building": "allotment_house", "is_living": false}, "geometry": {"type": "Polygon", "coordinates": [[[36.606161, 55.7181415], [36.6060359, 55.7180964], [36.60611, 55.7180313], [36.6062351, 55.7180764], [36.606161, 55.7181415]]]}}, {"type": "Feature", "id": "way/1342821908", "properties": {"@id": "way/1342821908", "addr:place": "СНТ \"Урожайное\"", "building": "allotment_house", "is_living": false}, "geometry": {"type": "Polygon", "coordinates": [[[36.6058096, 55.718066], [36.6057426, 55.7180418], [36.6058096, 55.7179829], [36.6058766, 55.7180071], [36.6058096, 55.718066]]]}}, {"type": "Feature", "id": "way/1342821909", "properties": {"@id": "way/1342821909", "addr:place": "СНТ \"Урожайное\"", "building": "allotment_house", "is_living": false}, "geometry": {"type": "Polygon", "coordinates": [[[36.6055441, 55.7179179], [36.6054054, 55.7178679], [36.6054636, 55.7178167], [36.6056023, 55.7178667], [36.6055441, 55.7179179]]]}}, {"type": "Feature", "id": "way/1342821910", "properties": {"@id": "way/1342821910", "addr:housenumber": "136", "addr:place": "СНТ \"Урожайное\"", "building": "allotment_house", "source:addr": "ЕГРН", "is_living": false}, "geometry": {"type": "Polygon", "coordinates": [[[36.6052792, 55.7178125], [36.6051494, 55.7177657], [36.6052242, 55.7177], [36.605354, 55.7177468], [36.6052792, 55.7178125]]]}}, {"type": "Feature", "id": "way/1342821911", "properties": {"@id": "way/1342821911", "addr:place": "СНТ \"Урожайное\"", "building": "allotment_house", "is_living": false}, "geometry": {"type": "Polygon", "coordinates": [[[36.604844, 55.7181491], [36.6048111, 55.718062], [36.6049165, 55.7180494], [36.6049494, 55.7181364], [36.604844, 55.7181491]]]}}, {"type": "Feature", "id": "way/1342821912", "properties": {"@id": "way/1342821912", "addr:place": "СНТ \"Урожайное\"", "building": "allotment_house", "is_living": false}, "geometry": {"type": "Polygon", "coordinates": [[[36.6046643, 55.7179346], [36.6046214, 55.7178212], [36.6047621, 55.7178043], [36.604805, 55.7179176], [36.6046643, 55.7179346]]]}}, {"type": "Feature", "id": "way/1342821913", "properties": {"@id": "way/1342821913", "addr:place": "СНТ \"Урожайное\"", "building": "allotment_house", "is_living": false}, "geometry": {"type": "Polygon", "coordinates": [[[36.6062281, 55.7179542], [36.6061342, 55.7179164], [36.6062029, 55.7178623], [36.6062967, 55.7179], [36.6062281, 55.7179542]]]}}, {"type": "Feature", "id": "way/1342821914", "properties": {"@id": "way/1342821914", "addr:place": "СНТ \"Урожайное\"", "building": "allotment_house", "is_living": false}, "geometry": {"type": "Polygon", "coordinates": [[[36.6065687, 55.7180811], [36.6064185, 55.7180328], [36.6064786, 55.7179735], [36.6066288, 55.7180219], [36.6065687, 55.7180811]]]}}, {"type": "Feature", "id": "way/1342821915", "properties": {"@id": "way/1342821915", "addr:place": "СНТ \"Урожайное\"", "building": "allotment_house", "is_living": false}, "geometry": {"type": "Polygon", "coordinates": [[[36.6066599, 55.717717], [36.6065177, 55.7176959], [36.606549, 55.7176291], [36.6066912, 55.7176502], [36.6066599, 55.717717]]]}}, {"type": "Feature", "id": "way/1342821916", "properties": {"@id": "way/1342821916", "addr:place": "СНТ \"Урожайное\"", "building": "allotment_house", "is_living": false}, "geometry": {"type": "Polygon", "coordinates": [[[36.6064131, 55.717581], [36.6064158, 55.7175044], [36.6065526, 55.7175059], [36.6065499, 55.7175825], [36.6064131, 55.717581]]]}}, {"type": "Feature", "id": "way/1342821917", "properties": {"@id": "way/1342821917", "addr:place": "СНТ \"Урожайное\"", "building": "allotment_house", "is_living": false}, "geometry": {"type": "Polygon", "coordinates": [[[36.6058794, 55.7177276], [36.6057763, 55.7176964], [36.6058353, 55.7176345], [36.6059384, 55.7176656], [36.6058794, 55.7177276]]]}}, {"type": "Feature", "id": "way/1342821918", "properties": {"@id": "way/1342821918", "addr:place": "СНТ \"Урожайное\"", "building": "allotment_house", "is_living": false}, "geometry": {"type": "Polygon", "coordinates": [[[36.6059625, 55.7174783], [36.6059567, 55.7174146], [36.6061122, 55.7174101], [36.6061181, 55.7174738], [36.6059625, 55.7174783]]]}}, {"type": "Feature", "id": "way/1342821919", "properties": {"@id": "way/1342821919", "addr:place": "СНТ \"Урожайное\"", "building": "allotment_house", "is_living": false}, "geometry": {"type": "Polygon", "coordinates": [[[36.6061047, 55.7171006], [36.6060801, 55.7170253], [36.6062116, 55.7170117], [36.6062361, 55.717087], [36.6061047, 55.7171006]]]}}, {"type": "Feature", "id": "way/1342821920", "properties": {"@id": "way/1342821920", "addr:housenumber": "102", "addr:place": "СНТ \"Урожайное\"", "building": "allotment_house", "source:addr": "ЕГРН", "is_living": false}, "geometry": {"type": "Polygon", "coordinates": [[[36.603857, 55.7148343], [36.6037914, 55.7147727], [36.6038731, 55.7147451], [36.6039386, 55.7148067], [36.603857, 55.7148343]]]}}, {"type": "Feature", "id": "way/1342821921", "properties": {"@id": "way/1342821921", "addr:place": "СНТ \"Урожайное\"", "building": "allotment_house", "is_living": false}, "geometry": {"type": "Polygon", "coordinates": [[[36.6040823, 55.7150881], [36.6040051, 55.7150157], [36.6041037, 55.7149823], [36.6041809, 55.7150548], [36.6040823, 55.7150881]]]}}, {"type": "Feature", "id": "way/1342821922", "properties": {"@id": "way/1342821922", "addr:place": "СНТ \"Урожайное\"", "building": "allotment_house", "is_living": false}, "geometry": {"type": "Polygon", "coordinates": [[[36.6043881, 55.7150579], [36.6043076, 55.7149521], [36.604508, 55.7149037], [36.6045884, 55.7150095], [36.6043881, 55.7150579]]]}}, {"type": "Feature", "id": "way/1342821923", "properties": {"@id": "way/1342821923", "addr:place": "СНТ \"Урожайное\"", "building": "allotment_house", "is_living": false}, "geometry": {"type": "Polygon", "coordinates": [[[36.6040716, 55.7147512], [36.6039665, 55.7146525], [36.604144, 55.7145925], [36.6042491, 55.7146912], [36.6040716, 55.7147512]]]}}, {"type": "Feature", "id": "way/1342821924", "properties": {"@id": "way/1342821924", "addr:place": "СНТ \"Урожайное\"", "building": "allotment_house", "is_living": false}, "geometry": {"type": "Polygon", "coordinates": [[[36.604667, 55.7147104], [36.6045667, 55.7146162], [36.6046858, 55.7145759], [36.6047861, 55.7146701], [36.604667, 55.7147104]]]}}, {"type": "Feature", "id": "way/1342821925", "properties": {"@id": "way/1342821925", "addr:place": "СНТ \"Урожайное\"", "building": "allotment_house", "is_living": false}, "geometry": {"type": "Polygon", "coordinates": [[[36.604836, 55.7145396], [36.6047366, 55.7144463], [36.6048628, 55.7144037], [36.6049622, 55.714497], [36.604836, 55.7145396]]]}}, {"type": "Feature", "id": "way/1342821926", "properties": {"@id": "way/1342821926", "addr:housenumber": "108", "addr:place": "СНТ \"Урожайное\"", "building": "allotment_house", "source:addr": "ЕГРН", "is_living": false}, "geometry": {"type": "Polygon", "coordinates": [[[36.6056031, 55.7143583], [36.6055283, 55.7142881], [36.6056892, 55.7142337], [36.605764, 55.7143039], [36.6056031, 55.7143583]]]}}, {"type": "Feature", "id": "way/1342821927", "properties": {"@id": "way/1342821927", "addr:place": "СНТ \"Урожайное\"", "building": "allotment_house", "is_living": false}, "geometry": {"type": "Polygon", "coordinates": [[[36.6057909, 55.7140501], [36.6057211, 55.7139685], [36.605891, 55.7139224], [36.6059608, 55.714004], [36.6057909, 55.7140501]]]}}, {"type": "Feature", "id": "way/1342821928", "properties": {"@id": "way/1342821928", "addr:housenumber": "110", "addr:place": "СНТ \"Урожайное\"", "building": "allotment_house", "source:addr": "ЕГРН", "is_living": false}, "geometry": {"type": "Polygon", "coordinates": [[[36.6055495, 55.7137978], [36.6054703, 55.7137383], [36.605599, 55.7136839], [36.6056782, 55.7137434], [36.6055495, 55.7137978]]]}}, {"type": "Feature", "id": "way/1342821930", "properties": {"@id": "way/1342821930", "addr:housenumber": "98", "addr:place": "СНТ \"Урожайное\"", "building": "allotment_house", "source:addr": "ЕГРН", "is_living": false}, "geometry": {"type": "Polygon", "coordinates": [[[36.6034305, 55.7146545], [36.603401, 55.7145699], [36.6035595, 55.7145523], [36.603589, 55.7146369], [36.6034305, 55.7146545]]]}}, {"type": "Feature", "id": "way/1342821931", "properties": {"@id": "way/1342821931", "addr:place": "СНТ \"Урожайное\"", "building": "allotment_house", "is_living": false}, "geometry": {"type": "Polygon", "coordinates": [[[36.603342, 55.7144868], [36.6033205, 55.714446], [36.6034245, 55.7144286], [36.6034459, 55.7144694], [36.603342, 55.7144868]]]}}, {"type": "Feature", "id": "way/1342821932", "properties": {"@id": "way/1342821932", "addr:place": "СНТ \"Урожайное\"", "building": "allotment_house", "is_living": false}, "geometry": {"type": "Polygon", "coordinates": [[[36.6032079, 55.7140123], [36.6031677, 55.7139217], [36.6033185, 55.7139004], [36.6033587, 55.7139911], [36.6032079, 55.7140123]]]}}, {"type": "Feature", "id": "way/1342821934", "properties": {"@id": "way/1342821934", "addr:place": "СНТ \"Урожайное\"", "building": "allotment_house", "is_living": false}, "geometry": {"type": "Polygon", "coordinates": [[[36.6014028, 55.7131042], [36.6013148, 55.7130568], [36.6014269, 55.7129909], [36.6015148, 55.7130384], [36.6014028, 55.7131042]]]}}, {"type": "Feature", "id": "way/1342821935", "properties": {"@id": "way/1342821935", "addr:housenumber": "84", "addr:place": "СНТ \"Урожайное\"", "building": "allotment_house", "source:addr": "ЕГРН", "is_living": false}, "geometry": {"type": "Polygon", "coordinates": [[[36.6008368, 55.7128912], [36.600711, 55.7128232], [36.6008422, 55.7127461], [36.600968, 55.7128141], [36.6008368, 55.7128912]]]}}, {"type": "Feature", "id": "way/1342821936", "properties": {"@id": "way/1342821936", "addr:place": "СНТ \"Урожайное\"", "building": "allotment_house", "is_living": false}, "geometry": {"type": "Polygon", "coordinates": [[[36.6011184, 55.7135167], [36.6010012, 55.7134534], [36.6010889, 55.7134019], [36.6012061, 55.7134652], [36.6011184, 55.7135167]]]}}, {"type": "Feature", "id": "way/1342821937", "properties": {"@id": "way/1342821937", "addr:place": "СНТ \"Урожайное\"", "building": "allotment_house", "is_living": false}, "geometry": {"type": "Polygon", "coordinates": [[[36.6015556, 55.7132251], [36.6014732, 55.7131806], [36.6015825, 55.7131163], [36.601665, 55.7131609], [36.6015556, 55.7132251]]]}}, {"type": "Feature", "id": "way/1342821938", "properties": {"@id": "way/1342821938", "addr:place": "СНТ \"Урожайное\"", "building": "allotment_house", "is_living": false}, "geometry": {"type": "Polygon", "coordinates": [[[36.6019231, 55.7134442], [36.6018461, 55.7134026], [36.6019553, 55.7133384], [36.6020323, 55.71338], [36.6019231, 55.7134442]]]}}, {"type": "Feature", "id": "way/1342821939", "properties": {"@id": "way/1342821939", "addr:place": "СНТ \"Урожайное\"", "building": "allotment_house", "is_living": false}, "geometry": {"type": "Polygon", "coordinates": [[[36.6014028, 55.7136844], [36.601274, 55.7136149], [36.601371, 55.7135579], [36.6014998, 55.7136274], [36.6014028, 55.7136844]]]}}, {"type": "Feature", "id": "way/1342821940", "properties": {"@id": "way/1342821940", "addr:housenumber": "39", "addr:place": "СНТ \"Урожайное\"", "building": "allotment_house", "is_living": false}, "geometry": {"type": "Polygon", "coordinates": [[[36.6017058, 55.7138295], [36.6016309, 55.7137722], [36.6017328, 55.7137299], [36.6018078, 55.7137872], [36.6017058, 55.7138295]]]}}, {"type": "Feature", "id": "way/1342821941", "properties": {"@id": "way/1342821941", "addr:place": "СНТ \"Урожайное\"", "building": "allotment_house", "is_living": false}, "geometry": {"type": "Polygon", "coordinates": [[[36.6024622, 55.713556], [36.602392, 55.7135037], [36.602502, 55.7134569], [36.6025722, 55.7135092], [36.6024622, 55.713556]]]}}, {"type": "Feature", "id": "way/1342821942", "properties": {"@id": "way/1342821942", "addr:place": "СНТ \"Урожайное\"", "building": "allotment_house", "is_living": false}, "geometry": {"type": "Polygon", "coordinates": [[[36.6021323, 55.7138552], [36.6020995, 55.7137628], [36.6023141, 55.7137386], [36.6023469, 55.713831], [36.6021323, 55.7138552]]]}}, {"type": "Feature", "id": "way/1342821943", "properties": {"@id": "way/1342821943", "addr:place": "СНТ \"Урожайное\"", "building": "allotment_house", "is_living": false}, "geometry": {"type": "Polygon", "coordinates": [[[36.600464, 55.7154477], [36.6004319, 55.7153686], [36.6006035, 55.7153465], [36.6006356, 55.7154256], [36.600464, 55.7154477]]]}}, {"type": "Feature", "id": "way/1342821944", "properties": {"@id": "way/1342821944", "addr:place": "СНТ \"Урожайное\"", "building": "allotment_house", "is_living": false}, "geometry": {"type": "Polygon", "coordinates": [[[36.6002977, 55.7152256], [36.6002651, 55.7151453], [36.6005444, 55.7151093], [36.6005771, 55.7151896], [36.6002977, 55.7152256]]]}}, {"type": "Feature", "id": "way/1342821945", "properties": {"@id": "way/1342821945", "addr:housenumber": "6", "addr:place": "СНТ \"Урожайное\"", "building": "allotment_house", "source:addr": "ЕГРН", "is_living": false}, "geometry": {"type": "Polygon", "coordinates": [[[36.600118, 55.7147466], [36.6000849, 55.7146652], [36.6003326, 55.7146333], [36.6003656, 55.7147147], [36.600118, 55.7147466]]]}}, {"type": "Feature", "id": "way/1342821946", "properties": {"@id": "way/1342821946", "addr:place": "СНТ \"Урожайное\"", "building": "allotment_house", "is_living": false}, "geometry": {"type": "Polygon", "coordinates": [[[36.6011667, 55.7140697], [36.6011105, 55.7139313], [36.6013142, 55.713905], [36.6013705, 55.7140435], [36.6011667, 55.7140697]]]}}, {"type": "Feature", "id": "way/1342821947", "properties": {"@id": "way/1342821947", "addr:place": "СНТ \"Урожайное\"", "building": "allotment_house", "is_living": false}, "geometry": {"type": "Polygon", "coordinates": [[[36.6008207, 55.7141377], [36.6007665, 55.7140043], [36.6009387, 55.7139821], [36.6009929, 55.7141155], [36.6008207, 55.7141377]]]}}, {"type": "Feature", "id": "way/1342821948", "properties": {"@id": "way/1342821948", "addr:housenumber": "42", "addr:place": "СНТ \"Урожайное\"", "building": "allotment_house", "source:addr": "ЕГРН", "is_living": false}, "geometry": {"type": "Polygon", "coordinates": [[[36.6014323, 55.714245], [36.6013888, 55.714138], [36.6015315, 55.7141196], [36.601575, 55.7142266], [36.6014323, 55.714245]]]}}, {"type": "Feature", "id": "way/1342821949", "properties": {"@id": "way/1342821949", "addr:housenumber": "44", "addr:place": "СНТ \"Урожайное\"", "building": "allotment_house", "source:addr": "ЕГРН", "is_living": false}, "geometry": {"type": "Polygon", "coordinates": [[[36.6013733, 55.7144837], [36.6013385, 55.7143983], [36.6015664, 55.7143689], [36.6016011, 55.7144544], [36.6013733, 55.7144837]]]}}, {"type": "Feature", "id": "way/1342821950", "properties": {"@id": "way/1342821950", "addr:place": "СНТ \"Урожайное\"", "building": "allotment_house", "is_living": false}, "geometry": {"type": "Polygon", "coordinates": [[[36.6006973, 55.7143946], [36.60059, 55.71431], [36.6007337, 55.7142522], [36.6008409, 55.7143368], [36.6006973, 55.7143946]]]}}, {"type": "Feature", "id": "way/1342821951", "properties": {"@id": "way/1342821951", "addr:place": "СНТ \"Урожайное\"", "building": "allotment_house", "is_living": false}, "geometry": {"type": "Polygon", "coordinates": [[[36.6006571, 55.714659], [36.600608, 55.7145381], [36.6008073, 55.7145124], [36.6008564, 55.7146333], [36.6006571, 55.714659]]]}}, {"type": "Feature", "id": "way/1342821952", "properties": {"@id": "way/1342821952", "addr:place": "СНТ \"Урожайное\"", "building": "allotment_house", "is_living": false}, "geometry": {"type": "Polygon", "coordinates": [[[36.6008596, 55.714875], [36.6008305, 55.7148035], [36.6009124, 55.7147929], [36.6008916, 55.7147418], [36.6010889, 55.7147164], [36.6011387, 55.7148391], [36.6008596, 55.714875]]]}}, {"type": "Feature", "id": "way/1342821953", "properties": {"@id": "way/1342821953", "addr:place": "СНТ \"Урожайное\"", "building": "allotment_house", "is_living": false}, "geometry": {"type": "Polygon", "coordinates": [[[36.6012043, 55.7152619], [36.6011599, 55.7151525], [36.6013786, 55.7151244], [36.601423, 55.7152337], [36.6012043, 55.7152619]]]}}, {"type": "Feature", "id": "way/1342821954", "properties": {"@id": "way/1342821954", "addr:place": "СНТ \"Урожайное\"", "building": "allotment_house", "is_living": false}, "geometry": {"type": "Polygon", "coordinates": [[[36.6013813, 55.7154749], [36.6013502, 55.7153984], [36.6014832, 55.7153812], [36.6015143, 55.7154578], [36.6013813, 55.7154749]]]}}, {"type": "Feature", "id": "way/1342821955", "properties": {"@id": "way/1342821955", "addr:place": "СНТ \"Урожайное\"", "building": "allotment_house", "is_living": false}, "geometry": {"type": "Polygon", "coordinates": [[[36.6012767, 55.715836], [36.6012446, 55.7157569], [36.6014162, 55.7157348], [36.6014483, 55.7158139], [36.6012767, 55.715836]]]}}, {"type": "Feature", "id": "way/1342821956", "properties": {"@id": "way/1342821956", "addr:place": "СНТ \"Урожайное\"", "building": "allotment_house", "is_living": false}, "geometry": {"type": "Polygon", "coordinates": [[[36.6016419, 55.7152746], [36.6016207, 55.7152225], [36.6016933, 55.7152131], [36.601683, 55.7151877], [36.6017769, 55.7151756], [36.6018084, 55.7152532], [36.6016419, 55.7152746]]]}}, {"type": "Feature", "id": "way/1342821957", "properties": {"@id": "way/1342821957", "addr:place": "СНТ \"Урожайное\"", "building": "allotment_house", "is_living": false}, "geometry": {"type": "Polygon", "coordinates": [[[36.6019794, 55.7154296], [36.6019508, 55.7153662], [36.6020358, 55.715354], [36.6020644, 55.7154174], [36.6019794, 55.7154296]]]}}, {"type": "Feature", "id": "way/1342821958", "properties": {"@id": "way/1342821958", "addr:place": "СНТ \"Урожайное\"", "building": "allotment_house", "is_living": false}, "geometry": {"type": "Polygon", "coordinates": [[[36.6019875, 55.7157257], [36.6019529, 55.715649], [36.6021243, 55.7156245], [36.6021589, 55.7157012], [36.6019875, 55.7157257]]]}}, {"type": "Feature", "id": "way/1342821959", "properties": {"@id": "way/1342821959", "addr:place": "СНТ \"Урожайное\"", "building": "allotment_house", "is_living": false}, "geometry": {"type": "Polygon", "coordinates": [[[36.6019928, 55.7158843], [36.6019497, 55.7157888], [36.6020948, 55.715768], [36.6021379, 55.7158636], [36.6019928, 55.7158843]]]}}, {"type": "Feature", "id": "way/1342821960", "properties": {"@id": "way/1342821960", "addr:housenumber": "62", "addr:place": "СНТ \"Урожайное\"", "building": "allotment_house", "source:addr": "ЕГРН", "is_living": false}, "geometry": {"type": "Polygon", "coordinates": [[[36.6022262, 55.7163482], [36.6021909, 55.7162701], [36.6023523, 55.716247], [36.6023875, 55.7163251], [36.6022262, 55.7163482]]]}}, {"type": "Feature", "id": "way/1342821961", "properties": {"@id": "way/1342821961", "addr:place": "СНТ \"Урожайное\"", "building": "allotment_house", "is_living": false}, "geometry": {"type": "Polygon", "coordinates": [[[36.6019687, 55.7165733], [36.6019377, 55.7165047], [36.6020706, 55.7164857], [36.6021016, 55.7165543], [36.6019687, 55.7165733]]]}}, {"type": "Feature", "id": "way/1342821962", "properties": {"@id": "way/1342821962", "addr:place": "СНТ \"Урожайное\"", "building": "allotment_house", "is_living": false}, "geometry": {"type": "Polygon", "coordinates": [[[36.6018561, 55.7141725], [36.6018238, 55.714101], [36.6019472, 55.7140833], [36.6019795, 55.7141548], [36.6018561, 55.7141725]]]}}, {"type": "Feature", "id": "way/1342821963", "properties": {"@id": "way/1342821963", "addr:place": "СНТ \"Урожайное\"", "building": "allotment_house", "is_living": false}, "geometry": {"type": "Polygon", "coordinates": [[[36.6019446, 55.7144052], [36.6019053, 55.7143181], [36.6020465, 55.7142979], [36.6020858, 55.714385], [36.6019446, 55.7144052]]]}}, {"type": "Feature", "id": "way/1342821964", "properties": {"@id": "way/1342821964", "addr:place": "СНТ \"Урожайное\"", "building": "allotment_house", "is_living": false}, "geometry": {"type": "Polygon", "coordinates": [[[36.6026661, 55.7143311], [36.602623, 55.7142357], [36.6028109, 55.7142087], [36.602854, 55.7143042], [36.6026661, 55.7143311]]]}}, {"type": "Feature", "id": "way/1342821965", "properties": {"@id": "way/1342821965", "addr:place": "СНТ \"Урожайное\"", "building": "allotment_house", "is_living": false}, "geometry": {"type": "Polygon", "coordinates": [[[36.6029263, 55.7147104], [36.602902, 55.7146567], [36.603055, 55.7146348], [36.6030792, 55.7146885], [36.6029263, 55.7147104]]]}}, {"type": "Feature", "id": "way/1342821966", "properties": {"@id": "way/1342821966", "addr:housenumber": "49", "addr:place": "СНТ \"Урожайное\"", "building": "allotment_house", "source:addr": "ЕГРН", "is_living": false}, "geometry": {"type": "Polygon", "coordinates": [[[36.6023254, 55.7147678], [36.6023003, 55.714712], [36.6024595, 55.7146892], [36.6024847, 55.714745], [36.6023254, 55.7147678]]]}}, {"type": "Feature", "id": "way/1342821967", "properties": {"@id": "way/1342821967", "addr:place": "СНТ \"Урожайное\"", "building": "allotment_house", "is_living": false}, "geometry": {"type": "Polygon", "coordinates": [[[36.6030282, 55.7148615], [36.6029848, 55.7147652], [36.6031569, 55.7147406], [36.6032003, 55.7148368], [36.6030282, 55.7148615]]]}}, {"type": "Feature", "id": "way/1342821968", "properties": {"@id": "way/1342821968", "addr:place": "СНТ \"Урожайное\"", "building": "allotment_house", "is_living": false}, "geometry": {"type": "Polygon", "coordinates": [[[36.6031194, 55.7151213], [36.6030754, 55.7150239], [36.6031864, 55.715008], [36.6032304, 55.7151055], [36.6031194, 55.7151213]]]}}, {"type": "Feature", "id": "way/1342821969", "properties": {"@id": "way/1342821969", "addr:place": "СНТ \"Урожайное\"", "building": "allotment_house", "is_living": false}, "geometry": {"type": "Polygon", "coordinates": [[[36.6022128, 55.715008], [36.6021627, 55.7148969], [36.6023576, 55.714869], [36.6024077, 55.7149801], [36.6022128, 55.715008]]]}}, {"type": "Feature", "id": "way/1342821970", "properties": {"@id": "way/1342821970", "addr:housenumber": "55", "addr:place": "СНТ \"Урожайное\"", "building": "allotment_house", "source:addr": "ЕГРН", "is_living": false}, "geometry": {"type": "Polygon", "coordinates": [[[36.6023898, 55.7154281], [36.6023557, 55.7153525], [36.6025346, 55.7153268], [36.6025688, 55.7154024], [36.6023898, 55.7154281]]]}}, {"type": "Feature", "id": "way/1342821971", "properties": {"@id": "way/1342821971", "addr:place": "СНТ \"Урожайное\"", "building": "allotment_house", "is_living": false}, "geometry": {"type": "Polygon", "coordinates": [[[36.6031569, 55.7155535], [36.603126, 55.7154849], [36.6032696, 55.7154643], [36.6033005, 55.7155329], [36.6031569, 55.7155535]]]}}, {"type": "Feature", "id": "way/1342821972", "properties": {"@id": "way/1342821972", "addr:place": "СНТ \"Урожайное\"", "building": "allotment_house", "is_living": false}, "geometry": {"type": "Polygon", "coordinates": [[[36.6024488, 55.7156562], [36.6024061, 55.7155615], [36.602599, 55.7155338], [36.6026418, 55.7156286], [36.6024488, 55.7156562]]]}}, {"type": "Feature", "id": "way/1342821973", "properties": {"@id": "way/1342821973", "addr:housenumber": "59", "addr:place": "СНТ \"Урожайное\"", "building": "allotment_house", "is_living": false}, "geometry": {"type": "Polygon", "coordinates": [[[36.6025186, 55.7158088], [36.6024819, 55.7157275], [36.6026419, 55.7157046], [36.6026786, 55.7157859], [36.6025186, 55.7158088]]]}}, {"type": "Feature", "id": "way/1342821974", "properties": {"@id": "way/1342821974", "addr:housenumber": "61", "addr:place": "СНТ \"Урожайное\"", "building": "allotment_house", "source:addr": "ЕГРН", "is_living": false}, "geometry": {"type": "Polygon", "coordinates": [[[36.6025883, 55.7160626], [36.6025562, 55.7159916], [36.6027144, 55.715969], [36.6027464, 55.71604], [36.6025883, 55.7160626]]]}}, {"type": "Feature", "id": "way/1342821975", "properties": {"@id": "way/1342821975", "addr:housenumber": "65", "addr:place": "СНТ \"Урожайное\"", "building": "allotment_house", "source:addr": "ЕГРН", "is_living": false}, "geometry": {"type": "Polygon", "coordinates": [[[36.6027224, 55.7165159], [36.602688, 55.7164395], [36.6028511, 55.7164162], [36.6028856, 55.7164925], [36.6027224, 55.7165159]]]}}, {"type": "Feature", "id": "way/1342821976", "properties": {"@id": "way/1342821976", "addr:place": "СНТ \"Урожайное\"", "building": "allotment_house", "is_living": false}, "geometry": {"type": "Polygon", "coordinates": [[[36.6033205, 55.7163421], [36.6032974, 55.7162909], [36.6034037, 55.7162757], [36.6034268, 55.7163269], [36.6033205, 55.7163421]]]}}, {"type": "Feature", "id": "way/1342821977", "properties": {"@id": "way/1342821977", "addr:place": "СНТ \"Урожайное\"", "building": "allotment_house", "is_living": false}, "geometry": {"type": "Polygon", "coordinates": [[[36.603409, 55.7161548], [36.6033514, 55.7160269], [36.6035137, 55.7160037], [36.6035713, 55.7161316], [36.603409, 55.7161548]]]}}, {"type": "Feature", "id": "way/1342821978", "properties": {"@id": "way/1342821978", "addr:housenumber": "63", "addr:place": "СНТ \"Урожайное\"", "building": "allotment_house", "source:addr": "ЕГРН", "is_living": false}, "geometry": {"type": "Polygon", "coordinates": [[[36.6028377, 55.7162757], [36.6027874, 55.7161642], [36.6029799, 55.7161367], [36.6030302, 55.7162481], [36.6028377, 55.7162757]]]}}, {"type": "Feature", "id": "way/1342821979", "properties": {"@id": "way/1342821979", "addr:housenumber": "126", "addr:place": "СНТ \"Урожайное\"", "building": "allotment_house", "source:addr": "ЕГРН", "is_living": false}, "geometry": {"type": "Polygon", "coordinates": [[[36.6038221, 55.7168604], [36.6037832, 55.7167741], [36.6039401, 55.7167516], [36.6039791, 55.7168379], [36.6038221, 55.7168604]]]}}, {"type": "Feature", "id": "way/1342821980", "properties": {"@id": "way/1342821980", "addr:place": "СНТ \"Урожайное\"", "building": "allotment_house", "is_living": false}, "geometry": {"type": "Polygon", "coordinates": [[[36.6029155, 55.7167818], [36.6028705, 55.716682], [36.6030067, 55.7166624], [36.6030518, 55.7167623], [36.6029155, 55.7167818]]]}}, {"type": "Feature", "id": "way/1342821981", "properties": {"@id": "way/1342821981", "addr:place": "СНТ \"Урожайное\"", "building": "allotment_house", "is_living": false}, "geometry": {"type": "Polygon", "coordinates": [[[36.6031784, 55.7174028], [36.6031466, 55.7173324], [36.6032776, 55.7173136], [36.6033094, 55.717384], [36.6031784, 55.7174028]]]}}, {"type": "Feature", "id": "way/1342821982", "properties": {"@id": "way/1342821982", "addr:housenumber": "129", "addr:place": "СНТ \"Урожайное\"", "building": "allotment_house", "source:addr": "ЕГРН", "is_living": false}, "geometry": {"type": "Polygon", "coordinates": [[[36.6039938, 55.717436], [36.6039592, 55.7173593], [36.6041198, 55.7173363], [36.6041544, 55.717413], [36.6039938, 55.717436]]]}}, {"type": "Feature", "id": "way/1342821983", "properties": {"@id": "way/1342821983", "addr:housenumber": "130", "addr:place": "СНТ \"Урожайное\"", "building": "allotment_house", "source:addr": "ЕГРН", "is_living": false}, "geometry": {"type": "Polygon", "coordinates": [[[36.6040286, 55.7176354], [36.6039985, 55.7175686], [36.604144, 55.7175478], [36.6041741, 55.7176146], [36.6040286, 55.7176354]]]}}, {"type": "Feature", "id": "way/1342821984", "properties": {"@id": "way/1342821984", "addr:place": "СНТ \"Урожайное\"", "building": "allotment_house", "is_living": false}, "geometry": {"type": "Polygon", "coordinates": [[[36.6033339, 55.7177895], [36.6032904, 55.717693], [36.6035029, 55.7176626], [36.6035465, 55.7177591], [36.6033339, 55.7177895]]]}}, {"type": "Feature", "id": "way/1342821985", "properties": {"@id": "way/1342821985", "addr:place": "СНТ \"Урожайное\"", "building": "allotment_house", "is_living": false}, "geometry": {"type": "Polygon", "coordinates": [[[36.6036156, 55.7180101], [36.6035942, 55.7179628], [36.603739, 55.7179421], [36.6037603, 55.7179894], [36.6036156, 55.7180101]]]}}, {"type": "Feature", "id": "way/1342821986", "properties": {"@id": "way/1342821986", "addr:place": "СНТ \"Урожайное\"", "building": "allotment_house", "is_living": false}, "geometry": {"type": "Polygon", "coordinates": [[[36.6039321, 55.7178923], [36.6038881, 55.7177947], [36.6041145, 55.7177623], [36.6041585, 55.7178598], [36.6039321, 55.7178923]]]}}, {"type": "Feature", "id": "way/1342821987", "properties": {"@id": "way/1342821987", "addr:place": "СНТ \"Урожайное\"", "building": "allotment_house", "is_living": false}, "geometry": {"type": "Polygon", "coordinates": [[[36.6041091, 55.7183682], [36.6040689, 55.718279], [36.6042164, 55.7182579], [36.6042566, 55.718347], [36.6041091, 55.7183682]]]}}, {"type": "Feature", "id": "way/1342821988", "properties": {"@id": "way/1342821988", "addr:place": "СНТ \"Урожайное\"", "building": "allotment_house", "is_living": false}, "geometry": {"type": "Polygon", "coordinates": [[[36.6035512, 55.7184014], [36.6035257, 55.7183449], [36.6036585, 55.7183259], [36.603684, 55.7183824], [36.6035512, 55.7184014]]]}}, {"type": "Feature", "id": "way/1342821989", "properties": {"@id": "way/1342821989", "addr:place": "СНТ \"Урожайное\"", "building": "allotment_house", "is_living": false}, "geometry": {"type": "Polygon", "coordinates": [[[36.6020384, 55.7168543], [36.6019963, 55.716761], [36.6022101, 55.7167304], [36.6022522, 55.7168237], [36.6020384, 55.7168543]]]}}, {"type": "Feature", "id": "way/1342821990", "properties": {"@id": "way/1342821990", "addr:place": "СНТ \"Урожайное\"", "building": "allotment_house", "is_living": false}, "geometry": {"type": "Polygon", "coordinates": [[[36.6018185, 55.7172728], [36.6017829, 55.7171939], [36.601907, 55.7171761], [36.6019426, 55.7172551], [36.6018185, 55.7172728]]]}}, {"type": "Feature", "id": "way/1342821991", "properties": {"@id": "way/1342821991", "addr:place": "СНТ \"Урожайное\"", "building": "allotment_house", "is_living": false}, "geometry": {"type": "Polygon", "coordinates": [[[36.6023442, 55.717294], [36.6023022, 55.7172008], [36.6024113, 55.7171852], [36.6024533, 55.7172784], [36.6023442, 55.717294]]]}}, {"type": "Feature", "id": "way/1342821992", "properties": {"@id": "way/1342821992", "addr:place": "СНТ \"Урожайное\"", "building": "allotment_house", "is_living": false}, "geometry": {"type": "Polygon", "coordinates": [[[36.6025588, 55.717439], [36.6025173, 55.717347], [36.6026553, 55.7173272], [36.6026969, 55.7174192], [36.6025588, 55.717439]]]}}, {"type": "Feature", "id": "way/1342821993", "properties": {"@id": "way/1342821993", "addr:place": "СНТ \"Урожайное\"", "building": "allotment_house", "is_living": false}, "geometry": {"type": "Polygon", "coordinates": [[[36.6019767, 55.7175629], [36.601938, 55.717477], [36.6021189, 55.7174511], [36.6021577, 55.717537], [36.6019767, 55.7175629]]]}}, {"type": "Feature", "id": "way/1342821994", "properties": {"@id": "way/1342821994", "addr:place": "СНТ \"Урожайное\"", "building": "allotment_house", "is_living": false}, "geometry": {"type": "Polygon", "coordinates": [[[36.6021055, 55.7177638], [36.6020742, 55.7176946], [36.6022342, 55.7176717], [36.6022655, 55.7177409], [36.6021055, 55.7177638]]]}}, {"type": "Feature", "id": "way/1342821995", "properties": {"@id": "way/1342821995", "addr:place": "СНТ \"Урожайное\"", "building": "allotment_house", "is_living": false}, "geometry": {"type": "Polygon", "coordinates": [[[36.6026446, 55.7176687], [36.6026092, 55.7175901], [36.6027573, 55.7175689], [36.6027927, 55.7176475], [36.6026446, 55.7176687]]]}}, {"type": "Feature", "id": "way/1342821996", "properties": {"@id": "way/1342821996", "addr:housenumber": "76", "addr:place": "СНТ \"Урожайное\"", "building": "allotment_house", "source:addr": "ЕГРН", "is_living": false}, "geometry": {"type": "Polygon", "coordinates": [[[36.6027385, 55.7178968], [36.6027063, 55.7178254], [36.6028511, 55.7178046], [36.6028834, 55.717876], [36.6027385, 55.7178968]]]}}, {"type": "Feature", "id": "way/1342821997", "properties": {"@id": "way/1342821997", "addr:housenumber": "27", "addr:place": "СНТ \"Урожайное\"", "building": "allotment_house", "is_living": false}, "geometry": {"type": "Polygon", "coordinates": [[[36.6020277, 55.7179905], [36.6019839, 55.7178935], [36.6021296, 55.7178726], [36.6021734, 55.7179696], [36.6020277, 55.7179905]]]}}, {"type": "Feature", "id": "way/1342821998", "properties": {"@id": "way/1342821998", "addr:place": "СНТ \"Урожайное\"", "building": "allotment_house", "is_living": false}, "geometry": {"type": "Polygon", "coordinates": [[[36.6020733, 55.7181989], [36.6020236, 55.7180888], [36.6021404, 55.718072], [36.6021901, 55.7181822], [36.6020733, 55.7181989]]]}}, {"type": "Feature", "id": "way/1342821999", "properties": {"@id": "way/1342821999", "addr:housenumber": "80", "addr:place": "СНТ \"Урожайное\"", "building": "allotment_house", "source:addr": "ЕГРН", "is_living": false}, "geometry": {"type": "Polygon", "coordinates": [[[36.6028109, 55.7182322], [36.6027841, 55.7181728], [36.6029182, 55.7181536], [36.602945, 55.718213], [36.6028109, 55.7182322]]]}}, {"type": "Feature", "id": "way/1342822000", "properties": {"@id": "way/1342822000", "addr:place": "СНТ \"Урожайное\"", "building": "allotment_house", "is_living": false}, "geometry": {"type": "Polygon", "coordinates": [[[36.6030282, 55.7185238], [36.6029942, 55.7184485], [36.6031757, 55.7184225], [36.6032097, 55.7184978], [36.6030282, 55.7185238]]]}}, {"type": "Feature", "id": "way/1342822001", "properties": {"@id": "way/1342822001", "addr:place": "СНТ \"Урожайное\"", "building": "allotment_house", "is_living": false}, "geometry": {"type": "Polygon", "coordinates": [[[36.6022691, 55.7185283], [36.6022349, 55.7184525], [36.6023388, 55.7184377], [36.602373, 55.7185134], [36.6022691, 55.7185283]]]}}, {"type": "Feature", "id": "way/1342822002", "properties": {"@id": "way/1342822002", "addr:place": "СНТ \"Урожайное\"", "building": "allotment_house", "is_living": false}, "geometry": {"type": "Polygon", "coordinates": [[[36.6014752, 55.7178197], [36.6014257, 55.71771], [36.6015878, 55.7176868], [36.6016373, 55.7177965], [36.6014752, 55.7178197]]]}}, {"type": "Feature", "id": "way/1342822003", "properties": {"@id": "way/1342822003", "addr:place": "СНТ \"Урожайное\"", "building": "allotment_house", "is_living": false}, "geometry": {"type": "Polygon", "coordinates": [[[36.6015851, 55.7180297], [36.6015507, 55.7179533], [36.6016817, 55.7179346], [36.6017162, 55.718011], [36.6015851, 55.7180297]]]}}, {"type": "Feature", "id": "way/1342822006", "properties": {"@id": "way/1342822006", "addr:place": "СНТ \"Урожайное\"", "building": "allotment_house", "is_living": false}, "geometry": {"type": "Polygon", "coordinates": [[[36.6007081, 55.71848], [36.6006626, 55.7183793], [36.6009092, 55.718344], [36.6009547, 55.7184447], [36.6007081, 55.71848]]]}}, {"type": "Feature", "id": "way/1342822007", "properties": {"@id": "way/1342822007", "addr:place": "СНТ \"Урожайное\"", "building": "allotment_house", "is_living": false}, "geometry": {"type": "Polygon", "coordinates": [[[36.6009173, 55.7187443], [36.6008854, 55.7186736], [36.6010246, 55.7186537], [36.6010565, 55.7187244], [36.6009173, 55.7187443]]]}}, {"type": "Feature", "id": "way/1342822008", "properties": {"@id": "way/1342822008", "addr:housenumber": "189", "addr:place": "СНТ \"Урожайное\"", "building": "allotment_house", "source:addr": "ЕГРН", "is_living": false}, "geometry": {"type": "Polygon", "coordinates": [[[36.6042459, 55.7186552], [36.6042439, 55.7185688], [36.6044477, 55.7185673], [36.6044497, 55.7186537], [36.6042459, 55.7186552]]]}}, {"type": "Feature", "id": "way/1342822009", "properties": {"@id": "way/1342822009", "addr:place": "СНТ \"Урожайное\"", "building": "allotment_house", "is_living": false}, "geometry": {"type": "Polygon", "coordinates": [[[36.6036773, 55.7188758], [36.6036295, 55.7187699], [36.6037658, 55.7187504], [36.6038136, 55.7188563], [36.6036773, 55.7188758]]]}}, {"type": "Feature", "id": "way/1342822010", "properties": {"@id": "way/1342822010", "addr:place": "СНТ \"Урожайное\"", "building": "allotment_house", "is_living": false}, "geometry": {"type": "Polygon", "coordinates": [[[36.6041011, 55.7190646], [36.6040531, 55.7189584], [36.6041976, 55.7189377], [36.6042455, 55.7190439], [36.6041011, 55.7190646]]]}}, {"type": "Feature", "id": "way/1342822011", "properties": {"@id": "way/1342822011", "addr:place": "СНТ \"Урожайное\"", "building": "allotment_house", "is_living": false}, "geometry": {"type": "Polygon", "coordinates": [[[36.6012982, 55.7193154], [36.601265, 55.7192419], [36.6014054, 55.7192217], [36.6014386, 55.7192953], [36.6012982, 55.7193154]]]}}, {"type": "Feature", "id": "way/1342822012", "properties": {"@id": "way/1342822012", "addr:place": "СНТ \"Урожайное\"", "building": "allotment_house", "is_living": false}, "geometry": {"type": "Polygon", "coordinates": [[[36.6019875, 55.7193849], [36.6019606, 55.7193254], [36.6020411, 55.7193139], [36.602068, 55.7193734], [36.6019875, 55.7193849]]]}}, {"type": "Feature", "id": "way/1342822013", "properties": {"@id": "way/1342822013", "addr:housenumber": "248", "addr:place": "СНТ \"Урожайное\"", "building": "allotment_house", "source:addr": "ЕГРН", "is_living": false}, "geometry": {"type": "Polygon", "coordinates": [[[36.6016844, 55.7194786], [36.6016481, 55.7193982], [36.6017514, 55.7193834], [36.6017877, 55.7194638], [36.6016844, 55.7194786]]]}}, {"type": "Feature", "id": "way/1342822016", "properties": {"@id": "way/1342822016", "addr:place": "СНТ \"Урожайное\"", "building": "allotment_house", "is_living": false}, "geometry": {"type": "Polygon", "coordinates": [[[36.6019258, 55.719113], [36.6018856, 55.7190239], [36.6020867, 55.7189951], [36.6021269, 55.7190842], [36.6019258, 55.719113]]]}}, {"type": "Feature", "id": "way/1342822017", "properties": {"@id": "way/1342822017", "addr:place": "СНТ \"Урожайное\"", "building": "allotment_house", "is_living": false}, "geometry": {"type": "Polygon", "coordinates": [[[36.6021538, 55.7188712], [36.6021169, 55.7187896], [36.6022852, 55.7187655], [36.6023221, 55.7188472], [36.6021538, 55.7188712]]]}}, {"type": "Feature", "id": "way/1342822018", "properties": {"@id": "way/1342822018", "addr:place": "СНТ \"Урожайное\"", "building": "allotment_house", "is_living": false}, "geometry": {"type": "Polygon", "coordinates": [[[36.6028726, 55.7187927], [36.6028205, 55.7186773], [36.602996, 55.7186522], [36.6030481, 55.7187676], [36.6028726, 55.7187927]]]}}, {"type": "Feature", "id": "way/1342822019", "properties": {"@id": "way/1342822019", "addr:housenumber": "186", "addr:place": "СНТ \"Урожайное\"", "building": "allotment_house", "source:addr": "ЕГРН", "is_living": false}, "geometry": {"type": "Polygon", "coordinates": [[[36.6031596, 55.7186552], [36.6031347, 55.7186], [36.6032347, 55.7185857], [36.6032596, 55.7186409], [36.6031596, 55.7186552]]]}}, {"type": "Feature", "id": "way/1342822020", "properties": {"@id": "way/1342822020", "addr:place": "СНТ \"Урожайное\"", "building": "allotment_house", "is_living": false}, "geometry": {"type": "Polygon", "coordinates": [[[36.6028029, 55.7193804], [36.6027663, 55.7192993], [36.602886, 55.7192822], [36.6029226, 55.7193632], [36.6028029, 55.7193804]]]}}, {"type": "Feature", "id": "way/1342822021", "properties": {"@id": "way/1342822021", "addr:place": "СНТ \"Урожайное\"", "building": "allotment_house", "is_living": false}, "geometry": {"type": "Polygon", "coordinates": [[[36.6031784, 55.7193199], [36.603137, 55.7192282], [36.6033822, 55.719193], [36.6034236, 55.7192848], [36.6031784, 55.7193199]]]}}, {"type": "Feature", "id": "way/1342822022", "properties": {"@id": "way/1342822022", "addr:housenumber": "253", "addr:place": "СНТ \"Урожайное\"", "building": "allotment_house", "is_living": false}, "geometry": {"type": "Polygon", "coordinates": [[[36.6032132, 55.7197006], [36.603164, 55.7195916], [36.6033601, 55.7195635], [36.6033825, 55.7196132], [36.6033215, 55.719622], [36.6033483, 55.7196813], [36.6032132, 55.7197006]]]}}, {"type": "Feature", "id": "way/1342822023", "properties": {"@id": "way/1342822023", "addr:housenumber": "247", "addr:place": "СНТ \"Урожайное\"", "building": "allotment_house", "source:addr": "ЕГРН", "is_living": false}, "geometry": {"type": "Polygon", "coordinates": [[[36.6022557, 55.7196659], [36.6022276, 55.719614], [36.6023388, 55.7195949], [36.602367, 55.7196467], [36.6022557, 55.7196659]]]}}, {"type": "Feature", "id": "way/1342822024", "properties": {"@id": "way/1342822024", "addr:housenumber": "249", "addr:place": "СНТ \"Урожайное\"", "building": "allotment_house", "source:addr": "ЕГРН", "is_living": false}, "geometry": {"type": "Polygon", "coordinates": [[[36.6025433, 55.7196565], [36.6025047, 55.7195711], [36.6026843, 55.7195454], [36.6027228, 55.7196308], [36.6025433, 55.7196565]]]}}, {"type": "Feature", "id": "way/1342822025", "properties": {"@id": "way/1342822025", "addr:place": "СНТ \"Урожайное\"", "building": "allotment_house", "is_living": false}, "geometry": {"type": "Polygon", "coordinates": [[[36.6019955, 55.7202445], [36.6019438, 55.7201492], [36.6020572, 55.7201297], [36.6021089, 55.720225], [36.6019955, 55.7202445]]]}}, {"type": "Feature", "id": "way/1342822026", "properties": {"@id": "way/1342822026", "addr:place": "СНТ \"Урожайное\"", "building": "allotment_house", "is_living": false}, "geometry": {"type": "Polygon", "coordinates": [[[36.602422, 55.720172], [36.6023645, 55.7200661], [36.6025481, 55.7200345], [36.6026055, 55.7201404], [36.602422, 55.720172]]]}}, {"type": "Feature", "id": "way/1342822027", "properties": {"@id": "way/1342822027", "addr:place": "СНТ \"Урожайное\"", "building": "allotment_house", "is_living": false}, "geometry": {"type": "Polygon", "coordinates": [[[36.6018936, 55.7197142], [36.6018467, 55.7196277], [36.6019848, 55.719604], [36.6020317, 55.7196905], [36.6018936, 55.7197142]]]}}, {"type": "Feature", "id": "way/1342822028", "properties": {"@id": "way/1342822028", "addr:place": "СНТ \"Урожайное\"", "building": "allotment_house", "is_living": false}, "geometry": {"type": "Polygon", "coordinates": [[[36.6015717, 55.7197837], [36.6015189, 55.7196864], [36.6016468, 55.7196644], [36.6016996, 55.7197617], [36.6015717, 55.7197837]]]}}, {"type": "Feature", "id": "way/1342822029", "properties": {"@id": "way/1342822029", "addr:place": "СНТ \"Урожайное\"", "building": "allotment_house", "is_living": false}, "geometry": {"type": "Polygon", "coordinates": [[[36.6012177, 55.7198986], [36.6011668, 55.7198221], [36.6013384, 55.7197858], [36.6013893, 55.7198623], [36.6012177, 55.7198986]]]}}, {"type": "Feature", "id": "way/1342822030", "properties": {"@id": "way/1342822030", "addr:place": "СНТ \"Урожайное\"", "building": "allotment_house", "is_living": false}, "geometry": {"type": "Polygon", "coordinates": [[[36.6016898, 55.7203246], [36.6016307, 55.7202158], [36.6017639, 55.7201929], [36.6018229, 55.7203017], [36.6016898, 55.7203246]]]}}, {"type": "Feature", "id": "way/1342822038", "properties": {"@id": "way/1342822038", "addr:place": "СНТ \"Урожайное\"", "building": "allotment_house", "is_living": false}, "geometry": {"type": "Polygon", "coordinates": [[[36.5974385, 55.7195269], [36.597387, 55.7194517], [36.5975136, 55.7194242], [36.5975651, 55.7194994], [36.5974385, 55.7195269]]]}}, {"type": "Feature", "id": "way/1342822039", "properties": {"@id": "way/1342822039", "addr:place": "СНТ \"Урожайное\"", "building": "allotment_house", "is_living": false}, "geometry": {"type": "Polygon", "coordinates": [[[36.5975967, 55.7193486], [36.5975604, 55.7192957], [36.5976503, 55.7192761], [36.5976866, 55.7193291], [36.5975967, 55.7193486]]]}}, {"type": "Feature", "id": "way/1342822040", "properties": {"@id": "way/1342822040", "addr:place": "СНТ \"Урожайное\"", "building": "allotment_house", "is_living": false}, "geometry": {"type": "Polygon", "coordinates": [[[36.5981063, 55.719403], [36.5980584, 55.719333], [36.5981948, 55.7193033], [36.5982428, 55.7193734], [36.5981063, 55.719403]]]}}, {"type": "Feature", "id": "way/1342822041", "properties": {"@id": "way/1342822041", "addr:place": "СНТ \"Урожайное\"", "building": "allotment_house", "is_living": false}, "geometry": {"type": "Polygon", "coordinates": [[[36.5983209, 55.7192036], [36.5982589, 55.719113], [36.5984121, 55.7190797], [36.5984741, 55.7191703], [36.5983209, 55.7192036]]]}}, {"type": "Feature", "id": "way/1342822046", "properties": {"@id": "way/1342822046", "addr:place": "СНТ \"Урожайное\"", "building": "allotment_house", "is_living": false}, "geometry": {"type": "Polygon", "coordinates": [[[36.5970549, 55.7195133], [36.5970056, 55.7194412], [36.5971675, 55.7194061], [36.5972169, 55.7194781], [36.5970549, 55.7195133]]]}}, {"type": "Feature", "id": "way/1342822047", "properties": {"@id": "way/1342822047", "addr:housenumber": "167", "addr:place": "СНТ \"Урожайное\"", "building": "allotment_house", "source:addr": "ЕГРН", "is_living": false}, "geometry": {"type": "Polygon", "coordinates": [[[36.5974411, 55.7198019], [36.5973577, 55.7197306], [36.5974838, 55.7196838], [36.5975672, 55.719755], [36.5974411, 55.7198019]]]}}, {"type": "Feature", "id": "way/1342822048", "properties": {"@id": "way/1342822048", "addr:place": "СНТ \"Урожайное\"", "building": "allotment_house", "is_living": false}, "geometry": {"type": "Polygon", "coordinates": [[[36.5979534, 55.7197581], [36.5979039, 55.7196857], [36.5980366, 55.7196568], [36.5980861, 55.7197292], [36.5979534, 55.7197581]]]}}, {"type": "Feature", "id": "way/1342822049", "properties": {"@id": "way/1342822049", "addr:place": "СНТ \"Урожайное\"", "building": "allotment_house", "is_living": false}, "geometry": {"type": "Polygon", "coordinates": [[[36.598506, 55.7196236], [36.5984385, 55.719525], [36.5985757, 55.7194952], [36.5986432, 55.7195938], [36.598506, 55.7196236]]]}}, {"type": "Feature", "id": "way/1342822050", "properties": {"@id": "way/1342822050", "addr:place": "СНТ \"Урожайное\"", "building": "allotment_house", "is_living": false}, "geometry": {"type": "Polygon", "coordinates": [[[36.5988734, 55.7194755], [36.5988086, 55.7193808], [36.5989217, 55.7193562], [36.5989866, 55.719451], [36.5988734, 55.7194755]]]}}, {"type": "Feature", "id": "way/1342822051", "properties": {"@id": "way/1342822051", "addr:place": "СНТ \"Урожайное\"", "building": "allotment_house", "is_living": false}, "geometry": {"type": "Polygon", "coordinates": [[[36.5991712, 55.7195299], [36.5991137, 55.7194792], [36.5992398, 55.7194339], [36.5992972, 55.7194846], [36.5991712, 55.7195299]]]}}, {"type": "Feature", "id": "way/1342822052", "properties": {"@id": "way/1342822052", "addr:place": "СНТ \"Урожайное\"", "building": "allotment_house", "is_living": false}, "geometry": {"type": "Polygon", "coordinates": [[[36.5978515, 55.7202989], [36.597779, 55.7201929], [36.5979588, 55.7201539], [36.5980313, 55.7202598], [36.5978515, 55.7202989]]]}}, {"type": "Feature", "id": "way/1342822053", "properties": {"@id": "way/1342822053", "addr:place": "СНТ \"Урожайное\"", "building": "allotment_house", "is_living": false}, "geometry": {"type": "Polygon", "coordinates": [[[36.5981653, 55.7201508], [36.598122, 55.7200875], [36.5981922, 55.7200723], [36.5982355, 55.7201356], [36.5981653, 55.7201508]]]}}, {"type": "Feature", "id": "way/1342822054", "properties": {"@id": "way/1342822054", "addr:place": "СНТ \"Урожайное\"", "building": "allotment_house", "is_living": false}, "geometry": {"type": "Polygon", "coordinates": [[[36.59886, 55.7201161], [36.5988078, 55.7200398], [36.5989432, 55.7200103], [36.5989954, 55.7200867], [36.59886, 55.7201161]]]}}, {"type": "Feature", "id": "way/1342822055", "properties": {"@id": "way/1342822055", "addr:place": "СНТ \"Урожайное\"", "building": "allotment_house", "is_living": false}, "geometry": {"type": "Polygon", "coordinates": [[[36.5996379, 55.7199514], [36.5995939, 55.7198872], [36.5997156, 55.7198608], [36.5997596, 55.719925], [36.5996379, 55.7199514]]]}}, {"type": "Feature", "id": "way/1342822056", "properties": {"@id": "way/1342822056", "addr:housenumber": "232", "addr:place": "СНТ \"Урожайное\"", "building": "allotment_house", "source:addr": "ЕГРН", "is_living": false}, "geometry": {"type": "Polygon", "coordinates": [[[36.5991712, 55.7200119], [36.5991232, 55.7199418], [36.5992597, 55.7199121], [36.5993076, 55.7199822], [36.5991712, 55.7200119]]]}}, {"type": "Feature", "id": "way/1342822057", "properties": {"@id": "way/1342822057", "addr:housenumber": "238", "addr:place": "СНТ \"Урожайное\"", "building": "allotment_house", "source:addr": "ЕГРН", "is_living": false}, "geometry": {"type": "Polygon", "coordinates": [[[36.600185, 55.7195964], [36.6001406, 55.7195315], [36.6002521, 55.7195073], [36.6002965, 55.7195722], [36.600185, 55.7195964]]]}}, {"type": "Feature", "id": "way/1342822058", "properties": {"@id": "way/1342822058", "addr:place": "СНТ \"Урожайное\"", "building": "allotment_house", "is_living": false}, "geometry": {"type": "Polygon", "coordinates": [[[36.5998712, 55.7198608], [36.5997959, 55.7197507], [36.5999222, 55.7197233], [36.5999975, 55.7198334], [36.5998712, 55.7198608]]]}}, {"type": "Feature", "id": "way/1342822059", "properties": {"@id": "way/1342822059", "addr:place": "СНТ \"Урожайное\"", "building": "allotment_house", "is_living": false}, "geometry": {"type": "Polygon", "coordinates": [[[36.600523, 55.7197097], [36.6004644, 55.719624], [36.6005847, 55.7195979], [36.6006433, 55.7196836], [36.600523, 55.7197097]]]}}, {"type": "Feature", "id": "way/1342822060", "properties": {"@id": "way/1342822060", "addr:place": "СНТ \"Урожайное\"", "building": "allotment_house", "is_living": false}, "geometry": {"type": "Polygon", "coordinates": [[[36.6009843, 55.7196478], [36.6008851, 55.7195028], [36.6010246, 55.7194725], [36.6011238, 55.7196175], [36.6009843, 55.7196478]]]}}, {"type": "Feature", "id": "way/1342822061", "properties": {"@id": "way/1342822061", "addr:housenumber": "307", "addr:place": "СНТ \"Урожайное\"", "building": "allotment_house", "source:addr": "ЕГРН", "is_living": false}, "geometry": {"type": "Polygon", "coordinates": [[[36.6010782, 55.7204983], [36.6010239, 55.720419], [36.6011667, 55.720388], [36.601221, 55.7204673], [36.6010782, 55.7204983]]]}}, {"type": "Feature", "id": "way/1342822062", "properties": {"@id": "way/1342822062", "addr:housenumber": "239", "addr:place": "СНТ \"Урожайное\"", "building": "allotment_house", "source:addr": "ЕГРН", "is_living": false}, "geometry": {"type": "Polygon", "coordinates": [[[36.6007858, 55.7199424], [36.6007151, 55.719839], [36.6008583, 55.7198079], [36.600929, 55.7199113], [36.6007858, 55.7199424]]]}}, {"type": "Feature", "id": "way/1342822063", "properties": {"@id": "way/1342822063", "addr:place": "СНТ \"Урожайное\"", "building": "allotment_house", "is_living": false}, "geometry": {"type": "Polygon", "coordinates": [[[36.6007509, 55.7203826], [36.6007116, 55.7203246], [36.6008476, 55.7202953], [36.600887, 55.7203533], [36.6007509, 55.7203826]]]}}, {"type": "Feature", "id": "way/1342822064", "properties": {"@id": "way/1342822064", "addr:place": "СНТ \"Урожайное\"", "building": "allotment_house", "is_living": false}, "geometry": {"type": "Polygon", "coordinates": [[[36.6007236, 55.7201986], [36.6006647, 55.7201126], [36.6007918, 55.720085], [36.6008507, 55.720171], [36.6007236, 55.7201986]]]}}, {"type": "Feature", "id": "way/1342822065", "properties": {"@id": "way/1342822065", "addr:place": "СНТ \"Урожайное\"", "building": "allotment_house", "is_living": false}, "geometry": {"type": "Polygon", "coordinates": [[[36.6002494, 55.7202581], [36.60019, 55.7201791], [36.6003084, 55.7201508], [36.6003678, 55.7202299], [36.6002494, 55.7202581]]]}}, {"type": "Feature", "id": "way/1342822066", "properties": {"@id": "way/1342822066", "addr:place": "СНТ \"Урожайное\"", "building": "allotment_house", "is_living": false}, "geometry": {"type": "Polygon", "coordinates": [[[36.5999007, 55.7201297], [36.5998432, 55.7200531], [36.5999463, 55.7200285], [36.6000039, 55.7201051], [36.5999007, 55.7201297]]]}}, {"type": "Feature", "id": "way/1342822067", "properties": {"@id": "way/1342822067", "addr:place": "СНТ \"Урожайное\"", "building": "allotment_house", "is_living": false}, "geometry": {"type": "Polygon", "coordinates": [[[36.6002092, 55.7206871], [36.6001713, 55.7206367], [36.6003084, 55.7206041], [36.6003463, 55.7206545], [36.6002092, 55.7206871]]]}}, {"type": "Feature", "id": "way/1342822068", "properties": {"@id": "way/1342822068", "addr:place": "СНТ \"Урожайное\"", "building": "allotment_house", "is_living": false}, "geometry": {"type": "Polygon", "coordinates": [[[36.5992811, 55.7204318], [36.5992104, 55.7203377], [36.599367, 55.7203004], [36.5994377, 55.7203945], [36.5992811, 55.7204318]]]}}, {"type": "Feature", "id": "way/1342822069", "properties": {"@id": "way/1342822069", "addr:place": "СНТ \"Урожайное\"", "building": "allotment_house", "is_living": false}, "geometry": {"type": "Polygon", "coordinates": [[[36.5995708, 55.7208382], [36.5995237, 55.7207755], [36.5996727, 55.72074], [36.5997198, 55.7208027], [36.5995708, 55.7208382]]]}}, {"type": "Feature", "id": "way/1342822070", "properties": {"@id": "way/1342822070", "addr:housenumber": "301", "addr:place": "СНТ \"Урожайное\"", "building": "allotment_house", "source:addr": "ЕГРН", "is_living": false}, "geometry": {"type": "Polygon", "coordinates": [[[36.5992355, 55.7208956], [36.5991884, 55.7208329], [36.5993375, 55.7207974], [36.5993845, 55.7208601], [36.5992355, 55.7208956]]]}}, {"type": "Feature", "id": "way/1342822071", "properties": {"@id": "way/1342822071", "addr:place": "СНТ \"Урожайное\"", "building": "allotment_house", "is_living": false}, "geometry": {"type": "Polygon", "coordinates": [[[36.5989244, 55.7203155], [36.598878, 55.7202537], [36.599037, 55.7202158], [36.5990835, 55.7202776], [36.5989244, 55.7203155]]]}}, {"type": "Feature", "id": "way/1342822072", "properties": {"@id": "way/1342822072", "addr:place": "СНТ \"Урожайное\"", "building": "allotment_house", "is_living": false}, "geometry": {"type": "Polygon", "coordinates": [[[36.5986186, 55.720391], [36.5985516, 55.7203018], [36.5987098, 55.7202641], [36.5987768, 55.7203533], [36.5986186, 55.720391]]]}}, {"type": "Feature", "id": "way/1342822073", "properties": {"@id": "way/1342822073", "addr:place": "СНТ \"Урожайное\"", "building": "allotment_house", "is_living": false}, "geometry": {"type": "Polygon", "coordinates": [[[36.5983531, 55.7206176], [36.5983271, 55.7205831], [36.5984228, 55.7205602], [36.5984488, 55.7205948], [36.5983531, 55.7206176]]]}}, {"type": "Feature", "id": "way/1342822074", "properties": {"@id": "way/1342822074", "addr:place": "СНТ \"Урожайное\"", "building": "allotment_house", "is_living": false}, "geometry": {"type": "Polygon", "coordinates": [[[36.5986079, 55.7207566], [36.5985627, 55.7206965], [36.5986589, 55.7206735], [36.5987041, 55.7207337], [36.5986079, 55.7207566]]]}}, {"type": "Feature", "id": "way/1342822075", "properties": {"@id": "way/1342822075", "addr:place": "СНТ \"Урожайное\"", "building": "allotment_house", "is_living": false}, "geometry": {"type": "Polygon", "coordinates": [[[36.5989405, 55.7209847], [36.5988834, 55.7209088], [36.5990229, 55.7208756], [36.59908, 55.7209515], [36.5989405, 55.7209847]]]}}, {"type": "Feature", "id": "way/1342822079", "properties": {"@id": "way/1342822079", "addr:housenumber": "99", "addr:place": "СНТ \"Покровское-2000\"", "building": "allotment_house", "source:addr": "ЕГРН", "is_living": false}, "geometry": {"type": "Polygon", "coordinates": [[[36.6044068, 55.7211313], [36.6044173, 55.7210645], [36.6046053, 55.7210739], [36.6045949, 55.7211406], [36.6044068, 55.7211313]]]}}, {"type": "Feature", "id": "way/1342822080", "properties": {"@id": "way/1342822080", "building": "allotment_house", "is_living": false}, "geometry": {"type": "Polygon", "coordinates": [[[36.6038677, 55.7211162], [36.6038823, 55.7210231], [36.6040528, 55.7210316], [36.6040382, 55.7211246], [36.6038677, 55.7211162]]]}}, {"type": "Feature", "id": "way/1342822081", "properties": {"@id": "way/1342822081", "building": "allotment_house", "is_living": false}, "geometry": {"type": "Polygon", "coordinates": [[[36.6034842, 55.7209334], [36.6034998, 55.7208334], [36.6036263, 55.7208397], [36.6036107, 55.7209397], [36.6034842, 55.7209334]]]}}, {"type": "Feature", "id": "way/1342822082", "properties": {"@id": "way/1342822082", "addr:housenumber": "105", "addr:place": "СНТ \"Покровское-2000\"", "building": "allotment_house", "source:addr": "ЕГРН", "is_living": false}, "geometry": {"type": "Polygon", "coordinates": [[[36.6025588, 55.7210618], [36.6025744, 55.7209622], [36.6027546, 55.7209712], [36.602739, 55.7210707], [36.6025588, 55.7210618]]]}}, {"type": "Feature", "id": "way/1342822083", "properties": {"@id": "way/1342822083", "addr:housenumber": "112", "addr:place": "СНТ \"Покровское-2000\"", "building": "allotment_house", "source:addr": "ЕГРН", "is_living": false}, "geometry": {"type": "Polygon", "coordinates": [[[36.6019204, 55.7207113], [36.6019396, 55.7206551], [36.6020791, 55.7206702], [36.6020599, 55.7207264], [36.6019204, 55.7207113]]]}}, {"type": "Feature", "id": "way/1342822084", "properties": {"@id": "way/1342822084", "building": "allotment_house", "is_living": false}, "geometry": {"type": "Polygon", "coordinates": [[[36.6021028, 55.7210135], [36.6021174, 55.7209203], [36.6023201, 55.7209304], [36.6023055, 55.7210235], [36.6021028, 55.7210135]]]}}, {"type": "Feature", "id": "way/1342822085", "properties": {"@id": "way/1342822085", "addr:housenumber": "108", "addr:place": "СНТ \"Покровское-2000\"", "building": "allotment_house", "source:addr": "ЕГРН", "is_living": false}, "geometry": {"type": "Polygon", "coordinates": [[[36.6014054, 55.7209953], [36.6014203, 55.7209005], [36.6016254, 55.7209107], [36.6016105, 55.7210055], [36.6014054, 55.7209953]]]}}, {"type": "Feature", "id": "way/1342822086", "properties": {"@id": "way/1342822086", "building": "allotment_house", "is_living": false}, "geometry": {"type": "Polygon", "coordinates": [[[36.6004425, 55.7209515], [36.6004512, 55.7208964], [36.6005874, 55.7209032], [36.6005787, 55.7209583], [36.6004425, 55.7209515]]]}}, {"type": "Feature", "id": "way/1342822087", "properties": {"@id": "way/1342822087", "building": "allotment_house", "is_living": false}, "geometry": {"type": "Polygon", "coordinates": [[[36.6004908, 55.7214153], [36.6004993, 55.7213611], [36.6006169, 55.7213669], [36.6006084, 55.7214211], [36.6004908, 55.7214153]]]}}, {"type": "Feature", "id": "way/1342822088", "properties": {"@id": "way/1342822088", "building": "allotment_house", "is_living": false}, "geometry": {"type": "Polygon", "coordinates": [[[36.600472, 55.721157], [36.6004862, 55.7210668], [36.6006502, 55.721075], [36.6006398, 55.7211414], [36.6005877, 55.7211389], [36.600584, 55.7211625], [36.600472, 55.721157]]]}}, {"type": "Feature", "id": "way/1342822089", "properties": {"@id": "way/1342822089", "addr:housenumber": "84", "addr:place": "СНТ \"Покровское-2000\"", "building": "allotment_house", "source:addr": "ЕГРН", "is_living": false}, "geometry": {"type": "Polygon", "coordinates": [[[36.6007644, 55.7211434], [36.6007741, 55.7210816], [36.6008931, 55.7210875], [36.6008835, 55.7211493], [36.6007644, 55.7211434]]]}}, {"type": "Feature", "id": "way/1342822090", "properties": {"@id": "way/1342822090", "building": "allotment_house", "is_living": false}, "geometry": {"type": "Polygon", "coordinates": [[[36.6011319, 55.7211932], [36.6011463, 55.7211008], [36.6013035, 55.7211086], [36.601289, 55.721201], [36.6011319, 55.7211932]]]}}, {"type": "Feature", "id": "way/1342822091", "properties": {"@id": "way/1342822091", "building": "allotment_house", "is_living": false}, "geometry": {"type": "Polygon", "coordinates": [[[36.6010728, 55.7216645], [36.601089, 55.7215615], [36.6012177, 55.7215679], [36.6012015, 55.7216709], [36.6010728, 55.7216645]]]}}, {"type": "Feature", "id": "way/1342822092", "properties": {"@id": "way/1342822092", "building": "allotment_house", "is_living": false}, "geometry": {"type": "Polygon", "coordinates": [[[36.6013786, 55.7215074], [36.601392, 55.721422], [36.6015905, 55.7214319], [36.6015771, 55.7215173], [36.6013786, 55.7215074]]]}}, {"type": "Feature", "id": "way/1342822093", "properties": {"@id": "way/1342822093", "building": "allotment_house", "is_living": false}, "geometry": {"type": "Polygon", "coordinates": [[[36.6015637, 55.7216902], [36.601579, 55.7215928], [36.6017166, 55.7215996], [36.6017013, 55.7216971], [36.6015637, 55.7216902]]]}}, {"type": "Feature", "id": "way/1342822094", "properties": {"@id": "way/1342822094", "building": "allotment_house", "is_living": false}, "geometry": {"type": "Polygon", "coordinates": [[[36.6017944, 55.7212461], [36.6018083, 55.721157], [36.6019285, 55.721163], [36.6019145, 55.7212521], [36.6017944, 55.7212461]]]}}, {"type": "Feature", "id": "way/1342822095", "properties": {"@id": "way/1342822095", "building": "allotment_house", "is_living": false}, "geometry": {"type": "Polygon", "coordinates": [[[36.6021162, 55.7213911], [36.6021316, 55.7212929], [36.602253, 55.721299], [36.6022376, 55.7213972], [36.6021162, 55.7213911]]]}}, {"type": "Feature", "id": "way/1342822096", "properties": {"@id": "way/1342822096", "addr:housenumber": "70", "addr:place": "СНТ \"Покровское-2000\"", "building": "allotment_house", "source:addr": "ЕГРН", "is_living": false}, "geometry": {"type": "Polygon", "coordinates": [[[36.601958, 55.7217159], [36.6019692, 55.7216441], [36.602076, 55.7216494], [36.6020647, 55.7217212], [36.601958, 55.7217159]]]}}, {"type": "Feature", "id": "way/1342822097", "properties": {"@id": "way/1342822097", "building": "allotment_house", "is_living": false}, "geometry": {"type": "Polygon", "coordinates": [[[36.6024059, 55.7212763], [36.6024205, 55.7211829], [36.6025668, 55.7211902], [36.6025522, 55.7212836], [36.6024059, 55.7212763]]]}}, {"type": "Feature", "id": "way/1342822098", "properties": {"@id": "way/1342822098", "building": "allotment_house", "is_living": false}, "geometry": {"type": "Polygon", "coordinates": [[[36.6022906, 55.721728], [36.6023019, 55.7216557], [36.6024193, 55.7216615], [36.602408, 55.7217338], [36.6022906, 55.721728]]]}}, {"type": "Feature", "id": "way/1342822099", "properties": {"@id": "way/1342822099", "building": "allotment_house", "is_living": false}, "geometry": {"type": "Polygon", "coordinates": [[[36.602599, 55.7216041], [36.6026137, 55.7215102], [36.6027412, 55.7215165], [36.6027265, 55.7216105], [36.602599, 55.7216041]]]}}, {"type": "Feature", "id": "way/1342822100", "properties": {"@id": "way/1342822100", "addr:housenumber": "90", "addr:place": "СНТ \"Покровское-2000\"", "building": "allotment_house", "source:addr": "ЕГРН", "is_living": false}, "geometry": {"type": "Polygon", "coordinates": [[[36.6026071, 55.7214425], [36.6026212, 55.7213523], [36.6027331, 55.7213579], [36.602719, 55.721448], [36.6026071, 55.7214425]]]}}, {"type": "Feature", "id": "way/1342822101", "properties": {"@id": "way/1342822101", "addr:housenumber": "91", "addr:place": "СНТ \"Покровское-2000\"", "building": "allotment_house", "source:addr": "ЕГРН", "is_living": false}, "geometry": {"type": "Polygon", "coordinates": [[[36.6030201, 55.7212733], [36.6030312, 55.7212025], [36.6031784, 55.7212098], [36.6031673, 55.7212806], [36.6030201, 55.7212733]]]}}, {"type": "Feature", "id": "way/1342822102", "properties": {"@id": "way/1342822102", "building": "allotment_house", "is_living": false}, "geometry": {"type": "Polygon", "coordinates": [[[36.6033044, 55.7213382], [36.6033137, 55.7212794], [36.6034949, 55.7212884], [36.6034857, 55.7213473], [36.6033044, 55.7213382]]]}}, {"type": "Feature", "id": "way/1342822103", "properties": {"@id": "way/1342822103", "addr:housenumber": "93", "addr:place": "СНТ \"Покровское-2000\"", "building": "allotment_house", "source:addr": "ЕГРН", "is_living": false}, "geometry": {"type": "Polygon", "coordinates": [[[36.603637, 55.7213171], [36.6036497, 55.7212365], [36.6038436, 55.7212461], [36.6038309, 55.7213267], [36.603637, 55.7213171]]]}}, {"type": "Feature", "id": "way/1342822104", "properties": {"@id": "way/1342822104", "addr:housenumber": "65", "addr:place": "СНТ \"Покровское-2000\"", "building": "allotment_house", "is_living": false}, "geometry": {"type": "Polygon", "coordinates": [[[36.6034895, 55.7217265], [36.6035052, 55.7216262], [36.6036987, 55.7216358], [36.603683, 55.7217361], [36.6034895, 55.7217265]]]}}, {"type": "Feature", "id": "way/1342822105", "properties": {"@id": "way/1342822105", "building": "allotment_house", "is_living": false}, "geometry": {"type": "Polygon", "coordinates": [[[36.6042674, 55.7215256], [36.6042803, 55.7214431], [36.6044497, 55.7214515], [36.6044368, 55.721534], [36.6042674, 55.7215256]]]}}, {"type": "Feature", "id": "way/1342822106", "properties": {"@id": "way/1342822106", "building": "allotment_house", "is_living": false}, "geometry": {"type": "Polygon", "coordinates": [[[36.6042191, 55.7216404], [36.6042322, 55.7215567], [36.6044578, 55.7215679], [36.6044447, 55.7216516], [36.6042191, 55.7216404]]]}}, {"type": "Feature", "id": "way/1342822107", "properties": {"@id": "way/1342822107", "building": "allotment_house", "is_living": false}, "geometry": {"type": "Polygon", "coordinates": [[[36.6049057, 55.721379], [36.6049161, 55.7213128], [36.605064, 55.7213201], [36.6050536, 55.7213864], [36.6049057, 55.721379]]]}}, {"type": "Feature", "id": "way/1342822108", "properties": {"@id": "way/1342822108", "addr:housenumber": "61", "addr:place": "СНТ \"Покровское-2000\"", "building": "allotment_house", "is_living": false}, "geometry": {"type": "Polygon", "coordinates": [[[36.6048869, 55.7216842], [36.604899, 55.7216071], [36.6050582, 55.721615], [36.605049, 55.7216738], [36.6050119, 55.7216719], [36.605009, 55.7216903], [36.6048869, 55.7216842]]]}}, {"type": "Feature", "id": "way/1342822109", "properties": {"@id": "way/1342822109", "building": "allotment_house", "is_living": false}, "geometry": {"type": "Polygon", "coordinates": [[[36.6051391, 55.7218655], [36.6051532, 55.7217754], [36.6052946, 55.7217824], [36.6052805, 55.7218725], [36.6051391, 55.7218655]]]}}, {"type": "Feature", "id": "way/1342822110", "properties": {"@id": "way/1342822110", "building": "allotment_house", "is_living": false}, "geometry": {"type": "Polygon", "coordinates": [[[36.60519, 55.7214364], [36.6052028, 55.7213549], [36.6054153, 55.7213654], [36.6054026, 55.721447], [36.60519, 55.7214364]]]}}, {"type": "Feature", "id": "way/1342822111", "properties": {"@id": "way/1342822111", "building": "allotment_house", "is_living": false}, "geometry": {"type": "Polygon", "coordinates": [[[36.6057104, 55.7219214], [36.6057257, 55.7218237], [36.605866, 55.7218307], [36.6058507, 55.7219283], [36.6057104, 55.7219214]]]}}, {"type": "Feature", "id": "way/1342822112", "properties": {"@id": "way/1342822112", "building": "allotment_house", "is_living": false}, "geometry": {"type": "Polygon", "coordinates": [[[36.6061234, 55.7221585], [36.6060922, 55.722107], [36.6062022, 55.7220858], [36.6062334, 55.7221374], [36.6061234, 55.7221585]]]}}, {"type": "Feature", "id": "way/1342822113", "properties": {"@id": "way/1342822113", "building": "allotment_house", "is_living": false}, "geometry": {"type": "Polygon", "coordinates": [[[36.6059411, 55.7225347], [36.6059654, 55.7223791], [36.6061181, 55.7223866], [36.6060937, 55.7225423], [36.6059411, 55.7225347]]]}}, {"type": "Feature", "id": "way/1342822114", "properties": {"@id": "way/1342822114", "building": "allotment_house", "is_living": false}, "geometry": {"type": "Polygon", "coordinates": [[[36.605823, 55.7222461], [36.6058333, 55.7221809], [36.6059598, 55.7221872], [36.6059496, 55.7222524], [36.605823, 55.7222461]]]}}, {"type": "Feature", "id": "way/1342822115", "properties": {"@id": "way/1342822115", "building": "allotment_house", "is_living": false}, "geometry": {"type": "Polygon", "coordinates": [[[36.6053161, 55.72229], [36.605326, 55.722227], [36.6054368, 55.7222326], [36.6054269, 55.7222955], [36.6053161, 55.72229]]]}}, {"type": "Feature", "id": "way/1342822116", "properties": {"@id": "way/1342822116", "addr:housenumber": "54", "addr:place": "СНТ \"Покровское-2000\"", "building": "allotment_house", "source:addr": "ЕГРН", "is_living": false}, "geometry": {"type": "Polygon", "coordinates": [[[36.6050827, 55.7221706], [36.6050928, 55.7221064], [36.6052303, 55.7221132], [36.6052202, 55.7221774], [36.6050827, 55.7221706]]]}}, {"type": "Feature", "id": "way/1342822117", "properties": {"@id": "way/1342822117", "building": "allotment_house", "is_living": false}, "geometry": {"type": "Polygon", "coordinates": [[[36.6047555, 55.7220785], [36.6047661, 55.7220107], [36.6049138, 55.722018], [36.6049032, 55.7220858], [36.6047555, 55.7220785]]]}}, {"type": "Feature", "id": "way/1342822118", "properties": {"@id": "way/1342822118", "building": "allotment_house", "is_living": false}, "geometry": {"type": "Polygon", "coordinates": [[[36.6044873, 55.7220664], [36.6045003, 55.7219834], [36.6046509, 55.7219908], [36.6046379, 55.7220739], [36.6044873, 55.7220664]]]}}, {"type": "Feature", "id": "way/1342822119", "properties": {"@id": "way/1342822119", "addr:housenumber": "6", "addr:place": "СНТ \"Покровское-2000\"", "building": "allotment_house", "is_living": false}, "geometry": {"type": "Polygon", "coordinates": [[[36.6044229, 55.7224516], [36.6044343, 55.7223792], [36.6045839, 55.7223866], [36.6045725, 55.722459], [36.6044229, 55.7224516]]]}}, {"type": "Feature", "id": "way/1342822120", "properties": {"@id": "way/1342822120", "addr:housenumber": "51", "addr:place": "СНТ \"Покровское-2000\"", "building": "allotment_house", "source:addr": "ЕГРН", "is_living": false}, "geometry": {"type": "Polygon", "coordinates": [[[36.6041949, 55.7220377], [36.6042062, 55.7219657], [36.6043478, 55.7219727], [36.6043365, 55.7220447], [36.6041949, 55.7220377]]]}}, {"type": "Feature", "id": "way/1342822121", "properties": {"@id": "way/1342822121", "addr:housenumber": "50", "addr:place": "СНТ \"Покровское-2000\"", "building": "allotment_house", "source:addr": "ЕГРН", "is_living": false}, "geometry": {"type": "Polygon", "coordinates": [[[36.603798, 55.722018], [36.603808, 55.7219542], [36.6039669, 55.7219621], [36.603957, 55.7220259], [36.603798, 55.722018]]]}}, {"type": "Feature", "id": "way/1342822122", "properties": {"@id": "way/1342822122", "addr:housenumber": "49", "addr:place": "СНТ \"Покровское-2000\"", "building": "allotment_house", "source:addr": "ЕГРН", "is_living": false}, "geometry": {"type": "Polygon", "coordinates": [[[36.6034788, 55.7220543], [36.603493, 55.7219636], [36.6036156, 55.7219697], [36.6036014, 55.7220604], [36.6034788, 55.7220543]]]}}, {"type": "Feature", "id": "way/1342822123", "properties": {"@id": "way/1342822123", "addr:housenumber": "48", "addr:place": "СНТ \"Покровское-2000\"", "building": "allotment_house", "source:addr": "ЕГРН", "is_living": false}, "geometry": {"type": "Polygon", "coordinates": [[[36.6031381, 55.7219908], [36.6031514, 55.7219063], [36.6032723, 55.7219123], [36.603259, 55.7219969], [36.6031381, 55.7219908]]]}}, {"type": "Feature", "id": "way/1342822124", "properties": {"@id": "way/1342822124", "building": "allotment_house", "is_living": false}, "geometry": {"type": "Polygon", "coordinates": [[[36.6028565, 55.7220981], [36.6028688, 55.7220197], [36.6030174, 55.7220271], [36.6030052, 55.7221055], [36.6028565, 55.7220981]]]}}, {"type": "Feature", "id": "way/1342822125", "properties": {"@id": "way/1342822125", "building": "allotment_house", "is_living": false}, "geometry": {"type": "Polygon", "coordinates": [[[36.6025132, 55.7219682], [36.6025252, 55.7218918], [36.6026634, 55.7218987], [36.6026514, 55.7219751], [36.6025132, 55.7219682]]]}}, {"type": "Feature", "id": "way/1342822126", "properties": {"@id": "way/1342822126", "building": "allotment_house", "is_living": false}, "geometry": {"type": "Polygon", "coordinates": [[[36.6024408, 55.7222824], [36.6024513, 55.722215], [36.6025615, 55.7222205], [36.6025509, 55.7222879], [36.6024408, 55.7222824]]]}}, {"type": "Feature", "id": "way/1342822127", "properties": {"@id": "way/1342822127", "addr:housenumber": "13", "addr:place": "СНТ \"Покровское-2000\"", "building": "allotment_house", "source:addr": "ЕГРН", "is_living": false}, "geometry": {"type": "Polygon", "coordinates": [[[36.6021565, 55.7222794], [36.60217, 55.7221927], [36.602304, 55.7221993], [36.6022904, 55.722286], [36.6021565, 55.7222794]]]}}, {"type": "Feature", "id": "way/1342822128", "properties": {"@id": "way/1342822128", "building": "allotment_house", "is_living": false}, "geometry": {"type": "Polygon", "coordinates": [[[36.6018319, 55.7223202], [36.6018424, 55.7222534], [36.6020009, 55.7222613], [36.6019904, 55.722328], [36.6018319, 55.7223202]]]}}, {"type": "Feature", "id": "way/1342822129", "properties": {"@id": "way/1342822129", "building": "allotment_house", "is_living": false}, "geometry": {"type": "Polygon", "coordinates": [[[36.6018856, 55.7219863], [36.6019016, 55.7218841], [36.6020733, 55.7218927], [36.6020573, 55.7219949], [36.6018856, 55.7219863]]]}}, {"type": "Feature", "id": "way/1342822130", "properties": {"@id": "way/1342822130", "addr:housenumber": "43", "addr:place": "СНТ \"Покровское-2000\"", "building": "allotment_house", "source:addr": "ЕГРН", "is_living": false}, "geometry": {"type": "Polygon", "coordinates": [[[36.6015878, 55.7219591], [36.6016013, 55.7218732], [36.6017488, 55.7218806], [36.6017353, 55.7219665], [36.6015878, 55.7219591]]]}}, {"type": "Feature", "id": "way/1342822131", "properties": {"@id": "way/1342822131", "addr:housenumber": "16", "addr:place": "СНТ \"Покровское-2000\"", "building": "allotment_house", "source:addr": "ЕГРН", "is_living": false}, "geometry": {"type": "Polygon", "coordinates": [[[36.6013303, 55.7222869], [36.6013362, 55.7222493], [36.6013947, 55.7222522], [36.6013888, 55.7222898], [36.6013303, 55.7222869]]]}}, {"type": "Feature", "id": "way/1342822132", "properties": {"@id": "way/1342822132", "building": "allotment_house", "is_living": false}, "geometry": {"type": "Polygon", "coordinates": [[[36.6012123, 55.7219501], [36.6012316, 55.7218271], [36.6014269, 55.7218368], [36.6014076, 55.7219598], [36.6012123, 55.7219501]]]}}, {"type": "Feature", "id": "way/1342822133", "properties": {"@id": "way/1342822133", "building": "allotment_house", "is_living": false}, "geometry": {"type": "Polygon", "coordinates": [[[36.60092, 55.7223398], [36.6009324, 55.7222602], [36.601105, 55.7222688], [36.6010926, 55.7223484], [36.60092, 55.7223398]]]}}, {"type": "Feature", "id": "way/1342822134", "properties": {"@id": "way/1342822134", "building": "allotment_house", "is_living": false}, "geometry": {"type": "Polygon", "coordinates": [[[36.6003165, 55.7218111], [36.6003258, 55.7217514], [36.6004318, 55.7217567], [36.6004225, 55.7218163], [36.6003165, 55.7218111]]]}}, {"type": "Feature", "id": "way/1342822135", "properties": {"@id": "way/1342822135", "building": "allotment_house", "is_living": false}, "geometry": {"type": "Polygon", "coordinates": [[[36.6002333, 55.7220951], [36.6002418, 55.722041], [36.6003567, 55.7220467], [36.6003482, 55.7221008], [36.6002333, 55.7220951]]]}}, {"type": "Feature", "id": "way/1342822136", "properties": {"@id": "way/1342822136", "building": "allotment_house", "is_living": false}, "geometry": {"type": "Polygon", "coordinates": [[[36.6007644, 55.7226842], [36.6007938, 55.7224964], [36.6010553, 55.7225094], [36.6010387, 55.7226149], [36.6009088, 55.7226084], [36.6008959, 55.7226908], [36.6007644, 55.7226842]]]}}, {"type": "Feature", "id": "way/1342822137", "properties": {"@id": "way/1342822137", "addr:housenumber": "23", "addr:place": "СНТ \"Покровское-2000\"", "building": "allotment_house", "source:addr": "ЕГРН", "is_living": false}, "geometry": {"type": "Polygon", "coordinates": [[[36.6001582, 55.7228262], [36.6001765, 55.7227097], [36.6003942, 55.7227205], [36.600376, 55.722837], [36.6001582, 55.7228262]]]}}, {"type": "Feature", "id": "way/1342822138", "properties": {"@id": "way/1342822138", "addr:housenumber": "24", "addr:place": "СНТ \"Покровское-2000\"", "building": "allotment_house", "source:addr": "ЕГРН", "is_living": false}, "geometry": {"type": "Polygon", "coordinates": [[[36.6001153, 55.7231404], [36.6001334, 55.7230246], [36.6002762, 55.7230317], [36.6002581, 55.7231475], [36.6001153, 55.7231404]]]}}, {"type": "Feature", "id": "way/1342822139", "properties": {"@id": "way/1342822139", "addr:housenumber": "25", "addr:place": "СНТ \"Покровское-2000\"", "building": "allotment_house", "source:addr": "ЕГРН", "is_living": false}, "geometry": {"type": "Polygon", "coordinates": [[[36.6000402, 55.7233791], [36.6000545, 55.7232875], [36.6001958, 55.7232945], [36.6001814, 55.7233861], [36.6000402, 55.7233791]]]}}, {"type": "Feature", "id": "way/1342822140", "properties": {"@id": "way/1342822140", "building": "allotment_house", "is_living": false}, "geometry": {"type": "Polygon", "coordinates": [[[36.5990236, 55.7211691], [36.5989777, 55.7210818], [36.5991493, 55.7210531], [36.5991953, 55.7211403], [36.5990236, 55.7211691]]]}}, {"type": "Feature", "id": "way/1342822141", "properties": {"@id": "way/1342822141", "building": "allotment_house", "is_living": false}, "geometry": {"type": "Polygon", "coordinates": [[[36.600067, 55.7211086], [36.6000813, 55.7210176], [36.6002414, 55.7210255], [36.6002271, 55.7211166], [36.600067, 55.7211086]]]}}, {"type": "Feature", "id": "way/1342822142", "properties": {"@id": "way/1342822142", "building": "allotment_house", "is_living": false}, "geometry": {"type": "Polygon", "coordinates": [[[36.5995681, 55.7213488], [36.5995802, 55.7212717], [36.5997344, 55.7212793], [36.5997223, 55.7213565], [36.5995681, 55.7213488]]]}}, {"type": "Feature", "id": "way/1342822143", "properties": {"@id": "way/1342822143", "addr:housenumber": "77", "addr:place": "СНТ \"Покровское-2000\"", "building": "allotment_house", "source:addr": "ЕГРН", "is_living": false}, "geometry": {"type": "Polygon", "coordinates": [[[36.5994877, 55.7216117], [36.5995009, 55.7215269], [36.5996566, 55.7215346], [36.5996434, 55.7216194], [36.5994877, 55.7216117]]]}}, {"type": "Feature", "id": "way/1342822144", "properties": {"@id": "way/1342822144", "addr:housenumber": "38", "addr:place": "СНТ \"Покровское-2000\"", "building": "allotment_house", "source:addr": "ЕГРН", "is_living": false}, "geometry": {"type": "Polygon", "coordinates": [[[36.5996861, 55.7218488], [36.599662, 55.7217643], [36.5997819, 55.7217534], [36.599806, 55.721838], [36.5996861, 55.7218488]]]}}, {"type": "Feature", "id": "way/1342822145", "properties": {"@id": "way/1342822145", "addr:housenumber": "37", "addr:place": "СНТ \"Покровское-2000\"", "building": "allotment_house", "source:addr": "ЕГРН", "is_living": false}, "geometry": {"type": "Polygon", "coordinates": [[[36.5998659, 55.7220936], [36.5999034, 55.7219878], [36.6000385, 55.7220031], [36.600001, 55.7221088], [36.5998659, 55.7220936]]]}}, {"type": "Feature", "id": "way/1342822146", "properties": {"@id": "way/1342822146", "addr:housenumber": "35", "addr:place": "СНТ \"Покровское-2000\"", "building": "allotment_house", "source:addr": "ЕГРН", "is_living": false}, "geometry": {"type": "Polygon", "coordinates": [[[36.5998256, 55.722432], [36.5998367, 55.7223611], [36.5999866, 55.7223685], [36.5999754, 55.7224394], [36.5998256, 55.722432]]]}}, {"type": "Feature", "id": "way/1342822147", "properties": {"@id": "way/1342822147", "building": "allotment_house", "is_living": false}, "geometry": {"type": "Polygon", "coordinates": [[[36.5990719, 55.7228579], [36.5990845, 55.7227779], [36.5992972, 55.7227885], [36.5992847, 55.7228685], [36.5990719, 55.7228579]]]}}, {"type": "Feature", "id": "way/1342822148", "properties": {"@id": "way/1342822148", "addr:housenumber": "33", "addr:place": "СНТ \"Покровское-2000\"", "building": "allotment_house", "source:addr": "ЕГРН", "is_living": false}, "geometry": {"type": "Polygon", "coordinates": [[[36.5997317, 55.7226752], [36.5997394, 55.7226265], [36.599898, 55.7226344], [36.5998904, 55.7226831], [36.5997317, 55.7226752]]]}}, {"type": "Feature", "id": "way/1342822149", "properties": {"@id": "way/1342822149", "building": "allotment_house", "is_living": false}, "geometry": {"type": "Polygon", "coordinates": [[[36.5996996, 55.7225694], [36.5997139, 55.7224779], [36.5999436, 55.7224894], [36.5999293, 55.7225808], [36.5996996, 55.7225694]]]}}, {"type": "Feature", "id": "way/1342822151", "properties": {"@id": "way/1342822151", "building": "allotment_house", "is_living": false}, "geometry": {"type": "Polygon", "coordinates": [[[36.5997559, 55.7231268], [36.599772, 55.7230241], [36.599901, 55.7230305], [36.5998849, 55.7231332], [36.5997559, 55.7231268]]]}}, {"type": "Feature", "id": "way/1342822152", "properties": {"@id": "way/1342822152", "building": "allotment_house", "is_living": false}, "geometry": {"type": "Polygon", "coordinates": [[[36.5993321, 55.7230936], [36.5993455, 55.7230105], [36.5994688, 55.7230168], [36.5994554, 55.7230999], [36.5993321, 55.7230936]]]}}, {"type": "Feature", "id": "way/1342822153", "properties": {"@id": "way/1342822153", "building": "allotment_house", "is_living": false}, "geometry": {"type": "Polygon", "coordinates": [[[36.5989673, 55.7231208], [36.5989888, 55.7230317], [36.5991091, 55.7230409], [36.5990876, 55.72313], [36.5989673, 55.7231208]]]}}, {"type": "Feature", "id": "way/1342822154", "properties": {"@id": "way/1342822154", "addr:housenumber": "30", "addr:place": "СНТ \"Покровское-2000\"", "building": "allotment_house", "source:addr": "ЕГРН", "is_living": false}, "geometry": {"type": "Polygon", "coordinates": [[[36.598455, 55.7231797], [36.59849, 55.7231008], [36.5986617, 55.723125], [36.5986267, 55.7232039], [36.598455, 55.7231797]]]}}, {"type": "Feature", "id": "way/1342822155", "properties": {"@id": "way/1342822155", "addr:housenumber": "130", "addr:place": "Покровское", "building": "allotment_house", "source:addr": "ЕГРН", "is_living": false}, "geometry": {"type": "Polygon", "coordinates": [[[36.5983692, 55.7237779], [36.5982289, 55.7237519], [36.598286, 55.723654], [36.5984263, 55.72368], [36.5983692, 55.7237779]]]}}, {"type": "Feature", "id": "way/1342822156", "properties": {"@id": "way/1342822156", "addr:housenumber": "131", "addr:place": "Покровское", "building": "allotment_house", "source:addr": "ЕГРН", "is_living": false}, "geometry": {"type": "Polygon", "coordinates": [[[36.5979776, 55.723654], [36.5978251, 55.7236258], [36.597873, 55.7235438], [36.5980254, 55.723572], [36.5979776, 55.723654]]]}}, {"type": "Feature", "id": "way/1342822157", "properties": {"@id": "way/1342822157", "building": "allotment_house", "is_living": false}, "geometry": {"type": "Polygon", "coordinates": [[[36.5976047, 55.7237281], [36.597417, 55.7236933], [36.5974789, 55.7235872], [36.5976666, 55.723622], [36.5976047, 55.7237281]]]}}, {"type": "Feature", "id": "way/1342822158", "properties": {"@id": "way/1342822158", "addr:housenumber": "133", "addr:place": "Покровское", "building": "allotment_house", "source:addr": "ЕГРН", "is_living": false}, "geometry": {"type": "Polygon", "coordinates": [[[36.5972748, 55.7240362], [36.5972196, 55.7239593], [36.5973526, 55.723929], [36.5974079, 55.7240059], [36.5972748, 55.7240362]]]}}, {"type": "Feature", "id": "way/1342822159", "properties": {"@id": "way/1342822159", "building": "allotment_house", "is_living": false}, "geometry": {"type": "Polygon", "coordinates": [[[36.5969905, 55.7240997], [36.5969429, 55.7240334], [36.5970629, 55.724006], [36.5971106, 55.7240723], [36.5969905, 55.7240997]]]}}, {"type": "Feature", "id": "way/1342822160", "properties": {"@id": "way/1342822160", "addr:housenumber": "140", "addr:place": "Покровское", "building": "allotment_house", "source:addr": "ЕГРН", "is_living": false}, "geometry": {"type": "Polygon", "coordinates": [[[36.596159, 55.7234773], [36.5960513, 55.7234195], [36.5961586, 55.723356], [36.5962663, 55.7234139], [36.596159, 55.7234773]]]}}, {"type": "Feature", "id": "way/1342822161", "properties": {"@id": "way/1342822161", "building": "allotment_house", "is_living": false}, "geometry": {"type": "Polygon", "coordinates": [[[36.5971193, 55.7237099], [36.5970588, 55.7236258], [36.5972266, 55.7235876], [36.597287, 55.7236717], [36.5971193, 55.7237099]]]}}, {"type": "Feature", "id": "way/1342822162", "properties": {"@id": "way/1342822162", "building": "allotment_house", "is_living": false}, "geometry": {"type": "Polygon", "coordinates": [[[36.5968564, 55.7237703], [36.5968054, 55.7236993], [36.5969047, 55.7236767], [36.5969557, 55.7237477], [36.5968564, 55.7237703]]]}}, {"type": "Feature", "id": "way/1342822163", "properties": {"@id": "way/1342822163", "addr:housenumber": "136", "addr:place": "СНТ \"Покровское-2000\"", "building": "allotment_house", "is_living": false}, "geometry": {"type": "Polygon", "coordinates": [[[36.596548, 55.7238142], [36.5964844, 55.7237258], [36.596607, 55.7236978], [36.5966705, 55.7237862], [36.596548, 55.7238142]]]}}, {"type": "Feature", "id": "way/1342822164", "properties": {"@id": "way/1342822164", "building": "allotment_house", "is_living": false}, "geometry": {"type": "Polygon", "coordinates": [[[36.5966828, 55.7239503], [36.59662, 55.7238629], [36.5967688, 55.723829], [36.5968316, 55.7239164], [36.5966828, 55.7239503]]]}}, {"type": "Feature", "id": "way/1342822166", "properties": {"@id": "way/1342822166", "building": "allotment_house", "is_living": false}, "geometry": {"type": "Polygon", "coordinates": [[[36.5991899, 55.7241948], [36.5991535, 55.724121], [36.5992999, 55.7240981], [36.5993363, 55.7241719], [36.5991899, 55.7241948]]]}}, {"type": "Feature", "id": "way/1342822167", "properties": {"@id": "way/1342822167", "building": "allotment_house", "is_living": false}, "geometry": {"type": "Polygon", "coordinates": [[[36.5988547, 55.7242779], [36.5988162, 55.7241999], [36.5989646, 55.7241767], [36.5990031, 55.7242547], [36.5988547, 55.7242779]]]}}, {"type": "Feature", "id": "way/1342822168", "properties": {"@id": "way/1342822168", "building": "allotment_house", "is_living": false}, "geometry": {"type": "Polygon", "coordinates": [[[36.5986723, 55.7240181], [36.5986298, 55.723932], [36.5988037, 55.7239048], [36.5988462, 55.7239909], [36.5986723, 55.7240181]]]}}, {"type": "Feature", "id": "way/1342822169", "properties": {"@id": "way/1342822169", "building": "allotment_house", "is_living": false}, "geometry": {"type": "Polygon", "coordinates": [[[36.5968806, 55.7243398], [36.5968433, 55.7242643], [36.5969878, 55.7242416], [36.5970251, 55.7243172], [36.5968806, 55.7243398]]]}}, {"type": "Feature", "id": "way/1342822170", "properties": {"@id": "way/1342822170", "building": "allotment_house", "is_living": false}, "geometry": {"type": "Polygon", "coordinates": [[[36.5981546, 55.7241314], [36.5981013, 55.7240233], [36.5982699, 55.7239969], [36.5983232, 55.724105], [36.5981546, 55.7241314]]]}}, {"type": "Feature", "id": "way/1342822171", "properties": {"@id": "way/1342822171", "building": "allotment_house", "is_living": false}, "geometry": {"type": "Polygon", "coordinates": [[[36.5979883, 55.7246238], [36.5979475, 55.7245412], [36.5980661, 55.7245226], [36.5981069, 55.7246053], [36.5979883, 55.7246238]]]}}, {"type": "Feature", "id": "way/1342822172", "properties": {"@id": "way/1342822172", "building": "allotment_house", "is_living": false}, "geometry": {"type": "Polygon", "coordinates": [[[36.5977228, 55.7246374], [36.5976731, 55.7245368], [36.5978408, 55.7245105], [36.5978904, 55.7246112], [36.5977228, 55.7246374]]]}}, {"type": "Feature", "id": "way/1342822173", "properties": {"@id": "way/1342822173", "building": "allotment_house", "is_living": false}, "geometry": {"type": "Polygon", "coordinates": [[[36.5974411, 55.7247114], [36.5974024, 55.724633], [36.5975672, 55.7246072], [36.5976059, 55.7246857], [36.5974411, 55.7247114]]]}}, {"type": "Feature", "id": "way/1342822174", "properties": {"@id": "way/1342822174", "addr:housenumber": "121", "addr:place": "Покровское", "building": "allotment_house", "source:addr": "ЕГРН", "is_living": false}, "geometry": {"type": "Polygon", "coordinates": [[[36.5970924, 55.7246163], [36.5970522, 55.7245347], [36.5971793, 55.7245148], [36.5972196, 55.7245964], [36.5970924, 55.7246163]]]}}, {"type": "Feature", "id": "way/1349602408", "properties": {"@id": "way/1349602408", "building": "roof", "height": "6", "roof:height": "2", "is_living": false}, "geometry": {"type": "Polygon", "coordinates": [[[36.9799111, 55.6003446], [36.9799243, 55.6003107], [36.9799388, 55.6002735], [36.9799524, 55.6002385], [36.9799668, 55.6002017], [36.9800065, 55.6000997], [36.9800222, 55.6000594], [36.980036, 55.600024], [36.9800498, 55.5999886], [36.9800627, 55.5999554], [36.9800766, 55.5999199], [36.9800893, 55.5998872], [36.9801027, 55.5998528], [36.9801106, 55.5998327], [36.9806115, 55.599895], [36.9806036, 55.5999154], [36.9805893, 55.5999519], [36.9805768, 55.599984], [36.9805638, 55.6000176], [36.9805504, 55.6000518], [36.980537, 55.6000862], [36.9805226, 55.6001233], [36.9805065, 55.6001648], [36.9804679, 55.6002639], [36.9804537, 55.6003003], [36.9804397, 55.6003362], [36.9804236, 55.6003776], [36.9804112, 55.6004094], [36.9803979, 55.6004437], [36.9803835, 55.6004805], [36.9803692, 55.6005172], [36.980362, 55.6005359], [36.9798608, 55.6004736], [36.9798676, 55.6004562], [36.9798835, 55.6004154], [36.9798971, 55.6003804], [36.9799111, 55.6003446]]]}}, {"type": "Feature", "id": "way/1350633752", "properties": {"@id": "way/1350633752", "building": "service", "building:levels": "1", "location": "indoor", "power": "substation", "substation": "minor_distribution", "is_living": false}, "geometry": {"type": "Polygon", "coordinates": [[[37.0105755, 55.6303971], [37.0105689, 55.6302668], [37.0107047, 55.6302647], [37.0107113, 55.630395], [37.0105755, 55.6303971]]]}}, {"type": "Feature", "id": "way/1352884720", "properties": {"@id": "way/1352884720", "building": "yes", "is_living": false}, "geometry": {"type": "Polygon", "coordinates": [[[36.5938982, 55.7689644], [36.5940103, 55.7687536], [36.5941848, 55.768783], [36.5940727, 55.7689938], [36.5938982, 55.7689644]]]}}, {"type": "Feature", "id": "way/1352884721", "properties": {"@id": "way/1352884721", "building": "yes", "is_living": false}, "geometry": {"type": "Polygon", "coordinates": [[[36.5936923, 55.7688887], [36.5933579, 55.7688428], [36.5934942, 55.7685285], [36.5932249, 55.7684915], [36.5932768, 55.768372], [36.5935398, 55.7684081], [36.5936465, 55.7681621], [36.5939872, 55.7682088], [36.5936923, 55.7688887]]]}}, {"type": "Feature", "id": "way/1352884723", "properties": {"@id": "way/1352884723", "building": "yes", "is_living": false}, "geometry": {"type": "Polygon", "coordinates": [[[36.5926197, 55.7687407], [36.5922603, 55.7686869], [36.5923962, 55.7683996], [36.5920388, 55.7683461], [36.5918989, 55.768642], [36.5915795, 55.7685942], [36.5918947, 55.7679278], [36.5922171, 55.767976], [36.5921055, 55.768212], [36.5924489, 55.7682634], [36.5925715, 55.7680042], [36.5929418, 55.7680596], [36.5926197, 55.7687407]]]}}, {"type": "Feature", "id": "way/1352890484", "properties": {"@id": "way/1352890484", "building": "yes", "is_living": false}, "geometry": {"type": "Polygon", "coordinates": [[[36.5884326, 55.768557], [36.588313, 55.7685328], [36.5884387, 55.7683363], [36.5885583, 55.7683605], [36.5884326, 55.768557]]]}}, {"type": "Feature", "id": "way/1352890485", "properties": {"@id": "way/1352890485", "building": "yes", "is_living": false}, "geometry": {"type": "Polygon", "coordinates": [[[36.5890574, 55.7688093], [36.5887713, 55.7687624], [36.5888323, 55.7686445], [36.5889375, 55.7686617], [36.5890364, 55.7684705], [36.5892172, 55.7685001], [36.5890574, 55.7688093]]]}}, {"type": "Feature", "id": "way/1352890487", "properties": {"@id": "way/1352890487", "building": "yes", "is_living": false}, "geometry": {"type": "Polygon", "coordinates": [[[36.5886939, 55.7684188], [36.5888428, 55.7680905], [36.5890584, 55.7681214], [36.5889096, 55.7684497], [36.5886939, 55.7684188]]]}}, {"type": "Feature", "id": "way/1352890488", "properties": {"@id": "way/1352890488", "building": "yes", "is_living": false}, "geometry": {"type": "Polygon", "coordinates": [[[36.5916211, 55.7673581], [36.5907085, 55.7672242], [36.5907789, 55.7670722], [36.5916916, 55.7672061], [36.5916211, 55.7673581]]]}}, {"type": "Feature", "id": "way/1352906676", "properties": {"@id": "way/1352906676", "building": "apartments", "is_living": false}, "geometry": {"type": "Polygon", "coordinates": [[[36.5861779, 55.7703885], [36.5855296, 55.7702383], [36.5856005, 55.7701413], [36.5862489, 55.7702915], [36.5861779, 55.7703885]]]}}, {"type": "Feature", "id": "way/1352906677", "properties": {"@id": "way/1352906677", "building": "garages", "is_living": false}, "geometry": {"type": "Polygon", "coordinates": [[[36.5873867, 55.7706315], [36.5875919, 55.7702477], [36.5876765, 55.770262], [36.5874713, 55.7706459], [36.5873867, 55.7706315]]]}}, {"type": "Feature", "id": "way/1352906678", "properties": {"@id": "way/1352906678", "building": "garages", "is_living": false}, "geometry": {"type": "Polygon", "coordinates": [[[36.5871658, 55.7707888], [36.5872067, 55.7707326], [36.5873042, 55.770755], [36.5872632, 55.7708113], [36.5871658, 55.7707888]]]}}, {"type": "Feature", "id": "way/1352906679", "properties": {"@id": "way/1352906679", "building": "garages", "is_living": false}, "geometry": {"type": "Polygon", "coordinates": [[[36.5865648, 55.7711092], [36.5869306, 55.7706816], [36.5870288, 55.7707082], [36.586663, 55.7711358], [36.5865648, 55.7711092]]]}}, {"type": "Feature", "id": "way/1352906680", "properties": {"@id": "way/1352906680", "building": "garages", "is_living": false}, "geometry": {"type": "Polygon", "coordinates": [[[36.5876941, 55.7706741], [36.5875999, 55.7706573], [36.5878276, 55.7702518], [36.5879218, 55.7702685], [36.5876941, 55.7706741]]]}}, {"type": "Feature", "id": "way/1352910964", "properties": {"@id": "way/1352910964", "building": "yes", "is_living": false}, "geometry": {"type": "Polygon", "coordinates": [[[36.5873996, 55.7699921], [36.5872964, 55.7699619], [36.5874921, 55.7697506], [36.5875953, 55.7697809], [36.5873996, 55.7699921]]]}}, {"type": "Feature", "id": "way/1352942061", "properties": {"@id": "way/1352942061", "building": "industrial", "building:levels": "1", "height": "3", "name": "КНС", "is_living": false}, "geometry": {"type": "Polygon", "coordinates": [[[36.5668087, 55.5772889], [36.5667998, 55.5772518], [36.5668777, 55.5772438], [36.5668865, 55.5772828], [36.5668087, 55.5772889]]]}}, {"type": "Feature", "id": "way/1353029827", "properties": {"@id": "way/1353029827", "addr:housenumber": "с51", "addr:street": "МКАД, 55-й километр", "building": "yes", "is_living": false}, "geometry": {"type": "Polygon", "coordinates": [[[37.3770944, 55.725078], [37.3774563, 55.7251322], [37.3772589, 55.72555], [37.376897, 55.7254958], [37.3770944, 55.725078]]]}}, {"type": "Feature", "id": "way/1353029828", "properties": {"@id": "way/1353029828", "addr:housenumber": "с50", "addr:street": "МКАД, 55-й километр", "building": "yes", "is_living": false}, "geometry": {"type": "Polygon", "coordinates": [[[37.3768695, 55.7255775], [37.3772329, 55.7256289], [37.3770477, 55.7260454], [37.3766845, 55.7259942], [37.3768695, 55.7255775]]]}}, {"type": "Feature", "id": "way/1353769236", "properties": {"@id": "way/1353769236", "building": "retail", "building:levels": "1", "is_living": false}, "geometry": {"type": "Polygon", "coordinates": [[[36.5136248, 55.5670861], [36.5134972, 55.5670592], [36.5135251, 55.5670168], [36.5136527, 55.5670437], [36.5136248, 55.5670861]]]}}, {"type": "Feature", "id": "way/1354760513", "properties": {"@id": "way/1354760513", "building": "garages", "is_living": false}, "geometry": {"type": "Polygon", "coordinates": [[[37.2824865, 55.6832669], [37.2825788, 55.6832671], [37.2825607, 55.6837128], [37.2824629, 55.6837133], [37.2824865, 55.6832669]]]}}, {"type": "Feature", "id": "way/1354760514", "properties": {"@id": "way/1354760514", "building": "garages", "is_living": false}, "geometry": {"type": "Polygon", "coordinates": [[[37.2824117, 55.6832687], [37.2823896, 55.6837131], [37.2822454, 55.6837071], [37.2822941, 55.6832682], [37.2824117, 55.6832687]]]}}, {"type": "Feature", "id": "way/1356133607", "properties": {"@id": "way/1356133607", "building": "roof", "building:levels": "1", "is_living": false}, "geometry": {"type": "Polygon", "coordinates": [[[37.2519551, 55.6786417], [37.2519555, 55.6785656], [37.2521241, 55.6785658], [37.2521238, 55.6786419], [37.2519551, 55.6786417]]]}}, {"type": "Feature", "id": "way/1356133608", "properties": {"@id": "way/1356133608", "building": "roof", "building:levels": "1", "is_living": false}, "geometry": {"type": "Polygon", "coordinates": [[[37.2510405, 55.6781897], [37.2510408, 55.6781136], [37.2512094, 55.6781138], [37.2512091, 55.6781899], [37.2510405, 55.6781897]]]}}, {"type": "Feature", "id": "way/1356133609", "properties": {"@id": "way/1356133609", "building": "roof", "building:levels": "1", "is_living": false}, "geometry": {"type": "Polygon", "coordinates": [[[37.2517325, 55.6781368], [37.2517329, 55.6780481], [37.2519015, 55.6780483], [37.2519011, 55.678137], [37.2517325, 55.6781368]]]}}, {"type": "Feature", "id": "way/1356133610", "properties": {"@id": "way/1356133610", "building": "roof", "building:levels": "1", "is_living": false}, "geometry": {"type": "Polygon", "coordinates": [[[37.251526, 55.6779931], [37.2515263, 55.6779044], [37.2516949, 55.6779047], [37.2516946, 55.6779933], [37.251526, 55.6779931]]]}}, {"type": "Feature", "id": "way/1356133611", "properties": {"@id": "way/1356133611", "building": "roof", "building:levels": "1", "is_living": false}, "geometry": {"type": "Polygon", "coordinates": [[[37.2520463, 55.6779901], [37.2520467, 55.6779014], [37.2522153, 55.6779016], [37.2522149, 55.6779903], [37.2520463, 55.6779901]]]}}, {"type": "Feature", "id": "way/1356133612", "properties": {"@id": "way/1356133612", "building": "roof", "building:levels": "1", "is_living": false}, "geometry": {"type": "Polygon", "coordinates": [[[37.2523789, 55.6781296], [37.2523793, 55.6780409], [37.2525479, 55.6780411], [37.2525475, 55.6781298], [37.2523789, 55.6781296]]]}}, {"type": "Feature", "id": "way/1356507823", "properties": {"@id": "way/1356507823", "addr:housenumber": "18", "addr:street": "Каштановая улица", "building": "school", "building:levels": "3", "source:addr": "ЕГРН", "start_date": "2024", "is_living": false}, "geometry": {"type": "Polygon", "coordinates": [[[37.2744354, 55.656369], [37.2753459, 55.6558671], [37.2755553, 55.655988], [37.2753297, 55.6561124], [37.2756247, 55.6562827], [37.2756807, 55.6562518], [37.275688, 55.656256], [37.2756763, 55.6562625], [37.275799, 55.6563334], [37.2758105, 55.656327], [37.2758178, 55.6563312], [37.2757614, 55.6563623], [37.2760531, 55.6565307], [37.2762778, 55.6564068], [37.2764876, 55.656528], [37.275577, 55.6570299], [37.2753675, 55.6569089], [37.2758559, 55.6566397], [37.2757187, 55.6565605], [37.2752311, 55.6568293], [37.2747817, 55.6565698], [37.2752701, 55.6563005], [37.2751328, 55.6562213], [37.2746451, 55.6564901], [37.2744354, 55.656369]]]}}, {"type": "Feature", "id": "way/1357794554", "properties": {"@id": "way/1357794554", "building": "service", "building:levels": "1", "location": "indoor", "power": "substation", "substation": "minor_distribution", "is_living": false}, "geometry": {"type": "Polygon", "coordinates": [[[36.5527287, 55.5983246], [36.5526983, 55.5982681], [36.5528548, 55.5982412], [36.5528852, 55.5982977], [36.5527287, 55.5983246]]]}}, {"type": "Feature", "id": "way/1361557138", "properties": {"@id": "way/1361557138", "building": "farm", "is_living": false}, "geometry": {"type": "Polygon", "coordinates": [[[36.5480033, 55.559247], [36.5479382, 55.55913], [36.5480669, 55.5591071], [36.548132, 55.5592241], [36.5480033, 55.559247]]]}}, {"type": "Feature", "id": "way/1361953526", "properties": {"@id": "way/1361953526", "building": "yes", "is_living": false}, "geometry": {"type": "Polygon", "coordinates": [[[36.5850035, 55.5529795], [36.5850425, 55.5527604], [36.5851578, 55.5527669], [36.5851301, 55.5529228], [36.5852357, 55.5529288], [36.5852244, 55.5529921], [36.5850035, 55.5529795]]]}}, {"type": "Feature", "id": "way/1361953527", "properties": {"@id": "way/1361953527", "building": "yes", "is_living": false}, "geometry": {"type": "Polygon", "coordinates": [[[36.5849478, 55.5532995], [36.5849737, 55.5531821], [36.5852189, 55.5531994], [36.585193, 55.5533168], [36.5849478, 55.5532995]]]}}, {"type": "Feature", "id": "way/1361953528", "properties": {"@id": "way/1361953528", "building": "yes", "is_living": false}, "geometry": {"type": "Polygon", "coordinates": [[[36.5847722, 55.554395], [36.5847972, 55.5542365], [36.5847114, 55.5542322], [36.5847282, 55.5541258], [36.5850672, 55.554143], [36.5850254, 55.5544078], [36.5847722, 55.554395]]]}}, {"type": "Feature", "id": "way/1361953529", "properties": {"@id": "way/1361953529", "building": "yes", "is_living": false}, "geometry": {"type": "Polygon", "coordinates": [[[36.5810964, 55.5528069], [36.5811119, 55.5527287], [36.5813013, 55.5527407], [36.5812858, 55.5528189], [36.5810964, 55.5528069]]]}}, {"type": "Feature", "id": "way/1361953530", "properties": {"@id": "way/1361953530", "building": "yes", "is_living": false}, "geometry": {"type": "Polygon", "coordinates": [[[36.5806324, 55.5527249], [36.5806502, 55.5526352], [36.5809979, 55.5526573], [36.5810115, 55.5525885], [36.5811212, 55.5525955], [36.5810898, 55.5527539], [36.5806324, 55.5527249]]]}}, {"type": "Feature", "id": "way/1361953638", "properties": {"@id": "way/1361953638", "building": "yes", "is_living": false}, "geometry": {"type": "Polygon", "coordinates": [[[36.5783197, 55.553321], [36.5782902, 55.5532209], [36.5783967, 55.5532108], [36.5784262, 55.5533109], [36.5783197, 55.553321]]]}}, {"type": "Feature", "id": "way/1361953639", "properties": {"@id": "way/1361953639", "building": "yes", "is_living": false}, "geometry": {"type": "Polygon", "coordinates": [[[36.579178, 55.553057], [36.5790082, 55.553014], [36.5790895, 55.5529114], [36.5792593, 55.5529544], [36.579178, 55.553057]]]}}, {"type": "Feature", "id": "way/1361953640", "properties": {"@id": "way/1361953640", "building": "yes", "is_living": false}, "geometry": {"type": "Polygon", "coordinates": [[[36.5788266, 55.5529993], [36.578632, 55.55295], [36.5787059, 55.5528567], [36.5789005, 55.5529061], [36.5788266, 55.5529993]]]}}, {"type": "Feature", "id": "way/1361953778", "properties": {"@id": "way/1361953778", "building": "farm", "is_living": false}, "geometry": {"type": "Polygon", "coordinates": [[[36.5391165, 55.5461548], [36.5390314, 55.5458029], [36.5392291, 55.5457876], [36.5393143, 55.5461395], [36.5391165, 55.5461548]]]}}, {"type": "Feature", "id": "way/1362052683", "properties": {"@id": "way/1362052683", "building": "warehouse", "is_living": false}, "geometry": {"type": "Polygon", "coordinates": [[[36.6810885, 55.5751893], [36.6805869, 55.575021], [36.6807069, 55.5749068], [36.6812085, 55.5750751], [36.6810885, 55.5751893]]]}}, {"type": "Feature", "id": "way/1362288017", "properties": {"@id": "way/1362288017", "building": "retail", "building:levels": "1", "is_living": false}, "geometry": {"type": "Polygon", "coordinates": [[[36.6252623, 55.5515117], [36.6250893, 55.5514381], [36.6251598, 55.5513851], [36.6253328, 55.5514587], [36.6252623, 55.5515117]]]}}, {"type": "Feature", "id": "way/1362351942", "properties": {"@id": "way/1362351942", "building": "yes", "is_living": false}, "geometry": {"type": "Polygon", "coordinates": [[[36.607435, 55.5499998], [36.6074964, 55.5498892], [36.6076577, 55.5499178], [36.6075963, 55.5500284], [36.607435, 55.5499998]]]}}, {"type": "Feature", "id": "way/1362351943", "properties": {"@id": "way/1362351943", "building": "warehouse", "is_living": false}, "geometry": {"type": "Polygon", "coordinates": [[[36.6074002, 55.5503093], [36.6075461, 55.5500463], [36.6077113, 55.5500756], [36.6075654, 55.5503386], [36.6074002, 55.5503093]]]}}, {"type": "Feature", "id": "way/1362351944", "properties": {"@id": "way/1362351944", "building": "warehouse", "is_living": false}, "geometry": {"type": "Polygon", "coordinates": [[[36.6072044, 55.5502653], [36.6073503, 55.5500023], [36.6075155, 55.5500316], [36.6073696, 55.5502946], [36.6072044, 55.5502653]]]}}, {"type": "Feature", "id": "way/1362351945", "properties": {"@id": "way/1362351945", "building": "warehouse", "is_living": false}, "geometry": {"type": "Polygon", "coordinates": [[[36.6070032, 55.550235], [36.6071491, 55.549972], [36.6073143, 55.5500013], [36.6071685, 55.5502643], [36.6070032, 55.550235]]]}}, {"type": "Feature", "id": "way/1362351946", "properties": {"@id": "way/1362351946", "building": "yes", "ruins": "yes", "is_living": false}, "geometry": {"type": "Polygon", "coordinates": [[[36.6072553, 55.5494869], [36.6073425, 55.5493299], [36.6082102, 55.5494839], [36.6081231, 55.549641], [36.6072553, 55.5494869]]]}}, {"type": "Feature", "id": "way/1362351980", "properties": {"@id": "way/1362351980", "addr:housenumber": "102", "addr:place": "Чупряково", "building": "apartments", "building:levels": "3", "is_living": false}, "geometry": {"type": "Polygon", "coordinates": [[[36.6040394, 55.5486175], [36.6041137, 55.5484875], [36.6046746, 55.5485901], [36.6046003, 55.5487201], [36.6040394, 55.5486175]]]}}, {"type": "Feature", "id": "way/1362351981", "properties": {"@id": "way/1362351981", "addr:housenumber": "34/2", "addr:place": "Чупряково", "building": "yes", "source:addr": "ЕГРН", "is_living": false}, "geometry": {"type": "Polygon", "coordinates": [[[36.605064, 55.5494065], [36.6052854, 55.5490001], [36.6056058, 55.549056], [36.6053843, 55.5494624], [36.605064, 55.5494065]]]}}, {"type": "Feature", "id": "way/1362351982", "properties": {"@id": "way/1362351982", "building": "yes", "is_living": false}, "geometry": {"type": "Polygon", "coordinates": [[[36.6047689, 55.5499482], [36.6049456, 55.5496239], [36.6053, 55.5496857], [36.6051233, 55.55001], [36.6047689, 55.5499482]]]}}, {"type": "Feature", "id": "way/1362351983", "properties": {"@id": "way/1362351983", "building": "yes", "is_living": false}, "geometry": {"type": "Polygon", "coordinates": [[[36.6027868, 55.5506294], [36.6029623, 55.5503073], [36.6032563, 55.5503586], [36.6032011, 55.5504598], [36.603739, 55.5505536], [36.6036186, 55.5507745], [36.6027868, 55.5506294]]]}}, {"type": "Feature", "id": "way/1362351984", "properties": {"@id": "way/1362351984", "building": "yes", "is_living": false}, "geometry": {"type": "Polygon", "coordinates": [[[36.6042647, 55.5508783], [36.6045946, 55.5502729], [36.6051573, 55.550371], [36.6048274, 55.5509764], [36.6042647, 55.5508783]]]}}, {"type": "Feature", "id": "way/1364710269", "properties": {"@id": "way/1364710269", "addr:housenumber": "5А", "addr:street": "улица Чикина", "building": "retail", "is_living": false}, "geometry": {"type": "Polygon", "coordinates": [[[37.2915902, 55.6845677], [37.2916934, 55.6846156], [37.2916242, 55.684663], [37.291521, 55.6846151], [37.2915902, 55.6845677]]]}}, {"type": "Feature", "id": "way/1366530855", "properties": {"@id": "way/1366530855", "building": "service", "power": "substation", "is_living": false}, "geometry": {"type": "Polygon", "coordinates": [[[37.1787787, 55.6560706], [37.1788059, 55.6560226], [37.178893, 55.6560383], [37.1788658, 55.6560863], [37.1787787, 55.6560706]]]}}, {"type": "Feature", "id": "way/1366709920", "properties": {"@id": "way/1366709920", "addr:city": "Одинцово", "addr:housenumber": "14В", "addr:street": "Можайское шоссе", "building": "retail", "is_living": false}, "geometry": {"type": "Polygon", "coordinates": [[[37.2748484, 55.671094], [37.2749384, 55.671121], [37.2747506, 55.67132], [37.2746606, 55.671293], [37.2748484, 55.671094]]]}}, {"type": "Feature", "id": "way/1373190841", "properties": {"@id": "way/1373190841", "building": "service", "power": "substation", "substation": "minor_distribution", "is_living": false}, "geometry": {"type": "Polygon", "coordinates": [[[37.388794, 55.6976775], [37.3888557, 55.6976319], [37.3889233, 55.6976611], [37.3888616, 55.6977066], [37.388794, 55.6976775]]]}}, {"type": "Feature", "id": "way/1373190842", "properties": {"@id": "way/1373190842", "building": "service", "official_short_type": "РП", "power": "substation", "ref": "29017", "substation": "minor_distribution", "is_living": false}, "geometry": {"type": "Polygon", "coordinates": [[[37.3890467, 55.6974915], [37.3890838, 55.6974554], [37.3891536, 55.6974782], [37.3891164, 55.6975143], [37.3890467, 55.6974915]]]}}, {"type": "Feature", "id": "way/1374751983", "properties": {"@id": "way/1374751983", "addr:housenumber": "с16", "addr:place": "микрорайон Равновесие", "building": "service", "building:levels": "1", "start_date": "2023", "is_living": false}, "geometry": {"type": "Polygon", "coordinates": [[[37.1254409, 55.6509987], [37.1256491, 55.6509897], [37.1256776, 55.6511979], [37.1254694, 55.6512069], [37.1254409, 55.6509987]]]}}, {"type": "Feature", "id": "way/1374751989", "properties": {"@id": "way/1374751989", "addr:housenumber": "12", "addr:place": "микрорайон Равновесие", "addr:postcode": "143081", "building": "kindergarten", "building:levels": "3", "building:levels:underground": "1", "fixme": "Уточнить геометрию и расположение здания", "start_date": "2023", "is_living": false}, "geometry": {"type": "Polygon", "coordinates": [[[37.1161361, 55.652854], [37.1162282, 55.6530667], [37.1162923, 55.6530579], [37.1164606, 55.6534464], [37.1160948, 55.6534968], [37.1158344, 55.6528956], [37.1161361, 55.652854]]]}}, {"type": "Feature", "id": "way/1374943279", "properties": {"@id": "way/1374943279", "addr:housenumber": "26", "addr:place": "СНТ «Природа»", "building": "allotment_house", "note": "адрес из ЕГРН разобран вручную", "source:addr": "ЕГРН", "is_living": false}, "geometry": {"type": "Polygon", "coordinates": [[[36.6464609, 55.5768687], [36.6464091, 55.5767452], [36.6465971, 55.5767199], [36.646649, 55.5768435], [36.6464609, 55.5768687]]]}}, {"type": "Feature", "id": "way/1376697803", "properties": {"@id": "way/1376697803", "building": "service", "building:levels": "1", "power": "substation", "substation": "minor_distribution", "is_living": false}, "geometry": {"type": "Polygon", "coordinates": [[[37.2108794, 55.6930425], [37.2108374, 55.6930858], [37.2107674, 55.6930642], [37.2108094, 55.6930209], [37.2108794, 55.6930425]]]}}, {"type": "Feature", "id": "way/1376697814", "properties": {"@id": "way/1376697814", "building": "service", "building:levels": "1", "power": "substation", "substation": "minor_distribution", "is_living": false}, "geometry": {"type": "Polygon", "coordinates": [[[37.2090921, 55.6937674], [37.2091511, 55.6937932], [37.2090989, 55.6938311], [37.20904, 55.6938053], [37.2090921, 55.6937674]]]}}, {"type": "Feature", "id": "way/1377418162", "properties": {"@id": "way/1377418162", "addr:housenumber": "60", "addr:place": "микрорайон Город-событие", "building": "construction", "construction": "apartments", "ref": "к60", "is_living": false}, "geometry": {"type": "Polygon", "coordinates": [[[37.2092342, 55.7031078], [37.2081853, 55.7033096], [37.2081099, 55.7031852], [37.2089305, 55.7030273], [37.2088792, 55.7029428], [37.2081762, 55.7027017], [37.207845, 55.7027185], [37.2078517, 55.7027604], [37.2076274, 55.7027718], [37.2075998, 55.7025989], [37.2082295, 55.7025669], [37.209084, 55.7028599], [37.2092342, 55.7031078]]]}}, {"type": "Feature", "id": "way/1377418165", "properties": {"@id": "way/1377418165", "addr:housenumber": "57", "addr:place": "микрорайон Город-событие", "building": "construction", "construction": "apartments", "ref": "к57", "is_living": false}, "geometry": {"type": "Polygon", "coordinates": [[[37.2082666, 55.7017915], [37.2078916, 55.7015394], [37.2080654, 55.7014573], [37.2085298, 55.7017694], [37.2082525, 55.7021979], [37.2075391, 55.7022342], [37.2075115, 55.7020621], [37.2077306, 55.702051], [37.2077375, 55.702094], [37.2080823, 55.7020765], [37.2082666, 55.7017915]]]}}, {"type": "Feature", "id": "way/1377418166", "properties": {"@id": "way/1377418166", "addr:housenumber": "3", "addr:street": "улица Просвещения", "building": "construction", "construction": "apartments", "ref": "к56", "is_living": false}, "geometry": {"type": "Polygon", "coordinates": [[[37.2096015, 55.7010018], [37.2087503, 55.7014018], [37.2080762, 55.7009462], [37.2082537, 55.7008628], [37.2087781, 55.7012172], [37.2092747, 55.7009838], [37.2086071, 55.7005326], [37.2087841, 55.7004494], [37.2096015, 55.7010018]]]}}, {"type": "Feature", "id": "way/1377418167", "properties": {"@id": "way/1377418167", "addr:housenumber": "2", "addr:street": "улица Просвещения", "building": "construction", "construction": "apartments", "ref": "к55", "is_living": false}, "geometry": {"type": "Polygon", "coordinates": [[[37.2105006, 55.7003845], [37.2097384, 55.6998693], [37.2099097, 55.6997888], [37.2108256, 55.7004079], [37.2099946, 55.7007983], [37.2090177, 55.700138], [37.2091894, 55.7000573], [37.2100127, 55.7006137], [37.2105006, 55.7003845]]]}}, {"type": "Feature", "id": "way/1377418168", "properties": {"@id": "way/1377418168", "addr:housenumber": "1", "addr:street": "улица Просвещения", "building": "construction", "construction": "apartments", "ref": "к54", "is_living": false}, "geometry": {"type": "Polygon", "coordinates": [[[37.2105407, 55.7014196], [37.210728, 55.7015462], [37.2116175, 55.7011283], [37.2117619, 55.7012258], [37.2107048, 55.7017226], [37.2103103, 55.701456], [37.2103557, 55.7011648], [37.2111319, 55.7008001], [37.2112802, 55.7009003], [37.2105696, 55.7012341], [37.2105407, 55.7014196]]]}}, {"type": "Feature", "id": "way/1377418230", "properties": {"@id": "way/1377418230", "addr:housenumber": "с81", "addr:place": "микрорайон Город-событие", "building": "industrial", "building:levels": "2", "start_date": "2023", "is_living": false}, "geometry": {"type": "Polygon", "coordinates": [[[37.2100561, 55.6903126], [37.2103349, 55.6904043], [37.2103194, 55.6904192], [37.2104442, 55.6904603], [37.2104597, 55.6904453], [37.2107241, 55.6905322], [37.2104941, 55.6907544], [37.210464, 55.6907445], [37.2104446, 55.6907633], [37.2105287, 55.6907909], [37.2104572, 55.6908601], [37.2097612, 55.6906313], [37.2098522, 55.6905434], [37.2098262, 55.6905348], [37.2100561, 55.6903126]]]}}, {"type": "Feature", "id": "way/1377805050", "properties": {"@id": "way/1377805050", "amenity": "place_of_worship", "building": "church", "denomination": "russian_orthodox", "religion": "christian", "is_living": false}, "geometry": {"type": "Polygon", "coordinates": [[[36.6812561, 55.6719104], [36.6813807, 55.671837], [36.6815108, 55.6719072], [36.6813863, 55.6719806], [36.6812561, 55.6719104]]]}}, {"type": "Feature", "id": "way/1377805081", "properties": {"@id": "way/1377805081", "addr:housenumber": "92", "addr:place": "Рязань", "building": "construction", "source:addr": "ЕГРН", "is_living": false}, "geometry": {"type": "Polygon", "coordinates": [[[36.6781944, 55.6744265], [36.678002, 55.6743731], [36.6780978, 55.6742631], [36.6782903, 55.6743165], [36.6781944, 55.6744265]]]}}, {"type": "Feature", "id": "way/1377805111", "properties": {"@id": "way/1377805111", "building": "service", "building:levels": "1", "location": "indoor", "power": "substation", "substation": "minor_distribution", "is_living": false}, "geometry": {"type": "Polygon", "coordinates": [[[36.6509405, 55.656451], [36.6509485, 55.6563148], [36.6510893, 55.6563175], [36.6510812, 55.6564537], [36.6509405, 55.656451]]]}}, {"type": "Feature", "id": "way/1378673205", "properties": {"@id": "way/1378673205", "building": "service", "is_living": false}, "geometry": {"type": "Polygon", "coordinates": [[[36.6909644, 55.6836848], [36.6909148, 55.6836273], [36.690973, 55.6836114], [36.6910226, 55.6836688], [36.6909644, 55.6836848]]]}}, {"type": "Feature", "id": "way/1378673208", "properties": {"@id": "way/1378673208", "building": "service", "building:levels": "1", "is_living": false}, "geometry": {"type": "Polygon", "coordinates": [[[36.6894422, 55.6802514], [36.68946, 55.6802139], [36.6895334, 55.6802249], [36.6895157, 55.6802624], [36.6894422, 55.6802514]]]}}, {"type": "Feature", "id": "way/1378976627", "properties": {"@id": "way/1378976627", "addr:housenumber": "38", "addr:place": "ПСК «Руза-1»", "building": "allotment_house", "is_living": false}, "geometry": {"type": "Polygon", "coordinates": [[[36.4253238, 55.5661768], [36.4253994, 55.5661207], [36.4255253, 55.566175], [36.4254497, 55.5662311], [36.4253238, 55.5661768]]]}}, {"type": "Feature", "id": "way/1379037541", "properties": {"@id": "way/1379037541", "addr:housenumber": "2", "addr:place": "СНТ «Полецкое»", "building": "allotment_house", "note": "адрес из ЕГРН разобран вручную", "source:addr": "ЕГРН", "is_living": false}, "geometry": {"type": "Polygon", "coordinates": [[[36.5671148, 55.5663025], [36.5672064, 55.5662782], [36.567287, 55.5663755], [36.5671967, 55.5663994], [36.5671763, 55.5663748], [36.5671411, 55.5663842], [36.5671121, 55.5663493], [36.5671461, 55.5663403], [36.5671148, 55.5663025]]]}}, {"type": "Feature", "id": "way/1379267910", "properties": {"@id": "way/1379267910", "addr:housenumber": "4", "addr:place": "СНТ «Родничок-1»", "building": "allotment_house", "is_living": false}, "geometry": {"type": "Polygon", "coordinates": [[[36.6421775, 55.5788538], [36.6421429, 55.5787818], [36.6422768, 55.5787612], [36.6423114, 55.5788332], [36.6421775, 55.5788538]]]}}, {"type": "Feature", "id": "way/1379332550", "properties": {"@id": "way/1379332550", "building": "construction", "is_living": false}, "geometry": {"type": "Polygon", "coordinates": [[[36.692909, 55.6948548], [36.6932665, 55.6947948], [36.6932117, 55.6946911], [36.6933853, 55.6946619], [36.6935675, 55.6950066], [36.6931679, 55.6950737], [36.6932007, 55.6951357], [36.6930692, 55.6951578], [36.692909, 55.6948548]]]}}, {"type": "Feature", "id": "way/1380022252", "properties": {"@id": "way/1380022252", "addr:housenumber": "7А", "addr:street": "Северная улица", "amenity": "school", "building": "construction", "construction": "school", "name": "Гимназия № 11", "is_living": false}, "geometry": {"type": "Polygon", "coordinates": [[[37.2433392, 55.6820897], [37.2429802, 55.6821117], [37.2429535, 55.6819734], [37.243117, 55.6819633], [37.2430805, 55.6817738], [37.243038, 55.6817764], [37.243025, 55.6817093], [37.2426561, 55.6817319], [37.2425598, 55.681233], [37.242457, 55.6812393], [37.2424352, 55.6811265], [37.2429749, 55.6810934], [37.2429355, 55.6808889], [37.2427718, 55.680899], [37.2427464, 55.6807676], [37.2430802, 55.6807472], [37.2433392, 55.6820897]]]}}, {"type": "Feature", "id": "way/1380032151", "properties": {"@id": "way/1380032151", "addr:housenumber": "45", "addr:place": "СНТ «Викинг»", "building": "allotment_house", "note": "адрес из ЕГРН разобран вручную", "source:addr": "ЕГРН", "is_living": false}, "geometry": {"type": "Polygon", "coordinates": [[[36.4926069, 55.5594526], [36.4924701, 55.5594916], [36.4923877, 55.5593991], [36.4924583, 55.559379], [36.4924844, 55.5594083], [36.4925506, 55.5593895], [36.4926069, 55.5594526]]]}}, {"type": "Feature", "id": "way/1380827702", "properties": {"@id": "way/1380827702", "addr:housenumber": "90А", "addr:street": "Подушкинское шоссе", "building": "retail", "is_living": false}, "geometry": {"type": "Polygon", "coordinates": [[[37.270621, 55.7123561], [37.2706879, 55.7122095], [37.2709477, 55.7122471], [37.2708808, 55.7123937], [37.270621, 55.7123561]]]}}, {"type": "Feature", "id": "way/1381182869", "properties": {"@id": "way/1381182869", "amenity": "place_of_worship", "building": "church", "denomination": "russian_orthodox", "religion": "christian", "is_living": false}, "geometry": {"type": "Polygon", "coordinates": [[[36.6437039, 55.5931415], [36.6436239, 55.5930649], [36.6438331, 55.5929951], [36.6439131, 55.5930718], [36.6437039, 55.5931415]]]}}, {"type": "Feature", "id": "way/1381183042", "properties": {"@id": "way/1381183042", "building": "yes", "is_living": false}, "geometry": {"type": "Polygon", "coordinates": [[[36.6002709, 55.600043], [36.6003272, 55.5999385], [36.6004606, 55.5999614], [36.6004043, 55.600066], [36.6002709, 55.600043]]]}}, {"type": "Feature", "id": "way/1381183045", "properties": {"@id": "way/1381183045", "building": "yes", "is_living": false}, "geometry": {"type": "Polygon", "coordinates": [[[36.6020966, 55.5982717], [36.6019918, 55.5982253], [36.6019759, 55.5981506], [36.6020581, 55.5980914], [36.6021904, 55.5980824], [36.6022951, 55.5981288], [36.6023111, 55.5982036], [36.6022288, 55.5982627], [36.6020966, 55.5982717]]]}}, {"type": "Feature", "id": "way/1381183046", "properties": {"@id": "way/1381183046", "building": "yes", "is_living": false}, "geometry": {"type": "Polygon", "coordinates": [[[36.6018534, 55.598367], [36.6018843, 55.5983045], [36.6020787, 55.5983352], [36.6020478, 55.5983977], [36.6018534, 55.598367]]]}}, {"type": "Feature", "id": "way/1381183047", "properties": {"@id": "way/1381183047", "building": "yes", "is_living": false}, "geometry": {"type": "Polygon", "coordinates": [[[36.6035405, 55.5984807], [36.6035739, 55.598413], [36.6037819, 55.5984458], [36.6037484, 55.5985135], [36.6035405, 55.5984807]]]}}, {"type": "Feature", "id": "way/1381183048", "properties": {"@id": "way/1381183048", "building": "yes", "is_living": false}, "geometry": {"type": "Polygon", "coordinates": [[[36.6030282, 55.599205], [36.6033604, 55.5985332], [36.6036612, 55.5985807], [36.6033289, 55.5992525], [36.6030282, 55.599205]]]}}, {"type": "Feature", "id": "way/1381183050", "properties": {"@id": "way/1381183050", "building": "yes", "is_living": false}, "geometry": {"type": "Polygon", "coordinates": [[[36.6022745, 55.5994429], [36.6023781, 55.5992335], [36.6025051, 55.5992535], [36.6024015, 55.599463], [36.6022745, 55.5994429]]]}}, {"type": "Feature", "id": "way/1381183051", "properties": {"@id": "way/1381183051", "building": "yes", "is_living": false}, "geometry": {"type": "Polygon", "coordinates": [[[36.6014859, 55.5993399], [36.6015722, 55.5991655], [36.6016978, 55.5991853], [36.6016115, 55.5993597], [36.6014859, 55.5993399]]]}}, {"type": "Feature", "id": "way/1381183055", "properties": {"@id": "way/1381183055", "building": "yes", "is_living": false}, "geometry": {"type": "Polygon", "coordinates": [[[36.5985669, 55.5984062], [36.5986733, 55.5982228], [36.5988313, 55.598252], [36.5987249, 55.5984355], [36.5985669, 55.5984062]]]}}, {"type": "Feature", "id": "way/1381183056", "properties": {"@id": "way/1381183056", "building": "yes", "is_living": false}, "geometry": {"type": "Polygon", "coordinates": [[[36.5966606, 55.5986655], [36.5967075, 55.5985707], [36.5968859, 55.5985989], [36.596839, 55.5986937], [36.5966606, 55.5986655]]]}}, {"type": "Feature", "id": "way/1381183057", "properties": {"@id": "way/1381183057", "building": "yes", "is_living": false}, "geometry": {"type": "Polygon", "coordinates": [[[36.5969476, 55.5985125], [36.5969732, 55.5984607], [36.5970898, 55.5984791], [36.5970642, 55.5985309], [36.5969476, 55.5985125]]]}}, {"type": "Feature", "id": "way/1381183058", "properties": {"@id": "way/1381183058", "building": "yes", "is_living": false}, "geometry": {"type": "Polygon", "coordinates": [[[36.5969422, 55.5983382], [36.5971125, 55.5979939], [36.5971984, 55.5980075], [36.5972319, 55.5979397], [36.5974264, 55.5979704], [36.5972226, 55.5983825], [36.5969422, 55.5983382]]]}}, {"type": "Feature", "id": "way/1381183059", "properties": {"@id": "way/1381183059", "building": "yes", "is_living": false}, "geometry": {"type": "Polygon", "coordinates": [[[36.5994206, 55.5985004], [36.5995757, 55.5981868], [36.5995321, 55.5981799], [36.5995684, 55.5981065], [36.599612, 55.5981134], [36.5996255, 55.5980861], [36.5997827, 55.5981109], [36.5995778, 55.5985252], [36.5994206, 55.5985004]]]}}, {"type": "Feature", "id": "way/1381183060", "properties": {"@id": "way/1381183060", "building": "yes", "is_living": false}, "geometry": {"type": "Polygon", "coordinates": [[[36.6001802, 55.5980261], [36.5996691, 55.5979454], [36.5999249, 55.5974282], [36.6001077, 55.597457], [36.5999065, 55.5978639], [36.6002348, 55.5979158], [36.6001802, 55.5980261]]]}}, {"type": "Feature", "id": "way/1381183061", "properties": {"@id": "way/1381183061", "building": "yes", "is_living": false}, "geometry": {"type": "Polygon", "coordinates": [[[36.5999517, 55.5984882], [36.6001802, 55.5980261], [36.6002348, 55.5979158], [36.6002509, 55.5978832], [36.6004452, 55.5979139], [36.6003056, 55.5981962], [36.6006344, 55.5982481], [36.6005874, 55.5983431], [36.6002586, 55.5982912], [36.600146, 55.5985189], [36.5999517, 55.5984882]]]}}, {"type": "Feature", "id": "way/1381183062", "properties": {"@id": "way/1381183062", "building": "yes", "is_living": false}, "geometry": {"type": "Polygon", "coordinates": [[[36.6009334, 55.5987686], [36.6009722, 55.59869], [36.6010863, 55.598708], [36.6010474, 55.5987866], [36.6009334, 55.5987686]]]}}, {"type": "Feature", "id": "way/1381183063", "properties": {"@id": "way/1381183063", "building": "yes", "is_living": false}, "geometry": {"type": "Polygon", "coordinates": [[[36.6019841, 55.5987196], [36.6020322, 55.5986223], [36.6030067, 55.5987762], [36.6029586, 55.5988734], [36.6019841, 55.5987196]]]}}, {"type": "Feature", "id": "way/1381183064", "properties": {"@id": "way/1381183064", "building": "yes", "is_living": false}, "geometry": {"type": "Polygon", "coordinates": [[[36.6016898, 55.5990156], [36.6018479, 55.5986958], [36.6017696, 55.5986835], [36.6018067, 55.5986085], [36.601885, 55.5986208], [36.6019897, 55.598409], [36.602127, 55.5984306], [36.6020322, 55.5986223], [36.6019841, 55.5987196], [36.601827, 55.5990373], [36.6016898, 55.5990156]]]}}, {"type": "Feature", "id": "way/1381183065", "properties": {"@id": "way/1381183065", "building": "yes", "is_living": false}, "geometry": {"type": "Polygon", "coordinates": [[[36.6015503, 55.5985398], [36.6016763, 55.5983397], [36.6017897, 55.5983625], [36.6016636, 55.5985626], [36.6015503, 55.5985398]]]}}, {"type": "Feature", "id": "way/1381183066", "properties": {"@id": "way/1381183066", "building": "yes", "is_living": false}, "geometry": {"type": "Polygon", "coordinates": [[[36.60173, 55.5982276], [36.6018465, 55.597992], [36.6020143, 55.5980184], [36.6018978, 55.5982541], [36.60173, 55.5982276]]]}}, {"type": "Feature", "id": "way/1381183067", "properties": {"@id": "way/1381183067", "building": "yes", "is_living": false}, "geometry": {"type": "Polygon", "coordinates": [[[36.6012053, 55.5984282], [36.6012523, 55.5983331], [36.6013983, 55.598038], [36.6015717, 55.5980654], [36.6012637, 55.5986884], [36.6010902, 55.598661], [36.6012053, 55.5984282]]]}}, {"type": "Feature", "id": "way/1381183068", "properties": {"@id": "way/1381183068", "building": "yes", "is_living": false}, "geometry": {"type": "Polygon", "coordinates": [[[36.6004908, 55.5986883], [36.6008475, 55.5979669], [36.6010147, 55.5979933], [36.600876, 55.5982737], [36.6012523, 55.5983331], [36.6012053, 55.5984282], [36.600829, 55.5983688], [36.600658, 55.5987147], [36.6004908, 55.5986883]]]}}, {"type": "Feature", "id": "way/1381183069", "properties": {"@id": "way/1381183069", "building": "yes", "is_living": false}, "geometry": {"type": "Polygon", "coordinates": [[[36.6009307, 55.5995551], [36.6009843, 55.5994535], [36.6010776, 55.5994693], [36.601024, 55.5995708], [36.6009307, 55.5995551]]]}}, {"type": "Feature", "id": "way/1381183070", "properties": {"@id": "way/1381183070", "building": "yes", "is_living": false}, "geometry": {"type": "Polygon", "coordinates": [[[36.6004667, 55.5996172], [36.6005176, 55.5995323], [36.6006823, 55.5995639], [36.6006313, 55.5996488], [36.6004667, 55.5996172]]]}}, {"type": "Feature", "id": "way/1381183071", "properties": {"@id": "way/1381183071", "building": "yes", "is_living": false}, "geometry": {"type": "Polygon", "coordinates": [[[36.5988627, 55.5992687], [36.5990022, 55.598958], [36.5991776, 55.5989831], [36.5990381, 55.5992938], [36.5988627, 55.5992687]]]}}, {"type": "Feature", "id": "way/1381183072", "properties": {"@id": "way/1381183072", "building": "yes", "is_living": false}, "geometry": {"type": "Polygon", "coordinates": [[[36.5999422, 55.5994272], [36.5998926, 55.5995199], [36.5992033, 55.599402], [36.599253, 55.5993094], [36.5997505, 55.5993944], [36.5999422, 55.5994272]]]}}, {"type": "Feature", "id": "way/1381183073", "properties": {"@id": "way/1381183073", "building": "yes", "is_living": false}, "geometry": {"type": "Polygon", "coordinates": [[[36.5997505, 55.5993944], [36.5999451, 55.5990313], [36.6001368, 55.5990641], [36.5999422, 55.5994272], [36.5997505, 55.5993944]]]}}, {"type": "Feature", "id": "way/1381183074", "properties": {"@id": "way/1381183074", "building": "yes", "is_living": false}, "geometry": {"type": "Polygon", "coordinates": [[[36.600032, 55.5988703], [36.6005084, 55.5989518], [36.6004425, 55.5990747], [36.5999661, 55.5989932], [36.5999785, 55.5989701], [36.600032, 55.5988703]]]}}, {"type": "Feature", "id": "way/1381183075", "properties": {"@id": "way/1381183075", "building": "yes", "is_living": false}, "geometry": {"type": "Polygon", "coordinates": [[[36.5990746, 55.5988156], [36.5991281, 55.5987157], [36.600032, 55.5988703], [36.5999785, 55.5989701], [36.5990746, 55.5988156]]]}}, {"type": "Feature", "id": "way/1381183076", "properties": {"@id": "way/1381183076", "building": "yes", "is_living": false}, "geometry": {"type": "Polygon", "coordinates": [[[36.5987045, 55.5987974], [36.5982673, 55.598708], [36.59834, 55.5985944], [36.5987772, 55.5986838], [36.5987045, 55.5987974]]]}}, {"type": "Feature", "id": "way/1381183077", "properties": {"@id": "way/1381183077", "building": "yes", "is_living": false}, "geometry": {"type": "Polygon", "coordinates": [[[36.5990585, 55.5981715], [36.5986213, 55.5980882], [36.5986929, 55.5979682], [36.5991301, 55.5980516], [36.5990585, 55.5981715]]]}}, {"type": "Feature", "id": "way/1381183078", "properties": {"@id": "way/1381183078", "building": "yes", "is_living": false}, "geometry": {"type": "Polygon", "coordinates": [[[36.5974545, 55.5978972], [36.5974849, 55.5978252], [36.5978792, 55.5978782], [36.5978488, 55.5979503], [36.5974545, 55.5978972]]]}}, {"type": "Feature", "id": "way/1381183079", "properties": {"@id": "way/1381183079", "building": "yes", "is_living": false}, "geometry": {"type": "Polygon", "coordinates": [[[36.5973794, 55.598567], [36.597476, 55.5984185], [36.5975926, 55.5984427], [36.5974961, 55.5985912], [36.5973794, 55.598567]]]}}, {"type": "Feature", "id": "way/1381183086", "properties": {"@id": "way/1381183086", "building": "yes", "is_living": false}, "geometry": {"type": "Polygon", "coordinates": [[[36.6074923, 55.6004845], [36.6074438, 55.6003962], [36.6078305, 55.6003283], [36.6078791, 55.6004166], [36.6074923, 55.6004845]]]}}, {"type": "Feature", "id": "way/1381183087", "properties": {"@id": "way/1381183087", "building": "yes", "is_living": false}, "geometry": {"type": "Polygon", "coordinates": [[[36.6070515, 55.6006464], [36.6070183, 55.6005883], [36.6074712, 55.6005057], [36.6075044, 55.6005637], [36.6070515, 55.6006464]]]}}, {"type": "Feature", "id": "way/1381183095", "properties": {"@id": "way/1381183095", "building": "yes", "is_living": false}, "geometry": {"type": "Polygon", "coordinates": [[[36.6041121, 55.6001664], [36.6037558, 55.6000638], [36.6039799, 55.5998155], [36.6043362, 55.5999181], [36.6041121, 55.6001664]]]}}, {"type": "Feature", "id": "way/1381183096", "properties": {"@id": "way/1381183096", "building": "yes", "is_living": false}, "geometry": {"type": "Polygon", "coordinates": [[[36.605138, 55.6000985], [36.6049398, 55.6000414], [36.6050579, 55.5999106], [36.6052561, 55.5999676], [36.605138, 55.6000985]]]}}, {"type": "Feature", "id": "way/1381603359", "properties": {"@id": "way/1381603359", "addr:housenumber": "41", "addr:street": "Рублевский проезд", "amenity": "clinic", "building": "construction", "healthcare": "clinic", "name": "Клинико диагностический центр Ромашково", "operator": "Одинцовская областная больница", "operator:type": "public", "is_living": false}, "geometry": {"type": "Polygon", "coordinates": [[[37.3296183, 55.7271678], [37.329263, 55.726688], [37.3300848, 55.726495], [37.3304402, 55.7269748], [37.3296183, 55.7271678]]]}}, {"type": "Feature", "id": "way/1381605542", "properties": {"@id": "way/1381605542", "addr:housenumber": "2", "addr:place": "микрорайон Город-событие", "building": "construction", "is_living": false}, "geometry": {"type": "Polygon", "coordinates": [[[37.2104234, 55.6947204], [37.2095592, 55.6942085], [37.2097268, 55.6941185], [37.2104634, 55.6945547], [37.2106767, 55.6944403], [37.210219, 55.6941692], [37.2103463, 55.6941009], [37.2109319, 55.6944478], [37.2104234, 55.6947204]]]}}, {"type": "Feature", "id": "way/1381808545", "properties": {"@id": "way/1381808545", "addr:place": "ДПК «Коммунар»", "building": "allotment_house", "is_living": false}, "geometry": {"type": "Polygon", "coordinates": [[[36.5968442, 55.5668961], [36.5969252, 55.5668121], [36.5970596, 55.5668536], [36.5969786, 55.5669376], [36.5968442, 55.5668961]]]}}, {"type": "Feature", "id": "way/1381919729", "properties": {"@id": "way/1381919729", "building": "service", "building:levels": "1", "location": "indoor", "power": "substation", "substation": "minor_distribution", "is_living": false}, "geometry": {"type": "Polygon", "coordinates": [[[37.3271683, 55.727209], [37.3270999, 55.7271637], [37.3271559, 55.7271369], [37.3272243, 55.7271822], [37.3271683, 55.727209]]]}}, {"type": "Feature", "id": "way/1381919730", "properties": {"@id": "way/1381919730", "building": "service", "building:levels": "1", "location": "indoor", "power": "substation", "substation": "minor_distribution", "is_living": false}, "geometry": {"type": "Polygon", "coordinates": [[[37.3289761, 55.7281296], [37.328938, 55.7280662], [37.3291123, 55.728033], [37.3291504, 55.7280964], [37.3289761, 55.7281296]]]}}, {"type": "Feature", "id": "way/1382042467", "properties": {"@id": "way/1382042467", "addr:housenumber": "56", "addr:place": "СНТ «Полецкое»", "building": "allotment_house", "note": "адрес из ЕГРН разобран вручную", "source:addr": "ЕГРН", "is_living": false}, "geometry": {"type": "Polygon", "coordinates": [[[36.5704638, 55.5679967], [36.5704165, 55.5679434], [36.5705386, 55.5679087], [36.570586, 55.5679621], [36.5704638, 55.5679967]]]}}, {"type": "Feature", "id": "way/1382594815", "properties": {"@id": "way/1382594815", "addr:housenumber": "280", "addr:place": "СНТ «Заря»", "building": "allotment_house", "is_living": false}, "geometry": {"type": "Polygon", "coordinates": [[[36.5172362, 55.5482161], [36.5172348, 55.5481244], [36.5173836, 55.5481236], [36.517385, 55.5482154], [36.5172362, 55.5482161]]]}}, {"type": "Feature", "id": "way/1382600119", "properties": {"@id": "way/1382600119", "addr:housenumber": "17", "addr:place": "СНТ «Осинки-2-3»", "building": "allotment_house", "note": "адрес из ЕГРН разобран вручную", "source:addr": "ЕГРН", "is_living": false}, "geometry": {"type": "Polygon", "coordinates": [[[36.421749, 55.5589357], [36.4217088, 55.5588704], [36.4218996, 55.5588328], [36.4219398, 55.5588981], [36.421749, 55.5589357]]]}}, {"type": "Feature", "id": "way/1382640616", "properties": {"@id": "way/1382640616", "addr:housenumber": "2", "addr:place": "ПСК «Руза-1»", "building": "allotment_house", "is_living": false}, "geometry": {"type": "Polygon", "coordinates": [[[36.4280085, 55.5654995], [36.4280912, 55.5654491], [36.4282583, 55.5655369], [36.4281756, 55.5655872], [36.4280085, 55.5654995]]]}}, {"type": "Feature", "id": "way/1383539497", "properties": {"@id": "way/1383539497", "addr:housenumber": "315", "addr:place": "СНТ «Лесная Поляна»", "building": "allotment_house", "is_living": false}, "geometry": {"type": "Polygon", "coordinates": [[[36.6645569, 55.5659108], [36.6645329, 55.5658385], [36.6646201, 55.5658293], [36.6646442, 55.5659016], [36.6645569, 55.5659108]]]}}, {"type": "Feature", "id": "way/1383710651", "properties": {"@id": "way/1383710651", "building": "retail", "building:levels": "1", "is_living": false}, "geometry": {"type": "Polygon", "coordinates": [[[37.3972222, 55.685463], [37.3972598, 55.6854056], [37.3975119, 55.6854086], [37.397406, 55.6854857], [37.3972222, 55.685463]]]}}, {"type": "Feature", "id": "way/1383853193", "properties": {"@id": "way/1383853193", "addr:housenumber": "33", "addr:place": "СНТ «Мичуринец-69»", "building": "allotment_house", "note": "адрес из ЕГРН разобран вручную", "source:addr": "ЕГРН", "is_living": false}, "geometry": {"type": "Polygon", "coordinates": [[[36.4788334, 55.562275], [36.4790236, 55.5622782], [36.4790199, 55.5623489], [36.4788297, 55.5623457], [36.4788334, 55.562275]]]}}, {"type": "Feature", "id": "way/1384057772", "properties": {"@id": "way/1384057772", "addr:housenumber": "47", "addr:place": "СНТ «Калинка»", "building": "allotment_house", "is_living": false}, "geometry": {"type": "Polygon", "coordinates": [[[36.6953258, 55.5834946], [36.695173, 55.5834653], [36.6952312, 55.5833683], [36.695384, 55.5833976], [36.6953258, 55.5834946]]]}}, {"type": "Feature", "id": "way/1384380248", "properties": {"@id": "way/1384380248", "building": "allotment_house", "is_living": false}, "geometry": {"type": "Polygon", "coordinates": [[[36.4149904, 55.5494981], [36.4149333, 55.5494206], [36.415031, 55.5493976], [36.4150881, 55.549475], [36.4149904, 55.5494981]]]}}, {"type": "Feature", "id": "way/1384438154", "properties": {"@id": "way/1384438154", "addr:housenumber": "18", "addr:place": "ДПК «Коммунар»", "building": "allotment_house", "note": "адрес из ЕГРН разобран вручную", "source:addr": "ЕГРН", "is_living": false}, "geometry": {"type": "Polygon", "coordinates": [[[36.5947643, 55.5685194], [36.5946205, 55.5684694], [36.5947454, 55.5683546], [36.5948892, 55.5684046], [36.5947643, 55.5685194]]]}}, {"type": "Feature", "id": "way/1384538287", "properties": {"@id": "way/1384538287", "addr:housenumber": "72", "addr:place": "СНТ «Надежда»", "building": "allotment_house", "is_living": false}, "geometry": {"type": "Polygon", "coordinates": [[[36.5427516, 55.5988352], [36.5426886, 55.5987712], [36.5428391, 55.598724], [36.542902, 55.598788], [36.5427516, 55.5988352]]]}}, {"type": "Feature", "id": "way/1384784485", "properties": {"@id": "way/1384784485", "building": "industrial", "is_living": false}, "geometry": {"type": "Polygon", "coordinates": [[[37.0290512, 55.7023216], [37.0289466, 55.7023141], [37.0289574, 55.7022506], [37.0288554, 55.70224], [37.0288715, 55.702178], [37.0290834, 55.7021947], [37.0290512, 55.7023216]]]}}, {"type": "Feature", "id": "way/1385622222", "properties": {"@id": "way/1385622222", "addr:housenumber": "12", "addr:place": "Ракитня", "building": "retail", "building:levels": "1", "start_date": "2023", "is_living": false}, "geometry": {"type": "Polygon", "coordinates": [[[36.8325796, 55.7132688], [36.8324987, 55.713268], [36.8324983, 55.7132761], [36.8324781, 55.7132758], [36.8324785, 55.7132678], [36.8322062, 55.713265], [36.8322066, 55.7132541], [36.8321363, 55.7132531], [36.8320949, 55.7132289], [36.832081, 55.7132367], [36.8319225, 55.7131438], [36.8319245, 55.7130819], [36.8323762, 55.7130865], [36.8325816, 55.7132069], [36.8325816, 55.7132111], [36.832604, 55.7132114], [36.8326034, 55.7132266], [36.8325809, 55.7132263], [36.8325796, 55.7132688]]]}}, {"type": "Feature", "id": "way/1385903534", "properties": {"@id": "way/1385903534", "building": "garages", "is_living": false}, "geometry": {"type": "Polygon", "coordinates": [[[37.0197014, 55.7098206], [37.0196926, 55.709743], [37.0208635, 55.7097004], [37.0208724, 55.7097782], [37.0197014, 55.7098206]]]}}, {"type": "Feature", "id": "way/1385903535", "properties": {"@id": "way/1385903535", "building": "garages", "is_living": false}, "geometry": {"type": "Polygon", "coordinates": [[[37.0197212, 55.7099527], [37.0197124, 55.7098751], [37.0208833, 55.7098325], [37.0208922, 55.7099103], [37.0197212, 55.7099527]]]}}, {"type": "Feature", "id": "way/1385903536", "properties": {"@id": "way/1385903536", "building": "garages", "is_living": false}, "geometry": {"type": "Polygon", "coordinates": [[[37.019702, 55.7100468], [37.0196931, 55.7099692], [37.0208641, 55.7099266], [37.020873, 55.7100043], [37.019702, 55.7100468]]]}}, {"type": "Feature", "id": "way/1385903537", "properties": {"@id": "way/1385903537", "building": "garages", "is_living": false}, "geometry": {"type": "Polygon", "coordinates": [[[37.0196796, 55.7096775], [37.0196707, 55.7095999], [37.0208417, 55.7095573], [37.0208506, 55.709635], [37.0196796, 55.7096775]]]}}, {"type": "Feature", "id": "way/1385903538", "properties": {"@id": "way/1385903538", "building": "garages", "is_living": false}, "geometry": {"type": "Polygon", "coordinates": [[[37.0196714, 55.7095371], [37.0196628, 55.7094617], [37.0207064, 55.7094236], [37.0207151, 55.7094989], [37.0196714, 55.7095371]]]}}, {"type": "Feature", "id": "way/1385903539", "properties": {"@id": "way/1385903539", "building": "garages", "is_living": false}, "geometry": {"type": "Polygon", "coordinates": [[[37.0196639, 55.709399], [37.0196552, 55.7093236], [37.0206988, 55.7092854], [37.0207075, 55.7093607], [37.0196639, 55.709399]]]}}, {"type": "Feature", "id": "way/1385903540", "properties": {"@id": "way/1385903540", "building": "garages", "is_living": false}, "geometry": {"type": "Polygon", "coordinates": [[[37.0196194, 55.7092669], [37.0196107, 55.7091915], [37.0206543, 55.7091534], [37.020663, 55.7092287], [37.0196194, 55.7092669]]]}}, {"type": "Feature", "id": "way/1385903541", "properties": {"@id": "way/1385903541", "building": "garages", "is_living": false}, "geometry": {"type": "Polygon", "coordinates": [[[37.019638, 55.7090885], [37.0196293, 55.7090131], [37.0206729, 55.708975], [37.0206816, 55.7090503], [37.019638, 55.7090885]]]}}, {"type": "Feature", "id": "way/1385903542", "properties": {"@id": "way/1385903542", "building": "garages", "is_living": false}, "geometry": {"type": "Polygon", "coordinates": [[[37.0196718, 55.7089731], [37.019664, 55.7089001], [37.0205708, 55.7088694], [37.0205786, 55.7089423], [37.0196718, 55.7089731]]]}}, {"type": "Feature", "id": "way/1385903543", "properties": {"@id": "way/1385903543", "building": "garages", "is_living": false}, "geometry": {"type": "Polygon", "coordinates": [[[37.019618, 55.7087815], [37.0196102, 55.7087085], [37.020517, 55.7086778], [37.0205247, 55.7087507], [37.019618, 55.7087815]]]}}, {"type": "Feature", "id": "way/1385903544", "properties": {"@id": "way/1385903544", "building": "garages", "is_living": false}, "geometry": {"type": "Polygon", "coordinates": [[[37.0196053, 55.7086727], [37.0195975, 55.7085996], [37.0205043, 55.708569], [37.020512, 55.7086419], [37.0196053, 55.7086727]]]}}, {"type": "Feature", "id": "way/1385903545", "properties": {"@id": "way/1385903545", "building": "garages", "is_living": false}, "geometry": {"type": "Polygon", "coordinates": [[[37.0195945, 55.7085431], [37.0195883, 55.7084696], [37.0203737, 55.7084486], [37.0203799, 55.7085222], [37.0195945, 55.7085431]]]}}, {"type": "Feature", "id": "way/1385903546", "properties": {"@id": "way/1385903546", "building": "garages", "is_living": false}, "geometry": {"type": "Polygon", "coordinates": [[[37.0196114, 55.7084392], [37.0196052, 55.7083657], [37.0203907, 55.7083447], [37.0203968, 55.7084182], [37.0196114, 55.7084392]]]}}, {"type": "Feature", "id": "way/1385903547", "properties": {"@id": "way/1385903547", "building": "garages", "is_living": false}, "geometry": {"type": "Polygon", "coordinates": [[[37.0198185, 55.7101491], [37.0198123, 55.7100756], [37.0205977, 55.7100546], [37.0206039, 55.7101282], [37.0198185, 55.7101491]]]}}, {"type": "Feature", "id": "way/1385950267", "properties": {"@id": "way/1385950267", "addr:housenumber": "135", "addr:place": "СНТ «Звёздочка»", "building": "allotment_house", "is_living": false}, "geometry": {"type": "Polygon", "coordinates": [[[36.6819616, 55.5639131], [36.6817848, 55.5638885], [36.6818203, 55.5638072], [36.6819971, 55.5638319], [36.6819616, 55.5639131]]]}}, {"type": "Feature", "id": "way/1386125310", "properties": {"@id": "way/1386125310", "building": "allotment_house", "is_living": false}, "geometry": {"type": "Polygon", "coordinates": [[[36.6463252, 55.5760117], [36.6462185, 55.576024], [36.6461921, 55.5759509], [36.6462988, 55.5759386], [36.6463252, 55.5760117]]]}}, {"type": "Feature", "id": "way/1386921399", "properties": {"@id": "way/1386921399", "addr:housenumber": "122", "addr:place": "СНТ «Полецкое»", "building": "allotment_house", "is_living": false}, "geometry": {"type": "Polygon", "coordinates": [[[36.5715714, 55.5708698], [36.5715544, 55.5707712], [36.5717108, 55.5707625], [36.5717279, 55.5708612], [36.5715714, 55.5708698]]]}}, {"type": "Feature", "id": "way/1387089138", "properties": {"@id": "way/1387089138", "building": "garages", "is_living": false}, "geometry": {"type": "Polygon", "coordinates": [[[37.2932276, 55.6783663], [37.2949811, 55.679187], [37.2949082, 55.6792366], [37.2931547, 55.6784158], [37.2932276, 55.6783663]]]}}, {"type": "Feature", "id": "way/1387089139", "properties": {"@id": "way/1387089139", "building": "garages", "is_living": false}, "geometry": {"type": "Polygon", "coordinates": [[[37.2941507, 55.6784877], [37.2945024, 55.6786172], [37.2951377, 55.6789145], [37.2950609, 55.6789667], [37.2941106, 55.6785219], [37.2941507, 55.6784877]]]}}, {"type": "Feature", "id": "way/1387089140", "properties": {"@id": "way/1387089140", "building": "garages", "is_living": false}, "geometry": {"type": "Polygon", "coordinates": [[[37.2941106, 55.6785219], [37.2940664, 55.6785519], [37.2949592, 55.6789698], [37.2948235, 55.679062], [37.293292, 55.6783451], [37.2933589, 55.6782997], [37.2938344, 55.6785223], [37.2939603, 55.6784367], [37.2939665, 55.6784396], [37.2939853, 55.6784268], [37.2941507, 55.6784877], [37.2941106, 55.6785219]]]}}, {"type": "Feature", "id": "way/1387490644", "properties": {"@id": "way/1387490644", "building": "construction", "construction": "school", "is_living": false}, "geometry": {"type": "Polygon", "coordinates": [[[37.3907891, 55.6840752], [37.3909019, 55.6845531], [37.3909756, 55.6845476], [37.3910221, 55.6847448], [37.3909492, 55.6847502], [37.3910602, 55.6852202], [37.390326, 55.6852753], [37.3902903, 55.6851243], [37.3908464, 55.6850826], [37.3908056, 55.6849099], [37.3907058, 55.6849174], [37.3907135, 55.68495], [37.390282, 55.6849823], [37.3901525, 55.6844334], [37.3905831, 55.6844011], [37.3905884, 55.6844237], [37.390695, 55.6844157], [37.3906545, 55.6842441], [37.3900987, 55.6842858], [37.3900619, 55.6841297], [37.3907891, 55.6840752]]]}}, {"type": "Feature", "id": "way/1387509529", "properties": {"@id": "way/1387509529", "building": "allotment_house", "is_living": false}, "geometry": {"type": "Polygon", "coordinates": [[[36.4318135, 55.5650187], [36.4318301, 55.5649275], [36.4320172, 55.5649384], [36.4320006, 55.5650296], [36.4318135, 55.5650187]]]}}, {"type": "Feature", "id": "way/1387548342", "properties": {"@id": "way/1387548342", "building": "allotment_house", "is_living": false}, "geometry": {"type": "Polygon", "coordinates": [[[36.5855745, 55.5682364], [36.5853924, 55.5682326], [36.5853975, 55.5681552], [36.5855795, 55.568159], [36.5855745, 55.5682364]]]}}, {"type": "Feature", "id": "way/1388456585", "properties": {"@id": "way/1388456585", "addr:housenumber": "38", "addr:place": "СНТ «Калинка»", "building": "allotment_house", "is_living": false}, "geometry": {"type": "Polygon", "coordinates": [[[36.6961724, 55.5832388], [36.6960351, 55.5832076], [36.6961007, 55.5831154], [36.6962379, 55.5831466], [36.6961724, 55.5832388]]]}}, {"type": "Feature", "id": "way/1388516038", "properties": {"@id": "way/1388516038", "addr:housenumber": "196", "addr:place": "СНТ «Садко»", "building": "allotment_house", "note": "адрес из ЕГРН разобран вручную", "source:addr": "ЕГРН", "is_living": false}, "geometry": {"type": "Polygon", "coordinates": [[[36.407963, 55.5500321], [36.4079691, 55.5499792], [36.4081527, 55.549986], [36.4081466, 55.5500389], [36.407963, 55.5500321]]]}}, {"type": "Feature", "id": "way/1388620355", "properties": {"@id": "way/1388620355", "building": "allotment_house", "is_living": false}, "geometry": {"type": "Polygon", "coordinates": [[[36.7153381, 55.5827021], [36.7153861, 55.582591], [36.7155073, 55.5826077], [36.7154594, 55.5827188], [36.7153381, 55.5827021]]]}}, {"type": "Feature", "id": "way/1388620657", "properties": {"@id": "way/1388620657", "addr:housenumber": "114", "addr:place": "СНТ «Природа»", "building": "allotment_house", "is_living": false}, "geometry": {"type": "Polygon", "coordinates": [[[36.6388358, 55.577364], [36.6388115, 55.5772487], [36.6389495, 55.5772394], [36.6389738, 55.5773547], [36.6388358, 55.577364]]]}}, {"type": "Feature", "id": "way/1389253567", "properties": {"@id": "way/1389253567", "addr:housenumber": "32/1", "addr:place": "СНТ «имени Мичурина»", "building": "allotment_house", "note": "адрес из ЕГРН разобран вручную", "source:addr": "ЕГРН", "is_living": false}, "geometry": {"type": "Polygon", "coordinates": [[[36.4811106, 55.5690471], [36.4811087, 55.5689156], [36.4813448, 55.5689146], [36.4813466, 55.569046], [36.4811106, 55.5690471]]]}}, {"type": "Feature", "id": "way/1389636745", "properties": {"@id": "way/1389636745", "building": "allotment_house", "is_living": false}, "geometry": {"type": "Polygon", "coordinates": [[[36.4150339, 55.5502293], [36.4148831, 55.5501921], [36.4149464, 55.5501101], [36.4150516, 55.5501361], [36.4150335, 55.5501595], [36.4150791, 55.5501708], [36.4150339, 55.5502293]]]}}, {"type": "Feature", "id": "way/1389735629", "properties": {"@id": "way/1389735629", "addr:housenumber": "29", "addr:place": "СНТ «Мичуринец-69»", "building": "allotment_house", "is_living": false}, "geometry": {"type": "Polygon", "coordinates": [[[36.4777992, 55.5625112], [36.4778959, 55.562508], [36.477905, 55.5625967], [36.4778084, 55.5625999], [36.4777992, 55.5625112]]]}}, {"type": "Feature", "id": "way/1389747195", "properties": {"@id": "way/1389747195", "addr:housenumber": "1Д", "addr:street": "Союзная улица", "building": "yes", "is_living": false}, "geometry": {"type": "Polygon", "coordinates": [[[37.283472, 55.6723319], [37.2836343, 55.6720543], [37.2841586, 55.6721519], [37.2839963, 55.6724294], [37.283472, 55.6723319]]]}}, {"type": "Feature", "id": "way/1390029480", "properties": {"@id": "way/1390029480", "building": "allotment_house", "is_living": false}, "geometry": {"type": "Polygon", "coordinates": [[[36.5097317, 55.5490148], [36.5097476, 55.5489095], [36.5098429, 55.5489141], [36.5098269, 55.5490195], [36.5097317, 55.5490148]]]}}, {"type": "Feature", "id": "way/1390136752", "properties": {"@id": "way/1390136752", "addr:place": "ДПК «Коммунар»", "building": "allotment_house", "is_living": false}, "geometry": {"type": "Polygon", "coordinates": [[[36.5969481, 55.5662478], [36.597046, 55.5661511], [36.5971913, 55.5661982], [36.5970934, 55.5662949], [36.5969481, 55.5662478]]]}}, {"type": "Feature", "id": "way/1390218481", "properties": {"@id": "way/1390218481", "building": "allotment_house", "is_living": false}, "geometry": {"type": "Polygon", "coordinates": [[[36.5229424, 55.5507568], [36.5229554, 55.5506604], [36.5230609, 55.550665], [36.5230478, 55.5507613], [36.5229424, 55.5507568]]]}}, {"type": "Feature", "id": "way/1390294482", "properties": {"@id": "way/1390294482", "addr:housenumber": "86", "addr:place": "СНТ «Эдельвейс»", "building": "allotment_house", "is_living": false}, "geometry": {"type": "Polygon", "coordinates": [[[36.4179386, 55.5504153], [36.4178881, 55.5503566], [36.4180353, 55.5503161], [36.4180858, 55.5503749], [36.4179386, 55.5504153]]]}}, {"type": "Feature", "id": "way/1390876264", "properties": {"@id": "way/1390876264", "addr:housenumber": "20", "addr:place": "СНТ «Викинг»", "building": "allotment_house", "note": "адрес из ЕГРН разобран вручную", "source:addr": "ЕГРН", "is_living": false}, "geometry": {"type": "Polygon", "coordinates": [[[36.4933159, 55.5612594], [36.493272, 55.5612166], [36.4933556, 55.5611892], [36.4933995, 55.561232], [36.4933159, 55.5612594]]]}}, {"type": "Feature", "id": "way/1390889036", "properties": {"@id": "way/1390889036", "addr:housenumber": "21", "addr:place": "СНТ «Урожай»", "building": "allotment_house", "is_living": false}, "geometry": {"type": "Polygon", "coordinates": [[[36.4084581, 55.5524598], [36.4084683, 55.5523886], [36.4086257, 55.5523958], [36.4086156, 55.552467], [36.4084581, 55.5524598]]]}}, {"type": "Feature", "id": "way/1390914382", "properties": {"@id": "way/1390914382", "addr:housenumber": "218", "addr:place": "СНТ «Лесная Поляна»", "building": "allotment_house", "note": "адрес из ЕГРН разобран вручную", "source:addr": "ЕГРН", "is_living": false}, "geometry": {"type": "Polygon", "coordinates": [[[36.6627841, 55.5642268], [36.6628166, 55.5641525], [36.6629324, 55.5641686], [36.6628999, 55.564243], [36.6627841, 55.5642268]]]}}, {"type": "Feature", "id": "way/1390966130", "properties": {"@id": "way/1390966130", "addr:housenumber": "216", "addr:place": "СНТ «Сокол»", "building": "allotment_house", "is_living": false}, "geometry": {"type": "Polygon", "coordinates": [[[36.6287998, 55.584419], [36.6288702, 55.5843571], [36.6289648, 55.5843914], [36.6288944, 55.5844533], [36.6287998, 55.584419]]]}}, {"type": "Feature", "id": "way/1391664289", "properties": {"@id": "way/1391664289", "addr:housenumber": "60", "addr:place": "СНТ «Викинг»", "building": "allotment_house", "is_living": false}, "geometry": {"type": "Polygon", "coordinates": [[[36.4941156, 55.5605303], [36.4940663, 55.5604743], [36.4942138, 55.5604328], [36.4942631, 55.5604887], [36.4941156, 55.5605303]]]}}, {"type": "Feature", "id": "way/1391824701", "properties": {"@id": "way/1391824701", "addr:housenumber": "8", "addr:place": "СНТ «Астра»", "building": "allotment_house", "is_living": false}, "geometry": {"type": "Polygon", "coordinates": [[[36.4910259, 55.5723394], [36.4908946, 55.5723312], [36.4909109, 55.5722474], [36.4910421, 55.5722555], [36.4910259, 55.5723394]]]}}, {"type": "Feature", "id": "way/1391865224", "properties": {"@id": "way/1391865224", "addr:housenumber": "42", "addr:place": "СНТ «Восход-16»", "building": "allotment_house", "note": "адрес из ЕГРН разобран вручную", "source:addr": "ЕГРН", "is_living": false}, "geometry": {"type": "Polygon", "coordinates": [[[36.5786717, 55.5713727], [36.5787792, 55.5713171], [36.5788843, 55.571382], [36.5787769, 55.5714377], [36.5786717, 55.5713727]]]}}, {"type": "Feature", "id": "way/1392142874", "properties": {"@id": "way/1392142874", "addr:housenumber": "119", "addr:place": "СНТ «Полецкое»", "building": "allotment_house", "is_living": false}, "geometry": {"type": "Polygon", "coordinates": [[[36.5703769, 55.5709608], [36.5703552, 55.5708677], [36.5704961, 55.5708572], [36.5705178, 55.5709503], [36.5703769, 55.5709608]]]}}, {"type": "Feature", "id": "way/1392187905", "properties": {"@id": "way/1392187905", "addr:housenumber": "14", "addr:place": "СНТ «Звёздочка»", "building": "allotment_house", "note": "адрес из ЕГРН разобран вручную", "source:addr": "ЕГРН", "is_living": false}, "geometry": {"type": "Polygon", "coordinates": [[[36.6872299, 55.5639991], [36.6872508, 55.5639406], [36.6874088, 55.5639586], [36.6873879, 55.5640171], [36.6872299, 55.5639991]]]}}, {"type": "Feature", "id": "way/1393257881", "properties": {"@id": "way/1393257881", "addr:housenumber": "25", "addr:place": "СНТ «Восход-19»", "building": "allotment_house", "note": "адрес из ЕГРН разобран вручную", "source:addr": "ЕГРН", "is_living": false}, "geometry": {"type": "Polygon", "coordinates": [[[36.4367636, 55.564134], [36.4368316, 55.5640259], [36.4370453, 55.5640689], [36.4369773, 55.564177], [36.4367636, 55.564134]]]}}, {"type": "Feature", "id": "way/1394182961", "properties": {"@id": "way/1394182961", "building": "allotment_house", "is_living": false}, "geometry": {"type": "Polygon", "coordinates": [[[36.643702, 55.5772799], [36.6436663, 55.577207], [36.6437935, 55.577187], [36.6438293, 55.5772599], [36.643702, 55.5772799]]]}}]}